id,resp_a_reward,resp_b_reward,winner
3923596825,-1.3984375,-1.640625,0
3923693512,-0.72265625,-0.671875,2
3923786288,-0.7578125,-0.89453125,2
3923800604,-1.6171875,1.265625,1
3923896339,-1.0234375,0.53515625,1
3924046251,-0.81640625,-0.81640625,2
3924120669,-0.004241943359375,-0.765625,0
3924291651,-0.142578125,-1.640625,0
3924357135,-0.78125,-0.78125,2
3924495914,-0.7421875,-0.75,2
3924511157,-1.421875,-1.21875,1
3924511537,-0.1806640625,-0.98828125,0
3924525925,-1.40625,-1.1171875,1
3924800120,-1.328125,-0.3046875,1
3924881488,0.29296875,-0.75,0
3924930331,-1.1328125,-0.1044921875,1
3924947884,-0.3671875,-0.90234375,0
3925281078,0.24609375,-0.875,0
3925534792,-0.70703125,-0.70703125,2
3925564782,0.173828125,-0.5,0
3925589711,-0.49609375,-0.486328125,0
3925606043,-1.421875,-1.3515625,2
3925623984,0.80078125,-0.453125,0
3925740698,-0.6640625,-0.65625,2
3925763044,-0.0830078125,0.0277099609375,2
3925927738,-1.2109375,-1.0234375,2
3926005627,1.109375,-0.89453125,0
3926018676,-0.9453125,-0.6875,1
3926109552,1.4609375,-0.53515625,0
3926215000,1.28125,-0.1337890625,0
3926368860,-1.7109375,-0.41015625,1
3926397598,-0.875,-0.89453125,0
3926605373,-0.07470703125,1.3515625,1
3926621962,-1.515625,-0.474609375,1
3926699182,-0.4921875,0.37109375,1
3926745317,0.25,0.4921875,0
3927060136,-1.3046875,1.625,1
3927117189,-1.5390625,-0.859375,1
3927121071,-1.4140625,-1.3359375,2
3927235213,-1.5390625,-1.65625,2
3927292705,-1.453125,0.267578125,1
3927338647,0.54296875,-0.2490234375,0
3927372634,0.62109375,-0.2060546875,0
3927392301,-0.88671875,-0.875,2
3927577134,-1.2265625,-1.421875,0
3927792368,-0.91015625,-0.8359375,2
3927825495,0.19140625,0.404296875,2
3927888923,-0.80859375,-0.8359375,2
3927911727,0.0849609375,-0.40234375,0
3927960897,0.3046875,-0.92578125,0
3928005292,-0.62890625,0.421875,1
3928046501,-0.72265625,-1.03125,0
3928081453,-0.1552734375,-0.63671875,2
3928092928,-1.46875,1.5390625,1
3928110728,-0.78125,-0.99609375,0
3928151060,-0.41015625,-0.8515625,0
3928176690,-1.34375,-1.0390625,1
3928255529,-0.7578125,-0.71484375,2
3928280292,-1.5078125,-1.453125,0
3928298685,-0.26953125,1.96875,1
3928483276,2.140625,0.71484375,0
3928528946,-0.01275634765625,-0.2490234375,2
3928532102,-0.59765625,-0.63671875,2
3928546352,-0.80078125,-0.7421875,2
3928738806,-1.1328125,-1.2265625,0
3928806940,-1.015625,0.69921875,1
3928925752,-1.4375,0.51953125,1
3928930075,-0.5625,-0.60546875,2
3928977997,-0.41015625,0.00848388671875,2
3929023843,-0.71484375,-0.765625,2
3929088879,0.458984375,-0.96875,0
3929287124,-0.474609375,-0.54296875,2
3929383677,1.7890625,-0.7421875,0
3929410933,-0.78125,-0.82421875,2
3929441794,-0.70703125,-1.1328125,0
3929596349,-0.99609375,0.98046875,1
3929613107,0.625,-1.71875,0
3929690893,-1.15625,-1.265625,2
3929732235,-0.79296875,-0.7421875,2
3929748901,-0.9453125,-0.5625,1
3929808010,-1.078125,-1.015625,0
3929812193,-0.98828125,-0.96875,2
3929854020,-0.51953125,-0.30078125,2
3929932580,-1.34375,-1.03125,1
3929971872,-1.015625,-1.015625,2
3930006001,-0.859375,-0.859375,2
3930126732,-1.515625,-1.5,2
3930132293,0.447265625,-0.45703125,0
3930171451,-1.125,-1.140625,0
3930226372,-1.6953125,-1.6484375,2
3930236098,-1.609375,-1.8125,2
3930314771,-0.0234375,-1.0546875,0
3930336590,0.2294921875,-1.390625,0
3930379932,-0.7578125,-0.81640625,2
3930676060,-0.82421875,-1.0625,0
3930769266,-1.8671875,0.5390625,1
3930771630,-0.9609375,-1.0625,2
3930882562,0.337890625,-1.1015625,0
3930943946,-0.7734375,-1.015625,0
3930961243,1.1953125,0.6640625,0
3930989075,0.248046875,-0.36328125,0
3931024143,2.21875,0.60546875,0
3931400861,-0.78125,-0.80078125,2
3931418201,-0.78125,-0.80859375,2
3931430687,2.015625,1.8984375,2
3931611097,0.0830078125,-0.25390625,0
3931638227,1.0234375,-1.65625,0
3931657115,-1.1640625,0.59765625,1
3931825199,-0.7734375,-0.79296875,2
3931961965,-0.3515625,-0.69921875,2
3932296927,-0.9375,-0.88671875,2
3932409423,-1.296875,0.62109375,1
3932467319,-1.7109375,1.3359375,1
3932669744,0.81640625,0.3671875,0
3932670725,-0.69921875,-0.7421875,2
3932697545,-0.5859375,-0.7578125,0
3932711533,-0.859375,-0.08740234375,1
3932788028,-0.6796875,-1.25,0
3932821574,-1.125,-0.1298828125,1
3932907465,0.1259765625,-1.1328125,0
3932917130,-0.8515625,-0.6875,1
3933124938,1.1484375,-0.453125,0
3933165989,1.4375,0.10009765625,0
3933325670,1.1328125,1.390625,1
3933351710,-1.4375,2.71875,1
3933361704,-0.048828125,-0.40625,0
3933366448,2.671875,-0.423828125,0
3933467168,-0.283203125,-0.6640625,0
3933545762,-1.2265625,0.59765625,1
3933558703,-0.3984375,0.52734375,1
3933629971,-0.72265625,-0.69921875,2
3933657439,-0.7734375,-0.7578125,2
3933761309,-0.240234375,-1.609375,0
3933792614,-1.1484375,-1.1015625,2
3933808307,-0.91796875,-0.21484375,1
3933844503,-0.73046875,-0.7421875,2
3933864949,0.06787109375,0.373046875,2
3933914412,0.69921875,-1.6171875,0
3933953474,-0.6484375,0.004241943359375,1
3933963514,-0.89453125,-0.89453125,1
3933994000,-0.30078125,0.57421875,1
3934157145,1.375,-1.015625,0
3934163583,-0.061767578125,-0.0255126953125,2
3934186342,-0.8515625,-1.0546875,1
3934210024,2.015625,-0.5703125,0
3934394978,-0.7578125,-0.70703125,2
3934728931,-0.82421875,-0.54296875,2
3934794677,-0.81640625,-0.81640625,2
3934824050,-0.671875,-0.8515625,1
3934923287,0.09765625,-0.84375,0
3934954953,0.58984375,-0.65625,0
3934965551,-1.46875,1.5625,1
3934994485,0.255859375,0.5625,1
3935028789,-1.1015625,0.11083984375,1
3935181217,-0.8515625,-0.8515625,2
3935224870,-0.79296875,-0.373046875,1
3935331827,-0.6796875,-0.6640625,2
3935537176,-0.5546875,-1.0859375,0
3935574033,-0.859375,-0.859375,2
3935605804,-0.82421875,-0.84375,0
3935677669,0.2265625,0.006378173828125,2
3935922013,-0.515625,-0.5,2
3936048196,-0.82421875,-0.92578125,2
3936073824,-0.9609375,-0.431640625,1
3936099447,-1.265625,-1.2734375,2
3936102724,0.10009765625,0.169921875,2
3936146099,1.5859375,1.5,0
3936148660,-0.30859375,0.006378173828125,1
3936202165,2.171875,0.80859375,0
3936285272,0.1796875,0.185546875,0
3936290381,0.330078125,-0.30859375,0
3936341455,-0.25390625,1.5078125,1
3936360763,-1.3359375,0.4453125,1
3936569242,-1.3671875,0.330078125,2
3936679495,1.96875,2.65625,2
3936869631,-0.53125,-0.80078125,0
3936903589,1.234375,-0.51953125,0
3937016305,-0.72265625,-0.82421875,0
3937071168,1.234375,-0.96875,0
3937128804,-0.0021209716796875,-0.8671875,0
3937156071,0.8046875,-0.0021209716796875,0
3937172501,-0.859375,-0.859375,2
3937184393,-1.40625,2.265625,1
3937288260,0.84375,-0.81640625,0
3937444586,2.265625,-0.65625,0
3937516019,0.515625,1.4453125,1
3937532425,-0.5859375,-0.84375,0
3937535800,-1.8671875,0.703125,1
3937614787,-0.6484375,-0.578125,2
3937659669,-1.03125,-0.9609375,1
3937668363,-1.0546875,0.458984375,1
3937692421,-0.1806640625,-0.6484375,0
3937885046,-1.453125,-1.0546875,1
3938075538,-0.49609375,1.9375,1
3938100016,-0.82421875,-0.82421875,2
3938299948,-0.4609375,-0.45703125,1
3938360185,0.1552734375,-0.61328125,0
3938391037,-0.359375,-0.80078125,0
3938548511,0.91015625,-0.2578125,0
3938666375,-0.6875,0.88671875,1
3938791968,-0.7578125,-0.75,2
3938873653,0.359375,0.4609375,2
3938967638,1.5078125,0.146484375,0
3939156539,-0.53515625,-0.80078125,0
3939207133,-1.7421875,-0.89453125,1
3939214100,-0.138671875,-1.21875,2
3939218549,0.07861328125,-1.1328125,0
3939415568,-0.06787109375,-0.1767578125,2
3939445067,0.515625,-0.1298828125,2
3939446131,-0.240234375,-0.5859375,0
3939606262,-1.59375,-2.078125,0
3939618704,-0.51953125,-0.3515625,2
3939725496,0.1494140625,-1.28125,0
3940006822,-0.60546875,-1.0390625,1
3940122589,-0.453125,1.4921875,1
3940277204,-0.3203125,-0.333984375,2
3940287339,1.8046875,1.03125,0
3940315190,-0.3671875,-0.953125,0
3940431352,-0.419921875,0.44921875,1
3940436765,-0.73046875,-1.109375,2
3940444227,-1.6796875,1.7109375,1
3940448962,1.6015625,-0.80859375,0
3940568534,-0.82421875,-0.81640625,2
3940570556,0.021240234375,-0.65625,0
3940706776,0.859375,-0.051025390625,0
3940812560,-1.359375,-0.80859375,1
3940887904,2.9375,-0.26953125,0
3940973453,2.5625,2.0,1
3941069646,-1.234375,-1.1796875,2
3941077781,-0.7421875,-0.92578125,0
3941111497,-0.671875,-0.51171875,1
3941241582,-1.109375,-0.91015625,1
3941275832,0.9375,1.7109375,1
3941302790,2.484375,0.251953125,0
3941328920,0.21484375,-0.427734375,0
3941339810,-1.046875,-0.5546875,2
3941392243,0.63671875,-0.35546875,0
3941434755,1.53125,2.0625,1
3941460572,-0.283203125,-0.30859375,0
3941524827,-0.69921875,-0.75,2
3941526233,-0.60546875,-0.8515625,2
3941585236,-0.40234375,1.15625,1
3941589188,1.5078125,0.453125,0
3941621870,-0.4609375,0.458984375,1
3941799206,-0.89453125,-0.875,2
3941932244,0.2158203125,0.0021209716796875,2
3941938532,-0.99609375,-0.79296875,1
3942012842,-0.5546875,-0.5859375,0
3942155974,-0.73046875,-0.91796875,0
3942266226,-1.7109375,-1.6796875,1
3942483861,-0.79296875,-0.79296875,0
3942509615,0.50390625,-1.3125,0
3942607831,-0.326171875,-1.0859375,0
3942613184,0.7578125,0.80859375,0
3942667494,-0.71484375,-0.765625,0
3942710055,-1.6875,-1.6953125,2
3942818200,-1.4140625,-1.640625,2
3942818392,-0.90234375,0.271484375,1
3942840482,-0.98046875,-0.9453125,2
3942893461,1.7265625,-0.62890625,0
3942925071,-0.30078125,-0.8359375,0
3942939861,2.03125,-0.70703125,0
3942974796,-0.26171875,2.171875,1
3942983338,-0.142578125,-0.1982421875,2
3943042243,-0.80859375,-0.79296875,2
3943120934,-0.89453125,0.306640625,1
3943182421,-0.7734375,-0.765625,0
3943195465,-0.71484375,-0.78125,0
3943209847,0.265625,-0.25390625,2
3943365149,-0.63671875,-0.5625,2
3943638651,-1.21875,1.046875,1
3943716101,0.0021209716796875,-0.4453125,0
3943725911,-0.7734375,-0.8515625,2
3943789733,-0.65625,-0.71484375,2
3943924044,-1.453125,0.92578125,1
3944116833,2.8125,0.8359375,0
3944154373,-0.7734375,-0.82421875,2
3944379207,-0.79296875,-0.80859375,2
3944443012,-0.40625,1.234375,1
3944832712,1.328125,-1.2734375,0
3944852622,-0.62109375,-0.6484375,2
3944914832,-0.8359375,-1.703125,0
3944975013,-0.423828125,-0.453125,0
3945001397,-0.5546875,0.337890625,1
3945052668,-0.21484375,-0.427734375,0
3945147487,-0.9453125,-0.9453125,2
3945176907,2.359375,0.47265625,0
3945398117,-1.265625,-1.0625,1
3945500605,-0.21484375,-0.9609375,0
3945589823,-0.7578125,-0.75,2
3945638220,-1.234375,-1.03125,0
3945651245,-0.3984375,1.3515625,1
3945696629,-1.1171875,-0.2490234375,1
3946037068,-0.765625,-0.80859375,2
3946081350,0.146484375,0.06787109375,0
3946245278,-0.84375,-0.8515625,2
3946319490,0.5625,-0.9453125,0
3946481149,-1.4296875,0.361328125,1
3946519123,1.828125,-0.6875,0
3946672326,-0.765625,-0.578125,1
3946830896,-0.80859375,-0.79296875,1
3946843605,-1.078125,-0.4921875,1
3946896001,0.0021209716796875,0.177734375,1
3947195225,0.0,0.12353515625,2
3947217991,-0.515625,-0.62890625,1
3947240179,-0.80859375,-0.7734375,2
3947259040,0.41796875,-0.3203125,0
3947313031,-1.1328125,0.70703125,1
3947327386,-0.5703125,-0.294921875,1
3947356798,0.8515625,-0.453125,0
3947359826,-1.6015625,0.41015625,1
3947393573,-0.82421875,-0.84375,0
3947448457,1.1484375,-1.5546875,0
3947463599,-0.07861328125,-1.03125,0
3947482337,-0.60546875,-0.439453125,1
3947668438,2.40625,2.40625,2
3947772282,1.1015625,1.421875,1
3947778976,0.62109375,1.9921875,1
3947862004,-1.2578125,1.5546875,1
3947919892,-0.79296875,-0.80078125,2
3948000494,-0.6640625,-0.5625,0
3948002108,-0.7421875,-0.7421875,2
3948097930,-0.54296875,-0.34765625,2
3948279307,0.69921875,-1.9296875,0
3948397250,-0.486328125,-1.21875,0
3948495445,-0.875,-0.9375,2
3948503567,1.8828125,0.361328125,0
3948545558,-0.81640625,-0.7734375,2
3948609048,-1.078125,0.8671875,1
3948691925,-1.1484375,-0.80859375,1
3948707728,-0.0703125,-0.9375,0
3948830383,-1.328125,-1.203125,1
3948871753,-1.1015625,0.80859375,1
3948941816,0.0277099609375,1.796875,1
3948949196,2.015625,-0.7578125,0
3949048841,0.1630859375,-0.2236328125,2
3949075763,1.109375,1.34375,2
3949123717,-1.6796875,0.91796875,1
3949138250,-1.203125,-1.1328125,2
3949183563,-1.4921875,-1.328125,1
3949233826,-0.6796875,-0.07861328125,1
3949298235,-1.1328125,-1.171875,2
3949362957,0.8125,1.109375,0
3949421872,-0.82421875,-0.8359375,2
3949455389,-0.61328125,-0.50390625,1
3949491296,-0.80859375,-0.7734375,2
3949521697,-0.80859375,-0.79296875,2
3949545083,1.9921875,-0.21875,0
3949584261,-0.21875,0.5703125,1
3949585138,-0.2236328125,1.375,1
3949676826,-0.72265625,-0.79296875,2
3949992151,-0.84375,0.400390625,1
3950138677,1.515625,-1.8828125,0
3950207746,-1.015625,1.9140625,1
3950226447,-0.8671875,-0.79296875,2
3950570244,1.78125,0.271484375,2
3950719899,1.1796875,-1.28125,0
3950733306,-0.40234375,2.140625,1
3950742994,-0.89453125,-0.81640625,1
3950955237,-0.78125,-0.80859375,2
3951104766,2.5625,0.875,0
3951167003,-0.138671875,-0.470703125,0
3951206528,-1.84375,-1.78125,2
3951386585,1.15625,0.62109375,2
3951514151,-0.40625,0.234375,1
3951523644,-1.21875,-1.328125,2
3951574771,-0.80078125,-0.79296875,2
3951747899,-0.061767578125,-0.99609375,0
3951773323,0.875,-0.875,0
3952091805,-0.53515625,-0.51171875,2
3952124164,-0.6484375,-0.427734375,2
3952189179,0.298828125,0.234375,2
3952240738,-0.7578125,-0.75,2
3952301861,-0.82421875,-0.8359375,2
3952354040,-0.765625,0.6484375,1
3952419217,0.1767578125,0.326171875,0
3952425647,-0.84375,-0.82421875,2
3952433991,-0.09375,-1.328125,0
3952482090,2.171875,0.55078125,0
3952534727,-0.60546875,-0.6796875,0
3952548171,0.2216796875,-0.474609375,0
3952628959,0.79296875,-1.7578125,0
3952650731,-1.03125,-1.0078125,2
3952738321,-0.765625,-0.7734375,2
3952776404,-1.3359375,-1.1796875,1
3952782454,-0.89453125,-0.1044921875,1
3952809368,-0.8671875,-0.6875,1
3952826076,-0.8671875,-0.84375,0
3952862062,-0.359375,-1.265625,0
3952973649,0.359375,-1.046875,0
3953104317,-0.5703125,-0.54296875,1
3953158032,1.0625,-0.5,0
3953162401,-0.54296875,-0.5546875,1
3953247050,0.80859375,0.12109375,0
3953410775,-0.80078125,-0.7578125,2
3953418175,0.10009765625,0.4375,1
3953434526,1.59375,-1.3203125,0
3953542841,-1.7421875,-1.1328125,2
3953568445,1.546875,0.57421875,0
3953713744,-0.89453125,-0.8359375,2
3953721667,0.298828125,0.875,1
3953742181,-0.71484375,-0.8359375,2
3953766494,0.6796875,-0.6875,0
3953779070,-0.875,-0.88671875,2
3954008459,0.0595703125,-1.3203125,0
3954033445,1.4140625,-0.6875,0
3954302701,-0.80078125,-0.7578125,2
3954360710,-1.40625,0.62890625,1
3954414812,-0.578125,-0.330078125,2
3954418472,0.3828125,-0.7734375,0
3954436876,-0.5703125,-0.671875,2
3954698594,-0.81640625,-0.80859375,2
3954711672,0.58984375,-1.3203125,0
3954760489,-1.015625,-0.953125,2
3954796032,-0.90234375,-0.90234375,2
3954924495,-1.6015625,-1.078125,1
3954944380,-0.80859375,-0.79296875,2
3954958187,-1.0234375,-1.03125,2
3954969113,-0.81640625,-0.78125,2
3955128841,-1.5234375,-0.21484375,1
3955352387,-0.1767578125,-1.4609375,0
3955791590,-0.326171875,-0.470703125,0
3955839763,0.6796875,-0.2060546875,0
3955928079,-0.3671875,-0.61328125,0
3955961150,-0.80859375,-0.014892578125,1
3956010793,-1.25,-1.375,0
3956082157,-0.3125,0.27734375,1
3956146085,-0.80859375,-0.81640625,0
3956244066,-0.478515625,-0.99609375,0
3956269050,-0.65625,-0.62109375,2
3956280770,-1.6015625,-0.142578125,1
3956359202,-1.109375,0.0277099609375,1
3956682559,-0.275390625,0.3359375,1
3956706439,0.04248046875,-0.048828125,0
3956717277,-0.072265625,-0.189453125,2
3956739676,-0.7421875,-0.7734375,0
3956764001,0.47265625,-0.236328125,0
3956792871,0.357421875,0.61328125,1
3956888631,1.5390625,2.109375,2
3956955543,-0.8359375,-0.82421875,2
3956977927,-1.1171875,-0.044677734375,1
3956996196,2.078125,2.109375,2
3957045672,-0.65625,0.06591796875,1
3957169234,0.01275634765625,-0.146484375,0
3957277267,-0.5546875,-0.59765625,2
3957305536,-0.99609375,1.46875,1
3957345792,-0.80859375,-0.75,2
3957397382,-0.91015625,-0.91015625,1
3957433605,-0.765625,1.3359375,1
3957449269,-0.82421875,-0.61328125,2
3957468554,-0.953125,-1.9453125,0
3957511480,1.109375,-1.5234375,0
3957622915,-0.99609375,0.63671875,1
3957639727,-0.75,-0.10009765625,2
3957817208,-1.0859375,-0.99609375,2
3957833942,-0.91015625,-1.4921875,0
3957983061,0.66796875,-0.185546875,0
3958105259,-0.35546875,-0.4453125,0
3958130623,-1.1328125,-1.2734375,0
3958217879,-0.41015625,1.1640625,1
3958280790,-0.04052734375,-0.1591796875,0
3958341447,0.1875,-0.283203125,0
3958597635,-1.3125,-0.2275390625,1
3958606469,-1.546875,-1.1171875,1
3958615315,-0.21875,1.203125,1
3958714906,0.5234375,-1.1953125,0
3958723159,-1.5625,-0.84375,2
3958833080,-0.8359375,-0.6484375,1
3958921553,-0.859375,-0.8515625,2
3959076136,-0.486328125,0.10009765625,1
3959084715,-0.671875,0.7578125,1
3959177911,-1.46875,-0.65625,1
3959194672,-0.80859375,-0.82421875,2
3959265721,0.91015625,-1.078125,0
3959431212,-1.046875,-1.0859375,0
3959475173,-1.03125,-0.2578125,1
3959539552,0.98046875,-0.30859375,0
3959549565,-0.70703125,-0.62890625,2
3959587381,-0.671875,0.640625,1
3959637800,-0.8359375,-0.80859375,2
3959665874,-0.388671875,1.34375,1
3959710109,0.28125,1.0078125,2
3959727908,0.953125,-0.435546875,0
3959821873,-1.1484375,-0.96875,1
3959956856,0.466796875,-1.8125,0
3959982216,-0.146484375,0.255859375,1
3959986697,-0.5703125,-0.6640625,0
3959988534,1.234375,0.146484375,0
3960025839,-0.859375,-0.8515625,2
3960050044,1.015625,0.314453125,0
3960072693,-0.39453125,0.006378173828125,1
3960168993,-0.51953125,-0.51171875,0
3960203945,-0.859375,-0.859375,2
3960207980,-0.62890625,-0.376953125,1
3960317906,-0.283203125,0.7734375,1
3960329689,-1.3046875,1.2109375,1
3960549756,-0.6875,-0.6796875,0
3960660325,-0.79296875,-0.79296875,1
3960683314,-0.953125,-0.62890625,1
3960734362,-0.2060546875,-1.015625,0
3960739729,-0.470703125,-0.5859375,2
3960789574,0.302734375,-1.578125,0
3960815121,-0.6640625,-0.80859375,0
3960997669,1.2421875,1.171875,2
3961346105,0.41796875,-0.9453125,0
3961508779,-0.875,-0.8515625,2
3961721975,-0.79296875,-0.69921875,2
3961913384,0.5625,-0.4609375,0
3961956273,0.2001953125,-1.390625,0
3961997682,-1.0078125,-1.2109375,2
3962018596,-0.07666015625,0.14453125,1
3962114279,-1.0703125,-0.63671875,1
3962155327,-0.376953125,-0.2236328125,1
3962189815,-0.953125,0.98828125,1
3962196384,-0.60546875,-0.5703125,2
3962271106,-0.671875,1.1328125,1
3962318813,-1.1171875,-0.91015625,2
3962359791,-1.0859375,-1.046875,2
3962425556,-0.5078125,-0.51953125,2
3962426912,-0.376953125,-1.234375,0
3962495380,0.6875,-0.423828125,0
3962565378,0.5078125,-0.05322265625,0
3962572625,0.6640625,0.63671875,2
3962644044,0.5390625,1.4140625,1
3962719269,-0.9453125,-1.078125,0
3962739847,0.5703125,-0.6640625,0
3962769817,0.2333984375,-1.6328125,0
3962769934,-0.82421875,-0.8515625,2
3962813769,-0.84375,-0.84375,2
3962890321,-0.82421875,-0.82421875,2
3962923793,-1.015625,0.27734375,1
3963023130,-0.31640625,-0.439453125,0
3963051818,-0.859375,0.5234375,1
3963176977,-0.70703125,-0.72265625,1
3963205435,-1.328125,-0.51953125,1
3963304115,-0.294921875,0.119140625,0
3963353438,0.171875,-0.038330078125,2
3963392257,-0.84375,-0.859375,2
3963412333,-0.5625,-0.2578125,1
3963452079,-1.5078125,0.8515625,1
3963465971,-0.80859375,-0.78125,2
3963469655,0.482421875,-0.2275390625,0
3963538285,-0.79296875,-0.765625,2
3963568814,-0.439453125,-0.71484375,0
3963594982,-0.26953125,-1.359375,0
3963758022,1.046875,0.96875,2
3963920971,-0.0703125,-0.671875,0
3964253771,-1.3515625,0.298828125,1
3964352885,-1.390625,-1.390625,2
3964468760,-0.63671875,-0.359375,2
3964473538,-0.53125,-0.54296875,2
3964478668,-0.63671875,-0.095703125,1
3964657336,0.2216796875,0.37109375,2
3964704857,0.2421875,0.48046875,1
3964716165,-0.337890625,-0.45703125,1
3964881490,-0.5546875,-1.3125,0
3965095720,-0.384765625,-0.26953125,2
3965150353,-0.439453125,-0.51953125,2
3965176753,-0.96875,-0.96875,2
3965194531,-0.63671875,-0.7734375,0
3965208933,0.3359375,0.09130859375,0
3965344630,0.78125,0.91015625,1
3965368290,-0.79296875,-0.875,0
3965609605,-0.73046875,-0.80859375,2
3965615910,-0.765625,-0.73046875,2
3965649192,-0.49609375,-0.35546875,0
3965842192,1.546875,-0.92578125,0
3965915335,-1.3046875,-0.427734375,1
3965979517,-0.0234375,0.197265625,0
3966001042,-0.8359375,-0.765625,2
3966336247,-0.859375,-0.92578125,2
3966336558,0.140625,-0.50390625,0
3966345766,-0.8515625,-0.875,1
3966575948,-1.375,0.68359375,1
3966588375,-0.7578125,-0.578125,1
3966788489,0.0191650390625,2.328125,1
3966885037,1.390625,0.353515625,0
3966886010,-0.78125,-0.80859375,2
3966912601,0.54296875,-1.0625,0
3966963875,1.5625,1.0546875,0
3967014880,1.109375,0.08935546875,0
3967087567,0.18359375,-0.1171875,1
3967160669,0.1318359375,0.3671875,2
3967197884,-0.1591796875,-0.99609375,0
3967217279,1.390625,0.357421875,0
3967238476,-0.7421875,-0.7421875,2
3967359794,-0.671875,-0.6875,2
3967403763,-0.7734375,-0.765625,1
3967460464,-0.82421875,-0.359375,1
3967469673,-0.98828125,-0.99609375,2
3967506630,0.09130859375,-0.25390625,0
3967523855,-0.92578125,-0.92578125,2
3967640275,-0.1806640625,-0.1982421875,2
3967659532,2.015625,-0.82421875,0
3967834340,-0.07470703125,-0.06591796875,2
3967907300,-0.69921875,-0.0361328125,1
3968003833,-0.75,-0.73046875,2
3968193810,-0.5859375,-0.06591796875,1
3968313906,-0.75,-0.60546875,1
3968362847,0.0361328125,-0.53125,0
3968468141,-0.5390625,-0.73046875,0
3968485154,-0.61328125,-0.73046875,0
3968615472,0.07861328125,-0.89453125,0
3968621952,0.4921875,-0.1259765625,1
3968790027,-0.72265625,-0.72265625,2
3968823757,-0.82421875,-0.8515625,0
3968871817,-1.203125,-0.3515625,1
3968874653,0.0255126953125,-0.0021209716796875,2
3968955670,0.1953125,-1.4375,0
3969025199,-0.6640625,-0.671875,2
3969070304,-0.69921875,0.61328125,1
3969092901,2.03125,2.78125,1
3969125215,-0.72265625,-0.70703125,2
3969234712,-0.8515625,-0.84375,2
3969249987,0.98046875,0.6640625,2
3969347833,-1.734375,0.65625,1
3969438775,0.021240234375,-0.9375,0
3969496047,1.0625,-1.84375,0
3969621179,-1.4140625,-1.453125,2
3969624812,-0.384765625,-0.62109375,2
3969625169,-0.7421875,-0.8359375,2
3969658692,-0.427734375,-0.6484375,0
3969771484,-0.84375,-1.0234375,0
3969772835,-0.3515625,-0.337890625,0
3969830490,0.5625,-0.333984375,0
3969869310,-0.88671875,-0.8515625,2
3969916747,-0.359375,2.265625,1
3969929745,-0.79296875,-0.80859375,2
3970042624,0.06787109375,-0.4921875,0
3970077300,2.640625,2.109375,0
3970088308,-0.875,-0.0595703125,1
3970154622,-0.8515625,-0.8515625,2
3970158706,1.6796875,1.6875,2
3970161970,-1.59375,-0.1337890625,1
3970162689,-0.1806640625,-1.015625,0
3970247555,-0.875,0.98828125,1
3970273165,-0.06591796875,0.337890625,2
3970398998,0.5703125,-1.5078125,0
3970538988,0.4765625,-1.109375,0
3970560557,-0.330078125,-1.1796875,0
3970577636,-0.84375,-0.79296875,0
3970672226,-0.78125,-0.71484375,0
3970753705,-0.3984375,-1.3671875,0
3970829632,-0.34765625,-0.2275390625,1
3970838837,0.78125,-1.0859375,0
3970867491,-0.7578125,-0.7734375,2
3970890226,-0.7421875,-1.0390625,2
3971028984,0.0810546875,1.1953125,1
3971152966,-2.015625,-2.046875,2
3971153006,-1.0234375,-1.0234375,2
3971191624,2.640625,2.84375,0
3971228139,-0.98828125,-1.21875,2
3971398669,0.11474609375,0.0106201171875,1
3971415023,-1.5078125,2.46875,1
3971456077,0.33203125,0.6875,1
3971494381,0.09375,-0.40625,0
3971576426,2.109375,2.078125,2
3971623668,-0.5390625,-1.5390625,0
3971700372,-0.7734375,-0.7734375,2
3971708696,-0.73046875,-0.6875,1
3971717329,-1.1796875,0.314453125,1
3971816073,-0.80859375,-0.72265625,2
3971909221,-0.7734375,0.36328125,1
3972159059,-0.0849609375,0.119140625,1
3972215266,-0.71484375,-0.6875,0
3972320707,0.66015625,-0.8671875,0
3972345317,1.03125,-1.1796875,0
3972459219,-0.953125,-0.875,2
3972512143,-1.21875,1.125,1
3972518736,0.1640625,-0.98046875,0
3972592150,-1.453125,1.71875,1
3972608557,2.296875,-0.4140625,0
3972699106,-0.1982421875,0.0234375,2
3972736471,-0.82421875,-0.84375,2
3972856548,-0.1298828125,0.2890625,1
3972919006,-0.138671875,-0.71484375,0
3972921473,-0.8359375,-0.7734375,2
3973117059,-0.875,-0.2060546875,1
3973130271,-0.5,0.4921875,1
3973175497,-0.9609375,-0.287109375,1
3973183478,-0.5859375,-0.6640625,0
3973186913,-0.8671875,-0.8515625,2
3973475428,-0.4609375,1.21875,1
3973578664,-0.8671875,-0.89453125,2
3973626014,-0.81640625,-0.7421875,2
3973642371,-1.2578125,1.5390625,1
3973711672,-1.640625,-1.40625,1
3973855557,0.52734375,0.65625,0
3974040591,-0.8671875,-1.203125,2
3974064733,0.294921875,-1.6328125,0
3974091353,0.1630859375,-0.40625,2
3974208281,-0.578125,-0.98828125,0
3974371838,-0.40625,-0.3125,1
3974402543,-0.82421875,-0.80859375,1
3974493382,0.70703125,0.4375,1
3974743555,2.28125,1.3203125,0
3975012757,0.177734375,-0.81640625,0
3975070922,-0.59765625,0.765625,1
3975072344,0.0595703125,0.9140625,1
3975074604,0.72265625,-0.671875,0
3975111498,-0.06396484375,-0.89453125,0
3975204890,-0.578125,-0.69921875,0
3975353127,-0.0361328125,-0.01275634765625,1
3975378322,-1.78125,-1.5078125,1
3975475788,-0.7578125,-0.82421875,0
3975584249,-0.341796875,-0.59765625,0
3975772296,-1.5390625,0.51171875,1
3975833085,-0.279296875,-0.9375,0
3975878652,-1.4453125,-1.3671875,1
3975914707,1.6875,0.9609375,0
3976110949,0.90234375,-0.60546875,0
3976131104,-1.609375,-0.3515625,1
3976259036,0.1083984375,-0.453125,0
3976290904,-0.72265625,1.1640625,1
3976364901,-0.9453125,-0.25390625,1
3976467948,-0.09765625,-0.146484375,2
3976574748,-0.7578125,0.0849609375,1
3976588407,-0.40625,-0.419921875,0
3976769697,-0.6640625,-0.70703125,1
3976774883,0.2392578125,0.1552734375,1
3977012331,0.236328125,-0.63671875,2
3977022178,2.34375,2.421875,2
3977035936,1.015625,0.79296875,2
3977176278,-0.1171875,1.3671875,1
3977287580,-1.2421875,0.11083984375,1
3977354410,-0.62109375,-0.291015625,1
3977443851,1.703125,0.55078125,0
3977553003,0.875,1.015625,1
3977640207,0.185546875,-1.453125,0
3977647225,-0.0277099609375,0.1064453125,0
3977970431,0.095703125,-0.69921875,0
3978442828,-0.6875,-0.89453125,0
3978451681,-1.6796875,-0.095703125,1
3978453001,0.84765625,-1.1171875,0
3978529848,-0.84375,-0.8359375,2
3978564425,-0.859375,-0.8515625,2
3978698006,0.08740234375,0.07861328125,0
3978727553,-1.6953125,-0.88671875,1
3978759570,-0.91015625,-0.5625,1
3978808531,-1.4609375,-1.234375,1
3978859919,-0.69921875,-0.482421875,2
3978921591,-0.04052734375,-0.70703125,0
3979136091,-0.91015625,-0.44921875,1
3979205518,-0.70703125,0.1875,2
3979226587,-0.89453125,0.6875,0
3979229598,1.1328125,0.96875,2
3979291072,-0.7578125,-0.72265625,2
3979355118,-0.60546875,-0.91015625,0
3979358353,-0.4453125,-1.578125,0
3979368875,-0.7578125,-0.70703125,1
3979557170,-0.65625,-0.7421875,1
3979653941,-0.84375,-0.5703125,2
3979856543,-0.90234375,-0.91015625,2
3979861431,2.203125,-1.546875,0
3979978006,-0.82421875,-1.46875,0
3980080434,-0.8515625,0.6484375,1
3980092601,-0.90234375,-0.8515625,2
3980137419,0.2138671875,-0.2314453125,0
3980164740,-1.1171875,-1.125,2
3980251555,0.25390625,0.349609375,1
3980309181,1.6875,-1.4453125,0
3980339795,-0.82421875,-0.73046875,2
3980724763,-0.82421875,-0.78125,2
3980725731,-0.63671875,-0.65625,2
3980739859,-0.80859375,-0.82421875,2
3980763097,1.78125,1.046875,0
3980783969,1.6171875,-0.0595703125,0
3980799571,0.287109375,-0.1044921875,0
3980876723,-0.98046875,-1.1484375,0
3980985314,0.6875,-0.06591796875,0
3981003752,-0.78125,-0.80859375,2
3981062121,-0.72265625,-0.7578125,2
3981074070,-0.62890625,-0.52734375,2
3981101588,-0.53125,-1.1796875,0
3981129808,-0.8515625,-0.84375,2
3981197503,-1.0703125,0.8359375,2
3981264127,-0.4140625,-1.25,2
3981305325,-0.54296875,0.7578125,1
3981306852,-0.63671875,-0.4140625,1
3981354072,-1.5625,0.56640625,1
3981400223,-1.1796875,-1.078125,2
3981415997,0.306640625,0.4453125,1
3981442867,-0.69921875,-0.70703125,2
3981486893,0.99609375,-0.6640625,0
3981596701,0.19140625,0.24609375,1
3981604591,1.890625,2.234375,0
3981612988,-0.79296875,-0.79296875,2
3981648188,-0.80859375,-0.80078125,2
3981728075,0.0255126953125,-0.6484375,0
3981769605,-0.859375,-0.8359375,2
3981775487,-0.89453125,-0.89453125,2
3981845520,0.29296875,-0.3125,0
3981933519,-0.89453125,-0.91796875,0
3981938427,-0.1171875,-0.91796875,0
3981940182,1.484375,1.375,0
3982025292,-0.6484375,-0.474609375,1
3982044934,-1.421875,0.515625,1
3982103788,0.255859375,-1.34375,0
3982116212,0.1923828125,-1.78125,0
3982230546,-1.1015625,-1.40625,2
3982251463,-1.3359375,-0.7578125,1
3982289121,0.404296875,-0.953125,0
3982350464,-0.79296875,-0.45703125,2
3982383555,-0.859375,0.6484375,1
3982413471,-0.70703125,-0.1298828125,2
3982463491,-0.8359375,-0.82421875,2
3982584189,0.41015625,0.4140625,2
3982624821,-0.8671875,-0.8671875,2
3982731503,-0.8671875,1.8671875,1
3982951853,-1.234375,-1.4453125,0
3982957420,-0.75,-0.59765625,1
3983085875,-0.953125,-0.9375,1
3983373223,-1.8125,-0.6875,1
3983503410,0.32421875,-1.1796875,0
3983572561,-0.9453125,1.4375,1
3983670463,-0.3671875,-0.1767578125,0
3983719476,0.92578125,-0.875,0
3983723313,-0.7578125,-0.7578125,2
3983730956,0.765625,1.4609375,1
3983732971,-1.046875,-0.89453125,1
3983796591,0.5546875,-1.078125,0
3983797143,0.32421875,-1.1796875,0
3983905007,-0.875,-0.62109375,1
3983972493,-0.1982421875,-0.63671875,0
3984087407,-0.92578125,-0.52734375,1
3984281512,-0.70703125,1.796875,1
3984342433,-0.81640625,-0.72265625,2
3984372147,-1.203125,-1.40625,0
3984399025,-0.98046875,-0.92578125,2
3984492996,-0.80859375,-0.84375,2
3984670886,-0.171875,-1.03125,0
3984671834,-0.53125,-0.9453125,0
3984802990,-0.73046875,-0.75,1
3984914850,2.453125,1.453125,0
3985272329,0.765625,-1.5546875,0
3985411604,-1.4375,-0.376953125,1
3985433767,-1.0703125,-0.482421875,1
3985463127,-0.0703125,-0.80859375,0
3985572735,0.59765625,0.671875,2
3985638976,0.279296875,1.5546875,1
3985702195,-0.478515625,-0.6875,0
3985907622,-0.333984375,-0.1806640625,1
3985949557,-0.78125,-0.006378173828125,1
3985990568,-0.70703125,-0.89453125,0
3986041636,-1.4921875,-1.78125,2
3986205078,-1.03125,-0.9375,2
3986390534,-0.7734375,-0.515625,1
3986392841,0.66015625,-0.6484375,0
3986442788,0.0595703125,-0.388671875,0
3986481169,-0.80078125,-0.80859375,2
3986510316,1.3046875,-0.1806640625,0
3986567022,-0.875,-0.875,2
3986610130,-0.427734375,-0.54296875,2
3986712384,-0.859375,-0.859375,2
3986748513,0.5703125,-0.65625,0
3986750648,-1.40625,-1.1015625,0
3986782632,-0.279296875,-0.6640625,0
3986785702,-0.240234375,-0.240234375,2
3986909953,0.56640625,1.0859375,2
3987211678,-0.65625,-0.6796875,0
3987237653,-1.2109375,0.240234375,1
3987369365,-1.625,-1.640625,0
3987433631,-0.80078125,-0.81640625,2
3987473314,-0.80078125,-0.80078125,2
3987539661,1.0078125,-0.90234375,0
3987765570,-0.6875,-0.6796875,2
3988036129,-0.6640625,-0.70703125,2
3988123282,-0.578125,-0.51953125,2
3988166935,-1.2734375,-0.470703125,1
3988238793,-1.3359375,-1.3203125,2
3988362818,-0.859375,-0.859375,2
3988407346,-0.11083984375,-0.875,0
3988417381,-0.7734375,-0.69921875,2
3988445421,-0.189453125,1.703125,1
3988455053,-1.375,-0.7578125,1
3988511097,0.2001953125,0.51953125,1
3988619764,1.0078125,-0.4140625,0
3988641816,-0.291015625,0.447265625,1
3988677692,0.1083984375,0.48046875,1
3988742715,-0.236328125,0.20703125,1
3988765144,-0.30078125,-0.236328125,1
3988873836,1.921875,-0.98828125,0
3988889778,-0.65625,-0.96875,0
3988920895,-0.69921875,-0.60546875,1
3988926872,-0.72265625,-0.7421875,2
3988966266,0.306640625,-0.89453125,0
3989016570,1.5859375,0.2333984375,0
3989086694,-0.54296875,-0.5703125,0
3989239368,0.4375,-1.4375,0
3989316956,-0.09375,0.59765625,1
3989382354,0.2890625,0.78125,1
3989411992,-1.4296875,-0.0234375,1
3989581753,-1.8828125,-1.6953125,2
3989664774,-0.73046875,-0.53125,1
3989686747,1.8515625,-0.3046875,0
3989706640,-1.78125,-0.189453125,1
3989744628,-0.5546875,-1.609375,0
3989865748,-0.376953125,-0.1806640625,1
3989879557,-0.4921875,1.3046875,1
3989913089,-1.1640625,-0.146484375,1
3990010159,-0.81640625,-0.7421875,2
3990076747,0.82421875,1.203125,1
3990190741,0.07470703125,0.031982421875,2
3990192948,-0.2236328125,-0.21484375,2
3990214128,0.54296875,0.48046875,2
3990261261,0.061767578125,0.09130859375,2
3990347911,-0.79296875,-0.78125,2
3990414177,-0.81640625,-0.80859375,1
3990419034,-0.54296875,-1.0390625,0
3990478981,2.078125,-0.5546875,0
3990636240,-1.0390625,-1.4140625,0
3990669092,-0.63671875,0.16015625,1
3990672084,-1.484375,-1.46875,1
3990750690,-0.6875,-0.30859375,1
3990767430,-0.72265625,-1.2578125,0
3990802424,0.248046875,-0.2490234375,0
3990910232,-0.482421875,-0.380859375,0
3990992552,-1.078125,-1.03125,2
3991031338,-1.5390625,2.3125,1
3991047248,-0.84375,-0.0830078125,1
3991205734,-1.0234375,-0.8671875,1
3991243349,-0.79296875,-0.8515625,0
3991284650,0.1337890625,0.11083984375,0
3991439863,-0.1982421875,-0.89453125,0
3991487194,-0.466796875,0.271484375,1
3991512627,-0.5625,-0.52734375,2
3991559230,-0.765625,-0.98046875,0
3991834613,-0.91015625,-0.0255126953125,1
3991849396,-0.78125,-0.80859375,2
3991857184,2.453125,0.82421875,0
3991859105,-1.4453125,-1.3203125,2
3991923410,-0.7734375,-1.59375,0
3991984273,0.9609375,0.8984375,2
3992225746,-0.21484375,0.82421875,2
3992240341,0.0810546875,-0.1259765625,0
3992243396,-0.7578125,-0.61328125,0
3992318704,-0.7734375,-0.7734375,2
3992423487,-0.578125,-0.69921875,1
3992426424,-0.671875,0.89453125,1
3992521976,-0.78125,-0.70703125,2
3992572532,-0.7578125,-0.453125,1
3992744682,-0.51171875,0.21875,1
3992781114,-1.1484375,0.6796875,1
3992834663,-0.82421875,-0.82421875,2
3993099210,-0.486328125,-0.470703125,2
3993303899,0.4765625,0.458984375,0
3993360637,-0.65625,-0.6875,2
3993417491,-0.8359375,-0.82421875,2
3993419737,-0.5859375,-0.046875,1
3993487547,-0.53125,-0.291015625,1
3993541281,-0.82421875,-0.5390625,2
3993612995,-0.1640625,1.6328125,1
3993698323,0.419921875,-1.5078125,0
3993824009,0.173828125,-1.1328125,0
3994338332,-0.0830078125,-0.435546875,0
3994457159,-0.50390625,-0.5078125,2
3994519349,-0.8359375,-0.82421875,2
3994526572,-1.046875,-1.0859375,2
3994530070,2.3125,0.91015625,0
3994560416,-1.6796875,-1.84375,0
3994835941,-0.875,-0.859375,2
3995007200,-0.53515625,-0.275390625,1
3995069044,0.37109375,-0.59765625,0
3995076333,-0.875,-0.49609375,1
3995192144,-0.79296875,0.3125,1
3995239933,-1.046875,-0.59765625,2
3995508668,-0.5859375,2.625,1
3995519255,-1.265625,-1.15625,1
3995549356,1.7109375,0.67578125,0
3995558207,-1.7265625,-1.796875,2
3995597196,-0.5390625,-0.7421875,0
3995600877,0.326171875,0.3203125,1
3995663791,-0.275390625,-0.11279296875,0
3995697623,-1.1015625,-1.078125,0
3995719532,-0.5546875,-0.5703125,0
3995730392,0.5859375,0.390625,2
3995841927,-0.91796875,0.031982421875,1
3996107371,-0.98828125,-0.60546875,1
3996185937,-1.4375,1.21875,1
3996312991,-1.2265625,-1.2109375,1
3996347550,1.234375,0.79296875,0
3996367494,-1.0859375,-0.62109375,1
3996526840,-0.82421875,-0.82421875,2
3996720556,-1.3515625,-1.3359375,2
3996745675,0.6484375,-1.0703125,0
3996761873,0.046875,-1.0625,0
3996893806,-0.73046875,0.765625,1
3996977195,-0.482421875,-0.6796875,0
3997125594,-0.7734375,-0.765625,2
3997263184,-1.6171875,-1.5234375,1
3997422005,-0.82421875,-0.80859375,2
3997436006,-0.82421875,-0.78125,1
3997451225,0.859375,-0.61328125,0
3997458227,-0.91796875,-0.88671875,0
3997498305,-0.07666015625,-0.79296875,0
3997542386,0.50390625,1.015625,1
3997720190,-0.84375,-0.84375,2
3997818216,-0.7578125,-0.78125,0
3997849396,-0.49609375,2.140625,1
3997948945,-0.8359375,-0.80859375,2
3997975100,0.185546875,-1.421875,0
3998277847,0.353515625,-0.3515625,0
3998294288,0.16015625,-0.5,0
3998298488,-0.8515625,1.21875,1
3998315076,0.423828125,0.3984375,2
3998315566,-0.90234375,-1.171875,0
3998368533,0.267578125,0.56640625,0
3998545442,-0.7734375,-0.2236328125,1
3998747582,2.296875,-1.2421875,0
3998756786,-0.8359375,-0.82421875,2
3998793248,-0.92578125,-1.375,0
3998798695,1.7890625,2.53125,1
3998813275,1.3203125,0.014892578125,0
3998876102,-0.82421875,-0.88671875,0
3998901040,0.228515625,-1.125,0
3998983395,0.7578125,-1.46875,0
3998998104,-0.875,-0.54296875,1
3999083150,0.1650390625,-1.4296875,0
3999183671,0.5625,-0.98046875,0
3999218138,-1.40625,1.8984375,1
3999343615,1.2265625,1.21875,2
3999378338,-0.859375,-0.92578125,0
3999423869,-0.427734375,-1.3671875,0
3999429660,-1.234375,0.54296875,1
3999503462,-0.486328125,-0.435546875,0
3999522079,-0.51171875,-0.7578125,1
3999563883,-0.89453125,-0.88671875,2
3999649677,0.91015625,0.69921875,0
3999886257,-0.8671875,-0.8671875,2
3999999343,1.625,-1.3359375,0
4000085659,0.055419921875,-0.06591796875,2
4000225240,-1.15625,-0.5,1
4000236844,1.921875,-0.53515625,0
4000321061,-0.30078125,0.263671875,1
4000365162,-0.7421875,-0.6875,2
4000424711,1.1640625,-1.078125,0
4000453938,-0.7421875,-0.265625,1
4000456708,0.333984375,-1.1328125,0
4000515759,1.5625,-0.5625,0
4000549255,-0.71484375,-1.7421875,0
4000625619,-0.62890625,1.671875,1
4000670568,-0.82421875,-0.78125,2
4000694022,2.171875,1.4609375,0
4000758287,-0.4609375,-0.59765625,0
4000776283,-0.5703125,-0.5625,2
4000813413,-0.7734375,-0.81640625,0
4000873603,-0.765625,-0.7578125,2
4000879154,-0.78125,-1.0625,0
4000894741,-0.051025390625,-0.91015625,0
4000980142,1.4453125,0.66796875,0
4001032366,0.41796875,1.125,1
4001219931,-1.34375,0.0106201171875,1
4001268944,0.72265625,-0.1513671875,0
4001468334,0.1318359375,0.435546875,1
4001519027,-0.7421875,-0.384765625,1
4001547867,-0.75,-0.84375,2
4001737262,-0.60546875,-1.21875,0
4001795693,-1.53125,0.5625,1
4001881675,-0.84375,-0.875,2
4001976690,-0.7578125,1.3359375,1
4002367608,0.057373046875,0.21875,1
4002469366,-0.79296875,-0.81640625,2
4002669907,-0.671875,-1.578125,0
4002679868,1.8515625,-1.1640625,0
4002712599,-0.7734375,0.0191650390625,1
4002746959,-0.6796875,-0.095703125,1
4002855601,0.71875,-0.78125,0
4002961410,-1.421875,-0.0255126953125,1
4002975472,0.3984375,-0.138671875,0
4003061970,-0.875,0.54296875,1
4003187453,-0.419921875,-0.50390625,0
4003192630,-0.453125,-0.5625,2
4003464890,0.361328125,-0.6796875,0
4003493188,-0.7734375,-0.78125,1
4003528784,-0.51171875,-0.4609375,1
4003585133,-0.62890625,-0.5703125,2
4003640073,-0.9453125,-0.98046875,2
4003641301,0.5,-0.12109375,1
4003764783,-0.439453125,-0.79296875,2
4003847029,-0.9453125,-1.21875,0
4003852226,-1.28125,0.78125,1
4003870179,-0.9609375,-0.333984375,1
4004024340,0.07861328125,-0.7421875,2
4004049078,-0.240234375,-0.09375,2
4004077415,-1.0703125,-0.470703125,2
4004085286,-0.419921875,-0.4453125,2
4004090640,0.89453125,0.177734375,0
4004142025,-1.015625,-0.07470703125,1
4004328370,0.06787109375,1.2421875,1
4004396843,-0.84375,-0.8671875,2
4004533732,-1.0546875,0.0361328125,1
4004878626,0.96875,0.33984375,0
4004987712,-0.376953125,-0.875,0
4005045149,-0.84375,-0.84375,2
4005252449,-0.84375,-0.8359375,2
4005256169,-0.53515625,-0.5546875,2
4005272466,-0.80078125,-0.80078125,0
4005355288,-1.1484375,-0.046875,1
4005436126,-0.1982421875,-0.91015625,0
4005468679,-0.1064453125,-0.5703125,0
4005576827,-1.3671875,-1.1484375,0
4005594557,1.25,-1.078125,0
4005699514,-0.9375,-0.875,2
4005773718,-0.279296875,-1.5859375,0
4005802418,0.28125,0.7734375,1
4005807981,0.34375,0.330078125,2
4005892008,1.1171875,1.7578125,1
4006203826,-0.8515625,-0.80078125,2
4006332954,-0.62890625,-0.53125,1
4006346066,-1.2421875,-1.1328125,2
4006442934,-0.75,-0.69921875,2
4006668635,-1.125,-1.0859375,1
4006800035,0.92578125,-1.421875,0
4006820224,0.057373046875,0.04248046875,2
4006990848,-0.1044921875,-2.0625,0
4007023518,-0.36328125,0.88671875,1
4007062657,-0.453125,-0.373046875,0
4007075745,1.4921875,0.90625,0
4007178889,-0.45703125,0.310546875,2
4007232805,-0.671875,-0.72265625,2
4007339725,1.171875,0.1904296875,0
4007385592,1.140625,0.9375,0
4007468768,-0.2236328125,-1.484375,0
4007492024,-0.52734375,-0.5625,0
4007499048,-0.91796875,-0.859375,2
4007503917,-0.6484375,-0.439453125,1
4007550214,1.046875,1.3203125,2
4007719626,-0.90234375,-0.69921875,1
4007735149,1.484375,-1.6796875,0
4007787260,-1.203125,0.302734375,1
4007981314,-1.40625,-0.7578125,1
4008003607,-1.84375,0.60546875,1
4008034811,1.9296875,1.9296875,2
4008049965,-0.478515625,-0.54296875,2
4008087677,-0.84375,-0.859375,2
4008175429,-1.234375,-0.419921875,1
4008175949,-0.80859375,-0.80859375,1
4008212089,-0.3046875,0.6953125,2
4008218131,-0.9453125,-0.60546875,2
4008378539,2.03125,1.640625,0
4008413081,-1.2421875,2.546875,1
4008679042,-0.96875,-0.96875,0
4008723344,0.62890625,-1.4921875,0
4008727757,-0.7734375,0.61328125,1
4008818765,-1.3984375,0.486328125,1
4008825945,-1.2578125,0.228515625,1
4008879913,-0.7734375,-0.2060546875,1
4008893503,-0.2236328125,0.4609375,2
4008896378,-0.0106201171875,0.021240234375,0
4008960266,-0.6796875,-0.6875,2
4009024859,1.0390625,1.4609375,1
4009085793,-0.265625,0.54296875,1
4009253819,2.359375,-1.3671875,0
4009262990,-0.453125,-0.49609375,1
4009315793,-0.3515625,-0.50390625,2
4009594178,-0.54296875,-0.62109375,0
4009699348,0.2255859375,0.140625,0
4009727518,1.1484375,2.34375,1
4009780989,-0.859375,-0.8671875,2
4009783042,0.014892578125,-0.671875,0
4009800075,-0.73046875,0.061767578125,2
4009851342,-0.283203125,-0.8359375,0
4009851880,0.96875,-0.171875,0
4009893826,-0.54296875,-0.71484375,0
4009973007,1.0078125,1.078125,1
4010083959,-1.234375,-1.1015625,1
4010232094,-0.80859375,-0.70703125,1
4010267685,1.2578125,1.2734375,2
4010298246,-0.5390625,-0.5546875,2
4010450665,1.9140625,-1.453125,0
4010557691,-0.2236328125,0.234375,1
4010594889,-0.9609375,-0.9453125,0
4010613621,1.96875,1.6875,0
4010631296,-1.5390625,0.9453125,1
4010663177,-0.53515625,-0.92578125,0
4010878028,-0.1806640625,-1.125,0
4010946242,0.251953125,-0.96875,0
4011111059,1.5625,1.71875,1
4011115811,-0.79296875,1.3046875,1
4011168801,-1.4140625,-0.236328125,1
4011184932,-0.71484375,-0.84375,0
4011447475,-0.63671875,-0.7421875,2
4011531113,-1.1640625,-0.578125,1
4011730578,-0.73046875,-0.7421875,2
4011773200,-0.81640625,-0.80859375,2
4011773717,-1.3046875,-0.6484375,1
4011961784,-0.0703125,0.578125,1
4012187058,-0.2060546875,-0.1044921875,0
4012279407,-0.80078125,-0.80078125,2
4012297893,0.9375,-1.046875,0
4012344998,0.09375,-0.061767578125,2
4012398100,-0.40625,-0.07666015625,1
4012446560,0.4921875,2.125,1
4012591092,-1.21875,2.53125,1
4012622545,2.03125,0.038330078125,0
4012657541,-0.84375,-0.7734375,1
4012673950,-0.8671875,-0.8671875,2
4012758407,-0.80859375,-0.80078125,2
4012769267,-0.7421875,-0.99609375,0
4012902005,-1.453125,-1.84375,0
4012979469,-0.859375,-0.859375,2
4013130581,-0.70703125,-0.72265625,2
4013209546,-0.1806640625,-0.30078125,0
4013251001,-0.8515625,-0.875,2
4013470565,-0.7578125,0.1796875,1
4013496082,-0.875,-0.88671875,1
4013514821,-0.07470703125,-0.5703125,0
4013563204,-1.0234375,-0.8671875,1
4013752355,-0.859375,-0.859375,2
4013797416,0.2451171875,0.16796875,2
4013887601,-0.65625,-0.25390625,1
4013932298,-0.54296875,-0.51171875,2
4013962283,-0.466796875,-0.4453125,1
4014105111,-0.146484375,-1.4921875,0
4014219776,-0.91796875,-0.89453125,0
4014303892,-0.40234375,-1.4140625,0
4014312207,1.9921875,-1.046875,0
4014316347,-0.671875,-0.70703125,2
4014391119,-0.061767578125,-0.84375,0
4014425653,2.875,0.29296875,0
4014498943,-0.423828125,-0.71484375,1
4014554115,-0.62109375,-0.6875,2
4014630119,0.384765625,-1.0859375,0
4014677265,-0.72265625,-0.78125,2
4014722691,1.8671875,1.8671875,2
4014785240,-0.419921875,-0.62890625,2
4014875999,-0.49609375,-0.26953125,1
4015003223,0.0191650390625,2.046875,1
4015028684,-0.466796875,-1.234375,0
4015063875,-0.80859375,-0.81640625,2
4015119819,-0.7421875,-0.98828125,0
4015141681,-1.2734375,-1.3671875,2
4015225805,-1.4609375,-1.484375,2
4015239339,-1.9453125,2.125,1
4015249480,-0.7734375,-0.6796875,1
4015348406,-0.07470703125,-0.7578125,0
4015406609,-1.4375,-1.4375,1
4015491904,1.1171875,-0.44921875,0
4015552582,-0.0810546875,0.5234375,1
4015598659,0.375,-0.31640625,0
4015636736,-0.294921875,-1.625,0
4015660924,-0.89453125,-0.50390625,1
4015710648,-1.0546875,1.296875,1
4015718485,0.021240234375,0.6796875,1
4015725594,0.5390625,-1.15625,0
4015824844,0.6953125,-1.34375,0
4015830479,-1.1640625,-1.4453125,0
4015878960,-0.2021484375,-0.482421875,0
4015912363,1.34375,0.3203125,0
4016009979,0.61328125,0.91015625,1
4016133108,-1.140625,-0.8359375,1
4016159538,-0.279296875,-0.6796875,0
4016219044,-0.73046875,-0.7578125,2
4016236749,-0.70703125,-0.78125,0
4016248861,1.0390625,-1.1171875,0
4016417702,-0.79296875,-0.79296875,2
4016443948,0.953125,0.171875,0
4016447995,-0.8515625,-0.31640625,2
4016448592,-0.72265625,-0.7734375,2
4016670916,0.49609375,-0.7578125,0
4016693631,-1.6484375,-0.59765625,1
4016731540,-1.015625,-0.578125,2
4016838048,-0.171875,-0.1064453125,2
4016851112,-0.0810546875,0.09130859375,2
4016853978,-0.875,-0.875,2
4016974857,-0.81640625,-0.79296875,2
4017018701,-0.859375,-1.1328125,0
4017085499,-0.7421875,-1.2265625,0
4017092489,-1.171875,-0.35546875,1
4017096085,-1.625,-1.9140625,0
4017232365,-0.60546875,-0.048828125,1
4017239892,-0.578125,0.75,0
4017248815,-1.3671875,-1.140625,2
4017281056,-0.80859375,-0.82421875,2
4017374629,-1.15625,-0.79296875,1
4017400010,1.59375,1.359375,2
4017605730,-0.7421875,-0.7734375,2
4017634675,0.2451171875,1.3203125,1
4017723252,-1.78125,-1.828125,0
4017763487,-0.4609375,0.2109375,1
4017787669,-0.765625,-0.7734375,2
4017811696,1.5234375,1.265625,0
4017886266,-1.7265625,0.208984375,1
4017902155,-0.60546875,-0.5703125,2
4017917269,0.462890625,0.52734375,2
4017971385,-0.2578125,-1.0390625,0
4017994468,1.21875,0.5078125,0
4018033084,1.6484375,-1.1328125,0
4018093826,-0.80078125,-0.81640625,2
4018241837,-1.1640625,0.208984375,1
4018342662,-0.0106201171875,-0.2314453125,2
4018690722,0.72265625,0.57421875,2
4018977601,-0.81640625,-0.80078125,1
4019012785,1.3125,-0.1337890625,0
4019101855,-0.11083984375,-0.0234375,2
4019103307,-0.5859375,-0.53515625,2
4019176938,-1.140625,-1.21875,2
4019311167,-1.1328125,-0.427734375,1
4019318365,-0.859375,-0.859375,2
4019437410,-1.6328125,-1.4921875,1
4019467778,-1.0625,1.28125,1
4019483640,0.9453125,-0.80859375,0
4019488000,-1.7109375,-1.703125,2
4019522693,-1.6171875,-1.5234375,1
4019531249,0.52734375,-0.6484375,0
4019579001,0.146484375,-1.8125,0
4019633666,0.306640625,-0.2109375,1
4019682186,-0.265625,0.6640625,1
4020067556,-1.0078125,-0.90234375,1
4020098776,-0.88671875,-0.91015625,2
4020176547,-0.99609375,-0.8515625,1
4020295879,-0.4140625,-0.4140625,2
4020325248,-0.31640625,-0.287109375,2
4020401080,-0.80859375,-0.81640625,2
4020450965,-0.466796875,-0.057373046875,1
4020459961,-0.330078125,-1.4140625,0
4020460520,-0.7734375,0.0361328125,1
4020469098,0.384765625,1.625,1
4020518018,-0.91015625,-0.435546875,1
4020564669,-1.28125,-0.81640625,2
4020622060,-0.91796875,-0.7578125,1
4020733595,-0.62109375,-0.59765625,1
4020874722,-1.3984375,0.23828125,1
4021054230,-1.421875,0.60546875,1
4021106162,-0.6875,0.283203125,1
4021149554,0.3203125,0.23046875,0
4021191436,-0.16796875,-0.5546875,0
4021307945,-0.9453125,-0.91015625,0
4021310047,2.78125,0.1953125,0
4021320326,-0.71484375,-0.71484375,2
4021321623,-0.671875,-0.6875,2
4021372385,0.166015625,2.359375,1
4021404739,-1.1171875,-0.1982421875,1
4021614693,0.91796875,-1.109375,0
4021704239,-1.28125,-1.21875,1
4021767421,-0.044677734375,-0.478515625,0
4021806364,-0.60546875,-1.5390625,0
4022194358,1.46875,-0.59765625,0
4022260863,0.061767578125,0.0255126953125,1
4022342052,1.4375,1.8671875,1
4022548344,0.2431640625,-0.30078125,0
4022629933,0.98828125,0.1318359375,0
4022717901,-0.79296875,-0.82421875,1
4022822111,-0.78125,-0.75,2
4022943638,-1.65625,0.486328125,1
4022979802,0.71484375,0.34375,2
4022989820,-0.65625,-0.2109375,2
4023242890,-1.359375,-0.50390625,1
4023251369,-0.8359375,-0.8515625,2
4023340550,1.6328125,1.046875,2
4023729341,-1.0078125,0.6875,1
4023741540,-0.99609375,0.60546875,1
4023755124,-0.330078125,1.65625,1
4023760894,0.609375,0.1953125,0
4023763904,-1.1640625,-1.28125,0
4023937558,0.62109375,-0.419921875,0
4023940727,-1.1171875,-1.0703125,2
4023978273,0.2421875,-0.5390625,0
4024056014,-0.765625,-0.7578125,2
4024097265,-0.4921875,-0.5859375,2
4024108785,-0.5546875,0.07666015625,1
4024154027,-0.031982421875,-0.2314453125,0
4024195991,-0.240234375,0.310546875,1
4024237410,-0.84375,-1.9140625,0
4024341376,-0.376953125,-1.1171875,0
4024341692,-0.9609375,-0.9453125,2
4024372711,-0.82421875,-0.859375,2
4024490030,2.015625,1.328125,0
4024571839,-0.7734375,-0.875,0
4024613330,-0.7421875,0.2275390625,1
4024697011,-1.640625,0.1318359375,1
4024724414,0.431640625,0.2275390625,0
4024774632,1.3671875,-0.96875,0
4024807200,-1.203125,-0.26171875,1
4024864786,0.8515625,-0.81640625,0
4024881409,0.73046875,-0.96875,0
4024915844,0.05322265625,-0.78125,0
4024917088,2.109375,2.078125,2
4024971578,-0.80859375,-0.470703125,1
4024996249,-0.72265625,-0.62890625,0
4025045873,-0.578125,-0.6875,0
4025139490,-0.8515625,-0.431640625,1
4025158881,-0.79296875,-0.7734375,1
4025289693,-0.78125,-0.7734375,2
4025326741,0.953125,1.125,1
4025338122,-0.78125,-0.78125,2
4025386765,-0.80859375,-0.7578125,1
4025550374,-0.82421875,-0.7421875,2
4025690192,-0.5625,-0.5703125,2
4025748760,0.47265625,0.875,2
4025769759,-1.3046875,-1.28125,2
4025801894,0.1826171875,0.294921875,1
4025864970,-0.953125,-1.0703125,2
4025912894,-1.21875,-1.8828125,0
4025927066,-0.5390625,-0.5546875,2
4025943309,-0.1171875,1.171875,1
4026215365,-0.80859375,-0.65625,1
4026281212,-0.62890625,-1.1796875,2
4026306087,-0.82421875,-0.80859375,2
4026357172,0.021240234375,0.396484375,1
4026361783,1.6015625,-1.46875,0
4026531671,-0.1982421875,-0.26953125,2
4026542400,-0.8359375,-0.8515625,2
4026585193,-0.4921875,-0.482421875,2
4026686601,-0.41015625,-0.98046875,0
4026779554,-1.2109375,1.5390625,1
4026808802,-0.419921875,-1.6484375,0
4026988128,0.71484375,0.515625,2
4027053701,-1.234375,-1.4453125,1
4027134404,-1.59375,-0.08740234375,1
4027248348,-0.26171875,-0.671875,2
4027366976,-0.8515625,-0.7421875,1
4027400670,-0.294921875,-1.0546875,2
4027462640,-0.1806640625,-0.5390625,0
4027513727,2.296875,-1.484375,0
4027563085,-0.59765625,2.0,1
4027592933,-1.3203125,1.2109375,1
4027704531,-1.203125,-0.8359375,1
4027719926,-0.71484375,-0.7421875,2
4027737883,-0.859375,-0.84375,0
4027748155,-0.142578125,0.60546875,1
4027810214,-0.72265625,0.37109375,1
4028034456,-0.9609375,1.0625,1
4028194012,-1.2421875,0.396484375,1
4028248955,-0.99609375,-1.0234375,0
4028334587,1.671875,-0.79296875,0
4028376357,0.515625,-0.3046875,0
4028412225,0.609375,-0.0021209716796875,0
4028481835,-1.03125,0.18359375,1
4028539127,-0.8515625,-0.8515625,2
4028540971,-1.3359375,-1.3125,2
4028554838,-0.92578125,-1.28125,0
4028619202,-1.015625,-1.0546875,2
4028631814,1.015625,1.0703125,0
4028748234,0.671875,1.796875,1
4028959811,-0.5703125,1.1796875,1
4028972966,1.3203125,-0.34765625,0
4029017906,-1.140625,-0.341796875,1
4029024774,-0.78125,-0.1171875,1
4029062077,0.57421875,-0.4140625,0
4029064209,-1.0625,0.0849609375,1
4029307024,-0.84375,-0.80859375,2
4029366729,-0.014892578125,-1.21875,0
4029464228,-0.8515625,-0.45703125,1
4029658139,-1.4921875,-0.7421875,1
4029698906,0.79296875,-0.138671875,0
4029743570,0.27734375,-1.234375,0
4029890776,-1.1328125,0.5546875,1
4029961621,-0.875,2.546875,1
4030058169,-0.39453125,-1.1796875,0
4030075439,-0.2490234375,0.06591796875,1
4030282971,-0.5703125,-1.0234375,0
4030318643,0.447265625,-1.234375,0
4030332498,-1.65625,-1.265625,1
4030361188,-0.73046875,-0.486328125,0
4030388553,-0.62109375,1.609375,1
4030396756,0.54296875,-1.390625,0
4030406118,-1.28125,-0.54296875,1
4030417457,-0.671875,-0.70703125,2
4030425181,-1.4296875,-0.12109375,1
4030457696,0.7734375,0.0361328125,0
4030526497,-0.7421875,-0.61328125,1
4030579381,-1.3984375,-1.0703125,2
4030597862,-0.65625,-1.2109375,0
4030688076,-0.80859375,-1.2421875,0
4030745270,-1.0625,0.56640625,1
4030863991,-0.341796875,-0.359375,2
4030864886,-1.796875,-1.8984375,0
4031012388,-0.8671875,-0.8671875,2
4031110408,1.296875,1.640625,0
4031124548,0.2451171875,2.453125,1
4031409491,-0.65625,0.048828125,1
4031410331,-0.30078125,-0.72265625,0
4031412216,-0.6875,-0.51171875,1
4031581584,-0.953125,-0.9453125,1
4031624262,-1.84375,1.84375,1
4031638883,-1.7421875,2.078125,1
4031663832,-0.9609375,-0.21484375,1
4031710026,0.8671875,-1.1953125,0
4031839669,-0.62109375,-0.53515625,1
4031875701,-0.84375,-0.84375,2
4031920788,-0.5703125,-0.474609375,1
4031956754,-0.00848388671875,-1.71875,0
4032119842,-0.359375,-0.34765625,2
4032199532,-0.8671875,-0.84375,2
4032277381,-0.89453125,0.177734375,1
4032308884,-0.81640625,0.06591796875,1
4032338330,-1.25,-0.79296875,1
4032390084,-0.89453125,-0.875,0
4032443830,0.349609375,-0.34765625,0
4032450293,-0.81640625,-0.80859375,1
4032660161,0.5859375,-0.578125,0
4032671083,2.9375,3.109375,0
4032675014,-1.3046875,0.251953125,1
4032700662,-1.7265625,1.078125,1
4032872008,-0.78125,-0.095703125,1
4032881709,-0.671875,-1.0390625,2
4033013357,-0.6484375,-0.5546875,1
4033037614,1.4296875,0.875,2
4033197234,0.1064453125,0.038330078125,1
4033334160,-0.8515625,-0.88671875,2
4033427755,0.3359375,1.0859375,0
4033436124,2.265625,2.8125,1
4033630453,0.0169677734375,0.1513671875,2
4033773005,-1.1796875,-1.3359375,0
4034212441,-0.2021484375,-0.63671875,0
4034388587,-1.03125,-0.09130859375,1
4034641889,-0.89453125,-0.80078125,0
4034864381,-0.80078125,-0.2314453125,1
4035086022,-0.431640625,1.84375,1
4035202742,-0.80859375,-1.40625,0
4035218664,1.34375,-0.326171875,0
4035236076,-0.80859375,-1.28125,0
4035305068,0.92578125,-0.3671875,0
4035465604,-0.8515625,-0.62890625,2
4035474230,0.014892578125,-1.9140625,0
4035494350,0.306640625,-0.80078125,0
4035714797,-0.88671875,-0.875,2
4035783812,-0.0255126953125,0.98828125,2
4035830377,-0.82421875,-0.859375,2
4035872072,-0.79296875,-0.8515625,2
4035954597,-0.337890625,-0.330078125,2
4035957379,1.4375,-0.0810546875,0
4035999133,-0.7734375,-0.82421875,2
4036073207,-0.7734375,-0.16796875,1
4036240631,-0.79296875,-0.78125,2
4036539444,-0.8515625,1.8046875,1
4036605122,-0.70703125,-0.71484375,2
4036653586,-0.189453125,-0.1982421875,1
4036770933,-0.5859375,-0.62109375,2
4036839940,-0.859375,-0.8359375,2
4036862906,0.1259765625,-1.5078125,2
4036996259,-0.16796875,-1.046875,0
4037165975,-1.5,0.10205078125,1
4037248871,-0.146484375,-0.3203125,1
4037310255,0.81640625,-1.1640625,0
4037326245,-1.7578125,-0.138671875,1
4037337112,-0.98046875,-0.3984375,1
4037348203,-0.4140625,0.349609375,1
4037351516,1.34375,-0.072265625,0
4037367727,-0.65625,-0.671875,2
4037414914,-0.0234375,0.044677734375,2
4037472079,-0.62109375,-0.59765625,2
4037510503,-0.419921875,-0.380859375,0
4037512865,-0.5859375,-1.0625,0
4037514923,-1.5078125,-1.21875,0
4037720854,1.0625,-0.439453125,0
4037771306,-1.3359375,0.1513671875,1
4037796431,-0.31640625,-0.3515625,1
4037821596,-0.474609375,-1.1484375,0
4037838768,-1.2734375,-1.25,2
4037854465,0.02978515625,1.5625,1
4037896784,1.46875,1.5,2
4037956605,-1.5546875,-1.0390625,1
4038071414,-0.84375,-0.859375,2
4038129922,-0.71484375,-0.80859375,2
4038205525,2.296875,0.7578125,0
4038232582,0.255859375,1.2578125,1
4038403069,-1.0546875,1.1953125,1
4038542157,-1.84375,0.875,1
4038698837,-1.5078125,-0.291015625,1
4038814053,-0.5625,-0.6875,0
4038996585,1.1484375,-0.055419921875,1
4039023591,-0.80078125,-0.79296875,2
4039037544,-0.99609375,-1.046875,0
4039097308,-0.2490234375,0.80078125,1
4039157492,-1.03125,-0.578125,1
4039352019,-0.30078125,-0.515625,2
4039389316,-0.71484375,-0.70703125,2
4039433387,-1.203125,-0.91796875,2
4039589152,-0.0810546875,-0.333984375,0
4039606892,-0.4921875,-0.427734375,2
4039622179,-0.79296875,-0.6484375,1
4039764984,-0.80859375,-0.875,0
4039797566,-0.40234375,-0.453125,0
4039889294,0.275390625,-0.3125,1
4039932605,-0.5390625,-0.376953125,0
4039958432,-0.79296875,-0.79296875,2
4040011663,-0.5703125,-0.5078125,1
4040034207,1.8359375,-1.3671875,0
4040098191,-0.91015625,-0.90234375,2
4040142607,2.265625,-0.185546875,0
4040232529,-0.283203125,-0.014892578125,1
4040237800,2.0625,0.81640625,0
4040265181,1.46875,-1.1328125,0
4040265713,-0.859375,-0.8671875,2
4040442048,-0.81640625,-0.49609375,0
4040574899,-1.28125,-1.1171875,1
4040576313,-0.859375,-0.90234375,2
4040627823,-0.60546875,-0.59765625,2
4040697626,-0.7734375,-0.7734375,2
4040852986,-1.015625,1.1171875,1
4040887697,0.07470703125,0.470703125,1
4040895591,0.75,-0.5625,0
4041124492,0.031982421875,0.142578125,2
4041140657,-0.4453125,-0.435546875,0
4041145397,-0.78125,-0.7578125,2
4041154848,-0.953125,-0.326171875,1
4041185419,-0.79296875,-0.79296875,2
4041236291,-0.63671875,-0.65625,2
4041315135,-1.4921875,-1.4296875,2
4041395609,-1.34375,-1.46875,2
4041396983,-0.2109375,1.2421875,1
4041430665,-0.419921875,1.0078125,1
4041523237,-0.80859375,-0.75,2
4041561419,-1.359375,-1.3984375,2
4041767324,-0.11279296875,-0.1044921875,0
4041802842,0.6640625,0.470703125,2
4041814344,-0.6484375,-0.7421875,0
4041819482,0.291015625,0.28125,1
4041828630,-0.88671875,-0.82421875,2
4041977436,-0.88671875,-0.80859375,2
4041986216,-0.7421875,1.0703125,1
4042048905,-0.0255126953125,-1.7265625,0
4042303215,-0.193359375,0.006378173828125,1
4042362085,-0.478515625,-0.53125,2
4042415580,-1.53125,-1.3515625,2
4042492519,-0.80078125,-0.80859375,2
4042569872,0.859375,1.9609375,1
4042573683,-0.70703125,-0.6875,2
4042591504,-0.80859375,-0.80859375,2
4042687081,-0.185546875,-0.49609375,0
4042796973,-0.65625,0.43359375,1
4042871858,-0.5625,1.59375,1
4042976296,-0.80859375,1.15625,1
4043057480,1.2109375,-1.3359375,0
4043308662,1.671875,-0.16796875,0
4043341650,-0.6875,-0.82421875,0
4043432553,-0.84375,-0.84375,2
4043530256,-0.7578125,-0.80078125,0
4043553788,-1.625,2.609375,1
4043563905,-1.0078125,-0.10009765625,1
4043641914,-1.1328125,-1.1171875,0
4043725627,-1.1015625,-0.138671875,1
4043756146,-1.703125,2.53125,1
4043811582,0.52734375,-0.41015625,0
4043814928,0.99609375,-1.640625,0
4043855521,-0.5703125,0.96484375,1
4043893939,0.494140625,0.494140625,2
4043914898,-0.0277099609375,-0.0703125,0
4043916584,1.109375,-0.81640625,0
4043963436,-1.53125,-0.1591796875,1
4043979272,-0.7734375,-0.72265625,2
4044100027,1.875,-0.40625,0
4044304990,-0.91796875,-0.80859375,2
4044358946,-1.7421875,0.515625,1
4044366093,0.5703125,-1.0625,0
4044402455,-0.376953125,0.71484375,1
4044415496,2.53125,-1.3203125,0
4044433720,-0.08740234375,-0.89453125,0
4044446007,0.9609375,-0.61328125,0
4044500451,-0.5625,-0.482421875,1
4044549037,-1.2421875,-0.2490234375,1
4044607359,2.265625,0.2021484375,0
4044771762,-0.91015625,-0.91796875,2
4044795105,0.2392578125,-0.40234375,0
4044854606,1.4140625,-0.1552734375,0
4044965592,-0.8671875,-0.91796875,2
4045059583,1.5859375,-0.98046875,0
4045120520,-0.373046875,-0.373046875,2
4045170499,-0.79296875,-0.84375,2
4045179456,-0.82421875,-0.80859375,2
4045200368,-1.2421875,-0.04052734375,1
4045247242,-0.6484375,-0.63671875,2
4045273718,-0.39453125,2.109375,1
4045282563,1.5078125,-1.84375,0
4045386444,-1.140625,0.765625,1
4045543655,0.5859375,1.203125,1
4045548167,1.578125,-0.004241943359375,0
4045609987,-0.9609375,-0.63671875,1
4045668856,-1.28125,-1.265625,2
4045880660,-1.0234375,-0.98828125,2
4046037320,-0.72265625,-1.5078125,0
4046213780,-0.5546875,-0.60546875,2
4046303274,-0.326171875,0.41796875,1
4046343687,-0.71484375,-0.73046875,2
4046356889,-0.7421875,-0.5390625,1
4046380392,0.4296875,0.400390625,2
4046405804,-1.4453125,-1.453125,2
4046460269,-1.421875,0.046875,1
4046522289,-0.51171875,-0.91015625,0
4046527902,0.048828125,-1.046875,0
4046788336,0.56640625,0.375,0
4046891963,0.66796875,-1.234375,0
4046915852,-1.140625,-1.40625,2
4046946008,-0.3203125,-0.5390625,0
4047203188,2.140625,-1.21875,0
4047310096,0.07666015625,0.80859375,2
4047381155,0.328125,-0.014892578125,0
4047417165,-1.1484375,-1.0078125,1
4047558886,0.69921875,0.466796875,2
4047574803,-0.427734375,-0.62109375,2
4047655767,-1.40625,0.044677734375,1
4047726749,-0.65625,-0.671875,2
4047759157,-0.578125,-0.6875,2
4047792589,0.1044921875,0.1533203125,0
4047907447,-0.2236328125,-0.91796875,0
4047933439,-0.6875,-0.69921875,2
4047985431,-0.79296875,-1.25,0
4048018319,-1.59375,-0.51171875,1
4048193911,0.1298828125,0.1298828125,2
4048233779,-1.1484375,-0.91796875,0
4048240841,-1.5390625,0.390625,1
4048461804,-0.09130859375,2.09375,1
4048515968,-0.3984375,-0.5546875,2
4048519243,-0.330078125,-0.91796875,0
4048538949,0.45703125,0.365234375,2
4048607986,2.140625,-1.453125,0
4048682603,-1.4296875,-1.21875,2
4048739775,2.078125,2.109375,2
4048768709,-0.82421875,-0.80078125,2
4048769350,2.140625,-1.7421875,0
4048845646,-0.65625,-0.578125,1
4048981921,-0.3515625,-0.3984375,2
4048986281,-1.046875,-0.07861328125,1
4049161728,-0.142578125,-0.185546875,0
4049178333,-0.6796875,-0.69921875,0
4049361187,-0.84375,-0.2236328125,1
4049731998,-0.96875,0.47265625,1
4049828196,-0.388671875,-0.3125,2
4050059646,0.55859375,-1.515625,0
4050061319,0.119140625,-0.08935546875,0
4050068177,-0.8359375,-0.81640625,2
4050137843,-1.1796875,-1.015625,1
4050178287,-1.328125,0.1171875,1
4050184875,1.984375,-0.1982421875,0
4050344002,0.2177734375,-1.84375,0
4050433326,-0.875,-0.9375,2
4050469206,-0.337890625,-0.431640625,2
4050474617,-0.044677734375,-0.53125,0
4050512472,-0.73046875,-0.73046875,2
4050521717,-0.671875,-0.875,0
4050666589,-0.671875,-1.1328125,0
4050835277,-0.3671875,-0.53515625,0
4050835697,0.474609375,-1.03125,0
4051013480,-0.80078125,-0.8359375,2
4051143214,-0.046875,-0.98828125,0
4051224269,-0.7421875,-0.69921875,2
4051272853,0.482421875,-1.796875,0
4051273578,-0.8515625,-0.80859375,2
4051295897,-0.1982421875,0.0234375,1
4051336090,1.1484375,-1.0546875,0
4051351230,-0.4140625,-1.3671875,0
4051387333,-0.90234375,-0.0361328125,1
4051474676,-0.578125,-0.88671875,0
4051511627,-0.65625,-0.482421875,2
4051591662,-1.4375,-1.3671875,1
4051687690,-0.80859375,-0.80078125,2
4051756036,-0.99609375,-0.6875,2
4051770283,-0.7734375,-0.7578125,2
4051863306,-0.26953125,-0.62109375,2
4051914203,-0.1591796875,-0.9453125,0
4051974491,-1.6484375,1.515625,1
4052060304,-1.421875,-0.474609375,1
4052129507,-0.038330078125,0.455078125,2
4052351480,-0.41015625,-0.26171875,1
4052401770,-0.5546875,-0.61328125,2
4052479220,-0.98046875,-0.98046875,0
4052483883,-1.046875,-0.031982421875,1
4052496374,-0.5703125,0.765625,1
4052505155,-0.5078125,-0.359375,1
4052506220,-1.1640625,1.0390625,1
4052512507,-0.71484375,-0.81640625,0
4052570912,-0.5546875,-0.5390625,2
4052820478,0.1533203125,0.048828125,1
4052995312,-0.16796875,-0.330078125,0
4053039316,-1.1171875,-0.5,1
4053137844,0.8671875,-0.7421875,0
4053174311,0.35546875,0.427734375,2
4053213331,0.451171875,1.2734375,1
4053234109,-0.1337890625,-1.0546875,0
4053274200,-0.1044921875,-0.4609375,0
4053344098,-0.71484375,-0.70703125,2
4053421986,0.11474609375,-0.8359375,0
4053465269,1.890625,1.78125,2
4053489776,-1.140625,-0.62109375,1
4053508717,-0.59765625,-1.4375,0
4053620078,-0.8671875,-0.79296875,2
4053718229,1.125,0.30859375,0
4053754921,-1.6171875,0.60546875,1
4053765656,-1.140625,-1.453125,2
4053788084,0.6015625,0.6328125,1
4053798785,-0.142578125,1.609375,1
4053803884,0.43359375,-0.21875,0
4053827366,-0.82421875,-0.8359375,2
4054067019,-0.75,-0.79296875,2
4054127885,-0.8359375,-0.8359375,2
4054186639,-1.1640625,-0.2275390625,1
4054528390,-1.1484375,-0.5625,1
4054598029,-0.265625,-0.359375,1
4054987426,-0.80859375,-0.73046875,1
4055019143,-0.1259765625,-0.08740234375,1
4055024634,-1.25,-1.203125,2
4055034459,-0.6796875,-0.7421875,1
4055046483,-0.71484375,-0.73046875,2
4055091140,2.21875,-1.453125,0
4055094999,-0.80859375,0.96875,1
4055103591,-0.9453125,-1.1171875,2
4055153883,0.6171875,0.953125,2
4055368131,-1.1796875,1.40625,1
4055439633,0.427734375,0.7265625,0
4055451894,-1.8125,0.006378173828125,1
4055792717,-0.65625,-0.79296875,1
4055929525,-0.63671875,-0.62109375,2
4055948609,-0.84375,-0.953125,1
4055993547,-0.80859375,-0.80859375,2
4056209120,-1.375,1.3203125,1
4056233941,-0.73046875,-1.28125,0
4056235366,-0.07470703125,-0.0830078125,0
4056818558,0.216796875,-1.7109375,0
4056822588,-0.7421875,-0.73046875,2
4056837920,-0.2451171875,-0.79296875,2
4057036105,-0.92578125,-0.9375,2
4057101709,0.81640625,0.1923828125,0
4057168440,1.4296875,-0.1982421875,0
4057316162,0.6875,0.4453125,0
4057323709,-1.0625,-1.171875,0
4057381636,-1.3359375,1.6796875,1
4057409591,-0.62109375,-0.578125,2
4057409656,-0.21484375,-0.7578125,0
4057421976,-0.79296875,0.240234375,1
4057457413,-0.279296875,-0.98046875,0
4057464953,-0.2236328125,-0.427734375,0
4057537896,-0.89453125,-0.875,2
4057549293,-0.142578125,0.11279296875,1
4057605417,-0.486328125,-1.6953125,0
4057607946,-0.7421875,-0.7421875,1
4057675455,-0.2060546875,0.01275634765625,2
4057799304,-0.138671875,0.051025390625,2
4057834944,-1.7109375,0.044677734375,1
4057872650,1.609375,-1.40625,0
4058056382,-0.98046875,-0.5546875,1
4058180980,0.2177734375,0.265625,2
4058351985,-0.53125,-0.53125,2
4058368941,-1.125,1.125,1
4058502059,-0.40234375,-0.11279296875,2
4058593594,-1.171875,-1.015625,1
4058634282,-0.80859375,-0.80859375,2
4058763114,0.1748046875,-0.7578125,0
4059060632,0.2109375,-0.41015625,0
4059079489,1.3984375,-0.1767578125,0
4059085234,-0.859375,-1.03125,0
4059098498,-0.92578125,-0.72265625,1
4059145203,-0.240234375,-1.71875,0
4059162348,0.953125,-1.6875,0
4059291501,-0.25390625,0.2890625,1
4059350452,1.421875,1.328125,0
4059421911,-0.06591796875,-0.12109375,2
4059485874,-1.34375,-0.53125,1
4059528552,0.625,0.859375,1
4059672628,-1.03125,0.04052734375,1
4059688838,-0.70703125,-0.6875,2
4059719747,0.0703125,0.390625,2
4059781493,-0.70703125,-0.70703125,2
4060086226,-1.0625,-1.125,2
4060273501,-1.1015625,0.427734375,1
4060365805,-0.54296875,-1.03125,0
4060437195,0.09130859375,0.33984375,1
4060584450,-0.326171875,-0.5546875,0
4060612801,-0.91796875,-1.0234375,2
4060843990,-0.07666015625,0.470703125,1
4060869737,0.004241943359375,-1.28125,0
4060881132,-1.5859375,2.484375,1
4060895689,-1.3359375,-1.046875,1
4061057284,0.625,-0.30078125,0
4061113429,2.484375,0.0810546875,0
4061186081,-0.8359375,-0.84375,2
4061196990,-0.63671875,-0.75,2
4061197664,0.0830078125,-0.16796875,0
4061215531,-0.80859375,-0.80859375,2
4061215878,-1.4296875,-1.3984375,2
4061250274,2.0,-1.59375,0
4061254967,-0.82421875,-0.81640625,2
4061306673,-0.765625,0.490234375,1
4061397569,-0.765625,-1.5546875,0
4061494428,-1.625,1.296875,1
4061544551,0.1787109375,0.236328125,2
4061569249,-0.6484375,-0.79296875,0
4061822979,-0.6875,-0.65625,2
4061955800,-1.84375,-1.8828125,0
4061971615,2.125,2.09375,2
4062081712,-0.89453125,-0.2060546875,1
4062094580,-0.90234375,-0.8359375,1
4062341948,1.125,1.40625,1
4062605905,-0.8671875,-0.82421875,2
4062610043,-0.287109375,1.328125,1
4062867867,-1.1796875,-0.05322265625,1
4062915826,-0.051025390625,-0.1552734375,2
4063042700,-1.3046875,-0.072265625,1
4063049298,-0.70703125,-0.69921875,0
4063054660,-0.5546875,-0.5390625,0
4063173127,-0.8515625,-0.80859375,1
4063211447,-0.8515625,-0.7421875,1
4063391506,-0.5859375,0.35546875,1
4063440163,-1.6796875,-1.5078125,1
4063536986,-1.046875,-1.109375,2
4063566496,0.2060546875,0.185546875,2
4063596813,-1.1484375,0.1357421875,1
4063666428,-0.84375,-0.5546875,1
4063927795,-0.98046875,-0.81640625,0
4063955308,-0.72265625,-0.7734375,0
4064022794,-0.189453125,-0.240234375,1
4064066664,-0.033935546875,-0.31640625,0
4064153250,2.046875,-0.45703125,0
4064229124,-0.478515625,-0.486328125,2
4064290570,-0.80859375,-0.6484375,1
4064308844,-1.609375,0.37109375,1
4064333383,-0.06787109375,-0.1298828125,2
4064381909,-1.0625,-0.80078125,1
4064452739,-0.61328125,-0.61328125,2
4064505549,-1.1640625,-0.470703125,1
4064542548,-0.4609375,-0.4140625,2
4064600277,-1.03125,1.796875,1
4064626202,-0.91015625,-0.8671875,1
4064809354,-1.578125,0.1552734375,2
4064861548,-0.61328125,-0.5703125,1
4064909021,-0.80078125,-0.80859375,2
4065118456,0.90234375,-0.294921875,0
4065135259,-0.5625,-0.006378173828125,1
4065177322,-0.7421875,-0.82421875,0
4065387649,-0.8671875,-0.72265625,1
4065691466,-1.3203125,-1.0078125,1
4065726967,0.33203125,0.4453125,2
4065825171,0.095703125,-0.4921875,0
4065907330,0.33984375,-1.4453125,0
4065933547,-0.88671875,-0.88671875,2
4065969167,-1.1484375,-1.265625,2
4066025469,-0.72265625,-0.6796875,0
4066102115,-0.8515625,1.8203125,1
4066251065,-1.125,-1.265625,2
4066273229,0.173828125,-0.8671875,0
4066310512,-1.28125,0.72265625,1
4066544432,-0.6640625,-1.25,0
4066623788,0.404296875,0.00848388671875,0
4066664576,-0.51171875,-0.54296875,2
4066676192,1.828125,0.2451171875,0
4066711865,-0.373046875,-0.373046875,2
4066714085,-1.84375,-1.828125,2
4066917963,-1.1015625,-1.2265625,0
4066925330,-0.2451171875,-1.0625,0
4066946516,-0.3515625,-0.65625,0
4066966573,-0.62109375,-0.5546875,2
4066970778,-0.337890625,-1.3671875,0
4067277995,-0.72265625,-0.6875,1
4067435535,0.99609375,2.390625,1
4067497396,-0.337890625,-0.5859375,0
4067564939,0.60546875,0.240234375,0
4067822142,1.4453125,0.91015625,0
4067923097,-0.515625,-0.53515625,2
4067924463,-0.63671875,-0.60546875,2
4067924655,-0.8671875,-0.478515625,1
4067948264,-0.51171875,-0.859375,0
4067951191,-0.82421875,-0.81640625,2
4067980952,-0.0830078125,-0.1044921875,1
4068011808,0.1513671875,1.171875,1
4068048209,-0.09765625,-0.08935546875,1
4068113258,-0.84375,-0.8359375,2
4068133411,1.4375,-0.439453125,0
4068191778,-0.84375,2.203125,1
4068237004,-0.80859375,0.7421875,1
4068318584,-0.8671875,-0.80078125,1
4068382780,-1.796875,-0.6875,1
4068405144,-0.341796875,-0.9453125,0
4068453355,-1.296875,-1.359375,0
4068462598,-0.59765625,-0.859375,0
4068467107,-0.59765625,-0.59765625,2
4068538780,0.455078125,-0.341796875,0
4068615668,-1.3046875,0.82421875,1
4068621652,-0.859375,-0.875,0
4068626656,-0.81640625,-0.81640625,2
4068649282,-1.046875,-0.138671875,1
4068697946,-0.859375,-0.84375,2
4068819961,-0.82421875,-0.84375,2
4069118411,-0.70703125,-0.80859375,2
4069154160,-0.65625,-0.72265625,2
4069259515,-1.8671875,0.9375,1
4069451437,-0.72265625,-0.73046875,2
4069464511,-0.5703125,-0.423828125,1
4069512933,0.91796875,-1.15625,0
4069681727,1.609375,-1.265625,0
4069693724,-1.265625,-1.1953125,2
4069772273,-0.384765625,-0.63671875,1
4069775959,-0.1591796875,-1.1484375,0
4069810402,-0.81640625,-1.578125,0
4069846970,0.455078125,0.361328125,0
4070030042,-0.30078125,-0.70703125,0
4070087005,-0.0277099609375,-0.07470703125,2
4070127844,-0.80859375,-0.80078125,2
4070148345,-0.7734375,-0.7578125,2
4070292061,-0.3671875,-1.0234375,0
4070317979,-0.79296875,-0.8359375,1
4070378210,-0.6875,-0.70703125,2
4070381359,-0.79296875,-0.84375,2
4070389371,-0.875,-1.296875,0
4070397160,-1.1171875,-1.3125,0
4070397178,-0.7421875,-0.72265625,0
4070575319,-0.2109375,-1.4453125,0
4070638075,-0.1767578125,-0.5703125,0
4070660949,-0.81640625,-1.0625,2
4070854847,0.29296875,1.296875,1
4070915413,-0.578125,-0.7734375,0
4070986027,-1.46875,-1.6328125,0
4071104243,-0.765625,-0.7734375,2
4071119475,-0.84375,-0.84375,2
4071131918,-0.69921875,-0.1552734375,1
4071205860,-0.1552734375,-0.1259765625,1
4071302322,0.3203125,-0.62109375,0
4071324754,-1.15625,0.373046875,1
4071354424,-0.9609375,-0.9375,1
4071399303,-1.4375,-1.2265625,2
4071412508,1.578125,0.98046875,0
4071414373,-1.3046875,-1.0703125,1
4071463415,0.07861328125,0.057373046875,0
4071485143,-0.61328125,-0.859375,2
4071564983,0.25,-0.2060546875,0
4071848956,-0.79296875,-0.78125,2
4071858930,1.6875,0.388671875,0
4071963515,0.41015625,-0.875,0
4072063393,-0.65625,-0.62109375,2
4072067885,-0.671875,-0.65625,2
4072120154,-1.5,-1.40625,1
4072215550,-0.78125,-0.78125,2
4072278251,-0.1513671875,-0.50390625,0
4072383551,0.396484375,-1.390625,0
4072399741,0.11474609375,1.8828125,1
4072429268,0.953125,-1.03125,0
4072436549,-0.88671875,-0.84375,2
4072472007,-1.6015625,-1.59375,2
4072472324,-0.90234375,-0.859375,1
4072554069,-0.78125,-0.79296875,2
4073067681,-0.7734375,-0.7578125,2
4073106694,-1.0078125,-1.046875,0
4073120635,0.98046875,-1.0234375,0
4073150371,-1.78125,-1.5234375,2
4073271189,-0.5625,-0.5390625,0
4073321243,-0.5625,-0.63671875,2
4073529170,-1.1953125,1.2421875,1
4073612080,0.6640625,-1.078125,0
4073878241,0.75,0.08935546875,0
4073900039,-0.82421875,-0.8515625,2
4074013397,-1.125,-1.1015625,0
4074145000,-0.4609375,-0.265625,1
4074153625,2.171875,0.80859375,0
4074258871,-0.875,-0.82421875,2
4074418385,0.0,-1.03125,0
4074558345,-0.8515625,-0.82421875,2
4074564166,-0.72265625,-0.80859375,2
4074601120,-0.0703125,-0.8359375,0
4074652656,-1.1796875,-0.80859375,1
4074714225,-0.048828125,0.703125,1
4074834643,-0.69921875,0.49609375,1
4074946800,0.361328125,-0.59765625,0
4074949495,-0.81640625,-0.6875,1
4075061105,-0.9453125,-0.04052734375,1
4075075044,0.859375,-0.6875,0
4075143499,-0.60546875,-1.65625,0
4075232777,-0.62890625,-0.65625,2
4075360414,-1.703125,-1.140625,1
4075426844,-0.40625,-0.453125,2
4075431898,-0.2578125,1.8671875,1
4075466007,-0.8671875,-0.80859375,2
4075592658,0.044677734375,-0.96875,0
4075625241,0.81640625,-0.98046875,0
4075637719,-0.81640625,-0.7421875,1
4075780465,-1.1015625,-1.1328125,1
4075783992,-0.89453125,-1.0546875,0
4075842465,-1.015625,-0.265625,1
4075912059,-1.3515625,1.0390625,1
4075973488,-0.80859375,-0.82421875,2
4076008993,-1.46875,0.294921875,1
4076009104,-0.62109375,-0.62109375,1
4076174668,-0.51171875,0.86328125,1
4076187205,-1.390625,1.3125,1
4076196775,-1.390625,-1.1796875,1
4076256883,-0.81640625,-0.84375,2
4076376295,-0.91015625,-1.203125,2
4076376538,-1.5234375,1.0625,1
4076386318,1.1640625,0.51953125,0
4076577978,-0.99609375,2.125,1
4076601828,-0.478515625,-1.1171875,0
4076618505,0.84375,-0.41015625,0
4076774888,0.474609375,-1.40625,0
4076800112,0.1318359375,-0.3515625,0
4076800711,-0.5390625,-1.3046875,0
4077013702,-0.337890625,-0.294921875,2
4077065687,0.640625,0.6875,0
4077100781,0.5078125,1.265625,1
4077124495,-0.80078125,-0.7734375,2
4077131721,-0.7578125,-0.78125,2
4077185203,-0.84375,-0.82421875,2
4077413874,0.048828125,-0.5390625,0
4077499245,-0.39453125,-0.60546875,0
4077499967,1.53125,0.1572265625,0
4077678318,-0.82421875,2.015625,1
4077714913,-1.5234375,-0.380859375,1
4077730080,-0.388671875,1.15625,1
4077739421,-0.7421875,-0.5625,1
4077762699,-0.185546875,-0.80859375,2
4077821307,-0.72265625,-0.70703125,2
4077898943,1.0625,1.5546875,1
4077920554,0.2001953125,-0.283203125,0
4077921339,-0.875,-0.81640625,1
4077941669,-0.419921875,0.6875,1
4077971495,-1.015625,0.341796875,1
4078009998,2.671875,-0.71484375,0
4078309963,-0.7734375,-0.69921875,1
4078350528,-1.2578125,0.98828125,1
4078358760,0.87109375,-1.21875,0
4078370911,0.259765625,-1.2265625,0
4078380089,-0.52734375,-0.578125,2
4078492268,-0.84375,0.41796875,1
4078503906,0.2255859375,0.0021209716796875,0
4078525141,-0.9453125,-0.9609375,1
4078726534,-0.486328125,-0.40234375,1
4078793729,-0.25390625,0.66015625,1
4078852249,0.41796875,-0.39453125,0
4078984638,-0.62109375,-1.3359375,0
4079034566,1.453125,2.234375,0
4079039865,0.91796875,-0.578125,0
4079124970,0.01275634765625,-0.2021484375,2
4079125667,-1.1640625,-1.328125,0
4079157109,-0.31640625,-1.640625,0
4079188326,-0.72265625,0.478515625,1
4079331824,-0.84375,-0.84375,2
4079570273,-0.240234375,1.890625,1
4079584112,-0.1806640625,-0.16796875,2
4079697941,-0.3046875,0.051025390625,0
4079746714,0.412109375,-0.52734375,0
4079795737,-1.1796875,-0.0277099609375,1
4079806567,-0.69921875,-0.138671875,1
4079965318,-1.2734375,-1.1640625,2
4079996357,-0.3125,1.3984375,0
4080278135,-0.62890625,-0.31640625,1
4080374441,-0.142578125,-1.1015625,0
4080538406,0.048828125,-0.004241943359375,0
4080556155,0.69921875,-1.1484375,0
4080562510,-0.79296875,-0.80859375,2
4080672836,-0.92578125,-0.40234375,1
4080725843,-1.7109375,-0.99609375,1
4080772194,-0.171875,-0.240234375,0
4080966544,0.2353515625,1.6484375,1
4081002165,-0.671875,-0.6484375,2
4081003227,-0.9453125,-0.9453125,2
4081010539,-1.3984375,-1.34375,2
4081014185,-0.1259765625,1.828125,1
4081195569,1.0234375,1.390625,1
4081196767,-0.7734375,0.28125,1
4081376472,-0.49609375,-0.171875,1
4081516440,-0.5859375,-1.109375,0
4081623959,-0.40625,-1.5546875,0
4081740913,-0.7578125,-0.8671875,0
4081786027,1.6328125,0.49609375,0
4081834430,0.5234375,0.6640625,1
4081980820,-0.671875,-0.7734375,2
4082059339,-0.8671875,-0.859375,2
4082093551,-0.6875,-0.65625,2
4082162907,0.361328125,-0.0830078125,0
4082226582,-0.3515625,-0.79296875,0
4082445992,-0.470703125,-0.486328125,2
4082472423,-0.96875,-1.2734375,2
4082533476,-0.1337890625,-0.3984375,2
4082552010,-0.49609375,-0.60546875,2
4082559011,-0.62890625,-0.453125,1
4082560358,-0.5625,-0.92578125,2
4082687341,-0.8671875,-0.80859375,2
4082725784,-1.1015625,-0.6484375,1
4082726233,-1.0859375,0.314453125,1
4082822557,0.1494140625,-0.53125,0
4082972737,0.287109375,-0.1640625,0
4083088339,-0.79296875,-0.91796875,0
4083114455,-0.5859375,-0.578125,2
4083114958,0.84375,0.04052734375,2
4083166084,-0.7421875,-0.31640625,1
4083182360,-0.7578125,-0.337890625,2
4083202175,-0.8515625,-0.82421875,2
4083236962,-1.1328125,-1.1796875,2
4083355146,-0.71484375,-0.7578125,2
4083368950,-0.80078125,-1.03125,2
4083374067,0.8359375,0.98046875,2
4083508337,1.1953125,1.1640625,2
4083568916,-0.78125,-0.82421875,2
4083764040,-0.62109375,-0.62109375,1
4083782894,-0.75,-1.3515625,0
4083823658,-0.01275634765625,-0.7421875,0
4083891437,-0.765625,-0.7578125,2
4083942348,-1.4296875,1.8046875,1
4084068108,1.3671875,0.53125,2
4084232581,0.34765625,-1.265625,0
4084265915,0.365234375,-0.3125,0
4084335541,-1.265625,0.390625,1
4084385399,-0.8515625,-0.8359375,2
4084397960,-0.40234375,-1.2734375,0
4084487286,0.4140625,-0.51171875,0
4084628546,1.8984375,1.0859375,0
4084863508,-0.4921875,1.5234375,1
4084937968,-0.70703125,-0.69921875,2
4084942674,-1.640625,-1.9453125,0
4084981409,0.197265625,2.171875,1
4084989836,-0.7734375,-0.7578125,2
4085125900,-0.89453125,-0.91015625,2
4085272835,-1.28125,-0.06787109375,1
4085480576,-0.330078125,-0.291015625,2
4085672815,-1.0703125,0.22265625,1
4085769270,-1.4296875,0.55078125,1
4085773173,-0.875,0.310546875,1
4085797943,2.359375,0.7109375,0
4085952889,-1.296875,-1.140625,1
4085995498,0.4765625,-0.439453125,0
4086036816,0.0703125,0.28515625,1
4086099926,0.41015625,0.388671875,1
4086108665,-1.234375,0.5859375,1
4086183252,0.59765625,0.12109375,0
4086234554,-0.84375,-0.79296875,2
4086236987,-0.82421875,-0.8359375,2
4086373713,-1.3515625,-1.1171875,2
4086401818,-0.75,-1.3203125,0
4086753916,1.3984375,2.359375,1
4086880504,-0.70703125,0.7890625,1
4086889425,-0.1064453125,-0.08935546875,1
4086955482,1.15625,0.75,2
4087065530,-1.6953125,-1.3359375,1
4087098854,-0.75,-0.765625,2
4087104834,-0.8671875,0.2490234375,1
4087357623,-0.359375,0.2890625,1
4087397394,2.203125,-0.99609375,0
4087636840,-0.8671875,-0.8515625,2
4087693311,1.21875,-0.2314453125,0
4087834693,-0.671875,-0.6484375,0
4087875964,0.048828125,-1.03125,0
4087926491,-1.4375,-0.5,2
4087986740,-0.859375,-0.84375,1
4088043430,-0.25390625,-0.283203125,2
4088072943,-0.8671875,-0.84375,2
4088157285,-0.84375,-1.40625,0
4088281180,-0.81640625,-0.82421875,2
4088288439,-1.0625,-1.15625,2
4088505362,-0.40234375,-0.78125,0
4088517313,-0.8359375,-0.8359375,2
4088659010,-0.765625,0.82421875,1
4088662247,1.1796875,1.421875,1
4088719450,-0.8671875,-0.8359375,2
4088724607,-0.40234375,-0.1259765625,1
4088780445,-0.3203125,-0.051025390625,2
4089013414,-0.82421875,-0.84375,2
4089120875,0.90234375,-0.5546875,0
4089251620,-1.3046875,1.7578125,1
4089495568,-1.7109375,-0.4453125,1
4089945587,-0.98046875,-0.5390625,1
4090010102,2.515625,-0.49609375,0
4090062295,-1.1328125,0.1884765625,1
4090092668,0.0830078125,-0.185546875,2
4090260143,-0.80859375,-0.82421875,2
4090314053,-1.5390625,-1.59375,2
4090440655,1.375,0.0234375,1
4090473547,0.455078125,-1.109375,0
4090534886,-1.34375,0.201171875,1
4090566617,-0.1806640625,-1.2421875,2
4090632724,-0.061767578125,0.90234375,1
4090810850,0.07666015625,0.56640625,1
4090896502,-1.65625,-1.65625,2
4090933992,-0.80859375,-0.80859375,1
4090984037,-0.89453125,-0.8515625,2
4091041232,-0.359375,0.0361328125,2
4091095561,-0.26171875,0.23828125,1
4091096198,-1.28125,0.71875,1
4091115902,-0.0106201171875,-1.03125,0
4091135078,0.11083984375,0.04248046875,2
4091196013,-0.8359375,-0.82421875,2
4091197782,-0.60546875,-0.6484375,2
4091209556,0.73046875,0.92578125,2
4091277407,-1.1328125,0.82421875,1
4091336545,-0.45703125,1.0078125,1
4091694775,-1.015625,-0.73046875,1
4091717985,-0.79296875,-0.6875,1
4091728499,-0.671875,-0.7734375,1
4091795952,-0.7578125,-0.7578125,2
4091880241,-0.671875,-0.60546875,2
4091912992,-1.03125,-0.98046875,1
4091932308,0.004241943359375,-0.80078125,0
4092025142,0.0703125,-0.6875,0
4092222587,-2.046875,-0.6796875,1
4092307011,0.1533203125,-1.5546875,0
4092369049,-0.90234375,-0.486328125,1
4092404815,-0.384765625,-0.61328125,2
4092412559,-1.4921875,-1.453125,2
4092504655,2.15625,2.171875,2
4092550162,0.359375,-0.5703125,0
4092672341,-1.5390625,-0.671875,1
4092785683,-0.004241943359375,-0.279296875,0
4092788359,0.384765625,-0.326171875,0
4092912288,-0.79296875,-0.53125,1
4093033360,-0.84375,-0.8359375,2
4093060432,-0.62109375,-0.62890625,0
4093103379,0.1943359375,0.0849609375,0
4093105365,-1.28125,-0.99609375,1
4093529631,-0.7734375,-0.80859375,0
4093550403,-0.138671875,0.73046875,1
4093660961,-1.1328125,-0.98046875,2
4093666973,0.72265625,2.25,1
4093693593,1.1328125,-0.171875,0
4093721585,-0.91796875,-0.61328125,1
4093729393,-0.7734375,-0.7734375,2
4093749582,-1.3046875,-1.3515625,2
4093789209,0.2119140625,2.421875,1
4093808504,-1.421875,-1.125,1
4093808630,-0.4609375,-0.72265625,0
4093864547,-0.240234375,-0.146484375,2
4093937346,0.140625,0.0361328125,0
4094043850,1.7421875,1.4296875,0
4094198877,-0.2314453125,1.0546875,1
4094228206,0.56640625,-0.98046875,0
4094258397,2.125,-1.3125,0
4094422797,-0.486328125,0.298828125,1
4094498349,-0.9375,-0.1083984375,0
4094540335,-1.390625,-1.484375,0
4094547137,-0.92578125,-0.92578125,2
4094548618,-0.54296875,-0.859375,0
4094552948,-0.80859375,-0.34765625,1
4094555127,-0.80859375,-0.82421875,1
4094654247,-0.5390625,-1.578125,0
4094696013,-0.81640625,-0.82421875,2
4094731783,1.984375,-0.9453125,0
4094904805,-1.6953125,1.6953125,1
4095168073,-0.82421875,-0.79296875,1
4095242985,0.1826171875,-0.1513671875,0
4095312914,-0.671875,-0.36328125,1
4095327252,-0.89453125,0.6328125,1
4095335222,-0.7734375,-0.765625,2
4095397360,-0.82421875,-0.8359375,2
4095403192,-0.8515625,-0.79296875,0
4095499838,-1.1484375,-0.765625,1
4095811089,-0.4453125,-0.7734375,2
4095813678,-0.8671875,0.390625,1
4095827278,-0.0595703125,-0.78125,0
4095832338,-0.033935546875,2.390625,1
4095888653,-0.39453125,-0.5703125,0
4095943559,-0.8671875,-0.91015625,0
4095962422,0.5546875,1.3515625,1
4096038293,-1.1953125,1.4375,1
4096219285,-0.7421875,-0.73046875,1
4096328722,1.9296875,1.9296875,2
4096360913,0.2421875,-0.171875,0
4096539808,-0.7421875,-0.7734375,2
4096560698,-0.095703125,-0.44921875,0
4096573801,-0.79296875,-0.80859375,2
4096600816,-0.79296875,-0.41015625,2
4096699897,-0.73046875,-1.5546875,0
4096719548,0.201171875,-0.59765625,0
4096724379,-0.578125,-0.5390625,2
4096743503,0.1357421875,-0.6640625,0
4096794633,0.09130859375,-0.60546875,0
4096901104,-0.82421875,-0.82421875,1
4096916085,-0.7734375,-0.7734375,2
4097093071,0.734375,0.90234375,1
4097135081,-0.875,-0.84375,2
4097165609,-0.4140625,-0.5859375,0
4097194276,-0.21484375,0.61328125,1
4097384790,1.40625,-0.4609375,0
4097394737,-0.6640625,0.2001953125,1
4097497577,0.287109375,-0.1083984375,0
4097565880,-0.80859375,-0.91796875,2
4097595534,0.34375,0.1806640625,2
4097780779,0.1318359375,2.546875,1
4097865015,0.7421875,0.53515625,2
4097914243,0.66796875,-1.15625,0
4098069257,-0.80078125,1.25,1
4098139581,-0.60546875,-0.5859375,2
4098148081,1.984375,1.0390625,0
4098301496,-1.078125,0.7578125,1
4098428963,0.00848388671875,0.033935546875,2
4098483367,0.52734375,-0.88671875,0
4098613415,-0.84375,-0.71484375,2
4098751925,-1.8828125,0.021240234375,1
4099092030,-1.421875,-1.4296875,2
4099097746,0.29296875,-0.478515625,2
4099342173,-0.0234375,-0.0361328125,2
4099367257,-1.65625,-1.65625,2
4099374315,-0.2314453125,-0.3984375,2
4099420773,-0.06591796875,-0.30078125,0
4099631286,0.59765625,-1.625,0
4099636883,-0.31640625,1.25,1
4099772054,1.4921875,1.109375,0
4099810323,-1.0859375,0.45703125,1
4099816455,-0.81640625,-0.7734375,2
4099941913,-0.35546875,-0.765625,0
4099998699,-0.81640625,-0.80859375,2
4100033736,-0.0234375,1.59375,1
4100115352,-1.8828125,0.92578125,1
4100456962,-0.953125,-1.0625,0
4100476656,-0.4140625,-0.8671875,0
4100548089,-0.6484375,-0.82421875,1
4100552897,-0.80859375,-0.96875,0
4100726823,-0.431640625,-0.44921875,0
4100759070,-1.40625,-0.80859375,1
4100807282,-0.283203125,0.3046875,1
4100868572,-0.80859375,-0.4609375,1
4100873686,-0.82421875,-0.80859375,2
4100888320,-0.7734375,-0.80078125,2
4101012217,-1.4140625,0.61328125,1
4101016216,-0.0277099609375,0.5703125,1
4101209982,0.28125,0.65234375,1
4101281465,-1.015625,0.2451171875,1
4101374004,-1.609375,-1.609375,2
4101748463,-0.439453125,-0.11279296875,0
4101846822,0.1943359375,0.435546875,0
4102024572,-0.79296875,-0.80859375,2
4102034882,0.45703125,-0.89453125,0
4102068466,-0.80859375,-0.78125,1
4102128365,-0.2275390625,-0.236328125,0
4102192667,-0.90234375,1.4453125,1
4102326018,-0.6796875,-0.65625,2
4102359692,-1.3671875,-0.80078125,1
4102378551,-0.8671875,-0.5,1
4102433799,2.0625,1.828125,2
4102438679,1.3125,-0.70703125,0
4102514202,-0.50390625,-0.51953125,0
4102651200,-0.60546875,-0.265625,1
4102693162,-0.62890625,-0.59765625,0
4102737657,-1.4375,-1.3984375,2
4102811066,-0.89453125,-0.30078125,1
4102812675,-1.3046875,2.109375,1
4102846412,-0.5390625,-0.5390625,2
4102918499,-0.82421875,-0.84375,2
4102945508,0.484375,0.484375,2
4102995253,-0.90234375,-0.9453125,2
4103012153,0.046875,-1.1015625,0
4103178520,-1.5390625,1.390625,1
4103317086,-0.78125,-0.859375,2
4103337351,0.703125,0.45703125,2
4103556507,-0.0234375,0.142578125,1
4103627700,0.357421875,-0.294921875,0
4103674443,-1.4453125,-0.2490234375,1
4103698096,-0.7421875,-0.7734375,2
4103792382,-0.7421875,-0.72265625,2
4103865666,-0.8359375,-0.859375,2
4103949290,1.28125,-0.9609375,0
4103967893,-1.3203125,1.1328125,1
4103989287,-0.88671875,-0.859375,2
4104012231,0.3359375,0.328125,2
4104260430,-0.953125,-1.203125,0
4104391452,0.1513671875,0.1513671875,2
4104569613,-0.89453125,-1.1640625,0
4104600530,1.40625,0.74609375,2
4104671898,-0.98046875,-1.1015625,2
4104783814,-1.1484375,0.1708984375,1
4104796310,-1.265625,-0.051025390625,1
4104822338,-0.54296875,-0.91015625,0
4104842016,-0.7734375,-0.72265625,2
4104847949,-0.80859375,-0.81640625,2
4104987757,-0.875,-1.078125,0
4105092067,-0.60546875,-0.60546875,0
4105246080,-1.78125,-0.423828125,1
4105253362,-0.6640625,-0.1259765625,1
4105271336,0.462890625,0.033935546875,0
4105386524,-0.84375,-0.79296875,2
4105424726,0.1953125,-1.5234375,0
4105429804,-0.8359375,0.2314453125,1
4105482687,0.5859375,2.046875,1
4105625659,-1.0546875,0.91015625,1
4105649286,-0.283203125,-0.26953125,2
4105711032,-1.0234375,-1.03125,2
4105714602,-0.70703125,1.1328125,1
4105963822,-0.09765625,0.8671875,1
4106014474,1.5078125,-0.5625,0
4106054289,-0.138671875,2.015625,1
4106154680,-0.466796875,-0.5546875,2
4106369395,-0.486328125,-0.875,0
4106386335,-0.88671875,-0.875,2
4106479562,-1.296875,0.703125,1
4106551309,0.81640625,0.5703125,0
4106757710,-0.99609375,0.1044921875,1
4106838621,-0.82421875,-0.82421875,2
4107108018,1.1171875,-0.048828125,0
4107206748,-0.1552734375,0.671875,1
4107388705,-0.4453125,-0.50390625,2
4107398402,-1.71875,1.125,1
4107488050,0.8046875,-0.240234375,1
4107517082,-1.203125,0.031982421875,1
4107537042,1.96875,-1.6953125,0
4107619765,-0.82421875,-0.82421875,2
4107801829,-0.373046875,-1.15625,0
4107915054,-1.40625,1.1015625,1
4107925110,-0.72265625,-0.72265625,1
4108015523,-0.0361328125,-0.98046875,0
4108073171,-0.98046875,-1.0703125,0
4108135172,-1.03125,-1.0234375,2
4108143800,2.125,0.3125,0
4108171981,0.5078125,0.474609375,2
4108404014,0.6171875,-0.1982421875,0
4108438223,-0.2314453125,-0.99609375,0
4108489858,-0.61328125,-0.72265625,0
4108583237,-0.1767578125,-0.171875,2
4108636212,0.74609375,2.171875,1
4108684618,-1.8125,0.2578125,1
4108698624,-0.10009765625,-0.30078125,2
4108745700,0.79296875,-0.89453125,0
4108794998,-0.7578125,-0.88671875,2
4108837346,-0.1083984375,-0.470703125,2
4108843698,1.3046875,1.0078125,0
4108911575,-0.62109375,-0.59765625,1
4108925044,-0.80859375,-0.5,1
4109034876,-1.375,-0.6875,1
4109051050,-1.15625,0.00848388671875,1
4109184216,-1.0859375,-0.478515625,1
4109222940,-1.0703125,-1.1953125,0
4109223974,1.890625,-0.51953125,0
4109494475,-1.46875,-0.99609375,2
4109534513,-1.1640625,-1.015625,1
4109574720,-0.1064453125,0.396484375,1
4109588332,-1.2109375,0.072265625,1
4109605714,-0.73046875,-0.953125,0
4109711883,-0.60546875,-1.6015625,0
4109918573,-0.4453125,-1.3125,0
4109942794,-0.671875,-0.7578125,0
4109967894,-0.08935546875,1.984375,1
4110214004,0.1904296875,-1.8125,0
4110243756,-0.2314453125,-0.291015625,2
4110374894,-0.98828125,-0.8515625,2
4110439388,2.875,2.875,1
4110463091,-0.51953125,0.2255859375,1
4110556646,0.9609375,0.9453125,2
4110616793,0.99609375,0.01275634765625,0
4110680169,-0.21484375,0.0849609375,1
4110719422,1.671875,-1.390625,0
4110731096,-0.466796875,-0.384765625,1
4110788775,-1.078125,-0.3671875,1
4111007555,-0.6640625,-0.057373046875,1
4111031334,0.0810546875,-0.0830078125,1
4111092301,0.051025390625,0.5078125,2
4111275186,-0.91015625,-0.0595703125,1
4111510164,-1.046875,-1.3203125,2
4111530926,-1.1328125,-1.046875,0
4111595641,-0.44921875,-1.3515625,0
4111622453,-0.79296875,-0.92578125,1
4111797815,-0.71484375,-0.69921875,2
4111887193,-0.6484375,-0.7734375,2
4112045435,-1.453125,0.5625,1
4112324019,-0.2578125,-0.89453125,2
4112349114,0.30078125,-0.578125,0
4112400012,-0.578125,-0.044677734375,1
4112596914,-0.033935546875,-0.9609375,0
4112601377,2.71875,-0.1982421875,0
4112666704,-0.69921875,-1.421875,0
4112837100,-0.99609375,-0.98828125,0
4112996790,1.9296875,-0.91015625,0
4113027609,0.671875,-0.07470703125,0
4113098387,-0.4453125,0.259765625,1
4113151185,-1.828125,-0.80078125,1
4113352990,0.353515625,0.408203125,0
4113356199,-0.5390625,-0.5078125,2
4113534165,-1.46875,-1.6953125,2
4113618432,-0.2109375,-1.2734375,0
4113646048,-0.51171875,-0.04248046875,1
4113656197,2.96875,0.8671875,0
4113698135,-0.69921875,-0.6484375,2
4113734497,-0.038330078125,-1.421875,0
4113767482,-0.138671875,-0.333984375,0
4113779533,0.79296875,-0.185546875,0
4113854293,0.1298828125,-0.92578125,0
4113979630,-0.7421875,-0.185546875,1
4114068816,-0.283203125,1.5546875,1
4114090318,-0.515625,-1.3125,0
4114149162,-0.5703125,1.1015625,1
4114179339,0.91015625,0.423828125,0
4114230697,-1.3359375,-1.3671875,2
4114264723,-0.80859375,-1.265625,0
4114348953,-0.65625,-0.78125,2
4114449848,-0.39453125,-0.146484375,1
4114599565,-0.91015625,-0.80859375,2
4114681906,-0.5625,0.8359375,1
4114759879,-0.7578125,-0.7734375,2
4114766683,-1.7578125,1.9296875,1
4114831581,-0.80859375,-0.81640625,2
4114870092,-1.1953125,1.7734375,1
4114932932,2.34375,0.21484375,0
4115102298,-0.1552734375,-1.0546875,0
4115105884,-0.92578125,-0.9453125,2
4115127058,-0.61328125,-0.62890625,2
4115176872,-0.39453125,-1.296875,0
4115304967,-0.671875,-0.44921875,1
4115361724,-0.21484375,-0.095703125,1
4115508178,-0.99609375,-0.99609375,2
4115648217,0.375,0.5078125,1
4115696626,1.90625,2.078125,1
4115739129,-0.578125,0.1953125,1
4115776009,0.119140625,0.00848388671875,0
4115851147,0.466796875,0.6484375,2
4116134745,-0.73046875,-0.71484375,2
4116197018,-0.765625,-0.78125,2
4116284588,-0.7578125,-0.3203125,1
4116355423,0.625,0.07470703125,2
4116435187,0.88671875,1.9140625,1
4116483260,-0.5703125,0.8671875,1
4116513754,-0.8359375,-0.80859375,0
4116639638,-0.7734375,-0.75,2
4116684181,-0.71484375,-0.2314453125,1
4116783115,0.82421875,-0.8515625,0
4116825232,-0.30078125,-0.3515625,1
4116856726,-0.82421875,-0.80078125,2
4117050068,0.60546875,0.466796875,2
4117063982,-0.859375,-0.7421875,0
4117226385,-1.7109375,1.28125,1
4117226597,-0.60546875,-0.3515625,1
4117283513,0.69921875,0.7421875,1
4117427035,1.0390625,-0.09130859375,0
4117476760,0.361328125,1.1328125,1
4117581194,-0.7421875,-0.7734375,2
4117589633,-0.7578125,-1.796875,0
4117670614,-1.015625,0.18359375,1
4117694850,-0.7578125,-0.7578125,2
4117750753,-1.3203125,-1.265625,0
4117754350,2.53125,0.05322265625,0
4117758636,-0.79296875,-0.7734375,2
4117846084,0.6875,-0.84375,0
4117861351,0.28125,-0.765625,0
4117977656,0.375,1.046875,2
4118217043,-0.31640625,1.5,1
4118286669,-0.79296875,-0.765625,2
4118304709,1.65625,-1.1171875,0
4118374483,-0.80078125,-0.80859375,2
4118424631,-0.8671875,-0.875,1
4118544763,-0.98828125,-0.0234375,1
4118665458,-0.8515625,-0.82421875,2
4118695428,-0.71484375,-0.265625,1
4118786843,-0.9609375,-0.671875,1
4118856695,-1.0703125,-0.31640625,1
4118911991,0.75,-1.640625,0
4118946065,-0.240234375,-0.39453125,2
4118954991,0.5546875,-1.7421875,0
4119023883,-0.92578125,-1.078125,0
4119064431,-1.6953125,-0.275390625,1
4119202219,-0.62109375,-0.6640625,2
4119218456,-0.81640625,-0.7578125,2
4119318788,-1.3359375,-1.234375,2
4119516251,0.439453125,0.462890625,0
4119571986,0.37890625,2.15625,1
4119728891,-0.6796875,-0.7421875,2
4119871729,0.22265625,-0.7578125,0
4120053204,-0.3125,-0.69921875,2
4120106093,-0.98046875,-1.140625,0
4120106148,-1.0859375,-0.88671875,1
4120217174,-0.41015625,0.33203125,1
4120365540,0.8046875,-1.3515625,0
4120549802,-1.0625,-0.9609375,2
4120631279,-0.98046875,2.3125,1
4120702809,-0.82421875,-0.79296875,2
4120734066,-0.84375,-0.82421875,2
4120802048,1.0234375,-0.5546875,0
4120859604,-0.16796875,0.1904296875,1
4120866439,-0.91796875,-0.04052734375,1
4120965643,-0.7578125,-0.7578125,0
4120973398,-0.73046875,0.7734375,1
4121028686,1.125,-0.39453125,0
4121049913,-0.5078125,0.578125,1
4121163290,-0.35546875,-0.291015625,2
4121175672,-0.0810546875,-0.78125,0
4121255919,-1.609375,0.07470703125,1
4121269481,-0.0810546875,0.84765625,1
4121315843,-0.6875,-0.6640625,2
4121342747,-0.62109375,-1.03125,0
4121373088,-1.2578125,0.59765625,1
4121537886,-0.7734375,-0.765625,2
4121651943,-0.859375,-0.8515625,2
4121719051,-0.2236328125,-0.69921875,0
4121735287,1.0078125,-1.4609375,0
4121838459,-1.140625,-0.99609375,0
4121920275,-1.4609375,-1.484375,0
4121969664,0.6328125,0.7734375,1
4121982145,-0.1064453125,0.2197265625,1
4122082885,0.515625,-1.640625,0
4122162081,-0.189453125,-0.2578125,2
4122205000,0.3203125,0.80859375,1
4122574820,1.25,-0.81640625,0
4122634548,-0.80859375,-0.80859375,2
4122708799,-0.65625,-0.326171875,2
4122709252,-0.283203125,1.59375,1
4123020590,-0.7578125,-0.80859375,0
4123077977,-0.62890625,0.06591796875,1
4123092383,-1.328125,1.640625,1
4123099103,1.234375,-1.40625,0
4123099272,-0.84375,-0.419921875,1
4123179092,0.609375,0.55078125,2
4123270995,-0.7578125,-0.5703125,1
4123448778,-1.78125,1.75,1
4123649389,-0.1259765625,-0.90234375,0
4123668526,-0.6796875,-0.671875,2
4123697601,1.2265625,1.359375,1
4123732069,-1.5546875,-0.90234375,1
4123746080,-0.92578125,1.125,1
4123793861,0.07861328125,-1.3515625,0
4123823913,-0.435546875,0.73046875,1
4123964154,-1.3984375,-1.3671875,0
4124033072,0.365234375,0.30859375,1
4124286259,-0.81640625,-0.82421875,2
4124343614,-0.453125,-1.21875,0
4124382311,0.61328125,0.47265625,0
4124384200,-0.61328125,-0.486328125,2
4124430166,-0.453125,-0.41015625,2
4124521528,-0.427734375,2.328125,1
4124641753,-1.5,-1.125,1
4124644292,-0.486328125,0.4609375,1
4124791570,-0.79296875,-0.5703125,0
4124992462,0.71875,-1.390625,0
4125029023,-0.193359375,-1.421875,0
4125061563,-0.10205078125,-0.07861328125,1
4125066637,-1.4375,0.205078125,1
4125075530,-1.4921875,-0.72265625,1
4125084697,-0.80859375,0.09375,0
4125104329,-0.80078125,-0.81640625,2
4125195101,0.2490234375,-0.08935546875,0
4125252649,0.07861328125,0.6328125,1
4125484124,-0.07861328125,-0.291015625,0
4125594232,-0.53515625,-0.423828125,2
4125661075,-0.033935546875,0.298828125,2
4125944554,-0.62890625,-0.482421875,1
4125998331,0.055419921875,-0.044677734375,0
4126005064,2.515625,0.181640625,0
4126006585,-1.25,1.7578125,1
4126109433,0.205078125,1.203125,1
4126281991,-0.6875,-0.578125,2
4126410932,-0.875,-0.84375,2
4126481629,-0.80078125,-0.60546875,2
4126503902,0.072265625,-1.2578125,0
4126612761,-0.0021209716796875,2.6875,1
4126761898,-0.7421875,-0.7421875,2
4126794935,-0.80078125,-0.5625,1
4127035740,0.1494140625,-0.138671875,0
4127100823,-0.4609375,-0.5546875,2
4127194932,1.5,-0.138671875,0
4127375792,-0.6484375,-0.81640625,2
4127402581,-0.82421875,0.7734375,1
4127459475,-0.50390625,-0.96875,0
4127523028,-0.84375,-0.7421875,2
4127535314,-0.326171875,1.6875,1
4127597432,0.7421875,-0.4921875,0
4127711303,-0.859375,0.5625,1
4127745008,-0.5703125,-0.1982421875,1
4127980058,-0.6875,-0.70703125,2
4127984183,-1.3359375,-0.62890625,1
4127989386,-1.9296875,-0.466796875,1
4128018884,-0.427734375,-0.70703125,0
4128085873,-1.0625,-0.9453125,1
4128193727,-0.1982421875,-0.6484375,0
4128289626,0.953125,-0.49609375,0
4128359480,-1.625,-1.421875,2
4128604898,-0.291015625,-0.671875,0
4128655203,-1.1953125,-0.04052734375,1
4128692796,-0.98828125,0.12109375,1
4128721971,-0.79296875,-0.875,2
4128746334,2.703125,0.79296875,0
4128761484,-0.4453125,-0.45703125,2
4128769631,-0.859375,-0.84375,2
4128839620,0.84375,-0.40234375,0
4128953041,-0.82421875,-0.70703125,2
4129127269,0.859375,-0.9453125,0
4129500606,-0.88671875,-0.89453125,2
4129570490,-0.671875,-0.06396484375,1
4129600660,0.470703125,0.396484375,1
4129765973,-0.35546875,-0.671875,0
4129795093,-0.1044921875,-0.431640625,0
4130069713,-0.96875,-1.1953125,0
4130156980,-0.91015625,-0.5703125,1
4130164025,-0.5859375,-0.5625,0
4130261941,-0.189453125,-0.96875,0
4130328444,0.1650390625,-0.84375,0
4130351079,0.37890625,0.65625,2
4130402713,-0.80078125,-0.79296875,2
4130418750,-1.15625,-1.2265625,1
4130444697,-0.2275390625,-0.11083984375,0
4130489037,-0.91015625,-0.89453125,2
4130590499,-0.326171875,-1.0859375,0
4130620953,0.6328125,0.400390625,1
4130649904,-0.3046875,-0.71484375,0
4130660098,-0.82421875,-0.80078125,0
4130752406,-0.7578125,-0.7578125,2
4130974375,-0.5703125,-1.0703125,0
4130977833,-0.3203125,-0.09765625,1
4130989758,-0.72265625,-0.7734375,0
4130990586,-0.78125,-1.9453125,0
4131135985,-0.98046875,-1.5390625,0
4131215878,-0.07861328125,1.34375,1
4131345014,-0.9453125,-0.9453125,1
4131378465,-1.1796875,-1.0546875,1
4131504049,-0.6484375,0.37890625,1
4131605067,-0.8515625,-0.875,2
4131647075,-1.53125,-0.30859375,1
4131712886,0.25390625,-0.39453125,0
4131751766,0.6796875,0.240234375,1
4131770726,-1.3984375,-0.482421875,1
4131884646,-0.61328125,-0.5859375,2
4131908326,0.014892578125,0.37890625,1
4132252590,2.0,0.60546875,0
4132714299,-0.78125,-0.765625,2
4132714818,1.234375,-0.427734375,0
4132779342,-0.7578125,-0.70703125,2
4132901423,-1.265625,1.4921875,1
4132906941,0.2294921875,-0.92578125,0
4132909425,-0.70703125,-0.8359375,0
4132922382,-0.193359375,-1.1171875,0
4132965176,-0.91796875,-0.5625,1
4132995526,0.88671875,-0.5546875,0
4132997135,-0.333984375,-0.78125,0
4133023437,-0.291015625,-0.81640625,0
4133103340,0.96875,1.1328125,2
4133162476,-1.25,-1.03125,2
4133230887,-1.1328125,-0.8359375,1
4133332508,-0.7734375,-0.62109375,1
4133561971,-0.82421875,-0.7578125,1
4133685563,-0.4609375,-1.0390625,0
4133848483,-1.4453125,1.6328125,1
4133862104,0.1982421875,-0.92578125,0
4133874409,0.375,-0.9453125,0
4134007184,0.2109375,-1.28125,0
4134011954,0.228515625,-0.9453125,0
4134035947,1.3671875,0.79296875,0
4134182999,-0.96875,1.0625,1
4134219738,0.486328125,-0.1767578125,0
4134258891,0.1064453125,-0.1337890625,1
4134334285,-0.4453125,-0.65625,0
4134427534,1.65625,-0.72265625,0
4134650539,-1.7109375,0.79296875,1
4134667226,-0.50390625,-0.61328125,0
4134691583,1.2734375,-0.96875,0
4134720014,1.15625,1.1484375,2
4134755282,-0.88671875,-1.8828125,0
4134805500,-0.75,-0.40234375,1
4134824796,1.03125,0.78125,0
4134879267,-0.7578125,-0.71484375,2
4135176728,-0.72265625,-0.75,2
4135218559,2.265625,1.4921875,0
4135510849,-0.7734375,-0.72265625,2
4135529116,-0.875,-0.8671875,2
4135626469,-0.142578125,1.0390625,1
4135713978,0.1904296875,0.82421875,1
4135761275,-0.78125,-0.80859375,2
4135766767,-0.62109375,-0.60546875,2
4135784562,0.5390625,-0.82421875,0
4135834094,-0.9375,-0.91015625,2
4135871705,-1.1484375,1.8203125,1
4135911914,0.53125,1.828125,1
4136025247,-0.3203125,0.79296875,1
4136029347,-1.671875,1.1796875,1
4136042924,1.84375,1.6875,0
4136079906,-0.73046875,-0.92578125,0
4136129928,0.71484375,-1.296875,0
4136163860,-1.7109375,-0.40234375,1
4136203848,-0.79296875,-0.75,1
4136258766,-0.373046875,-0.373046875,2
4136277994,-0.82421875,-0.84375,2
4136468669,-1.40625,-1.40625,2
4136579783,-0.91015625,-0.89453125,2
4136587469,-0.4609375,0.22265625,1
4136666407,-1.078125,1.515625,1
4136709444,0.6640625,-0.79296875,0
4136729998,-0.72265625,-0.73046875,2
4136785023,0.044677734375,0.072265625,2
4136853169,1.171875,-1.1796875,0
4136913504,-0.80859375,-0.81640625,2
4136972964,0.51953125,-0.044677734375,0
4137281042,-0.65625,-0.80078125,0
4137293684,-1.6875,1.5,1
4137302876,1.2734375,0.9375,2
4137313476,-0.80859375,-0.359375,1
4137375897,0.35546875,-0.01275634765625,0
4137405734,-0.62109375,-0.51953125,1
4137441083,-0.333984375,-1.4921875,0
4137472241,0.91796875,0.9375,2
4137481105,-0.78125,-0.80859375,2
4137592403,-0.671875,-0.578125,2
4137735612,-0.98828125,0.2412109375,1
4137915882,-0.60546875,1.359375,1
4137996970,-0.84375,-0.3125,1
4138006393,-0.73046875,-0.72265625,2
4138042189,0.1533203125,1.7734375,1
4138179183,-0.7421875,1.734375,1
4138182991,-0.859375,-0.9375,2
4138225869,-0.91015625,-0.90234375,2
4138368225,-1.65625,-0.09130859375,1
4138400912,0.55078125,0.291015625,1
4138405412,-0.70703125,-0.69921875,2
4138422942,-1.390625,-0.9453125,1
4138616575,-0.99609375,0.1533203125,1
4138739624,-0.72265625,-0.75,1
4138876538,-1.5234375,1.203125,1
4138889838,0.70703125,0.67578125,2
4139064981,1.0625,0.953125,0
4139067879,-0.474609375,-0.2236328125,0
4139140271,-0.6640625,-0.671875,2
4139178952,0.8359375,-0.41015625,0
4139191738,-1.5234375,0.455078125,1
4139256941,0.32421875,0.28125,2
4139605189,1.0234375,1.46875,1
4139612279,0.7578125,1.609375,1
4139631758,0.2109375,-0.82421875,0
4139642500,-0.88671875,-0.4140625,1
4139851842,0.004241943359375,2.328125,1
4139906326,-1.4921875,-1.515625,2
4139914835,-1.1640625,-0.84375,1
4139960622,2.265625,1.640625,0
4140005530,-0.79296875,-0.80859375,2
4140079955,-0.5703125,0.58984375,1
4140200102,0.04052734375,-0.2451171875,0
4140393062,-0.80859375,-0.765625,2
4140403334,-0.81640625,1.5546875,1
4140412752,0.486328125,0.412109375,2
4140547518,-0.8359375,-0.8515625,0
4140583498,-0.1767578125,-0.5859375,0
4140736007,-0.138671875,-0.2314453125,0
4140781624,-0.72265625,-0.6484375,1
4140855493,-0.84375,-0.81640625,2
4140919239,-0.79296875,0.1591796875,1
4140956092,1.625,0.73046875,2
4141231081,-1.3046875,1.7265625,1
4141240228,0.51171875,0.11279296875,0
4141355079,1.140625,-0.41015625,0
4141357125,-0.50390625,-0.859375,0
4141416656,0.7734375,0.044677734375,0
4141418273,-0.75,-0.75,2
4141449051,-1.125,-1.1640625,2
4141607749,-1.3046875,-1.390625,2
4141826723,-0.6484375,-0.5625,1
4142060969,-0.859375,-0.84375,2
4142102782,-0.1806640625,0.89453125,1
4142243865,-0.578125,-0.70703125,2
4142344572,-0.88671875,-0.90234375,0
4142522243,0.294921875,0.3828125,2
4142528753,-0.8359375,-0.82421875,2
4142554835,-0.80859375,1.1328125,1
4142653457,-0.99609375,-0.61328125,1
4142692117,-0.7421875,-0.9453125,0
4142742635,-0.89453125,-0.2060546875,1
4143081279,0.138671875,-1.734375,0
4143105715,-0.7734375,-0.7734375,2
4143181863,-0.09130859375,-0.79296875,0
4143194920,-1.28125,1.4296875,1
4143415875,-0.8671875,-0.0830078125,1
4143543088,-0.90234375,-0.341796875,1
4143596807,-0.283203125,0.6484375,1
4143638029,-0.5703125,-0.70703125,0
4143671482,0.28125,0.671875,1
4143673319,1.4296875,-0.380859375,0
4143835830,-0.98046875,-0.99609375,0
4143970976,-0.60546875,-0.6875,2
4143998942,-0.7578125,-0.8359375,0
4144092616,-0.89453125,-0.90234375,2
4144115042,0.08935546875,0.26953125,1
4144153945,-0.4921875,-0.171875,1
4144166469,-1.1953125,0.458984375,1
4144301009,0.640625,-1.6796875,0
4144436775,-0.84375,-0.8515625,2
4144488171,0.63671875,0.5859375,1
4144590311,0.04248046875,-0.004241943359375,2
4144624674,-0.061767578125,0.1337890625,1
4144749065,-0.49609375,-0.6484375,0
4144770144,-1.4296875,-1.4296875,2
4144770386,1.9609375,-1.78125,0
4144838203,0.8671875,0.91015625,2
4144909849,2.296875,-0.91015625,0
4145137073,-0.63671875,-0.63671875,0
4145172423,0.2578125,-1.5390625,0
4145173669,-0.80078125,-0.8359375,2
4145287130,-0.63671875,0.7734375,1
4145443448,-0.62890625,-0.51953125,2
4145449233,-1.78125,0.53515625,1
4145549851,-0.80859375,-1.78125,0
4145630811,0.5078125,0.90234375,2
4145652418,-0.046875,-0.51171875,0
4145755863,-0.1259765625,-0.06396484375,0
4145815259,-0.53515625,-0.1591796875,1
4145950187,-0.142578125,-0.142578125,2
4145979616,-0.7734375,0.9453125,1
4145998733,0.07666015625,-1.234375,0
4146007563,-1.0859375,-0.6875,2
4146235611,0.5390625,1.2734375,1
4146467431,-0.6875,-0.1513671875,1
4146485262,1.7734375,-0.05322265625,0
4146538646,1.0390625,0.458984375,0
4146558305,-1.34375,-0.7421875,1
4146647855,-0.89453125,-0.91015625,2
4146759700,1.59375,1.609375,0
4146944399,0.306640625,-0.30078125,0
4146949489,-0.84375,-0.84375,2
4147001923,-1.59375,-1.484375,2
4147020545,-0.63671875,-0.63671875,2
4147197812,1.15625,0.146484375,0
4147367459,-0.60546875,0.43359375,1
4147384765,-0.8515625,-0.80859375,1
4147390701,-0.6640625,1.0234375,1
4147391374,-0.9609375,-1.8828125,0
4147521786,-0.61328125,-0.35546875,1
4147573552,-0.53515625,-0.1640625,1
4147659756,-0.65625,-0.326171875,1
4147890415,-1.4140625,1.7265625,1
4147944636,1.0703125,-0.9453125,0
4147987911,0.228515625,-0.875,0
4148107077,1.375,0.60546875,1
4148235796,0.0234375,-0.2236328125,2
4148246014,-0.431640625,0.53125,1
4148311732,1.609375,0.306640625,0
4148423248,-0.65625,0.490234375,1
4148561516,0.84375,-1.0703125,0
4148660315,1.046875,-0.30859375,0
4148749202,-0.6875,-0.6796875,0
4148767296,-1.34375,1.4609375,1
4148827122,0.40625,2.3125,1
4148999458,0.0595703125,-0.63671875,0
4149158452,-0.193359375,-0.5546875,0
4149160149,2.4375,-0.5625,0
4149177705,-0.2060546875,0.2060546875,1
4149209343,0.81640625,0.0,0
4149235469,-0.875,-1.046875,0
4149246139,-0.69921875,1.2421875,1
4149263032,-0.8359375,-0.859375,2
4149319564,-0.82421875,-0.8359375,0
4149374031,-0.69921875,-0.7734375,2
4149503140,-0.2490234375,0.2490234375,1
4149651911,-0.3671875,-0.435546875,0
4149845323,-0.79296875,-0.7578125,2
4149853853,-0.1767578125,-0.78125,0
4149876820,-0.12109375,-0.275390625,1
4149895746,-1.578125,-1.5390625,2
4149904144,-0.98046875,0.057373046875,1
4149928153,-0.7734375,-0.79296875,2
4150063517,0.146484375,-0.2578125,0
4150082300,-0.65625,-0.62890625,2
4150125228,-1.03125,-0.5703125,0
4150142900,-0.40625,-0.7421875,0
4150178952,-1.046875,-1.4375,0
4150194940,-1.1640625,-1.0625,1
4150225591,-1.1328125,-0.5703125,1
4150273346,-1.015625,-1.46875,0
4150279810,0.05322265625,1.28125,1
4150307014,0.765625,-0.7421875,0
4150317813,1.125,-0.7421875,2
4150364603,-0.69921875,-0.61328125,1
4150561937,-1.578125,1.8046875,1
4150646111,1.0390625,0.953125,2
4150696140,-0.91015625,0.28125,1
4150922843,-1.3125,-1.171875,2
4150994705,-1.7421875,-1.7578125,2
4151119741,0.341796875,0.55859375,1
4151396289,0.4609375,-1.4453125,0
4151433309,0.98828125,-0.0277099609375,0
4151439713,-1.078125,0.859375,1
4151554296,-0.1640625,-1.15625,0
4151555151,-0.54296875,-0.6640625,0
4151780367,0.41796875,-1.2109375,0
4151956227,-0.31640625,-0.326171875,2
4152076785,0.06787109375,-1.5625,0
4152103771,0.09375,0.478515625,2
4152239760,-1.21875,-1.2734375,2
4152346354,0.98046875,0.302734375,0
4152583604,0.30078125,0.30859375,0
4152599050,-0.79296875,-0.79296875,2
4152637034,-0.1171875,1.296875,1
4152708184,-0.60546875,-0.36328125,1
4152892528,-1.1484375,-0.81640625,1
4152975921,-0.05322265625,-0.859375,0
4153054549,-0.81640625,-0.81640625,2
4153322261,2.421875,2.796875,1
4153460417,-1.40625,2.078125,1
4153518401,-0.35546875,-0.330078125,2
4153519215,0.7578125,-0.6484375,0
4153588410,-0.89453125,-0.91015625,2
4153593539,-0.8515625,-0.8515625,2
4153644606,0.4765625,0.84765625,0
4153665781,-0.7734375,0.20703125,1
4153724253,-0.5859375,-0.62109375,2
4153746062,-0.9609375,-0.72265625,1
4153792459,-0.7734375,-0.81640625,2
4153796147,0.095703125,-0.0849609375,2
4153850017,-1.0390625,-1.2734375,0
4153935234,0.875,-0.1171875,0
4154605379,1.703125,-0.515625,0
4154627784,0.78125,0.318359375,0
4154713182,-0.1171875,-0.2060546875,2
4154720652,0.765625,-1.40625,0
4154789780,-0.25390625,-0.25390625,2
4154827103,0.27734375,1.0625,2
4154907220,1.90625,-0.92578125,0
4154950014,-1.609375,-1.25,1
4155045444,-0.4453125,-0.470703125,1
4155081458,-0.419921875,-0.486328125,2
4155322269,-0.8515625,-0.8515625,2
4155457363,-0.79296875,-0.82421875,2
4155480157,-0.6484375,-0.6484375,2
4155607772,-1.2578125,-1.28125,0
4155614089,-0.78125,-0.80078125,2
4155738270,-0.7734375,-0.75,2
4155815570,-0.65625,-0.51171875,1
4155821431,0.875,1.3671875,1
4155964869,-0.84375,-0.8359375,2
4156167210,-0.49609375,-0.5859375,0
4156200449,0.80859375,-1.7109375,0
4156241840,-0.7734375,-1.0703125,0
4156246813,-1.5859375,-0.91796875,1
4156247061,-0.84375,-0.81640625,2
4156426946,-1.2734375,-1.5390625,2
4156446558,-1.046875,-0.82421875,1
4156516667,-0.78125,-0.71484375,1
4156751029,-0.79296875,-1.1796875,0
4156808632,-0.1552734375,-1.3046875,0
4156819718,-1.125,-1.203125,1
4156835026,0.208984375,-0.482421875,1
4156877995,0.16015625,-0.7734375,0
4156903170,1.0390625,-1.4921875,0
4156944609,-0.72265625,-0.71484375,2
4156975367,-0.25390625,-0.376953125,1
4157042518,-0.859375,-0.89453125,2
4157065930,-0.25390625,0.90234375,1
4157121856,1.0390625,0.1064453125,0
4157202179,-1.21875,-0.859375,0
4157271433,-0.671875,-0.80859375,1
4157328519,-1.046875,-1.0625,1
4157351619,-0.62890625,-0.6796875,0
4157468989,-1.1796875,1.453125,1
4157553702,1.125,-0.62890625,0
4157596697,-1.25,-0.265625,1
4157850840,-0.373046875,-0.3125,1
4157862922,-1.34375,1.28125,1
4158162820,-0.1083984375,0.8515625,1
4158216844,-0.82421875,-0.82421875,2
4158319044,-0.5390625,-0.4609375,0
4158320246,-0.91015625,-0.91015625,2
4158384386,1.0234375,-0.91796875,0
4158443445,0.63671875,-0.1640625,0
4158451273,-0.81640625,-0.79296875,0
4158482969,0.138671875,-1.4140625,0
4158741913,-0.765625,-0.7578125,2
4158743498,0.5859375,-1.46875,0
4158847343,1.46875,-0.84375,0
4158871941,-0.2490234375,1.203125,2
4158956064,1.609375,1.640625,1
4159132124,0.0830078125,-0.11083984375,0
4159212573,-1.7421875,1.1796875,1
4159245152,1.6796875,1.2734375,0
4159252230,-0.875,-0.92578125,2
4159309891,-0.63671875,-0.5859375,0
4159507048,-0.8515625,-0.8515625,2
4159676266,0.09765625,-0.359375,0
4159678504,1.890625,2.109375,2
4159762343,1.90625,-0.341796875,0
4159862376,0.5546875,0.095703125,2
4159871276,2.484375,1.609375,0
4159921574,-0.51953125,-0.5703125,2
4159948020,-0.5546875,-0.59765625,2
4160041844,-1.25,-0.31640625,1
4160043630,-0.62890625,-0.54296875,2
4160080732,-0.04052734375,-0.5390625,0
4160195396,-0.875,-1.4375,0
4160207478,-0.291015625,-0.30859375,0
4160326571,-0.578125,-0.5703125,1
4160406211,1.3359375,-1.1953125,0
4160558878,-1.390625,-1.390625,2
4160567278,0.62890625,1.5625,1
4160677320,-1.46875,-0.72265625,1
4160779326,-1.4453125,-0.373046875,1
4160818915,-0.7421875,0.1767578125,1
4161222090,0.91015625,-0.3125,0
4161257562,-0.65625,-0.79296875,0
4161326752,-1.3515625,-1.4140625,0
4161333523,-0.61328125,-1.171875,0
4161345695,0.5703125,-1.109375,0
4161443903,-0.5625,1.40625,1
4161645561,2.328125,0.36328125,0
4161759410,-0.89453125,-0.84375,0
4161839611,0.046875,1.625,1
4161847157,-0.1298828125,-0.88671875,0
4161848152,-0.453125,1.0859375,1
4161852052,-0.2451171875,0.26953125,1
4161900564,-0.99609375,-1.3203125,2
4161922183,-0.5859375,-0.91796875,0
4162051164,-0.96875,-0.41015625,1
4162117496,-0.7734375,-0.765625,2
4162252188,1.1328125,1.046875,2
4162272312,-0.8359375,-0.49609375,0
4162350830,-0.9375,-0.90234375,2
4162408060,-0.3125,-0.294921875,2
4162445817,0.29296875,-0.9609375,0
4162449054,-0.82421875,-0.8359375,2
4162459939,-0.6640625,-0.54296875,1
4162528555,0.5859375,-0.21484375,0
4162616489,-0.8515625,-0.8359375,2
4162672809,0.92578125,0.1318359375,0
4162768760,0.9375,-0.44921875,0
4162802966,-0.1171875,-0.2578125,0
4162823459,-0.5390625,-0.0277099609375,1
4162842140,-0.98828125,-1.5859375,0
4162857843,-1.609375,2.546875,1
4162967201,-0.59765625,-0.453125,0
4162977085,1.25,-0.7578125,0
4162979002,-0.79296875,-0.80078125,2
4163070523,-1.671875,-1.6953125,2
4163224880,-1.296875,-0.384765625,2
4163413237,-0.6875,-0.671875,2
4163446392,-0.875,-0.859375,2
4163483123,1.1171875,1.0390625,0
4163549039,-0.59765625,-0.02978515625,1
4163730433,0.6875,1.1953125,1
4163825007,1.734375,2.109375,0
4163853717,0.014892578125,-1.078125,0
4163995818,-1.6484375,0.16015625,1
4164019995,-1.2265625,-1.234375,1
4164020584,-0.359375,-1.0234375,0
4164053465,-0.7734375,-0.7734375,2
4164180430,-1.3515625,1.40625,1
4164190091,-0.30078125,-0.265625,2
4164360491,-0.84375,-0.8671875,2
4164366962,1.109375,2.515625,1
4164422800,-0.82421875,-0.90234375,2
4164639546,0.37109375,1.5859375,1
4164946281,2.640625,2.84375,2
4164988558,0.2138671875,-1.265625,0
4165049322,1.078125,-1.5234375,0
4165104544,-0.8359375,-0.8515625,2
4165192940,0.48046875,-1.234375,0
4165271952,-1.03125,1.265625,2
4165400724,-0.45703125,-0.6484375,0
4165598458,0.08935546875,-0.09130859375,2
4165613284,-0.84375,-0.80859375,2
4165744583,0.189453125,1.046875,1
4165765810,-0.8671875,-0.84375,2
4165816512,-0.486328125,-1.046875,0
4165843200,-1.0234375,-1.046875,1
4165888321,-0.70703125,-0.3515625,2
4165941804,2.0,1.2421875,0
4165947662,-0.6796875,-0.5625,2
4165975140,-0.44921875,0.11279296875,2
4165982499,-0.81640625,-0.8359375,2
4165983842,-0.72265625,-0.765625,2
4166047617,-1.3125,0.06591796875,1
4166070957,-0.486328125,-0.5703125,2
4166109946,1.1796875,-1.453125,0
4166154475,-0.59765625,-0.59765625,2
4166166502,-1.0625,-1.1640625,2
4166166911,0.1826171875,-0.41015625,0
4166206527,-0.9609375,0.23828125,1
4166258201,-0.72265625,-0.80859375,2
4166271996,0.014892578125,-0.50390625,2
4166403423,-0.875,-0.88671875,2
4166443743,0.375,0.341796875,2
4166520754,-0.82421875,-0.7421875,2
4166591931,-0.765625,0.56640625,1
4166636068,-0.1171875,0.1875,0
4166657957,-0.875,-0.9453125,0
4166691224,-0.89453125,-0.5078125,1
4166813154,-0.62890625,-0.671875,2
4166902731,1.796875,2.015625,0
4166921552,-0.3984375,-0.6796875,2
4166994506,-0.1259765625,-0.142578125,2
4167041644,-0.8359375,-0.80078125,0
4167068924,-0.53125,-0.63671875,1
4167096971,0.333984375,0.057373046875,2
4167273702,0.671875,-0.63671875,0
4167318793,0.1748046875,1.7734375,1
4167319996,1.71875,0.2138671875,0
4167466838,-0.7421875,0.1640625,1
4167510653,-0.31640625,0.271484375,1
4167550578,-0.80078125,-0.80859375,1
4167675963,-0.765625,-0.7578125,2
4167705965,-0.51171875,-1.015625,2
4167900022,-0.80859375,-0.8359375,2
4167903727,-0.80859375,-0.81640625,2
4167987440,-0.875,-0.91796875,2
4168015805,-1.0390625,0.388671875,1
4168035588,-1.8125,-1.8125,2
4168086490,-0.30078125,-0.283203125,2
4168195654,0.6796875,0.251953125,1
4168217861,-0.055419921875,-1.7578125,0
4168221952,-0.5859375,-0.62109375,2
4168436541,0.173828125,1.5078125,1
4168612425,-1.1484375,-1.0234375,0
4168819879,-0.62890625,0.875,1
4168863051,-1.1796875,-0.51171875,2
4168905424,-0.3984375,-1.03125,0
4168940012,0.61328125,-0.30859375,0
4168973736,1.5546875,1.4453125,2
4169040683,-0.8515625,-0.859375,2
4169063775,-1.359375,-1.046875,1
4169152145,-0.419921875,-0.80078125,0
4169233066,-0.81640625,-0.82421875,2
4169282752,-0.25390625,-0.419921875,0
4169308866,-0.2236328125,-0.98828125,0
4169343630,-1.640625,0.7734375,1
4169352682,-1.578125,-1.609375,2
4169363171,-0.26171875,-0.91015625,0
4169521484,-0.2021484375,-0.359375,2
4169604162,-0.5546875,-0.1806640625,1
4169672936,2.078125,1.5390625,0
4169808721,-0.6796875,-0.7734375,0
4169883039,-1.5078125,-0.185546875,1
4170007001,-1.3515625,-0.70703125,1
4170060125,-0.875,1.9375,1
4170134628,0.466796875,-1.015625,0
4170283219,-0.8515625,-0.419921875,1
4170309703,-0.5625,-0.61328125,2
4170410272,-0.146484375,-0.427734375,0
4170496928,-0.578125,0.171875,1
4170507213,1.140625,-1.1015625,0
4170676183,0.1357421875,0.0810546875,0
4170695439,-0.72265625,0.1748046875,1
4170739200,-0.79296875,-0.79296875,2
4170768954,-0.193359375,-0.34765625,0
4170788078,-0.07861328125,0.6640625,1
4170903915,-1.6796875,-0.62109375,1
4171067017,-1.296875,-0.89453125,1
4171077677,-0.038330078125,0.8046875,1
4171176799,-0.96875,-0.82421875,1
4171201817,-0.82421875,-0.82421875,2
4171224670,2.0,2.21875,2
4171271542,-0.84375,-0.60546875,2
4171279316,-0.453125,1.96875,1
4171574309,-1.1015625,-0.78125,2
4171577104,0.365234375,-0.54296875,0
4171593426,1.5390625,-0.54296875,0
4171729273,-0.82421875,-0.7734375,1
4171816182,-1.1015625,-0.4921875,1
4171845034,0.48046875,-0.185546875,0
4171879266,-0.8515625,-0.84375,2
4171891685,-1.125,-1.078125,2
4171998584,-0.10205078125,0.84375,1
4172190642,0.61328125,0.58203125,2
4172199233,-0.6484375,-0.171875,1
4172303561,-1.328125,-0.91796875,2
4172309444,-0.84375,-0.88671875,2
4172354426,-0.75,-1.59375,0
4172472084,-0.80078125,-0.80078125,2
4172499314,0.48046875,1.6875,1
4172584142,-0.71484375,-0.6875,2
4172609151,-0.3671875,-0.294921875,1
4172633408,0.765625,1.6953125,2
4172669833,-1.3046875,-1.3515625,2
4172674866,-0.90234375,-0.7421875,2
4172864939,-1.046875,-0.1064453125,1
4172898321,-0.859375,-0.859375,2
4172915139,-1.234375,-0.279296875,1
4172947196,0.81640625,-1.546875,0
4172965563,-0.1767578125,-0.333984375,2
4172989254,-0.1591796875,0.2451171875,1
4173074985,-0.2236328125,1.5625,1
4173100975,-0.50390625,-0.578125,0
4173425439,-0.439453125,-0.240234375,1
4173530859,-0.7734375,-0.765625,2
4173700973,1.3203125,-1.0078125,0
4173785422,-0.470703125,-0.291015625,2
4173848971,-0.193359375,2.203125,1
4173924736,-1.484375,-0.671875,2
4174058512,-0.80859375,-0.7734375,2
4174180886,-0.75,-0.4453125,1
4174344180,-1.9140625,-1.7265625,2
4174432572,0.435546875,-1.15625,0
4174462741,0.49609375,-0.91796875,0
4174489058,0.76171875,-1.2734375,0
4174491416,0.004241943359375,-0.287109375,0
4174492587,-0.73046875,-0.73046875,1
4174542085,-1.0234375,-0.5859375,1
4174658190,-1.6484375,-1.6875,2
4174718145,-1.140625,-1.328125,0
4174835967,-0.71484375,-0.72265625,2
4174883723,-0.26953125,-0.5625,2
4174948918,-0.79296875,-0.80078125,2
4174972482,-0.287109375,-0.189453125,0
4175203725,-0.380859375,-0.423828125,0
4175245801,-0.6875,-0.62890625,2
4175305822,-0.5,-0.453125,2
4175367636,0.1943359375,-0.90234375,0
4175436066,2.03125,-0.52734375,0
4175477007,-0.279296875,-0.142578125,2
4175546451,0.306640625,-1.234375,0
4175772759,-0.875,-0.8671875,2
4175808371,0.69921875,1.3671875,1
4175995372,-1.1328125,-1.1015625,2
4176087396,-0.80078125,-0.79296875,2
4176110595,-0.69921875,0.166015625,1
4176288077,-0.84375,-0.875,2
4176290590,-0.142578125,0.306640625,1
4176358993,-0.75,-0.5859375,1
4176408034,-1.0546875,-0.84375,1
4176523478,-0.326171875,-0.7578125,2
4176524112,-0.279296875,-0.99609375,0
4176579531,-0.80859375,-0.78125,2
4176634784,-0.88671875,-0.859375,2
4176660341,0.1318359375,1.2265625,1
4177032161,-1.265625,-1.28125,2
4177043408,-0.73046875,-0.75,0
4177193680,0.0191650390625,2.546875,1
4177214417,-0.59765625,-1.8671875,0
4177496237,0.62109375,-1.046875,0
4177511337,-0.5546875,-0.578125,2
4177565166,0.53515625,2.328125,1
4177623046,0.91796875,1.3671875,0
4177758178,-0.474609375,-0.71484375,2
4177781973,1.1796875,1.4296875,0
4177809642,-1.4140625,0.7421875,1
4177848792,-0.92578125,-0.61328125,2
4178012968,-1.25,1.7421875,1
4178090534,-0.80859375,-0.82421875,2
4178113438,-0.9375,-0.9453125,2
4178202274,-1.0546875,-1.125,0
4178221700,-0.02978515625,0.41015625,1
4178409811,-0.78125,-0.80859375,2
4178422625,-0.72265625,-0.1806640625,1
4178580974,-0.859375,-0.8515625,2
4178691933,-0.21484375,-0.62109375,0
4178779416,-1.484375,0.1259765625,1
4178798364,0.33984375,0.2060546875,0
4178875598,-0.8515625,-0.875,1
4178878979,2.359375,0.2041015625,0
4178943362,1.140625,-0.9609375,0
4178952599,-0.5546875,0.279296875,1
4179085769,1.6328125,1.78125,2
4179093073,-1.078125,0.462890625,1
4179193113,0.18359375,-1.6953125,0
4179290343,-1.65625,-0.5703125,1
4179296178,-0.7578125,-0.7578125,0
4179339679,-0.5625,0.1630859375,2
4179381779,-0.41015625,-1.21875,0
4179516353,-0.21875,0.89453125,1
4179674948,1.078125,-0.98046875,0
4179889805,-1.4453125,-0.326171875,1
4180035916,-0.046875,-1.3359375,0
4180095908,0.283203125,-1.6015625,0
4180110449,-0.2314453125,-0.294921875,1
4180159800,0.2197265625,0.90234375,1
4180217850,-1.1328125,-1.1953125,1
4180244527,0.044677734375,-0.79296875,0
4180289171,0.1806640625,0.314453125,2
4180340316,-0.7578125,-0.79296875,2
4180442451,0.1806640625,0.4765625,0
4180555882,-1.0625,-1.0625,0
4180691754,-0.7578125,-0.765625,2
4180730753,-0.84375,0.12353515625,1
4180749461,-0.98046875,-1.2578125,2
4180754702,1.0234375,-1.671875,0
4181032576,-0.6484375,-0.91015625,0
4181116519,-1.1015625,-0.84375,1
4181143702,-0.82421875,-0.73046875,1
4181145755,-0.41015625,-0.41015625,2
4181333398,-1.234375,1.71875,1
4181356924,-1.625,2.609375,1
4181369541,-0.5,-0.1591796875,2
4181408495,2.484375,-0.333984375,0
4181782696,1.65625,-0.78125,0
4181784550,-0.859375,-0.2451171875,0
4181836058,-0.84375,-0.84375,2
4181869843,2.421875,-0.99609375,0
4181957411,-1.046875,-0.055419921875,1
4182139432,-0.875,-0.875,2
4182287043,-0.61328125,-0.055419921875,1
4182333701,1.8671875,0.75,0
4182362431,0.2392578125,-0.53125,0
4182412427,-0.75,-0.75,2
4182568415,1.8359375,-1.1796875,0
4182612223,0.46875,-0.41015625,0
4182616832,-0.72265625,-0.7578125,2
4182676184,-0.875,-0.8671875,2
4182769502,0.306640625,0.51953125,1
4182769623,-0.40234375,0.0021209716796875,1
4182804422,-0.5859375,-0.7734375,2
4183025586,-1.15625,0.1318359375,1
4183084229,-0.82421875,-0.78125,2
4183098708,-0.4921875,-0.3671875,2
4183250484,-0.859375,-0.88671875,2
4183528909,-0.875,-0.859375,2
4183561471,1.6015625,-0.79296875,0
4183613999,0.0361328125,1.078125,1
4183670912,-1.2265625,-0.875,1
4183802871,-0.0169677734375,-1.125,0
4183954545,0.408203125,0.6953125,1
4183983954,1.46875,-0.7578125,0
4184016576,-1.1484375,-0.7421875,1
4184055512,-0.859375,-0.8359375,2
4184120652,0.2060546875,-1.1171875,0
4184151175,-0.7734375,-0.80078125,2
4184202084,-0.82421875,0.146484375,1
4184269064,-0.5625,-0.5859375,2
4184383183,-0.7734375,-0.80078125,2
4184609760,-0.388671875,-0.279296875,1
4184844164,-0.99609375,-0.07470703125,1
4184957425,-0.80859375,-0.80859375,2
4185040809,-0.7421875,-0.72265625,2
4185050265,-1.0859375,0.56640625,1
4185055657,-0.4453125,-0.4453125,2
4185132007,-0.953125,0.337890625,1
4185134029,-0.7421875,-0.75,2
4185135579,-1.421875,0.50390625,1
4185190563,-0.72265625,-0.419921875,1
4185273438,-0.98046875,0.34765625,1
4185328818,-0.81640625,-0.82421875,2
4185499146,-0.3671875,-0.51953125,0
4185509374,-0.671875,0.38671875,1
4185563072,-0.2236328125,-0.39453125,2
4185585688,0.7421875,-1.4140625,0
4185590859,-0.78125,-1.046875,0
4185651940,-0.7578125,-0.7578125,0
4185724417,-0.91796875,0.212890625,1
4185741329,-1.015625,-1.1015625,2
4185904846,-0.1982421875,1.0234375,1
4186030397,-0.439453125,0.0191650390625,1
4186061511,-0.80859375,-0.78125,2
4186244509,0.2578125,-1.390625,0
4186253347,-0.478515625,0.5703125,1
4186489337,0.2333984375,0.6484375,2
4186489411,0.6796875,1.5546875,1
4186538905,0.11474609375,2.046875,1
4186640350,0.353515625,0.7578125,1
4186708974,-0.419921875,-1.28125,0
4186823096,1.140625,-1.421875,0
4186864445,-0.06591796875,0.298828125,1
4186955213,-0.30078125,0.59765625,1
4187058305,-1.046875,0.1044921875,1
4187060144,0.47265625,-1.1640625,0
4187382747,0.72265625,0.39453125,0
4187413969,-0.044677734375,-0.5859375,0
4187450057,0.32421875,-0.41015625,0
4187578611,-0.146484375,-0.07666015625,1
4187659488,-1.3203125,-0.65625,1
4187706060,0.640625,0.953125,2
4187818011,0.396484375,-0.26953125,0
4187953419,-0.98828125,-0.859375,1
4187995788,-0.88671875,-0.80859375,1
4188033308,-0.1259765625,-1.453125,0
4188095022,-1.0625,-0.5625,1
4188323107,1.40625,0.328125,0
4188329461,0.640625,-0.6875,0
4188382989,-1.8828125,-1.8125,1
4188445429,-0.333984375,-0.275390625,1
4188572588,0.82421875,0.3984375,0
4188701931,-0.25390625,-0.2236328125,2
4188718061,0.07470703125,-0.71484375,0
4188719719,-0.478515625,-0.435546875,2
4188720589,-0.8359375,-0.80078125,2
4188723645,-0.12109375,0.12109375,1
4188882777,-1.5078125,-0.25390625,1
4189032911,0.21875,-0.79296875,0
4189070973,2.046875,-0.54296875,0
4189199849,-0.671875,-0.7734375,0
4189240769,-0.78125,-0.78125,2
4189373812,-0.31640625,2.109375,1
4189448748,-1.28125,-0.337890625,1
4189475053,-1.4921875,-1.4140625,2
4189485313,-0.91796875,-0.75,1
4189594789,-0.72265625,-0.75,2
4189628934,-0.06396484375,-0.283203125,0
4189673017,-0.671875,-0.671875,2
4189903114,0.57421875,-0.96875,0
4189903570,-0.36328125,-1.625,0
4190026775,-0.82421875,-0.84375,2
4190044324,-1.65625,-1.8125,0
4190092214,-1.3203125,-1.078125,1
4190120121,-0.82421875,-0.875,0
4190123713,-0.59765625,-0.859375,0
4190164448,0.5703125,1.78125,1
4190172079,-1.6875,0.81640625,1
4190207085,1.3046875,-1.609375,0
4190355019,-0.80859375,-0.80859375,2
4190607147,0.044677734375,1.9453125,1
4190625764,-1.796875,0.90234375,1
4190694161,0.177734375,-0.006378173828125,0
4190774693,-0.5859375,-0.59765625,2
4190840232,-1.1953125,0.89453125,1
4191214483,0.171875,0.255859375,2
4191278050,1.1328125,-0.84375,0
4191350323,-0.98828125,-0.05322265625,1
4191491926,-0.78125,-0.8359375,1
4191560269,0.5078125,0.5703125,0
4191582295,-0.0234375,0.6953125,1
4191601943,-0.6875,1.578125,1
4191803774,0.82421875,-0.98046875,0
4191809121,-0.9453125,-1.03125,2
4191825747,-0.482421875,-0.7578125,0
4191871087,-0.1552734375,-0.80859375,0
4191998097,-1.7578125,-0.82421875,1
4192070310,1.9296875,0.057373046875,0
4192103700,-1.5,0.255859375,1
4192140404,-0.5546875,-0.6875,0
4192165148,-0.7578125,-0.7734375,2
4192204784,-1.5390625,-1.53125,0
4192337966,-0.423828125,0.59765625,1
4192406678,-0.7734375,-0.79296875,2
4192407066,-0.5546875,-0.89453125,0
4192445564,-1.046875,-0.50390625,1
4192448522,-0.21875,-1.078125,0
4192504949,-1.3203125,-1.3046875,2
4192639084,-0.435546875,0.259765625,2
4192691058,-1.109375,0.306640625,1
4192697246,0.12109375,1.5390625,1
4192767001,-0.7734375,-0.78125,2
4192781863,0.75,-0.40234375,0
4192994643,1.5390625,-0.75,0
4193064537,-0.92578125,-0.388671875,1
4193224903,0.37109375,0.79296875,2
4193237152,-1.578125,0.73046875,1
4193273252,3.15625,0.04248046875,0
4193307072,0.181640625,-0.146484375,0
4193318395,-0.72265625,-0.1640625,1
4193338956,-1.1328125,-1.4453125,2
4193465699,1.71875,2.390625,1
4193685101,1.140625,-0.30859375,0
4193688494,0.443359375,0.23046875,0
4193775352,-0.765625,0.609375,1
4193908690,-1.6953125,1.1953125,1
4194150310,-0.79296875,-0.79296875,2
4194164191,-1.8828125,-1.7578125,2
4194213797,-0.82421875,-0.63671875,1
4194340648,1.1640625,-0.057373046875,0
4194365901,1.34375,0.40625,2
4194370349,-0.8515625,-0.859375,2
4194387370,-0.82421875,-0.875,2
4194522033,0.22265625,-0.1640625,0
4194578980,-1.15625,0.1044921875,1
4194615553,-0.875,-0.5703125,1
4194842638,-0.79296875,-0.7734375,2
4194909693,-0.486328125,1.078125,2
4194936305,1.0703125,-1.7421875,0
4194973013,-0.7421875,0.54296875,1
4195019530,-0.055419921875,0.349609375,2
4195185784,1.1953125,1.1171875,0
4195312630,0.26953125,-0.359375,0
4195348438,-0.5078125,0.7421875,1
4195403958,-0.70703125,-0.61328125,1
4195417677,-0.373046875,-0.5078125,2
4195418175,0.16796875,0.39453125,2
4195459891,-0.337890625,-0.373046875,0
4195489230,-0.7421875,-0.671875,1
4195574869,-0.9453125,0.74609375,1
4195618506,-1.1328125,-0.478515625,1
4195818957,-0.859375,-0.8359375,2
4195835698,-0.75,-0.7578125,2
4196018712,-0.60546875,-0.8515625,0
4196088169,-1.7265625,-0.4453125,1
4196104333,1.84375,0.16015625,0
4196209059,2.515625,0.2041015625,0
4196273503,-0.51171875,-0.61328125,2
4196281932,1.296875,1.640625,1
4196302229,-0.71484375,-0.6796875,1
4196425669,0.98046875,1.1953125,2
4196464969,0.5625,0.119140625,0
4196492906,-0.875,-0.875,2
4196529871,-1.484375,-0.96875,1
4196542797,1.1796875,-0.62890625,0
4196605305,-0.84375,-0.79296875,2
4196634256,-1.078125,-0.98828125,2
4196740661,-0.4453125,-1.203125,0
4196862242,-0.5078125,-1.03125,0
4196938435,1.203125,0.349609375,0
4196962833,-0.875,-0.89453125,2
4197054597,-0.80078125,-0.80859375,2
4197094854,-0.7421875,-0.7421875,2
4197226936,-0.006378173828125,2.296875,1
4197297122,-1.59375,-0.72265625,1
4197301939,-0.333984375,-0.62890625,2
4197384588,0.8671875,-0.82421875,0
4197442691,-0.75,-0.7578125,2
4197483593,-0.0849609375,-0.12109375,2
4197502399,-0.89453125,-0.70703125,1
4197668521,0.8515625,-0.11083984375,0
4197706170,-0.21484375,-0.0849609375,1
4197732275,-0.9453125,-0.79296875,0
4197739414,-0.02978515625,-0.1298828125,0
4197869230,1.65625,0.70703125,1
4197926115,-0.79296875,-0.79296875,2
4198015647,-1.015625,-0.6875,1
4198213261,-0.2578125,-0.51953125,2
4198230943,1.84375,-0.9375,0
4198326990,-1.7109375,-0.482421875,1
4198361575,1.5234375,-0.65625,0
4198382072,-0.5625,-0.96875,0
4198384283,-1.609375,-1.625,2
4198426697,1.921875,-0.765625,0
4198453021,-0.3984375,-1.34375,0
4198462022,-0.5703125,-0.53515625,2
4198495861,-1.015625,0.259765625,1
4198638321,0.74609375,1.84375,1
4198665000,-0.91796875,-1.1484375,0
4198765301,-1.3125,0.96875,1
4198823489,-0.435546875,-0.41015625,2
4198839115,-0.89453125,-1.3359375,0
4198855286,-0.0830078125,-0.09130859375,2
4198921068,-0.79296875,-0.84375,0
4198930172,-0.80859375,-0.021240234375,2
4198991505,-1.1015625,-1.0859375,1
4199341465,-1.15625,0.2451171875,1
4199377257,-0.8515625,-0.81640625,2
4199490204,-0.953125,-1.015625,0
4199527387,0.1787109375,-1.21875,0
4199554564,-1.1328125,-0.359375,1
4199591707,-0.291015625,-0.095703125,2
4199657944,-0.51171875,-0.71484375,0
4199710834,-0.7578125,-0.9609375,0
4199746767,-1.7578125,-1.796875,0
4199749410,-0.7578125,-0.7578125,2
4199915994,2.03125,1.609375,2
4199959504,0.490234375,1.15625,1
4200012415,-0.81640625,-0.80859375,2
4200041412,-0.90234375,-0.84375,1
4200088116,-0.65625,-0.6796875,2
4200116363,-0.52734375,-0.51953125,2
4200178121,-0.69921875,0.67578125,1
4200232113,-1.3515625,2.296875,1
4200354648,0.26953125,0.98828125,0
4200624010,-1.109375,0.78125,1
4200662971,-1.3125,-1.3046875,1
4200802270,-0.875,-0.84375,1
4200906337,-0.51171875,-1.265625,2
4201029752,-0.41015625,-0.61328125,2
4201139957,-0.5859375,-0.53515625,2
4201190277,-0.7421875,-0.6875,2
4201251586,-0.82421875,-0.80859375,2
4201340181,0.77734375,2.78125,1
4201351583,-0.7421875,-0.71484375,2
4201405075,-0.3125,-0.2578125,2
4201462799,-0.89453125,-0.89453125,2
4201568106,0.16796875,-1.234375,0
4201572470,-0.82421875,-0.8671875,2
4201597732,-0.80078125,-0.8359375,0
4201858738,-0.96875,-1.046875,2
4201958783,0.224609375,-0.82421875,0
4202190863,-0.91015625,-0.63671875,1
4202216689,-0.1259765625,-1.96875,0
4202253676,-0.98828125,-1.046875,2
4202272395,-0.5703125,-1.421875,0
4202313126,-0.7421875,-1.9140625,0
4202369684,0.310546875,-0.431640625,1
4202449564,-0.75,-0.78125,2
4202470157,0.70703125,-1.1328125,0
4202546283,-0.80859375,-0.80859375,2
4202588088,-0.7734375,-0.5625,1
4202628431,-0.7734375,-0.7578125,2
4202732049,-0.051025390625,-0.275390625,2
4202758869,-0.78125,-0.78125,2
4202774026,-0.84375,-0.88671875,2
4202792520,-0.88671875,-0.859375,2
4202808023,-1.3046875,-0.3984375,1
4202867269,-0.5703125,-0.5703125,2
4202907543,0.1357421875,-0.51953125,0
4203001345,-0.671875,-0.39453125,1
4203049462,-0.1982421875,-0.478515625,0
4203159050,-0.96875,-0.90234375,2
4203215347,1.0625,-1.78125,0
4203226639,1.046875,0.6171875,0
4203271127,0.42578125,0.54296875,2
4203311514,-1.265625,-1.1171875,1
4203336799,-1.6328125,-0.30078125,1
4203370903,2.515625,0.93359375,0
4203382257,-1.1640625,-1.1171875,1
4203389920,-0.5859375,0.0703125,1
4203447979,-0.486328125,-1.1640625,0
4203453793,-0.84375,-0.82421875,2
4203467251,1.59375,-0.326171875,0
4203472375,-0.453125,-1.453125,0
4203500866,-1.140625,-0.62890625,1
4203558115,1.8359375,2.203125,1
4203678080,-0.5625,-0.62890625,2
4203708763,-0.9375,-0.859375,1
4203735144,0.333984375,0.4609375,0
4203897703,-0.236328125,0.14453125,0
4203921554,0.9453125,-0.65625,0
4203929745,2.3125,-0.91015625,0
4204148722,-0.859375,-0.84375,2
4204251587,-0.26953125,-0.40625,0
4204296983,-0.0169677734375,-0.12109375,2
4204314195,0.330078125,-0.859375,0
4204395194,0.30078125,-0.875,1
4204395711,-1.296875,-0.2578125,1
4204499980,0.038330078125,-0.2490234375,1
4204597476,-0.470703125,0.306640625,1
4204614920,-0.88671875,-0.875,2
4204728837,0.28515625,0.52734375,1
4204760976,-0.34765625,-0.337890625,2
4204923022,1.3125,1.8984375,1
4205207896,0.71875,-1.3203125,0
4205227067,0.6015625,0.224609375,0
4205236413,1.59375,-1.015625,0
4205408166,-0.8359375,0.75,1
4205416862,-0.6796875,-0.5078125,2
4205448449,0.37109375,-0.69921875,0
4205475972,-0.16796875,-1.015625,0
4205539430,0.72265625,-1.03125,0
4205556850,0.0849609375,-1.7109375,0
4205590831,-0.84375,-0.8515625,2
4205660616,-1.40625,-1.4453125,2
4205700834,-0.99609375,-0.91015625,2
4205918529,-0.6875,-0.7421875,2
4205926084,0.5859375,-0.78125,0
4206104127,0.96484375,-0.095703125,0
4206620868,-0.337890625,-0.34765625,0
4206644455,-0.1767578125,-0.439453125,2
4206692298,-0.7421875,-0.765625,2
4206771947,-0.1171875,-0.330078125,2
4206856770,-0.91796875,1.0703125,1
4206857843,-1.046875,-1.0078125,1
4206928033,-1.2734375,-0.006378173828125,1
4206978375,-1.4375,0.80859375,2
4207117515,0.435546875,0.71484375,1
4207145444,0.97265625,-1.15625,0
4207230250,-0.7421875,-0.73046875,2
4207350137,-0.9609375,-1.078125,1
4207399881,-0.31640625,-1.1171875,0
4207419389,-1.140625,-0.021240234375,1
4207458018,-1.34375,-1.46875,2
4207608715,-0.99609375,-0.283203125,1
4207644382,-0.6796875,-1.265625,0
4207712693,0.216796875,-0.376953125,0
4207858001,0.99609375,0.0595703125,0
4207872091,-0.96875,-0.326171875,1
4207955292,1.8828125,2.515625,1
4208005018,-0.80078125,-0.45703125,1
4208033247,0.2431640625,-0.2236328125,0
4208070973,-0.7421875,-0.1044921875,1
4208094018,-0.0595703125,-0.9375,0
4208245481,-0.39453125,0.1669921875,1
4208264163,0.6328125,0.361328125,2
4208315932,-0.9453125,-0.859375,0
4208337852,0.072265625,-1.21875,0
4208358725,-1.828125,0.84375,1
4208363462,-0.73046875,-0.72265625,2
4208377575,-0.80859375,-0.80859375,1
4208666725,0.84375,-1.3984375,0
4208691918,-0.80859375,-0.73046875,2
4208697224,-1.46875,-1.1171875,1
4208856820,0.255859375,-0.62890625,0
4208888433,-1.3671875,2.5625,1
4209039686,1.1796875,-0.7734375,0
4209043802,-1.078125,-1.0546875,0
4209106876,1.703125,-1.1796875,0
4209241314,0.1171875,-0.3515625,2
4209242419,-0.1044921875,-0.08740234375,2
4209248786,-0.31640625,-0.62109375,2
4209314291,0.34375,0.1591796875,2
4209346609,0.89453125,1.421875,1
4209382341,-0.72265625,-0.69921875,0
4209560151,-0.7734375,-0.98046875,0
4209717362,0.6015625,-0.1552734375,0
4209884162,-0.765625,-0.71484375,2
4209952560,0.5546875,-0.06591796875,0
4210007768,-1.1484375,0.2470703125,1
4210113770,-0.98046875,-0.98046875,2
4210188715,-0.7734375,-0.7578125,2
4210219819,1.484375,1.125,0
4210274742,0.53125,-0.057373046875,0
4210339544,-0.095703125,-1.2734375,0
4210429094,-0.30078125,0.24609375,1
4210751808,-1.0546875,-0.2060546875,1
4210895034,0.8984375,-0.91015625,0
4210933969,-1.6796875,-1.609375,2
4210968637,-0.62890625,-0.138671875,1
4210995470,-0.40234375,-0.6875,2
4211106202,0.353515625,0.14453125,2
4211109453,-1.390625,-0.72265625,1
4211116217,2.90625,-0.453125,0
4211159893,-0.8359375,-0.80859375,2
4211248122,1.359375,-0.0361328125,2
4211385637,0.2412109375,1.703125,1
4211405339,0.06591796875,-1.5234375,0
4211559987,0.162109375,-0.2490234375,0
4211791373,-0.84375,-0.8359375,2
4211877091,0.69921875,0.349609375,0
4211935322,-0.72265625,-0.73046875,0
4211973456,-0.5078125,-0.5625,0
4212004032,0.53515625,-1.1640625,0
4212250620,0.1044921875,0.16796875,2
4212312947,-0.80078125,-0.82421875,2
4212432760,-1.125,-1.328125,0
4212480740,-0.75,-0.0361328125,1
4212517026,0.1357421875,1.5390625,1
4212683043,-0.4921875,-0.21484375,1
4212701199,-0.7578125,-0.75,2
4213015875,-0.470703125,0.201171875,1
4213039786,-1.28125,-1.296875,0
4213057466,-1.4296875,-1.34375,2
4213118986,-0.78125,-0.7734375,2
4213159674,-1.03125,1.0625,1
4213165401,-0.7421875,-0.7421875,2
4213202148,-0.474609375,-0.8515625,0
4213413316,1.7421875,-0.91015625,0
4213461981,-0.8515625,-0.8515625,2
4213513260,-0.9453125,-1.1484375,0
4213513434,0.1875,0.53515625,1
4213558167,-0.75,-0.7421875,2
4213576227,-0.79296875,-1.4296875,0
4213638078,-0.4921875,-1.078125,0
4213703396,-0.6875,0.1650390625,1
4213950427,0.29296875,-1.21875,0
4214054512,-1.4375,0.2138671875,1
4214265819,-0.265625,-0.81640625,0
4214279148,-1.8671875,1.4921875,1
4214325799,-0.80078125,-0.79296875,2
4214450583,-1.125,-1.203125,2
4214689421,-0.90234375,-0.89453125,2
4214757383,-0.4609375,-0.515625,0
4214785258,-0.0703125,0.0,1
4214811844,-0.376953125,0.20703125,0
4214871646,-0.7734375,-0.486328125,1
4214876898,-0.80078125,-0.84375,0
4214893518,-0.81640625,-0.81640625,2
4214992724,-0.63671875,-0.5546875,0
4215069194,-0.2314453125,-0.3125,2
4215105062,-0.75,-0.78125,2
4215140113,-0.21875,-0.515625,2
4215172659,-0.578125,-0.388671875,0
4215257267,1.890625,-1.78125,0
4215346086,-0.7578125,0.6015625,1
4215382708,-0.3671875,1.140625,1
4215486948,-1.828125,-1.8671875,0
4215506531,-0.7421875,-0.9453125,2
4215540619,-1.25,-1.1640625,1
4215550633,0.341796875,1.171875,1
4215775875,-0.376953125,0.419921875,1
4215802168,0.357421875,0.046875,0
4215855431,-1.3203125,-0.96875,1
4215922658,-0.5625,0.46875,1
4215941661,-0.3203125,0.0277099609375,1
4215943106,-0.8359375,-0.81640625,2
4215952705,-0.4609375,-1.65625,0
4216024617,-1.78125,-0.82421875,1
4216063518,-0.1552734375,-0.142578125,1
4216086527,-1.2734375,0.1650390625,1
4216093509,-0.9453125,-0.859375,2
4216097527,0.37109375,0.92578125,1
4216142538,0.10009765625,-1.65625,0
4216204587,-1.1328125,0.6953125,1
4216337905,0.75,0.66796875,2
4216393500,-0.6875,-0.72265625,2
4216398877,0.4765625,-1.1796875,0
4216460780,0.4921875,-1.3359375,0
4216471352,-0.98828125,-0.84375,2
4216704538,-1.2578125,-0.9375,1
4216751888,-0.765625,-0.78125,2
4216769264,-0.30859375,-0.59765625,0
4216888231,0.453125,0.458984375,0
4217081008,-0.5703125,-0.4921875,2
4217089179,0.263671875,0.09375,1
4217158358,-0.7578125,-0.7578125,2
4217162489,-0.380859375,-0.10009765625,1
4217163582,0.765625,0.7421875,0
4217167328,0.494140625,-1.03125,0
4217207737,-0.82421875,-0.859375,2
4217305068,1.453125,0.859375,0
4217499598,1.8515625,1.2421875,2
4217667437,-1.59375,-1.65625,2
4217724456,1.0859375,0.99609375,0
4217759934,0.396484375,0.3359375,2
4217960996,-1.265625,-0.69921875,1
4218005059,-0.82421875,-0.79296875,2
4218036675,1.0546875,-0.61328125,0
4218187867,0.419921875,-0.53515625,0
4218205855,1.5078125,-1.5078125,0
4218242690,-0.78125,-0.953125,2
4218567078,0.09375,-0.16796875,0
4218587748,0.91796875,-0.9609375,0
4218709426,0.1572265625,0.189453125,0
4218722664,0.455078125,-1.4921875,0
4218747282,1.1328125,0.76953125,0
4219003246,-0.578125,-0.06787109375,1
4219016194,-0.51953125,0.4609375,1
4219055044,-0.44921875,-0.91796875,2
4219086767,-0.9453125,-0.7734375,1
4219126037,-0.2451171875,-0.88671875,0
4219126153,0.119140625,-0.427734375,0
4219148809,-0.82421875,-0.79296875,2
4219164523,-0.49609375,-0.82421875,1
4219212483,0.2109375,-1.1953125,0
4219233608,0.2578125,0.4296875,1
4219270156,-0.185546875,-0.5625,0
4219323722,-0.193359375,-0.69921875,0
4219506837,-0.8359375,-0.8515625,2
4219516491,-1.2265625,-1.1484375,2
4219634469,-1.78125,-1.7265625,2
4219667568,-0.474609375,-1.5546875,0
4219980097,-1.15625,-0.486328125,1
4220056378,0.51171875,-1.796875,0
4220063789,0.671875,-0.54296875,0
4220149347,-0.671875,0.451171875,1
4220233372,-0.3984375,-0.3125,2
4220240385,-0.88671875,-0.89453125,2
4220290774,0.1171875,-1.1484375,0
4220305502,-0.73046875,-1.046875,0
4220311356,-0.5390625,-0.49609375,2
4220495759,-1.265625,0.72265625,1
4220521423,1.1953125,1.9921875,1
4220663412,1.96875,-0.7421875,0
4220674200,0.1513671875,-0.578125,0
4220721936,0.7578125,-1.421875,0
4220751793,-0.84375,-0.84375,2
4220753267,-0.96875,-1.671875,0
4220767928,-1.3125,0.044677734375,1
4220800031,-0.51953125,-0.4453125,1
4220898398,-1.2578125,-0.92578125,0
4220954882,-0.44921875,-0.61328125,0
4221188589,-0.49609375,0.04052734375,1
4221212915,-0.765625,-0.79296875,2
4221368533,-0.7421875,0.455078125,1
4221534759,0.412109375,-0.051025390625,0
4221564991,-1.40625,1.3359375,1
4221594129,-0.70703125,-1.453125,0
4221656851,-0.31640625,0.310546875,1
4221668962,-0.62890625,-0.5625,2
4221720001,-1.390625,0.0849609375,1
4221790380,1.9765625,-0.466796875,0
4221854008,-1.390625,1.2734375,1
4221900502,-0.2109375,-0.96875,0
4221941249,-0.4453125,-1.984375,0
4221959654,-0.423828125,-0.72265625,0
4221973016,-0.26953125,-1.5859375,0
4222028214,-0.80859375,-0.765625,1
4222086737,0.9375,0.953125,2
4222174166,0.99609375,0.333984375,0
4222267907,0.65625,1.625,1
4222362831,-0.91015625,-0.875,0
4222431561,1.046875,-1.25,0
4222536975,-0.61328125,0.94140625,1
4222545106,-0.7421875,-0.78125,0
4222577204,-0.9453125,-0.384765625,1
4222740905,0.82421875,0.4609375,0
4222785443,-0.8359375,0.3359375,1
4222806304,-0.2578125,0.298828125,1
4222815897,0.33203125,1.421875,1
4222847658,-0.3046875,-0.3515625,0
4222896710,-0.333984375,-0.384765625,1
4222953595,-0.51171875,1.203125,1
4222961817,-0.79296875,-0.79296875,2
4223244199,-0.2578125,-0.384765625,0
4223301255,-0.875,-0.84375,1
4223340612,-1.1796875,-0.439453125,1
4223345373,-0.61328125,2.53125,1
4223387653,-0.671875,-0.62109375,1
4223399997,1.578125,-0.79296875,0
4223410220,-0.88671875,-0.82421875,2
4223413602,-1.203125,-0.6640625,1
4223746574,-0.36328125,-0.5703125,0
4223763439,-0.7421875,-0.80078125,0
4223764049,0.8515625,-0.171875,0
4223786561,-0.193359375,0.578125,1
4223913492,0.1318359375,0.33984375,2
4223951278,0.97265625,-0.275390625,0
4223990868,-1.390625,2.328125,1
4224066676,-0.91015625,0.328125,1
4224115839,1.3046875,-0.7578125,0
4224123809,-1.234375,-1.3203125,2
4224330542,-0.07470703125,1.7265625,0
4224487971,-0.859375,-0.81640625,0
4224488475,-0.50390625,0.1044921875,1
4224532506,-0.3671875,-0.294921875,0
4224546335,-0.859375,0.021240234375,1
4224565288,1.2109375,-1.1328125,0
4224707626,-1.1015625,-1.3984375,2
4224728234,-1.3203125,0.55078125,1
4224797115,-0.61328125,-0.359375,2
4224812135,0.9375,-0.92578125,0
4224860363,-0.953125,0.08740234375,1
4224863280,-1.28125,-0.330078125,1
4224929567,0.267578125,-0.330078125,0
4225011878,-0.62109375,-0.69921875,0
4225023243,-0.7734375,-0.2578125,1
4225093378,-0.63671875,-0.65625,2
4225138094,-0.859375,-0.84375,2
4225163398,-0.10205078125,-0.34765625,2
4225174423,-0.52734375,-0.431640625,2
4225202894,-0.8515625,-0.8515625,2
4225209826,-1.2265625,-1.3125,0
4225353156,-0.80859375,-0.859375,0
4225429292,0.6171875,0.5859375,1
4225507700,-0.8515625,-0.8359375,2
4225571345,0.8671875,-1.2109375,0
4225692102,-0.91015625,-0.84375,2
4225694468,-1.46875,-1.1484375,1
4225794120,-0.92578125,-0.7578125,1
4225867641,0.1259765625,-0.765625,0
4225915327,2.609375,-1.0078125,0
4226163107,1.03125,-1.453125,0
4226180259,0.0361328125,-0.6875,0
4226256701,-0.875,-0.31640625,1
4226335147,-0.70703125,0.138671875,1
4226462335,-0.98828125,-0.9609375,2
4226561711,-0.765625,-0.84375,0
4226791036,0.10009765625,0.1875,2
4226795445,-0.0234375,0.72265625,1
4226859051,0.65625,-0.26953125,0
4226920149,0.248046875,-1.1171875,0
4226971091,0.65625,-0.26171875,0
4227027374,-0.90234375,0.072265625,1
4227115802,0.578125,0.9375,1
4227221919,0.953125,-0.69921875,0
4227253840,-0.70703125,-0.79296875,2
4227300365,-0.84375,0.484375,1
4227312268,2.421875,-1.203125,0
4227370967,1.2265625,-0.466796875,0
4227388144,1.1796875,1.0703125,0
4227422444,-0.02978515625,-0.171875,2
4227477791,-0.6875,-0.5703125,1
4227490224,-0.4609375,-0.189453125,1
4227491806,-0.30859375,-1.40625,0
4227573282,-0.5859375,0.08935546875,1
4227608081,-0.73046875,-0.70703125,2
4227673279,-0.470703125,1.0078125,1
4227706654,0.40234375,-0.78125,0
4227725606,-1.7265625,-1.78125,2
4228007665,-0.70703125,-0.71484375,2
4228017915,-0.80859375,-0.79296875,2
4228053482,-0.146484375,-0.4453125,0
4228081378,-0.63671875,0.60546875,1
4228111213,-1.4453125,-1.3515625,0
4228138689,-0.439453125,-0.80859375,2
4228256019,1.0078125,-1.484375,0
4228318696,-0.51953125,-0.875,0
4228353914,0.0703125,0.314453125,1
4228357419,-0.65625,0.25390625,1
4228478004,0.9375,-0.287109375,0
4228514324,-0.138671875,-1.0625,0
4228604298,1.7890625,-0.376953125,0
4228672218,-0.60546875,0.10009765625,1
4228693234,0.193359375,2.703125,1
4228695445,-0.81640625,-0.82421875,2
4228846139,-1.3046875,-1.234375,1
4228864129,-0.72265625,-0.7578125,0
4228881315,-1.0625,-0.59765625,1
4228958963,-1.40625,-0.435546875,1
4228984049,-0.45703125,0.302734375,1
4228989625,0.2021484375,0.033935546875,0
4228994472,-0.953125,-0.91796875,2
4229021901,-0.82421875,0.2890625,1
4229024373,-0.8515625,-0.859375,2
4229026270,2.625,-0.78125,0
4229029324,1.0234375,0.09765625,0
4229267872,-1.1484375,0.80078125,1
4229308244,-0.859375,-0.1982421875,1
4229384919,-0.78125,-0.78125,2
4229393037,-0.34765625,2.546875,1
4229455167,-0.3046875,-0.5625,0
4229518975,-0.78125,-0.80078125,2
4229565591,-0.82421875,-0.84375,2
4229729456,0.3046875,-0.65625,0
4229760992,0.2275390625,-1.1015625,0
4229891109,0.80078125,-0.78125,0
4229911856,0.6796875,-0.0703125,0
4229941807,-0.283203125,-0.75,0
4230005877,-0.0021209716796875,1.5546875,1
4230038459,-0.91015625,-0.859375,2
4230051950,-0.78125,-0.80859375,2
4230143796,0.61328125,0.62890625,0
4230209886,-0.7578125,-0.7578125,2
4230246994,-0.8515625,-0.875,2
4230389296,-0.88671875,-0.84375,2
4230393646,-0.51171875,-0.51171875,2
4230414336,-0.8671875,-0.859375,2
4230441485,-1.4453125,-0.7421875,1
4230597810,-0.63671875,-0.72265625,0
4230621637,1.2734375,0.408203125,0
4230632701,-0.84375,-0.8359375,2
4230647450,-0.014892578125,-0.80078125,0
4230691533,-0.78125,-0.69921875,1
4230725414,-0.39453125,-1.734375,0
4230727371,-0.291015625,-1.015625,0
4230739518,-0.81640625,-0.84375,2
4230845744,2.65625,-1.984375,0
4230892453,0.490234375,-0.482421875,0
4230898138,-0.82421875,-0.7734375,1
4231074056,-0.6640625,-0.73046875,2
4231121122,-0.35546875,-0.482421875,0
4231143363,0.5859375,2.3125,1
4231263115,-0.453125,-0.478515625,2
4231384754,-0.80078125,-0.7421875,0
4231390516,-0.72265625,0.466796875,1
4231390741,-1.59375,-1.3359375,1
4231468933,-1.6328125,-1.6953125,2
4231503949,-0.478515625,-0.5625,2
4231575331,-0.51171875,-0.54296875,2
4231628683,0.2255859375,-0.9609375,0
4231644896,-0.51953125,-1.15625,0
4231741198,-0.40234375,-1.5234375,0
4231776347,-1.0625,-0.875,2
4231835971,-1.0703125,-0.142578125,1
4231882408,-0.50390625,-0.5546875,2
4231995963,-0.91015625,-0.80078125,2
4232134892,0.07666015625,-0.91015625,0
4232164637,-0.2490234375,0.048828125,2
4232184126,-1.21875,1.25,1
4232255270,-0.82421875,-0.8359375,2
4232302965,-1.453125,0.2255859375,1
4232369605,-0.1513671875,-0.6796875,0
4232369931,-1.3671875,-1.3671875,2
4232370083,-0.765625,-0.71484375,1
4232378807,-0.91796875,-0.90234375,2
4232402348,-1.46875,-1.3515625,1
4232425627,0.2275390625,0.06787109375,0
4232543179,0.33984375,-0.92578125,0
4232732728,-1.1796875,-1.15625,1
4232786108,0.1953125,-0.80078125,0
4232791784,-0.7734375,-0.79296875,2
4232797987,-0.31640625,-0.765625,0
4232938051,-0.859375,-0.072265625,1
4233296717,-0.7421875,-0.80859375,0
4233308113,-0.439453125,-0.4609375,0
4233383829,-0.5703125,0.1689453125,1
4233458392,-0.7578125,-0.75,2
4233537623,-0.51953125,-1.203125,0
4233581413,-0.84375,-0.8515625,2
4233633398,-0.291015625,-0.7421875,0
4233715289,-0.7734375,-0.73046875,2
4233716294,0.1279296875,-0.59765625,0
4233722455,-0.84375,-0.875,2
4233774292,-0.359375,0.09130859375,2
4233902611,-0.91015625,-1.8671875,0
4234042907,0.82421875,0.1884765625,0
4234091756,-0.333984375,-0.34765625,2
4234169862,0.30078125,-0.92578125,0
4234203318,-0.038330078125,-1.1640625,0
4234264844,-0.6875,-0.21484375,2
4234452082,-0.70703125,-0.765625,2
4234476464,-0.236328125,-0.35546875,0
4234523403,-0.8359375,-0.84375,2
4234651840,-0.7421875,-0.3203125,1
4234701091,2.75,0.1650390625,0
4234712904,-1.1484375,-1.2109375,2
4234765453,-0.6640625,0.9453125,1
4234795762,0.16796875,0.36328125,1
4234829909,-0.482421875,-0.478515625,1
4234950574,1.4921875,0.5703125,1
4235164855,-0.171875,0.171875,1
4235217465,0.70703125,0.56640625,2
4235255992,-0.2236328125,-0.193359375,0
4235276634,-0.75,-0.3671875,1
4235349088,-0.5546875,-0.4921875,2
4235485065,-1.7109375,2.21875,1
4235648171,-0.80859375,-0.80078125,2
4235738750,-0.8359375,-0.8515625,2
4235860183,-1.625,-1.6328125,1
4235879501,-0.60546875,-0.189453125,1
4236051016,-0.376953125,-0.380859375,2
4236078838,0.80078125,0.2578125,1
4236095246,0.5390625,0.1083984375,0
4236273125,1.2109375,-0.0810546875,0
4236294114,-0.359375,0.162109375,1
4236306493,-0.6640625,-0.6640625,2
4236381781,-0.80859375,-0.82421875,2
4236412174,-0.30859375,-0.341796875,2
4236414699,-0.89453125,-0.88671875,2
4236514722,-1.2578125,1.2734375,1
4236571663,-1.0078125,-0.9375,2
4236629607,0.400390625,-1.2109375,0
4236728758,0.98828125,-1.2421875,0
4236828450,0.515625,-0.82421875,0
4237064537,0.30859375,-0.91015625,0
4237182354,-0.7734375,-0.7734375,2
4237294362,-1.390625,0.40234375,1
4237302973,-0.61328125,-0.470703125,2
4237394671,-1.234375,2.15625,1
4237448181,-1.46875,-1.4375,2
4237549667,-0.16796875,0.3359375,1
4237575976,-0.53125,-0.466796875,0
4237692704,-0.21875,-0.057373046875,1
4237758938,-0.2060546875,-0.2060546875,2
4237890612,-1.5390625,0.353515625,1
4238139643,-1.1171875,-1.3125,0
4238232738,0.298828125,-0.59765625,0
4238239499,1.484375,-1.1484375,0
4238256918,-0.7734375,-0.359375,1
4238456955,-0.79296875,1.8359375,1
4238511728,-0.82421875,-0.81640625,2
4238618740,2.671875,-0.88671875,0
4238625973,0.953125,0.443359375,0
4238639849,-0.859375,-0.8515625,2
4238728244,-1.203125,-1.2734375,1
4238735928,-0.765625,1.796875,1
4238879331,-1.390625,-1.4140625,2
4238884365,-0.80859375,-0.6640625,2
4238905317,1.34375,0.99609375,0
4238996187,-0.81640625,-0.82421875,2
4239091133,-1.453125,0.6015625,1
4239175528,1.6328125,-0.7734375,0
4239286406,-0.859375,-0.7421875,2
4239396447,-0.78125,-0.7734375,2
4239696605,-1.046875,0.79296875,1
4239785503,0.162109375,-0.62109375,0
4239786468,-1.203125,-1.2265625,2
4239797148,-0.82421875,-0.84375,2
4239825910,-0.380859375,-0.0234375,1
4239870328,0.83984375,-0.65625,0
4239881018,-0.89453125,-1.203125,0
4239926309,-0.80859375,-0.185546875,0
4240073128,1.53125,-0.4921875,0
4240139486,-0.41015625,-0.7578125,1
4240162389,-1.453125,2.359375,1
4240290277,0.5078125,2.40625,1
4240526944,-0.7421875,-0.82421875,2
4240586774,-0.79296875,-0.81640625,2
4240644936,0.94140625,-0.80859375,0
4240757348,-0.82421875,-0.80859375,2
4240761128,-1.0625,-1.21875,2
4240768613,0.11083984375,0.91796875,1
4240788527,-0.49609375,-0.330078125,0
4240801841,-0.6484375,-1.0625,2
4240824080,0.90234375,0.7578125,2
4240832884,-0.1298828125,0.333984375,2
4240992154,-0.7734375,-0.72265625,1
4241066553,-1.453125,0.353515625,2
4241077718,0.72265625,0.71875,1
4241218476,-0.5,-0.671875,2
4241233464,0.1708984375,-1.46875,0
4241290715,-0.466796875,1.34375,0
4241325093,1.1640625,-0.9453125,0
4241355217,-0.431640625,-0.26171875,1
4241435251,-0.79296875,-0.82421875,2
4241437587,-0.376953125,-0.65625,0
4241475102,-0.6484375,-0.99609375,0
4241508462,-0.61328125,-0.59765625,2
4241535373,-0.30859375,2.046875,1
4241539495,-0.1982421875,-1.1796875,0
4241549408,-0.40234375,2.15625,1
4241576673,-1.0390625,-1.015625,0
4241624870,-1.3515625,0.10205078125,1
4241628733,-0.54296875,-0.671875,2
4241735652,0.09130859375,-0.3671875,1
4241740209,0.75390625,1.796875,1
4241859190,0.57421875,-1.390625,0
4241948896,-0.7578125,-0.7421875,2
4241954583,-0.014892578125,-0.4140625,0
4241970758,-1.1171875,-0.60546875,1
4242010621,-0.73046875,-0.72265625,2
4242193184,0.146484375,-1.078125,0
4242444282,1.375,-1.4453125,0
4242574699,-0.4453125,-0.291015625,2
4242665893,1.15625,0.357421875,0
4242799175,0.1298828125,0.2412109375,0
4242807664,-0.60546875,0.486328125,1
4242852890,-0.79296875,-0.8359375,0
4242990067,-0.62890625,-0.53125,1
4243121188,-0.82421875,-0.859375,0
4243204289,-0.62109375,1.3046875,1
4243287349,-0.50390625,1.0078125,1
4243326482,-0.427734375,-0.859375,0
4243465992,-0.1767578125,-1.7265625,0
4243481980,1.3359375,-0.51171875,0
4243491505,1.4140625,-0.98046875,0
4243571764,0.70703125,0.859375,1
4243595775,-1.140625,-1.15625,2
4243624067,-0.423828125,-1.1796875,0
4243652941,-0.62890625,-0.671875,2
4243714918,0.1943359375,-0.98046875,0
4243756166,-1.4921875,0.11279296875,1
4243756531,-0.65625,0.34375,1
4243770332,-0.875,-0.90234375,2
4243823481,-1.1171875,-0.5625,1
4243849908,0.004241943359375,-0.89453125,0
4243879017,-0.5625,1.9765625,1
4243946394,2.078125,-0.240234375,0
4243979266,-0.431640625,-1.03125,0
4244054400,-1.1171875,-1.6171875,0
4244070647,0.98046875,0.89453125,1
4244095332,1.015625,-0.6484375,0
4244101139,-0.014892578125,-1.640625,0
4244151675,-0.92578125,-0.9375,1
4244250227,-1.6953125,0.5390625,1
4244284786,-0.9609375,0.515625,1
4244417844,-0.9453125,0.23828125,1
4244431598,-1.828125,-1.6796875,2
4244474169,-1.7265625,1.484375,1
4244624277,1.90625,-0.7734375,0
4244955800,0.8359375,0.5703125,1
4244975385,-0.326171875,0.65234375,1
4245042959,-0.3515625,-0.82421875,1
4245370350,-0.359375,-1.0625,0
4245482056,-0.16796875,-0.2060546875,2
4245482950,-0.63671875,-0.53125,0
4245546857,-1.1015625,-1.59375,0
4245576702,-1.4375,-1.375,2
4245742064,0.2294921875,-0.427734375,0
4245850351,-0.82421875,-0.79296875,0
4245852874,0.8359375,-1.0078125,0
4245922310,2.171875,0.353515625,0
4246029635,-1.609375,0.7578125,2
4246075787,-0.59765625,-0.6640625,1
4246104267,-0.63671875,-0.61328125,2
4246145958,-0.40234375,-0.419921875,2
4246199688,-0.35546875,-0.54296875,0
4246239046,-0.79296875,-0.7734375,2
4246304840,-0.72265625,-0.7421875,2
4246483945,-0.70703125,-0.60546875,1
4246753507,-1.1015625,-1.1015625,2
4246770411,-1.7421875,-0.1640625,1
4246836600,-0.50390625,-0.337890625,0
4246854744,0.34375,-0.1298828125,0
4246910794,-0.7421875,-0.69921875,2
4246960264,0.498046875,-0.419921875,0
4247015726,-0.52734375,-0.09375,0
4247020731,-0.373046875,-0.482421875,2
4247060309,-0.73046875,-0.75,2
4247092076,-0.21484375,-0.30859375,0
4247098446,0.36328125,0.302734375,0
4247112438,-0.486328125,-0.91015625,0
4247165262,1.6953125,1.484375,1
4247203258,-0.72265625,-0.72265625,2
4247235353,1.5078125,-0.3046875,0
4247287548,-0.40234375,0.49609375,2
4247790577,-1.40625,1.9140625,1
4247811575,-1.5390625,0.048828125,1
4247868851,-0.275390625,-0.34765625,2
4247996950,-0.53125,-0.51953125,2
4248128259,-1.3203125,-1.3359375,2
4248248688,-0.84375,-0.80078125,1
4248269209,0.09130859375,0.41015625,1
4248288950,-1.2421875,0.2578125,1
4248420073,-0.859375,-0.84375,2
4248422661,-1.03125,-0.40234375,1
4248667785,-0.82421875,-0.82421875,2
4248918673,0.375,-0.60546875,0
4248979414,0.5546875,-0.2314453125,0
4249060047,-0.048828125,-0.5625,0
4249061273,0.271484375,0.2138671875,0
4249085989,1.9453125,-1.484375,0
4249231691,-0.01275634765625,1.1484375,1
4249381288,-0.82421875,-0.8359375,2
4249591092,-0.82421875,-0.82421875,2
4249759461,0.1953125,1.984375,1
4249779990,-1.609375,1.1484375,1
4249815004,-0.4453125,-1.2734375,0
4249865171,-0.99609375,-1.0703125,2
4249877240,-0.9609375,-0.9375,2
4250152966,-1.5234375,-0.5625,1
4250251028,-0.7734375,-0.89453125,0
4250303195,-1.046875,-1.046875,2
4250342551,-0.7734375,-0.82421875,1
4250431344,2.0625,0.34765625,0
4250439150,-1.1484375,0.291015625,1
4250515153,-1.3671875,-1.3359375,2
4250671172,1.046875,-1.4375,0
4250710791,-0.09375,-1.2265625,0
4250789938,0.1171875,0.1494140625,2
4250851020,-0.578125,-0.60546875,1
4250929531,0.006378173828125,-0.30859375,0
4250938512,-0.859375,-0.84375,0
4250986046,0.5859375,0.8515625,2
4251027822,-0.7578125,-0.98046875,0
4251266470,0.34765625,0.3046875,2
4251416142,-0.8515625,-0.8359375,1
4251419663,1.5546875,1.40625,1
4251429279,1.25,-0.4921875,0
4251452860,1.375,0.0849609375,0
4251496736,-0.1259765625,-1.2734375,0
4251559276,0.10009765625,0.53515625,1
4251559333,-1.203125,1.3359375,1
4251575107,-0.84375,-0.8359375,2
4251612311,-0.453125,-0.98046875,0
4251655740,-0.095703125,1.96875,1
4251917489,0.07861328125,0.212890625,2
4251997215,-1.03125,-0.99609375,0
4252105159,-0.91796875,-0.8515625,1
4252148758,2.421875,-1.625,0
4252161142,-0.72265625,-1.3203125,0
4252192977,-1.0234375,-1.03125,2
4252236885,0.8671875,0.2333984375,0
4252239775,-0.73046875,-0.73046875,2
4252278635,1.2421875,-0.61328125,0
4252493496,-0.0234375,-0.06591796875,0
4252534482,-1.3203125,-0.486328125,1
4252611580,0.310546875,1.1484375,1
4252613030,0.0830078125,-1.609375,0
4252675149,-1.2109375,-0.283203125,1
4252780540,-1.1015625,0.79296875,1
4252787969,-0.427734375,0.455078125,1
4252880806,1.328125,-1.3046875,0
4252890088,-0.84375,-0.82421875,1
4252945271,-0.80078125,-0.39453125,1
4252983166,-0.051025390625,-1.1484375,0
4253030125,-0.373046875,-0.333984375,2
4253056609,-1.3359375,1.15625,1
4253105766,-0.51953125,-0.185546875,2
4253133475,-1.1953125,1.3125,1
4253175751,-0.78125,-0.80859375,2
4253458875,-0.91796875,-0.90234375,2
4253543341,-1.015625,-0.1298828125,1
4253684062,-1.3671875,-1.4453125,0
4253743033,-1.7578125,-1.78125,2
4253855217,1.0234375,1.7734375,1
4253868786,2.03125,-1.5078125,0
4253954230,-1.234375,1.7421875,1
4253980276,-0.16796875,-0.061767578125,1
4254014246,0.2373046875,-0.8359375,0
4254030033,-0.91796875,-0.62109375,1
4254044254,-0.39453125,0.004241943359375,1
4254163601,-0.84375,-0.8359375,2
4254193206,0.0849609375,-0.341796875,0
4254291157,-0.7421875,0.96875,1
4254556595,-0.765625,-0.7578125,2
4254601014,-1.5390625,-1.8125,0
4254627312,-0.6875,-0.62109375,2
4254718393,0.234375,-0.171875,0
4254719559,-0.9375,-0.7578125,2
4254762145,-0.419921875,-1.46875,0
4254995417,-0.1337890625,-0.265625,0
4254997382,1.8515625,-0.31640625,0
4255112092,-1.796875,-1.4453125,1
4255202752,-0.765625,-0.80078125,2
4255281904,-0.4921875,0.447265625,1
4255396969,-0.81640625,-0.875,2
4255439310,0.72265625,-0.40234375,0
4255470922,2.90625,0.421875,0
4255946083,-1.78125,-1.78125,2
4255994314,-1.0703125,-0.79296875,1
4256111360,1.140625,-1.203125,0
4256116847,0.201171875,-0.1259765625,0
4256163050,-0.82421875,-0.90234375,2
4256179369,-0.70703125,1.328125,1
4256233163,0.478515625,0.7578125,2
4256267847,1.1796875,1.1953125,2
4256363151,-1.375,0.044677734375,1
4256363743,0.7421875,0.7421875,2
4256422362,-0.7421875,-0.72265625,2
4256557356,-0.240234375,-0.82421875,0
4256622843,0.16015625,-0.91015625,0
4256675407,-0.7734375,-0.84375,0
4256678143,-0.5703125,-0.59765625,2
4256757373,-0.283203125,0.234375,1
4257247464,-0.142578125,0.35546875,1
4257385400,-0.62109375,-0.2060546875,1
4257394453,-0.373046875,-0.12109375,1
4257507218,0.048828125,-0.376953125,0
4257588577,0.326171875,-0.40625,0
4257682815,-1.5078125,1.9296875,1
4257730913,-1.3515625,-1.265625,2
4257761980,0.318359375,-0.99609375,0
4257769834,-0.2060546875,-0.2451171875,1
4257864795,0.2890625,1.8515625,1
4257913568,-0.9453125,-0.8359375,1
4258041419,-0.2490234375,-1.3046875,0
4258041814,-0.5859375,-0.61328125,2
4258096767,0.17578125,-0.0277099609375,2
4258115708,0.55859375,0.388671875,2
4258161701,2.828125,-0.40234375,0
4258369845,1.90625,-1.015625,0
4258399976,-0.71484375,-0.98046875,1
4258428039,-0.7421875,-0.72265625,2
4258496722,-0.79296875,-0.7421875,1
4258514130,0.4375,-1.078125,0
4258667494,1.359375,-1.1640625,0
4258703887,-1.203125,-1.1171875,1
4258765705,0.671875,1.28125,1
4258843037,-0.65625,-0.478515625,2
4258859881,-0.765625,-0.72265625,2
4258925590,-0.7421875,-1.625,0
4258988790,-0.380859375,-0.44921875,0
4259207233,-0.0234375,-0.0277099609375,2
4259226169,-0.4453125,-0.4921875,0
4259402419,-0.330078125,-0.9609375,0
4259422240,-0.98046875,1.015625,1
4259445178,1.265625,1.5234375,1
4259559419,-0.59765625,-1.4140625,0
4259795979,-0.01275634765625,1.703125,1
4259979711,-0.80859375,-0.82421875,2
4260076805,1.234375,1.234375,2
4260108353,0.1259765625,-0.291015625,2
4260299428,-0.84375,-1.609375,0
4260318706,0.310546875,-0.11279296875,0
4260360143,-0.75,-0.7421875,2
4260393721,-0.78125,-0.671875,1
4260473622,-0.91015625,-1.1640625,0
4260589581,-0.26953125,-1.1484375,0
4260657781,0.6953125,1.046875,2
4260686685,-1.046875,-0.423828125,1
4260806564,-0.765625,0.87890625,1
4260808044,0.443359375,-0.333984375,0
4260822012,-0.7734375,-0.80078125,1
4260952099,-0.478515625,-0.49609375,2
4261028517,-0.89453125,-0.8359375,1
4261043741,-0.91015625,-0.82421875,1
4261045573,-1.296875,-1.78125,0
4261147158,-1.03125,0.0234375,1
4261216431,-0.71484375,-0.72265625,1
4261237457,-0.25390625,-1.578125,0
4261273385,-0.765625,-0.82421875,2
4261292892,-0.79296875,-1.40625,0
4261316605,-0.3984375,-0.80859375,0
4261336515,-0.5546875,-0.80859375,0
4261380281,-0.72265625,-0.7421875,2
4261420325,-1.7421875,-1.7109375,1
4261471939,-1.5234375,0.5390625,1
4261478515,0.671875,-1.3046875,0
4261497204,-0.3671875,-1.3984375,0
4261561116,0.73046875,-0.2314453125,0
4261741941,1.53125,0.953125,0
4261742467,0.87109375,-1.46875,0
4261965388,2.609375,2.28125,0
4262068665,-0.80859375,-0.82421875,0
4262121285,2.71875,-0.1083984375,0
4262136455,-0.515625,-0.515625,2
4262210152,0.0106201171875,0.0595703125,2
4262557415,0.2216796875,1.03125,2
4262605526,-0.31640625,-0.73046875,2
4262744023,0.75,-0.6640625,0
4262849744,0.72265625,0.14453125,0
4262858440,-0.376953125,-0.435546875,2
4262860715,-1.015625,-1.25,2
4262871745,-1.234375,-1.2578125,0
4262902523,-0.7578125,-0.78125,0
4262921954,1.515625,-0.10205078125,0
4263165266,-0.70703125,-0.6875,2
4263172738,0.83984375,-0.98828125,0
4263175476,-0.439453125,-0.4921875,0
4263215147,0.055419921875,0.04052734375,1
4263476909,-0.2236328125,-0.2236328125,2
4263561225,0.80078125,-0.89453125,0
4263591872,-1.3359375,2.25,1
4263610366,2.078125,1.4453125,0
4263618688,0.09765625,-1.1484375,0
4263631006,-0.89453125,0.30078125,1
4263637750,0.671875,-0.88671875,0
4263647233,-0.5546875,-0.60546875,2
4263648122,0.271484375,-1.1328125,2
4263676223,-0.84375,-0.80078125,2
4263714852,-1.59375,1.6171875,1
4263727916,-0.81640625,-0.859375,2
4263738907,-0.41015625,-1.078125,0
4263811653,0.51171875,0.51171875,2
4263936275,1.5078125,0.0277099609375,0
4263965264,-0.4921875,1.2109375,1
4263966547,-0.6640625,0.498046875,1
4264143483,0.14453125,-1.59375,0
4264235586,-0.0191650390625,-1.3515625,0
4264293918,-0.80078125,-0.80859375,2
4264392483,-0.6875,0.5546875,1
4264624971,0.0,-0.373046875,0
4264651374,-0.30078125,-0.341796875,2
4264659096,0.59765625,0.0234375,0
4264681933,-0.54296875,-1.40625,0
4265154113,-0.8515625,-0.8359375,2
4265282380,-0.5703125,-0.5703125,2
4265285152,-0.7734375,-0.72265625,2
4265299832,0.1259765625,-0.142578125,0
4265449646,-0.0703125,0.00848388671875,2
4265569404,-0.51953125,0.69921875,1
4265613587,-1.6328125,-1.109375,1
4265681306,0.92578125,0.73046875,2
4265755159,-0.2314453125,-0.373046875,0
4265825667,-0.02978515625,0.89453125,0
4265864989,-0.8515625,-0.72265625,2
4266017182,-0.84375,-0.8515625,2
4266065748,-0.90234375,0.3515625,1
4266189146,-1.3671875,-1.3515625,2
4266227053,-0.515625,0.640625,1
4266236042,2.46875,-0.875,0
4266241917,-1.7265625,0.1533203125,1
4266376055,-1.109375,-1.234375,0
4266423169,-0.61328125,-0.439453125,1
4266722122,-0.70703125,-0.59765625,1
4266936872,-0.79296875,-0.80078125,2
4267006161,-0.82421875,-0.89453125,2
4267024127,-0.70703125,-1.0390625,0
4267061034,-1.5234375,-0.92578125,1
4267097719,-1.078125,-1.0703125,2
4267196458,1.53125,0.9375,0
4267199301,-0.63671875,-0.59765625,2
4267349730,-0.01275634765625,0.373046875,2
4267369230,-1.3359375,-1.3359375,2
4267412342,1.6953125,-0.2490234375,0
4267463946,-0.5390625,0.63671875,1
4267557334,1.8671875,-1.0078125,0
4267587008,-0.91015625,0.146484375,1
4267624202,-0.98828125,-0.875,1
4267658380,0.6796875,0.59765625,2
4267665021,0.5859375,1.828125,1
4267705016,-1.1171875,-0.35546875,1
4267816052,1.234375,-0.60546875,0
4267825232,-0.193359375,-1.6796875,0
4267834087,-1.3984375,-1.34375,2
4267842464,-0.875,-0.53125,2
4267863455,0.96875,0.90234375,0
4267918914,-0.7734375,0.66015625,1
4267970306,-0.69921875,-0.7421875,2
4268087459,0.953125,-0.6875,0
4268111462,-0.6875,-0.84375,0
4268139529,-0.5859375,-0.4609375,1
4268146196,-0.21484375,-1.5,0
4268331700,0.357421875,-1.3359375,0
4268463572,-0.482421875,-0.478515625,2
4268623850,-0.81640625,-0.7578125,2
4268635271,0.55859375,-0.095703125,0
4268964956,-0.50390625,-0.671875,2
4269134558,-0.7421875,0.8203125,1
4269176867,-0.8359375,-0.80078125,2
4269177005,-1.7578125,-1.78125,2
4269403387,-0.89453125,-0.89453125,2
4269432262,-0.84375,-0.80859375,2
4269483786,-0.859375,-0.88671875,0
4269875860,-0.6640625,-0.5625,1
4269934547,-0.70703125,-1.28125,0
4269942668,-1.484375,-0.014892578125,1
4270119062,-1.1484375,-1.078125,0
4270158198,-0.21484375,0.43359375,1
4270208921,1.0859375,0.30078125,0
4270224673,0.466796875,-0.31640625,1
4270319858,-1.4140625,-0.99609375,1
4270325914,-1.296875,-0.470703125,1
4270454534,-1.015625,2.03125,1
4270462930,-0.859375,-0.859375,2
4270471774,-0.79296875,-0.78125,2
4270483798,-0.671875,-0.7578125,0
4270909995,0.99609375,-0.146484375,0
4270923962,-0.189453125,0.09375,1
4270976008,-0.16796875,-1.640625,0
4270989643,-0.6484375,-0.40234375,1
4270999872,-0.72265625,-0.72265625,2
4271142424,-0.671875,-0.578125,2
4271157145,-1.34375,-0.2060546875,1
4271166901,0.380859375,0.365234375,2
4271180206,2.21875,0.28125,0
4271194621,-1.828125,-1.640625,1
4271230859,-1.0078125,0.1171875,1
4271372727,0.04052734375,-0.0277099609375,2
4271397976,0.318359375,-0.0234375,0
4271601043,1.109375,-1.25,0
4271789892,-0.80859375,-0.78125,2
4271916856,-1.4140625,1.515625,1
4271983620,0.578125,-0.7421875,0
4272103104,0.5625,-0.21484375,0
4272156486,-1.046875,-1.078125,0
4272242920,-1.1484375,-0.82421875,1
4272339443,-1.234375,-0.294921875,1
4272437710,-0.81640625,-0.80078125,2
4272531315,-0.431640625,-0.359375,1
4272595695,0.5546875,-0.486328125,0
4272630913,0.251953125,-0.1982421875,0
4272662512,0.119140625,-0.8671875,0
4272676520,-1.2265625,-1.171875,0
4272853548,-0.515625,-0.6640625,2
4272956219,0.0106201171875,-1.25,0
4273008965,-0.91015625,-1.234375,2
4273071664,0.3359375,-0.25390625,2
4273144571,0.96875,0.061767578125,0
4273405892,-0.81640625,-0.79296875,2
4273597147,-0.240234375,-0.431640625,1
4273602763,0.1806640625,-1.28125,0
4273675873,0.455078125,-0.470703125,0
4273695866,-0.765625,-0.7734375,0
4273702146,0.1298828125,0.84375,1
4273865862,-1.625,-1.625,2
4273873978,-0.7421875,-0.671875,1
4274051522,-0.73046875,-0.62109375,0
4274073514,-0.88671875,-0.875,2
4274076811,0.4140625,-0.142578125,0
4274103601,2.40625,2.828125,1
4274106997,-0.1767578125,0.7578125,1
4274137569,-0.146484375,-1.734375,0
4274170042,0.6953125,0.62109375,2
4274213987,0.6484375,0.1865234375,0
4274344281,-0.291015625,-0.388671875,2
4274479649,-0.61328125,-0.5859375,1
4274707768,2.234375,-0.1640625,0
4274709381,-0.0703125,0.193359375,1
4274752284,-1.15625,-1.7421875,0
4274761773,-0.69921875,-0.6640625,0
4274854986,1.4296875,-0.0595703125,0
4275184152,-0.7421875,-0.7578125,2
4275275519,-0.859375,-0.80859375,1
4275302318,-0.91796875,-0.89453125,2
4275389524,-0.80859375,-0.79296875,1
4275439023,-0.859375,-0.84375,2
4275450265,-0.72265625,-0.70703125,1
4275488726,0.3828125,0.7265625,2
4275703320,-0.80859375,-0.79296875,2
4275723868,1.7421875,-0.9609375,0
4275731597,-1.4375,0.90234375,1
4276132444,1.1796875,0.875,2
4276171493,-0.291015625,-0.63671875,0
4276258094,-1.1484375,1.15625,1
4276398848,-1.3984375,-0.1513671875,1
4276683665,-0.5703125,-1.1171875,0
4276805534,-0.40234375,-0.380859375,1
4276823101,-1.6171875,1.78125,1
4277008043,-0.80859375,-0.4140625,0
4277223851,-0.8515625,-0.84375,2
4277271545,-0.78125,-0.7734375,2
4277393233,-1.578125,1.359375,1
4277414510,-0.5625,-0.34765625,1
4277509038,-0.84375,-0.84375,2
4277837113,1.90625,-0.80859375,0
4277867024,-0.7734375,-0.73046875,2
4278049467,-0.50390625,-0.30078125,2
4278169486,0.0830078125,-0.8359375,0
4278306836,-1.40625,1.484375,1
4278320316,0.203125,-0.0169677734375,2
4278354569,0.84375,0.80859375,1
4278458723,-1.4921875,-1.453125,2
4278482422,-0.2490234375,-0.2490234375,0
4278511339,0.62890625,-1.1953125,0
4278584980,-0.341796875,-0.1640625,0
4278844497,-0.41015625,-0.326171875,1
4278849615,-1.078125,-1.109375,2
4278861981,-0.92578125,-0.7578125,2
4278892891,0.185546875,-0.2236328125,2
4278928586,-0.8359375,-0.8515625,2
4278983238,-0.60546875,-0.91796875,0
4279020634,-1.46875,-1.5234375,2
4279022453,-0.81640625,-0.81640625,2
4279209684,1.75,0.3359375,0
4279221131,1.6875,1.2265625,0
4279223698,-0.671875,-0.71484375,2
4279241262,-0.7734375,-0.7734375,2
4279320646,0.81640625,-0.1044921875,2
4279394335,-0.265625,-1.34375,0
4279484921,-0.7578125,-0.73046875,1
4279561409,-0.5859375,-0.5859375,0
4279569985,0.376953125,-0.89453125,0
4279681581,-0.59765625,-0.60546875,0
4279950172,-1.203125,-1.21875,2
4280016212,-1.5390625,1.2734375,1
4280152015,1.0625,1.7265625,1
4280287624,0.1708984375,-0.26171875,2
4280390923,-0.2021484375,-0.095703125,2
4280484596,-0.84375,-0.859375,2
4280501571,-0.3125,-0.4140625,1
4280584901,-0.10205078125,-0.5390625,2
4280669757,-1.7265625,1.1640625,1
4280711005,0.177734375,-1.2578125,0
4280738114,0.014892578125,0.031982421875,2
4280752211,0.84375,-0.09130859375,0
4280797124,0.54296875,0.1923828125,0
4280969214,-1.28125,0.26953125,1
4281042010,0.75,-0.7734375,0
4281046420,0.5703125,0.031982421875,0
4281062380,0.671875,-0.69921875,0
4281110663,0.16796875,0.306640625,1
4281154579,0.96875,-0.21875,0
4281253512,-0.435546875,-0.453125,2
4281318990,1.046875,0.09375,0
4281325245,-1.1640625,-1.0078125,0
4281352225,-0.578125,-0.51953125,1
4281377460,-0.84375,0.3046875,1
4281763227,-0.79296875,-1.21875,0
4281792270,-0.5625,-0.1171875,1
4281803689,0.380859375,-0.91796875,0
4281808840,-0.98828125,0.36328125,1
4281865286,-0.095703125,-1.3515625,0
4281980776,-0.380859375,-0.53125,0
4282109608,-1.453125,-0.1259765625,1
4282130043,-0.388671875,-0.3125,2
4282275530,-0.69921875,-1.015625,0
4282315288,-0.7734375,0.82421875,1
4282334381,-0.84375,-0.82421875,1
4282382142,-0.578125,1.9765625,1
4282389129,2.484375,0.09765625,0
4282391095,0.01275634765625,0.05322265625,2
4282447633,0.07470703125,0.1337890625,2
4282482144,-0.5625,-0.82421875,0
4282533527,-0.80859375,-0.78125,2
4282659245,1.5546875,0.302734375,0
4282955839,0.74609375,-0.265625,0
4282977306,-1.421875,0.208984375,1
4283060301,-0.189453125,1.015625,1
4283090386,-0.384765625,-0.45703125,2
4283155008,-0.30859375,-0.333984375,2
4283201974,-1.0703125,-0.4453125,1
4283211695,-1.3515625,-0.61328125,1
4283268144,-0.78125,-0.2236328125,1
4283302429,-0.70703125,-0.61328125,0
4283312699,-0.7421875,2.5625,1
4283339257,1.4140625,-0.671875,0
4283365726,-1.265625,-1.234375,2
4283417150,-1.7421875,-1.609375,2
4283551632,-0.0849609375,1.4453125,1
4283568111,-0.69921875,-1.0859375,1
4283656635,0.54296875,0.419921875,0
4284047809,-0.8359375,-0.75,2
4284085138,-1.046875,-0.7734375,2
4284205368,-0.0021209716796875,-1.4921875,0
4284498087,-0.60546875,-0.7578125,0
4284651189,-1.203125,-1.3046875,0
4284678321,-1.0859375,-0.859375,1
4284791770,1.046875,0.765625,2
4284813434,-0.80859375,0.71484375,1
4284829096,-0.69921875,-0.4921875,1
4284845904,-0.78125,-0.7578125,2
4284911720,-0.0255126953125,-0.41015625,0
4284924803,0.1552734375,-0.359375,0
4284969072,-1.390625,-1.375,2
4285002084,-0.80859375,1.4375,1
4285043527,0.0021209716796875,-0.59765625,0
4285065544,0.361328125,0.014892578125,0
4285075538,-0.6640625,-0.79296875,0
4285304482,-1.078125,-0.98046875,1
4285389648,-0.1767578125,-0.384765625,0
4285469801,-1.609375,-1.7265625,0
4285522601,0.56640625,2.0,1
4285604601,-1.5390625,1.015625,1
4285745344,-0.70703125,-0.6640625,2
4285850813,-0.2314453125,-0.5703125,0
4285859683,-0.6640625,-0.71484375,2
4286061858,0.88671875,-0.1298828125,0
4286063033,-0.82421875,-0.8359375,2
4286318990,-0.89453125,-0.92578125,2
4286370847,0.70703125,1.109375,1
4286405509,-1.546875,-1.84375,2
4286450466,-0.2236328125,-0.095703125,2
4286463056,-0.98046875,-1.0859375,1
4286865889,-0.6484375,1.59375,1
4286870218,-0.25390625,0.057373046875,1
4286873017,-0.82421875,-0.80078125,2
4286909142,-0.21875,1.6796875,1
4286942126,-0.7421875,-0.59765625,2
4287058426,-0.435546875,1.1953125,1
4287112149,-0.91015625,-0.89453125,2
4287127543,-0.82421875,-0.8359375,2
4287142896,1.3046875,1.2578125,2
4287311513,-0.60546875,1.2265625,1
4287338112,0.044677734375,-0.65625,0
4287543332,-0.84375,-0.80078125,2
4287650976,-0.046875,-0.5703125,0
4287905957,-0.7734375,-0.60546875,2
4287998773,-0.1552734375,-0.34765625,0
4288036962,-0.71484375,-0.3671875,1
4288100799,-0.9375,-0.1171875,1
4288290528,-0.70703125,2.03125,1
4288572819,-0.5625,0.8515625,1
4288743085,-1.7578125,-1.796875,0
4288748445,-1.3359375,2.015625,1
4288828318,-0.3515625,0.5703125,1
4288871502,-0.61328125,-1.125,0
4288923087,-0.765625,-0.7578125,2
4288967374,-0.30078125,0.05322265625,1
4289338231,0.458984375,0.56640625,2
4289597006,-0.294921875,-0.171875,1
4289607724,-1.2734375,-1.2109375,2
4289676634,-1.578125,1.0234375,1
4289792977,1.2578125,-0.7734375,0
4289920922,-0.875,-0.859375,2
4289921315,-0.474609375,-0.4609375,2
4290029285,0.89453125,0.69921875,2
4290090302,0.7578125,0.703125,2
4290218189,-0.96875,-0.5859375,1
4290226288,-0.90234375,-0.98046875,0
4290288634,-0.82421875,-0.859375,2
4290323631,0.2109375,0.2451171875,2
4290387078,-0.99609375,-0.91015625,1
4290567181,-1.578125,-1.1484375,1
4290579575,1.21875,-1.6328125,0
4290669078,-1.3515625,0.1318359375,1
4290839285,1.328125,0.490234375,1
4290849528,-0.0830078125,0.8515625,1
4291106174,-0.04248046875,-0.6484375,0
4291221942,-0.65625,0.048828125,1
4291229804,0.578125,-1.1171875,0
4291235817,0.6796875,0.53515625,1
4291300179,2.3125,-1.3984375,0
4291367819,-1.046875,-0.765625,1
4291399695,-0.7421875,-0.71484375,2
4291445966,0.9453125,-0.60546875,0
4291565351,-1.5234375,-0.30859375,1
4291600110,0.1982421875,-0.275390625,0
4291750124,-0.7578125,-0.7421875,2
4291970601,-1.046875,-0.193359375,1
4291983256,-0.435546875,1.2109375,1
4291999244,-0.9375,-0.35546875,1
4292005733,0.16015625,0.287109375,1
4292053765,2.046875,0.55859375,0
4292154969,-1.0703125,-1.078125,2
4292179357,-0.09765625,1.640625,1
4292218083,-0.62109375,-0.62890625,2
4292330026,1.25,-0.40234375,0
4292346386,-0.82421875,-0.84375,2
4292359809,0.1865234375,0.2119140625,2
4292525395,-0.90234375,-0.84375,2
4292563026,0.37109375,-1.046875,0
4292612499,0.6328125,0.490234375,0
4292709507,0.376953125,2.078125,1
4292800712,-0.1552734375,-0.875,0
4292809931,-0.291015625,-0.9609375,0
4292914487,-0.71484375,-0.98046875,0
4292960356,-0.9453125,-1.5078125,0
4293086442,0.421875,-0.275390625,0
4293094431,-0.91015625,1.453125,1
4293227845,-0.294921875,-0.89453125,0
4293254649,2.453125,1.875,0
4293293471,-0.373046875,-0.4453125,0
4293415746,-0.79296875,1.1953125,1
4293419884,-0.99609375,-0.7421875,1
4293430216,-1.0390625,-0.62109375,2
4293445688,-1.359375,2.171875,1
4293540065,-1.390625,-0.79296875,1
4293543403,-0.859375,-0.91796875,2
4293704939,-0.275390625,-0.1982421875,1
4293765835,-0.9453125,-0.91015625,2
4293767723,-0.7578125,-0.7734375,2
4293849459,-0.7421875,-0.7421875,2
4293918673,-0.90234375,-0.8671875,2
4293965487,0.43359375,-0.3984375,0
4293990653,0.004241943359375,-0.6796875,0
4294020084,-0.89453125,-0.875,2
4294068603,-0.82421875,1.515625,1
4294081229,-0.3125,-0.6875,0
4294144396,-1.1171875,0.1650390625,1
4294254797,0.65234375,-0.236328125,0
4294349169,-1.359375,0.5234375,1
4294452769,-0.80078125,-0.80078125,2
4294602932,-0.1513671875,2.25,1
4294633312,-0.7421875,-0.859375,0
4294656694,-0.7421875,-0.78125,0
4294692063,0.25390625,-0.3125,0
4294710549,0.0106201171875,-0.60546875,0
4294899228,-1.5546875,-0.051025390625,1
4294947231,-0.65625,-0.75,0
