id,resp_a_reward,resp_b_reward,winner_model_a,winner_model_b,winner_tie
3866013973,-0.91,0.5,0.21,0.57,0.22
3866095506,2.55,-1.27,0.58,0.21,0.21
3866185257,0.06,0.46,0.24,0.47,0.29
3866194691,-1.41,1.64,0.21,0.58,0.21
3866272407,0.08,-0.26,0.46,0.24,0.3
3866353314,1.88,2.62,0.22,0.54,0.24
3866434964,-0.79,-0.8,0.26,0.25,0.49
3866618658,0.71,0.58,0.35,0.27,0.37
3866942291,0.22,-0.76,0.56,0.22,0.22
3867011965,-1.21,-1.02,0.24,0.34,0.42
3867091752,1.99,-1.16,0.58,0.21,0.21
3867146472,-0.41,-0.12,0.24,0.42,0.33
3867366441,-0.16,-0.82,0.54,0.22,0.24
3867410207,-0.76,-0.75,0.25,0.26,0.49
3867415492,-0.8,-0.81,0.26,0.25,0.49
3867441555,-0.67,-0.89,0.38,0.25,0.37
3867456326,-0.19,0.39,0.23,0.52,0.25
3867592916,0.94,1.28,0.25,0.44,0.31
3867622782,2.97,2.23,0.52,0.23,0.25
3867909372,-1.36,-0.75,0.22,0.53,0.25
3867935774,0.06,2.25,0.21,0.57,0.21
3867973905,-1.76,1.54,0.21,0.58,0.21
3868070898,1.0,0.71,0.42,0.26,0.33
3868094901,-0.64,-0.5,0.25,0.33,0.42
3868100455,1.27,2.39,0.22,0.56,0.22
3868169447,1.14,-0.05,0.57,0.22,0.22
3868385818,-0.48,1.37,0.21,0.57,0.21
3868484486,-1.5,-1.49,0.25,0.25,0.5
3868536248,0.5,0.72,0.27,0.38,0.35
3868556946,-0.76,-0.84,0.29,0.25,0.47
3868821465,2.2,1.95,0.39,0.27,0.34
3868973998,2.89,-0.71,0.58,0.21,0.21
3868993576,-0.8,0.93,0.21,0.57,0.21
3869093745,0.81,-1.05,0.58,0.21,0.21
3869118228,-0.82,-0.81,0.25,0.26,0.49
3869178556,0.57,0.25,0.44,0.25,0.31
3869186518,1.31,1.99,0.22,0.53,0.24
3869187326,-1.64,2.52,0.21,0.58,0.21
3869265692,-0.92,-0.82,0.25,0.29,0.46
3869284113,-1.59,-1.59,0.25,0.25,0.5
3869324588,0.18,0.39,0.27,0.37,0.36
3869434592,-0.95,-1.0,0.27,0.25,0.48
3869454658,-1.27,-1.0,0.24,0.39,0.37
3869461945,-0.77,-0.96,0.36,0.25,0.4
3869626405,-1.14,-1.15,0.26,0.25,0.5
3869648745,-0.73,-0.6,0.25,0.32,0.43
3869668228,-0.84,-0.85,0.26,0.25,0.49
3869847223,-0.48,-1.34,0.56,0.22,0.22
3869983990,1.97,-0.13,0.58,0.21,0.21
3870030183,-0.73,-0.73,0.26,0.25,0.49
3870048179,1.84,1.52,0.42,0.26,0.33
3870055402,0.56,-0.12,0.53,0.23,0.24
3870079612,0.79,1.12,0.25,0.44,0.31
3870102911,-0.1,-0.04,0.27,0.3,0.43
3870181407,1.16,-0.13,0.57,0.21,0.22
3870251926,-0.84,-0.77,0.25,0.28,0.47
3870299211,1.98,0.66,0.57,0.22,0.22
3870510885,0.07,1.88,0.21,0.57,0.21
3870588405,-0.26,-0.06,0.25,0.37,0.38
3870613604,-0.26,1.37,0.21,0.57,0.22
3870644356,-0.74,-0.76,0.26,0.25,0.49
3870694166,-0.79,0.89,0.21,0.57,0.21
3870722629,-0.12,1.38,0.21,0.57,0.22
3870753505,-0.16,-0.15,0.28,0.28,0.44
3871021520,-1.42,-1.5,0.28,0.24,0.47
3871238436,0.95,0.48,0.47,0.24,0.28
3871336659,-0.25,-0.15,0.26,0.31,0.43
3871379790,-0.82,-0.87,0.27,0.25,0.48
3871606957,-0.78,-0.81,0.26,0.25,0.49
3871636532,1.05,0.06,0.56,0.22,0.23
3871762337,-0.8,-0.88,0.29,0.25,0.47
3871871729,-1.39,-0.27,0.21,0.57,0.22
3871874983,0.65,-0.92,0.57,0.21,0.21
3871879174,-0.79,-0.82,0.26,0.25,0.49
3871937256,-0.43,-0.34,0.26,0.3,0.44
3871948964,-1.34,-0.82,0.23,0.51,0.26
3871959723,1.0,-0.34,0.57,0.21,0.22
3871994806,-0.73,-0.77,0.27,0.25,0.48
3872042871,-0.84,0.78,0.21,0.57,0.21
3872070554,0.4,1.51,0.22,0.56,0.22
3872092678,-0.74,-0.24,0.23,0.51,0.26
3872132261,-0.28,1.61,0.21,0.57,0.21
3872229174,-0.39,-0.43,0.28,0.26,0.46
3872324645,1.12,-0.47,0.57,0.21,0.21
3872376914,0.98,1.2,0.27,0.38,0.35
3872402333,-1.17,-1.3,0.31,0.25,0.44
3872450315,-0.81,-0.84,0.26,0.25,0.49
3872499684,1.92,-0.45,0.58,0.21,0.21
3872507980,-0.18,-0.52,0.45,0.24,0.3
3872559850,1.1,-0.16,0.57,0.21,0.22
3872599526,2.02,-1.58,0.58,0.21,0.21
3872614978,-0.45,-1.04,0.53,0.22,0.25
3872864003,-0.07,2.66,0.21,0.58,0.21
3872942736,0.96,1.23,0.26,0.41,0.33
3873191223,2.67,2.53,0.36,0.28,0.36
3873256269,-1.03,0.29,0.21,0.57,0.22
3873367761,1.05,-0.72,0.58,0.21,0.21
3873415195,2.2,-0.63,0.58,0.21,0.21
3873453207,-0.82,-0.74,0.25,0.28,0.47
3873587901,0.59,-1.41,0.58,0.21,0.21
3873633034,1.81,0.96,0.53,0.22,0.24
3873721817,1.71,0.99,0.52,0.23,0.25
3873759510,0.81,1.28,0.24,0.49,0.27
3873909199,0.37,0.22,0.37,0.27,0.37
3874102061,-1.76,0.84,0.21,0.58,0.21
3874199022,-0.88,0.15,0.22,0.56,0.22
3874210883,-0.56,-0.56,0.26,0.26,0.48
3874251392,-0.63,-0.89,0.41,0.24,0.35
3874269415,-0.95,-0.99,0.27,0.25,0.49
3874279375,-0.77,-0.77,0.25,0.25,0.49
3874393803,-0.54,1.22,0.21,0.57,0.21
3874412302,-0.7,-0.86,0.33,0.25,0.42
3874863773,0.65,-1.21,0.58,0.21,0.21
3875070530,-0.78,-0.81,0.26,0.25,0.49
3875191004,-0.79,-0.81,0.26,0.25,0.49
3875210302,-0.76,-0.66,0.25,0.3,0.45
3875280032,0.75,0.76,0.31,0.29,0.4
3875316251,1.59,-1.1,0.58,0.21,0.21
3875372031,0.87,-1.18,0.58,0.21,0.21
3875419510,0.57,-0.54,0.57,0.21,0.22
3875494353,-1.55,-1.54,0.25,0.25,0.5
3875546765,-0.25,-0.01,0.25,0.39,0.36
3875555311,-0.71,-0.66,0.25,0.27,0.48
3875582441,-0.7,-0.71,0.26,0.25,0.49
3875711591,-0.5,-0.48,0.26,0.27,0.47
3875741665,0.28,0.28,0.31,0.28,0.41
3875751971,0.89,-1.65,0.58,0.21,0.21
3875773403,-0.74,-0.04,0.22,0.54,0.24
3875938317,2.42,-1.3,0.58,0.21,0.21
3876065417,-0.26,0.47,0.22,0.54,0.24
3876073306,2.28,-0.86,0.58,0.21,0.21
3876107739,-0.77,2.08,0.21,0.58,0.21
3876114934,-0.23,-0.29,0.3,0.26,0.44
3876177323,-0.36,2.59,0.21,0.58,0.21
3876294659,-0.75,-0.75,0.26,0.25,0.49
3876353636,-0.69,-0.71,0.26,0.25,0.49
3876386933,-0.79,-0.8,0.26,0.25,0.49
3876416489,-1.32,1.02,0.21,0.58,0.21
3876433864,1.59,1.12,0.47,0.24,0.29
3876496299,-0.85,-0.84,0.25,0.25,0.49
3876509665,-1.21,-0.71,0.23,0.51,0.27
3876575346,-0.84,-0.81,0.25,0.26,0.49
3876776064,-0.1,-1.14,0.57,0.21,0.22
3876779507,-0.16,-0.73,0.53,0.23,0.25
3876838507,-1.25,1.12,0.21,0.58,0.21
3876896786,-1.52,1.34,0.21,0.58,0.21
3876937164,-0.59,-0.37,0.25,0.38,0.37
3877054222,-1.4,0.47,0.21,0.57,0.21
3877076427,1.0,0.58,0.46,0.25,0.29
3877196366,1.16,0.35,0.54,0.22,0.24
3877201091,-0.82,-0.63,0.24,0.36,0.39
3877216629,0.52,1.05,0.23,0.5,0.26
3877321824,-1.52,0.11,0.21,0.57,0.21
3877347785,2.22,-0.63,0.58,0.21,0.21
3877392936,-0.61,0.17,0.22,0.55,0.23
3877835552,-1.55,0.25,0.21,0.57,0.21
3878023242,-0.62,-0.5,0.25,0.31,0.44
3878119954,-0.96,-0.72,0.24,0.4,0.36
3878332688,-0.32,-1.13,0.56,0.22,0.23
3878377531,-0.82,-0.88,0.28,0.25,0.48
3878377780,1.45,-0.73,0.58,0.21,0.21
3878423896,0.84,0.65,0.38,0.27,0.36
3878479364,-0.47,-0.47,0.26,0.26,0.47
3878510540,0.97,0.25,0.53,0.23,0.25
3878522245,-0.6,-0.72,0.31,0.25,0.44
3878554146,-0.8,-0.81,0.26,0.25,0.49
3878594424,-0.82,-0.8,0.25,0.26,0.49
3878685339,0.87,-0.72,0.57,0.21,0.21
3878704968,-0.76,-1.04,0.42,0.24,0.34
3878769738,-1.2,-0.22,0.22,0.56,0.22
3878827897,-0.9,-0.63,0.24,0.42,0.34
3878954188,0.72,-0.08,0.54,0.22,0.23
3878958681,1.94,0.95,0.55,0.22,0.23
3878988663,1.12,-0.56,0.57,0.21,0.21
3879139126,-0.45,-0.45,0.26,0.26,0.47
3879426176,1.89,-0.45,0.58,0.21,0.21
3879574800,-0.73,-0.73,0.26,0.25,0.49
3879626737,0.7,-1.15,0.58,0.21,0.21
3879647605,0.21,-0.04,0.42,0.25,0.33
3879652718,-1.65,-1.41,0.24,0.34,0.41
3879702089,0.3,1.37,0.22,0.56,0.23
3879934797,-0.6,2.72,0.21,0.58,0.21
3880020155,-1.36,0.42,0.21,0.57,0.21
3880139965,-0.48,-1.35,0.56,0.22,0.22
3880150353,1.13,1.39,0.26,0.4,0.34
3880280939,-0.37,-0.94,0.52,0.23,0.25
3880474664,2.23,0.66,0.57,0.21,0.22
3880487442,-0.51,0.32,0.22,0.55,0.23
3880531358,0.66,-0.79,0.57,0.21,0.21
3880761571,0.89,0.75,0.36,0.27,0.37
3880768865,2.3,0.65,0.57,0.21,0.21
3880909361,-0.69,-0.74,0.27,0.25,0.48
3881144659,0.54,-0.96,0.57,0.21,0.21
3881178090,-0.28,-0.28,0.27,0.27,0.46
3881187809,0.89,-1.43,0.58,0.21,0.21
3881314129,-1.24,-0.8,0.23,0.49,0.28
3881424880,-0.78,-0.77,0.25,0.26,0.49
3881496307,-0.23,-0.58,0.46,0.24,0.3
3881559823,-0.84,-0.84,0.25,0.25,0.49
3881571249,-1.33,-1.3,0.25,0.25,0.5
3881638188,-0.51,-0.4,0.25,0.31,0.44
3881725639,-0.16,-0.99,0.56,0.22,0.22
3881791791,-0.74,-0.82,0.29,0.25,0.47
3881795118,1.12,0.07,0.56,0.22,0.22
3881809610,-0.39,1.1,0.21,0.57,0.22
3881887806,-0.47,-0.51,0.27,0.26,0.47
3881893749,0.48,-0.11,0.51,0.23,0.25
3881903898,0.31,-0.38,0.53,0.22,0.24
3881943687,-0.37,0.79,0.22,0.56,0.22
3882194213,2.88,1.75,0.55,0.22,0.23
3882213913,0.15,-0.89,0.57,0.21,0.22
3882224315,-1.41,-1.41,0.25,0.25,0.5
3882233111,0.43,-1.06,0.57,0.21,0.21
3882247537,-0.64,0.18,0.22,0.55,0.23
3882261043,-0.9,-0.86,0.25,0.26,0.49
3882367146,-0.88,0.82,0.21,0.57,0.21
3882446839,-1.3,-1.04,0.24,0.38,0.38
3882741913,-0.25,-1.91,0.58,0.21,0.21
3882752950,1.64,1.09,0.49,0.24,0.27
3882804494,0.18,-0.61,0.55,0.22,0.23
3882811235,1.92,-0.25,0.58,0.21,0.21
3882818874,2.78,-0.96,0.58,0.21,0.21
3882835528,2.2,2.08,0.35,0.28,0.37
3882966495,-0.48,-0.48,0.26,0.26,0.47
3883052874,0.94,0.75,0.38,0.27,0.36
3883053766,-0.77,-1.2,0.49,0.23,0.28
3883188992,-1.55,3.08,0.21,0.58,0.21
3883237950,0.7,-0.74,0.57,0.21,0.21
3883259074,-0.89,-0.95,0.28,0.25,0.48
3883271254,0.45,1.0,0.23,0.51,0.26
3883336468,0.66,0.25,0.46,0.24,0.29
3883350584,-1.0,-0.89,0.25,0.29,0.46
3883382593,-0.46,-0.63,0.34,0.25,0.41
3883491246,-0.88,-0.89,0.26,0.25,0.49
3883693531,0.11,0.01,0.34,0.27,0.39
3883708960,-0.81,1.09,0.21,0.57,0.21
3883765113,1.17,1.24,0.29,0.31,0.39
3883837011,0.86,0.57,0.42,0.26,0.32
3883838580,-0.89,-0.73,0.25,0.33,0.42
3884031519,-0.71,-0.72,0.26,0.25,0.49
3884096015,-0.45,1.82,0.21,0.58,0.21
3884165963,-0.08,1.12,0.22,0.56,0.22
3884198872,0.23,-0.87,0.57,0.21,0.22
3884270037,0.89,-0.28,0.57,0.21,0.22
3884342165,-0.51,-0.82,0.44,0.24,0.32
3884362683,-0.06,0.7,0.22,0.54,0.24
3884415755,-0.61,0.79,0.21,0.57,0.22
3884456636,-1.56,-1.31,0.24,0.36,0.4
3884545318,-0.85,-0.81,0.25,0.26,0.49
3884577125,1.12,0.44,0.52,0.23,0.25
3884582929,-1.47,0.84,0.21,0.58,0.21
3884642925,0.14,-1.05,0.57,0.21,0.21
3884764694,-0.86,-0.82,0.25,0.26,0.49
3884819726,-1.5,-1.39,0.24,0.28,0.48
3884823978,-0.72,-0.68,0.25,0.27,0.48
3884873304,-0.82,-0.21,0.22,0.53,0.25
3885040000,0.45,1.32,0.22,0.55,0.23
3885119210,-0.76,0.09,0.22,0.55,0.23
3885172829,0.23,0.23,0.31,0.28,0.41
3885194159,0.89,-0.77,0.58,0.21,0.21
3885203398,-0.36,-1.4,0.57,0.21,0.22
3885221740,1.27,0.07,0.57,0.22,0.22
3885289774,-0.92,-0.33,0.22,0.53,0.25
3885373301,-1.34,0.68,0.21,0.58,0.21
3885487475,-0.71,-1.05,0.45,0.24,0.31
3885551064,0.62,-0.12,0.54,0.22,0.24
3885774247,-1.36,0.06,0.21,0.57,0.22
3885824331,-0.66,-1.24,0.53,0.22,0.25
3885863135,-0.21,-0.65,0.49,0.23,0.27
3885873073,-0.77,-0.69,0.25,0.29,0.47
3885882058,0.05,0.96,0.22,0.55,0.23
3885933175,0.78,1.15,0.25,0.46,0.3
3885946251,-0.84,2.2,0.21,0.58,0.21
3885962010,0.51,1.0,0.23,0.5,0.27
3886112588,-0.77,-0.82,0.27,0.25,0.48
3886214841,-0.79,-0.71,0.25,0.28,0.47
3886354515,1.05,1.05,0.31,0.29,0.4
3886354982,-0.38,-0.37,0.27,0.27,0.46
3886725041,1.22,-1.3,0.58,0.21,0.21
3886881095,-0.9,-0.89,0.25,0.25,0.49
3886884537,1.8,2.34,0.23,0.51,0.26
3886916613,-0.47,0.57,0.22,0.56,0.22
3887007035,0.67,0.53,0.36,0.27,0.37
3887024785,1.65,0.58,0.56,0.22,0.23
3887055292,-0.82,-0.77,0.25,0.27,0.48
3887091484,0.49,0.5,0.31,0.29,0.4
3887096605,0.52,0.64,0.29,0.33,0.39
3887290539,0.87,-1.15,0.58,0.21,0.21
3887309819,1.17,0.66,0.48,0.24,0.28
3887350507,-0.56,0.87,0.21,0.57,0.22
3887364291,0.95,-0.94,0.58,0.21,0.21
3887508614,-0.93,-0.84,0.25,0.29,0.47
3887546380,-0.32,-0.12,0.25,0.37,0.38
3887647165,-1.45,-1.45,0.25,0.25,0.5
3887702165,0.67,0.91,0.26,0.39,0.35
3887795609,1.16,1.01,0.36,0.27,0.37
3887814278,-1.53,-1.36,0.24,0.31,0.45
3887913599,-1.7,-0.03,0.21,0.57,0.21
3887917660,-0.97,0.56,0.21,0.57,0.21
3887970466,-0.82,-0.81,0.25,0.26,0.49
3888015284,-0.88,-1.02,0.32,0.25,0.43
3888028201,1.49,-1.05,0.58,0.21,0.21
3888094942,-1.34,-1.38,0.27,0.24,0.49
3888242021,-0.8,-0.77,0.25,0.26,0.49
3888262946,2.03,2.22,0.27,0.37,0.35
3888482940,-0.81,-0.8,0.25,0.26,0.49
3888521134,-1.53,-1.31,0.24,0.34,0.42
3888541022,0.51,0.52,0.31,0.29,0.4
3888542809,-1.73,-1.42,0.24,0.39,0.37
3888687409,-0.74,-0.71,0.25,0.26,0.49
3888769945,0.86,-0.41,0.57,0.21,0.22
3888864515,0.25,1.07,0.22,0.54,0.24
3889003744,-1.18,-0.25,0.22,0.56,0.22
3889119535,-0.47,-0.79,0.44,0.24,0.32
3889177932,0.03,0.46,0.24,0.48,0.28
3889361167,-0.1,0.0,0.27,0.31,0.42
3889375876,0.53,-0.47,0.56,0.22,0.22
3889423599,-1.08,0.48,0.21,0.57,0.21
3889477144,0.16,2.23,0.21,0.57,0.21
3889650090,0.61,-1.32,0.58,0.21,0.21
3889657583,-0.54,-0.41,0.25,0.32,0.43
3889685081,-0.23,1.88,0.21,0.57,0.21
3889737125,0.04,1.2,0.22,0.56,0.22
3889750199,-0.81,-0.84,0.26,0.25,0.49
3889804622,1.43,3.05,0.21,0.57,0.21
3889842434,-0.46,-0.47,0.27,0.26,0.47
3889917238,0.75,1.01,0.26,0.4,0.34
3889985409,1.43,1.46,0.3,0.3,0.39
3890210726,-0.84,-0.84,0.25,0.25,0.49
3890210883,1.7,-0.09,0.57,0.21,0.21
3890215616,-1.4,1.3,0.21,0.58,0.21
3890535325,-1.18,-0.06,0.21,0.57,0.22
3890819192,-0.08,-0.68,0.53,0.22,0.24
3890836868,0.22,-0.02,0.41,0.25,0.33
3890849941,-0.89,-0.95,0.28,0.25,0.48
3890936880,0.4,0.87,0.24,0.49,0.27
3891002211,-0.66,-0.62,0.25,0.27,0.48
3891030629,1.84,-0.89,0.58,0.21,0.21
3891104479,-0.8,-0.07,0.22,0.55,0.24
3891188782,0.95,2.56,0.21,0.57,0.22
3891210819,1.31,0.84,0.47,0.24,0.29
3891485973,-0.28,0.54,0.22,0.55,0.23
3891496936,-1.14,-0.02,0.21,0.57,0.22
3891558726,-0.52,0.61,0.21,0.56,0.22
3891610387,0.29,-0.96,0.57,0.21,0.21
3891661292,-1.02,-0.59,0.23,0.49,0.28
3891740571,-1.43,-0.24,0.21,0.57,0.22
3891831159,-0.72,-0.75,0.26,0.25,0.49
3891869887,1.83,0.82,0.55,0.22,0.23
3891904319,-1.09,-0.76,0.24,0.44,0.32
3891921847,0.53,0.11,0.47,0.24,0.29
3891949722,0.54,2.05,0.21,0.57,0.22
3892050633,-0.96,-0.66,0.24,0.43,0.33
3892205199,0.41,-0.97,0.57,0.21,0.21
3892216938,0.24,1.16,0.22,0.55,0.23
3892297427,-0.31,-0.39,0.3,0.26,0.44
3892367539,-0.77,-0.77,0.25,0.25,0.49
3892373157,-0.53,-0.53,0.26,0.26,0.48
3892409876,-0.94,1.83,0.21,0.58,0.21
3892418715,-0.66,-0.51,0.25,0.33,0.42
3892491345,0.06,-0.39,0.5,0.23,0.27
3892615639,-0.33,0.66,0.22,0.56,0.23
3892956692,-0.77,-0.76,0.25,0.26,0.49
3892984524,-0.91,1.07,0.21,0.57,0.21
3893024435,-0.89,-0.9,0.26,0.25,0.49
3893088397,-1.1,-0.98,0.25,0.3,0.46
3893174597,-0.52,-0.56,0.27,0.25,0.47
3893190130,-0.79,0.81,0.21,0.57,0.21
3893191031,-0.81,-0.95,0.32,0.25,0.43
3893349394,0.28,-1.41,0.58,0.21,0.21
3893433059,-0.84,-0.91,0.28,0.25,0.47
3893503887,2.02,0.03,0.58,0.21,0.21
3893524764,-1.33,0.58,0.21,0.57,0.21
3893593189,2.45,0.44,0.58,0.21,0.21
3893830774,0.36,-1.42,0.58,0.21,0.21
3893831056,-0.61,-0.59,0.26,0.26,0.48
3893859286,1.06,2.31,0.21,0.57,0.22
3893927683,0.5,0.57,0.29,0.31,0.4
3894118103,-0.72,0.38,0.21,0.56,0.22
3894145446,2.55,0.84,0.57,0.21,0.21
3894209729,2.31,1.2,0.55,0.22,0.23
3894215666,-0.77,-0.69,0.25,0.29,0.47
3894235760,0.62,1.34,0.22,0.53,0.24
3894284346,0.66,-0.21,0.55,0.22,0.23
3894423191,0.65,-1.48,0.58,0.21,0.21
3894424828,0.58,1.11,0.23,0.5,0.26
3894474436,-0.89,-0.87,0.25,0.26,0.49
3894549577,-0.3,0.04,0.24,0.45,0.31
3894551747,1.06,-0.3,0.57,0.21,0.22
3894590449,2.25,2.36,0.29,0.34,0.37
3894636110,-0.48,-0.8,0.44,0.24,0.32
3894752320,-0.34,-0.41,0.29,0.26,0.45
3894820669,-1.01,0.13,0.21,0.57,0.22
3894947803,0.42,0.42,0.31,0.29,0.4
3894962456,-0.86,-0.86,0.25,0.25,0.49
3895158283,-0.59,-0.59,0.26,0.26,0.48
3895265279,-1.42,0.38,0.21,0.57,0.21
3895392234,0.63,0.73,0.29,0.32,0.39
3895549203,-0.73,-0.71,0.25,0.26,0.49
3895656231,1.36,-1.98,0.58,0.21,0.21
3895725239,0.61,-0.71,0.57,0.21,0.21
3895805384,0.2,1.3,0.22,0.56,0.22
3895919907,-0.69,-0.73,0.27,0.25,0.48
3896048011,-0.85,-0.85,0.25,0.25,0.49
3896232195,-0.66,-0.69,0.26,0.25,0.49
3896365828,1.25,2.11,0.22,0.55,0.23
3896502027,0.74,-0.4,0.57,0.21,0.22
3896523180,-0.22,-0.2,0.27,0.28,0.45
3896604429,0.24,1.82,0.21,0.57,0.22
3896821589,-0.76,-0.75,0.25,0.26,0.49
3896939883,2.94,3.17,0.26,0.4,0.33
3897141669,-0.73,1.05,0.21,0.57,0.21
3897304062,-0.63,1.84,0.21,0.58,0.21
3897310077,-0.79,-0.76,0.25,0.26,0.49
3897330887,-0.8,-1.41,0.53,0.22,0.25
3897339141,-0.66,-0.62,0.25,0.27,0.48
3897360597,0.79,0.41,0.45,0.25,0.3
3897438587,-0.26,-0.24,0.27,0.28,0.45
3897465532,2.66,1.63,0.55,0.22,0.23
3897539675,0.08,-0.63,0.55,0.22,0.23
3897819959,-0.53,-0.54,0.26,0.26,0.48
3897899133,0.2,0.12,0.34,0.27,0.39
3897967985,-1.47,-0.42,0.21,0.57,0.22
3898011950,-1.05,-1.09,0.27,0.25,0.49
3898054326,-0.25,0.79,0.22,0.56,0.22
3898057208,-0.33,0.29,0.22,0.53,0.25
3898216812,-0.97,-0.82,0.25,0.32,0.43
3898333673,-0.85,-0.84,0.25,0.25,0.49
3898362763,1.2,1.14,0.33,0.28,0.39
3898479363,-1.64,1.24,0.21,0.58,0.21
3898485984,-0.19,0.53,0.22,0.54,0.24
3898542144,-0.89,-0.2,0.22,0.54,0.24
3898630851,-0.68,-0.7,0.26,0.25,0.49
3898917569,0.86,1.5,0.23,0.52,0.25
3898978250,-1.4,1.32,0.21,0.58,0.21
3899015371,-0.79,-0.75,0.25,0.27,0.48
3899166636,0.53,-1.08,0.58,0.21,0.21
3899394764,-0.36,-0.36,0.27,0.27,0.46
3899550777,-1.05,0.88,0.21,0.57,0.21
3899561426,0.04,0.32,0.25,0.41,0.33
3899570637,0.16,-0.81,0.57,0.22,0.22
3899717245,-0.82,-0.79,0.25,0.26,0.49
3899847434,-0.75,-0.78,0.26,0.25,0.49
3899851345,-0.82,-0.82,0.25,0.25,0.49
3899864690,-0.87,-0.84,0.25,0.26,0.49
3899867463,2.27,0.03,0.58,0.21,0.21
3899936606,0.4,-0.33,0.54,0.22,0.24
3900086420,0.4,-0.89,0.57,0.21,0.21
3900096085,2.17,2.25,0.29,0.33,0.38
3900113422,-1.12,-0.68,0.23,0.49,0.28
3900142093,0.4,0.01,0.46,0.24,0.29
3900269170,-0.84,-0.81,0.25,0.26,0.49
3900285961,2.25,0.89,0.57,0.21,0.22
3900515764,-0.35,-0.44,0.3,0.26,0.44
3900557801,0.93,-0.56,0.57,0.21,0.21
3900619134,1.51,3.03,0.21,0.57,0.22
3900666824,-1.5,-0.28,0.21,0.57,0.22
3900709960,0.7,1.25,0.23,0.51,0.26
3900716878,-0.7,-0.66,0.25,0.27,0.48
3900821923,-0.71,-0.76,0.27,0.25,0.48
3900950531,0.46,1.51,0.22,0.56,0.23
3901047538,-0.18,0.85,0.22,0.56,0.23
3901195795,2.48,-1.41,0.58,0.21,0.21
3901215894,-0.82,-0.81,0.25,0.26,0.49
3901246876,-0.09,0.17,0.25,0.4,0.35
3901248975,0.34,-0.6,0.56,0.22,0.22
3901316519,0.87,-0.61,0.57,0.21,0.21
3901350971,-0.27,-0.73,0.5,0.23,0.27
3901478656,-0.74,-0.79,0.27,0.25,0.48
3901488791,2.53,-1.0,0.58,0.21,0.21
3901582912,-0.06,-0.88,0.56,0.22,0.23
3901622240,-1.38,1.34,0.21,0.58,0.21
3901734267,-0.19,-0.37,0.37,0.26,0.38
3901750992,-0.62,0.48,0.22,0.56,0.22
3901758385,-1.05,1.61,0.21,0.58,0.21
3901974127,0.42,0.33,0.34,0.27,0.38
3901988477,0.63,2.66,0.21,0.57,0.21
3902003502,-0.84,-0.86,0.26,0.25,0.49
3902037300,1.92,0.58,0.57,0.21,0.22
3902095360,-0.84,-0.14,0.22,0.54,0.24
3902257376,1.55,0.43,0.56,0.22,0.22
3902260242,-0.46,-0.71,0.4,0.25,0.35
3902417596,0.79,1.05,0.26,0.4,0.34
3902497039,-0.74,-0.73,0.25,0.26,0.49
3902727014,1.63,0.27,0.57,0.21,0.22
3902816683,1.14,0.34,0.54,0.22,0.24
3902857699,-0.12,0.98,0.22,0.56,0.22
3902936984,-0.7,-0.71,0.26,0.25,0.49
3902976486,0.04,-1.06,0.57,0.21,0.22
3903026093,-0.31,-0.63,0.44,0.24,0.32
3903119903,-0.06,0.07,0.27,0.33,0.4
3903135295,1.92,1.16,0.52,0.23,0.25
3903288373,-0.01,-0.87,0.56,0.22,0.22
3903388603,-1.87,-1.91,0.27,0.24,0.49
3903402974,0.2,-0.89,0.57,0.21,0.22
3903405335,1.84,-0.87,0.58,0.21,0.21
3903670404,2.8,0.38,0.58,0.21,0.21
3903810011,0.97,-0.28,0.57,0.21,0.22
3903836139,0.16,1.07,0.22,0.55,0.23
3903888445,0.61,-0.25,0.55,0.22,0.23
3904010176,-0.18,-0.1,0.27,0.3,0.43
3904053384,-0.57,-1.2,0.54,0.22,0.24
3904225542,-1.76,0.9,0.21,0.58,0.21
3904369221,0.96,-0.54,0.57,0.21,0.21
3904372114,1.39,-0.47,0.58,0.21,0.21
3904405473,-0.89,0.68,0.21,0.57,0.21
3904536460,0.33,2.64,0.21,0.57,0.21
3904640382,0.42,0.74,0.25,0.43,0.32
3904729503,1.95,-1.21,0.58,0.21,0.21
3904774829,-0.89,-0.87,0.25,0.26,0.49
3904928754,-1.22,-1.45,0.38,0.24,0.38
3905187083,-0.47,1.33,0.21,0.57,0.21
3905285713,-0.74,1.77,0.21,0.58,0.21
3905301372,-0.9,-0.28,0.22,0.53,0.24
3905407937,-1.95,2.2,0.21,0.58,0.21
3905433590,-0.9,-0.67,0.24,0.39,0.37
3905486078,-0.84,-0.75,0.25,0.29,0.46
3905539280,-1.17,-1.05,0.25,0.3,0.46
3905747779,-0.79,-0.81,0.26,0.25,0.49
3905793985,-0.88,-0.84,0.25,0.26,0.49
3905798894,2.27,-0.54,0.58,0.21,0.21
3905820932,2.56,-0.57,0.58,0.21,0.21
3905956558,0.91,-0.25,0.57,0.22,0.22
3905984827,-0.19,1.04,0.21,0.56,0.22
3906013607,1.11,1.27,0.28,0.35,0.37
3906090901,-0.82,-0.73,0.25,0.29,0.46
3906099970,-0.84,-0.4,0.23,0.5,0.27
3906126657,0.22,0.38,0.27,0.35,0.38
3906139755,0.06,1.8,0.21,0.57,0.21
3906204533,1.41,0.4,0.55,0.22,0.23
3906310501,-0.92,-0.93,0.26,0.25,0.49
3906487996,-0.66,-0.66,0.26,0.26,0.49
3906492400,-0.95,0.69,0.21,0.57,0.21
3906606191,0.63,0.52,0.35,0.27,0.38
3906744317,-1.14,-0.72,0.23,0.48,0.29
3906776778,1.53,-0.62,0.58,0.21,0.21
3906796998,-0.52,-0.52,0.26,0.26,0.48
3906854254,-0.3,0.51,0.22,0.55,0.23
3906900958,0.57,1.89,0.21,0.57,0.22
3907082947,-1.26,0.89,0.21,0.58,0.21
3907110209,0.8,1.89,0.22,0.56,0.22
3907173894,0.66,0.9,0.26,0.39,0.35
3907199575,-0.99,0.29,0.21,0.57,0.22
3907234051,-1.16,-1.16,0.25,0.25,0.5
3907352460,-1.42,0.09,0.21,0.57,0.21
3907367129,-0.75,-0.82,0.28,0.25,0.47
3907386510,-0.51,0.17,0.22,0.54,0.24
3907427465,0.98,-0.24,0.57,0.21,0.22
3907646440,-0.64,0.6,0.21,0.57,0.22
3907771450,0.01,0.58,0.23,0.52,0.26
3908096747,-0.61,-0.61,0.26,0.26,0.49
3908121630,-1.03,-1.04,0.26,0.25,0.49
3908142614,-0.19,-0.5,0.44,0.24,0.32
3908291699,-0.75,-0.8,0.27,0.25,0.48
3908361286,-1.16,-0.66,0.23,0.51,0.26
3908372404,1.75,2.27,0.23,0.51,0.26
3908391224,1.16,0.59,0.49,0.24,0.27
3908393785,1.18,-0.47,0.57,0.21,0.21
3908500368,2.61,0.74,0.57,0.21,0.21
3908570488,-0.56,-0.08,0.23,0.51,0.26
3908700665,-0.86,-1.09,0.39,0.24,0.37
3908710919,0.33,-1.22,0.58,0.21,0.21
3908776571,0.11,-0.81,0.56,0.22,0.22
3908777473,-0.73,-0.07,0.22,0.54,0.24
3908800157,1.61,1.55,0.33,0.29,0.38
3908980400,-0.77,-0.79,0.26,0.25,0.49
3908981544,-0.64,-0.65,0.26,0.25,0.49
3909055257,-0.97,-0.1,0.22,0.56,0.23
3909136982,-0.33,-0.98,0.54,0.22,0.24
3909152857,-0.65,-0.61,0.25,0.27,0.48
3909277365,1.59,0.73,0.54,0.22,0.24
3909301210,0.96,0.95,0.31,0.29,0.4
3909303190,-0.92,-0.91,0.25,0.25,0.49
3909382408,-1.49,1.32,0.21,0.58,0.21
3909396843,0.62,-0.25,0.55,0.22,0.23
3909621216,-0.73,-0.74,0.26,0.25,0.49
3909661573,-1.04,-1.04,0.25,0.25,0.5
3909679952,-0.66,-0.31,0.24,0.47,0.3
3909680262,-0.54,0.15,0.22,0.54,0.24
3909715931,1.62,0.71,0.54,0.22,0.24
3909932312,-0.71,-0.66,0.25,0.27,0.48
3910115826,-0.28,-0.38,0.31,0.26,0.43
3910139068,1.64,-0.04,0.57,0.21,0.21
3910195195,-0.42,2.03,0.21,0.58,0.21
3910229630,-0.93,-1.08,0.33,0.25,0.43
3910440746,-1.3,-1.34,0.27,0.24,0.49
3910446005,0.2,1.16,0.22,0.55,0.23
3910463705,-0.38,1.82,0.21,0.57,0.21
3910526259,-1.32,0.48,0.21,0.57,0.21
3910640262,-1.31,1.02,0.21,0.58,0.21
3910670151,2.09,-0.36,0.58,0.21,0.21
3910798047,-0.42,-0.4,0.26,0.27,0.47
3911083427,1.41,-1.01,0.58,0.21,0.21
3911296032,-0.92,-0.61,0.24,0.44,0.32
3911451781,-0.79,-0.78,0.25,0.26,0.49
3911555888,0.08,-1.65,0.58,0.21,0.21
3911609117,-0.51,2.5,0.21,0.58,0.21
3911794098,-0.89,0.88,0.21,0.57,0.21
3911920702,0.59,-0.65,0.57,0.21,0.22
3911967872,-0.74,-0.77,0.26,0.25,0.49
3912001245,1.91,1.67,0.39,0.27,0.35
3912088025,-0.65,-0.62,0.25,0.27,0.48
3912280024,-0.32,0.21,0.23,0.52,0.26
3912304194,-0.23,-0.23,0.28,0.27,0.45
3912424494,1.17,0.3,0.54,0.22,0.23
3912535883,-0.78,-0.77,0.25,0.26,0.49
3912543292,0.37,-0.76,0.57,0.21,0.22
3912767999,-1.38,1.34,0.21,0.58,0.21
3912795143,-0.63,1.83,0.21,0.58,0.21
3912979586,2.12,-1.59,0.58,0.21,0.21
3913134254,-0.8,-0.76,0.25,0.27,0.48
3913231784,-1.4,-0.33,0.21,0.57,0.22
3913295078,2.06,0.46,0.57,0.21,0.21
3913344217,0.12,-0.4,0.51,0.23,0.26
3913455269,-0.81,-0.82,0.26,0.25,0.49
3913481541,0.97,0.98,0.31,0.29,0.4
3913525632,1.65,-1.23,0.58,0.21,0.21
3913746907,-0.88,-0.91,0.26,0.25,0.49
3913872484,0.88,-1.59,0.58,0.21,0.21
3913880780,0.25,0.14,0.35,0.27,0.38
3913920705,2.36,2.02,0.42,0.26,0.32
3914060655,0.44,2.62,0.21,0.57,0.21
3914068010,0.32,-0.9,0.57,0.21,0.21
3914090265,-0.95,-0.66,0.24,0.43,0.33
3914093550,-0.07,0.09,0.26,0.34,0.39
3914209865,0.58,-0.44,0.56,0.22,0.22
3914365523,-0.82,0.53,0.21,0.57,0.22
3914592135,1.72,1.58,0.35,0.28,0.37
3914610538,2.45,0.41,0.58,0.21,0.21
3914634840,-0.45,-0.44,0.26,0.27,0.47
3914659752,-0.81,-0.84,0.26,0.25,0.49
3914665906,-0.7,-0.59,0.25,0.3,0.45
3914682682,-0.86,-0.85,0.25,0.25,0.49
3914737402,0.44,2.33,0.21,0.57,0.21
3914767041,-0.01,-0.1,0.33,0.27,0.41
3914908508,-0.35,-0.33,0.27,0.27,0.46
3914926060,-0.81,1.8,0.21,0.58,0.21
3914929980,1.62,1.1,0.48,0.24,0.28
3915087259,-0.12,-0.04,0.27,0.3,0.43
3915132170,-0.73,-0.71,0.25,0.26,0.49
3915369683,-0.91,-0.76,0.25,0.33,0.43
3915490352,-0.76,-0.73,0.25,0.26,0.49
3915508156,-0.79,-0.69,0.25,0.3,0.46
3915523573,-0.36,-0.67,0.44,0.24,0.32
3915559845,-0.88,0.96,0.21,0.57,0.21
3915601021,-1.63,-0.14,0.21,0.57,0.21
3915732009,0.03,1.38,0.21,0.57,0.22
3915776807,-1.11,-1.16,0.27,0.25,0.48
3915874583,-0.58,-0.68,0.3,0.25,0.45
3915935696,-0.89,1.32,0.21,0.58,0.21
3916086636,-0.87,1.68,0.21,0.58,0.21
3916142598,-1.0,-0.95,0.25,0.27,0.49
3916180552,-0.76,-0.77,0.26,0.25,0.49
3916218166,-0.77,-0.78,0.26,0.25,0.49
3916220028,-0.95,-1.52,0.52,0.22,0.25
3916269510,-1.63,0.28,0.21,0.58,0.21
3916362458,-0.59,-0.57,0.26,0.26,0.48
3916432991,1.85,0.34,0.57,0.21,0.22
3916440611,-0.8,-0.81,0.26,0.25,0.49
3916472482,1.32,-0.49,0.58,0.21,0.21
3916480261,-0.28,-0.84,0.52,0.23,0.25
3916502192,-0.82,-0.67,0.25,0.33,0.43
3916534349,-1.26,-0.0,0.21,0.57,0.22
3916574329,-1.55,-1.54,0.25,0.25,0.5
3916782400,0.04,-0.01,0.32,0.27,0.41
3917021224,0.68,0.91,0.27,0.38,0.35
3917041522,0.52,1.13,0.23,0.52,0.25
3917042930,-0.32,-0.63,0.44,0.24,0.32
3917044065,0.62,2.53,0.21,0.57,0.21
3917099082,-0.14,-0.13,0.28,0.28,0.44
3917141657,-0.78,-0.78,0.25,0.25,0.49
3917170154,0.12,1.27,0.22,0.56,0.22
3917202653,-0.21,-0.41,0.38,0.25,0.37
3917241820,-0.74,-0.7,0.25,0.27,0.48
3917282680,-0.84,-1.05,0.37,0.25,0.38
3917323116,0.17,-1.01,0.57,0.21,0.22
3917378893,-0.16,-1.03,0.56,0.22,0.22
3917491293,-0.61,-0.69,0.29,0.25,0.46
3917639609,0.25,-1.41,0.58,0.21,0.21
3917860080,-0.96,1.3,0.21,0.58,0.21
3918026450,-0.61,-0.6,0.26,0.26,0.48
3918193061,2.7,-0.35,0.58,0.21,0.21
3918286936,1.68,0.26,0.57,0.21,0.22
3918334383,2.56,1.42,0.56,0.22,0.23
3918406813,-1.37,0.54,0.21,0.57,0.21
3918547915,-0.85,-0.91,0.28,0.25,0.48
3918567518,-1.23,1.11,0.21,0.58,0.21
3918612243,-0.8,-0.8,0.25,0.25,0.49
3918723465,0.56,0.53,0.32,0.28,0.4
3918764010,-0.72,2.69,0.21,0.58,0.21
3918795966,-0.82,-0.95,0.31,0.25,0.44
3918816293,-0.5,-0.51,0.26,0.26,0.48
3918831060,-0.78,-0.82,0.27,0.25,0.48
3918983932,-0.28,-0.71,0.49,0.23,0.28
3919112683,-0.03,-1.42,0.57,0.21,0.21
3919113084,0.62,-1.01,0.58,0.21,0.21
3919149795,-0.32,0.48,0.22,0.55,0.23
3919224579,0.62,0.95,0.25,0.44,0.31
3919297529,-0.06,0.02,0.27,0.3,0.42
3919349165,0.84,0.38,0.48,0.24,0.28
3919434968,0.56,0.52,0.32,0.28,0.39
3919443243,-0.85,-0.85,0.25,0.25,0.49
3919643001,-1.73,2.23,0.21,0.58,0.21
3919649658,-1.47,0.22,0.21,0.57,0.21
3919701810,0.91,1.52,0.23,0.52,0.25
3919756664,0.55,0.61,0.3,0.31,0.4
3919810040,-0.86,-0.84,0.25,0.26,0.49
3919950208,-0.82,-0.84,0.26,0.25,0.49
3920049937,0.61,0.62,0.31,0.29,0.4
3920126816,-0.88,-0.87,0.25,0.25,0.49
3920207499,-0.74,-0.79,0.27,0.25,0.48
3920223267,0.95,0.79,0.36,0.27,0.37
3920312398,0.22,1.17,0.22,0.55,0.23
3920392478,0.36,-1.68,0.58,0.21,0.21
3920467789,-0.52,-0.52,0.26,0.26,0.48
3920477130,-0.18,-0.1,0.27,0.3,0.43
3920635745,2.41,-0.17,0.58,0.21,0.21
3920722383,0.72,-1.05,0.58,0.21,0.21
3920738399,-0.76,-0.78,0.26,0.25,0.49
3920743115,0.52,-0.9,0.57,0.21,0.21
3920973655,1.74,-1.48,0.58,0.21,0.21
3921050221,1.6,-1.2,0.58,0.21,0.21
3921061604,0.63,-0.68,0.57,0.21,0.21
3921129223,-0.77,0.07,0.22,0.55,0.23
3921232723,0.76,1.48,0.22,0.53,0.24
3921412235,-0.21,-0.19,0.27,0.28,0.45
3921461538,-0.77,-0.63,0.25,0.32,0.43
3921530703,2.91,3.09,0.27,0.38,0.35
3921711061,-1.49,-1.47,0.25,0.25,0.5
3921800141,-1.93,0.23,0.21,0.58,0.21
3922037349,-0.65,-0.61,0.25,0.27,0.48
3922140481,-0.87,-0.68,0.24,0.36,0.4
3922241646,0.65,1.02,0.25,0.46,0.3
3922293225,0.85,-1.74,0.58,0.21,0.21
3922362241,0.67,0.21,0.48,0.24,0.28
3922483515,2.09,2.5,0.24,0.48,0.28
3922659586,1.77,0.41,0.57,0.21,0.22
3922691105,0.09,0.94,0.22,0.54,0.23
3922827642,-0.78,-0.82,0.27,0.25,0.48
3922994000,-1.12,0.98,0.21,0.58,0.21
3923123439,-1.11,-1.11,0.25,0.25,0.5
3923241248,-0.67,-0.62,0.25,0.27,0.48
3923275523,-0.87,1.49,0.21,0.58,0.21
3923390938,-0.8,-0.79,0.25,0.26,0.49
3923420116,-0.54,-0.49,0.26,0.28,0.47
3923483991,-0.04,0.3,0.24,0.45,0.31
3923514562,-0.6,-0.56,0.25,0.27,0.48
3923596825,-0.04,-1.17,0.57,0.21,0.22
3923693512,-0.7,-0.65,0.25,0.27,0.48
3923786288,-0.68,-0.75,0.28,0.25,0.47
3923800604,-1.59,0.5,0.21,0.58,0.21
3923896339,-1.01,0.44,0.21,0.57,0.22
3924046251,-0.81,-0.82,0.26,0.25,0.49
3924120669,-0.02,-0.77,0.55,0.22,0.23
3924291651,-0.06,-1.65,0.58,0.21,0.21
3924357135,-0.78,-0.78,0.25,0.25,0.49
3924495914,-0.74,-0.71,0.25,0.26,0.49
3924511157,-0.56,0.16,0.22,0.54,0.24
3924511537,1.79,-0.37,0.58,0.21,0.21
3924525925,-1.06,-0.64,0.23,0.48,0.29
3924800120,-0.7,0.45,0.21,0.57,0.22
3924881488,0.71,-0.63,0.57,0.21,0.21
3924930331,-1.17,0.15,0.21,0.57,0.22
3924947884,-0.47,-0.77,0.43,0.24,0.33
3925281078,1.41,0.19,0.57,0.22,0.22
3925534792,-0.71,-0.71,0.26,0.25,0.49
3925564782,2.28,0.8,0.57,0.21,0.22
3925589711,-0.44,-0.36,0.26,0.3,0.45
3925606043,-1.47,-1.41,0.25,0.26,0.49
3925623984,1.74,-0.6,0.58,0.21,0.21
3925740698,-0.61,-0.61,0.26,0.26,0.49
3925763044,-0.04,-0.05,0.3,0.27,0.43
3925927738,-1.11,-1.02,0.25,0.28,0.47
3926005627,2.28,-0.78,0.58,0.21,0.21
3926018676,-0.42,1.13,0.21,0.57,0.22
3926109552,2.33,-0.21,0.58,0.21,0.21
3926215000,1.34,0.5,0.54,0.22,0.24
3926368860,-1.7,0.12,0.21,0.57,0.21
3926397598,-0.82,-0.81,0.25,0.26,0.49
3926605373,-0.19,2.47,0.21,0.58,0.21
3926621962,-1.45,1.53,0.21,0.58,0.21
3926699182,0.66,1.6,0.22,0.55,0.23
3926745317,0.62,0.86,0.26,0.39,0.35
3927060136,-1.26,2.56,0.21,0.58,0.21
3927117189,1.51,1.51,0.31,0.3,0.39
3927121071,-1.37,-1.32,0.25,0.26,0.49
3927235213,-1.45,-1.56,0.3,0.24,0.46
3927292705,-1.44,1.44,0.21,0.58,0.21
3927338647,0.6,-0.24,0.55,0.22,0.23
3927372634,0.82,-0.21,0.56,0.22,0.22
3927392301,-0.89,-0.87,0.25,0.26,0.49
3927577134,-1.2,-1.4,0.36,0.24,0.4
3927792368,-0.89,-0.82,0.25,0.28,0.48
3927825495,0.82,0.61,0.39,0.26,0.35
3927888923,-0.8,-0.84,0.27,0.25,0.48
3927911727,0.18,-0.5,0.54,0.22,0.24
3927960897,1.42,-0.29,0.57,0.21,0.21
3928005292,-0.18,0.75,0.22,0.55,0.23
3928046501,2.31,-0.97,0.58,0.21,0.21
3928081453,-0.44,-0.66,0.38,0.25,0.37
3928092928,-1.49,1.46,0.21,0.58,0.21
3928110728,-0.74,-0.97,0.39,0.25,0.37
3928151060,1.89,0.02,0.58,0.21,0.21
3928176690,-1.35,0.66,0.21,0.58,0.21
3928255529,-0.75,-0.69,0.25,0.28,0.47
3928280292,0.02,-1.38,0.57,0.21,0.21
3928298685,0.21,1.95,0.21,0.57,0.21
3928483276,2.59,1.48,0.55,0.22,0.23
3928528946,0.68,1.03,0.25,0.45,0.31
3928532102,-0.52,-0.52,0.26,0.26,0.48
3928546352,-0.78,-0.77,0.25,0.26,0.49
3928738806,-1.09,-1.2,0.3,0.25,0.45
3928806940,-0.7,0.89,0.21,0.57,0.21
3928925752,-1.48,1.73,0.21,0.58,0.21
3928930075,-0.58,-0.62,0.27,0.25,0.48
3928977997,-0.51,-0.26,0.25,0.4,0.35
3929023843,-0.71,-0.77,0.28,0.25,0.48
3929088879,0.45,-0.97,0.57,0.21,0.21
3929287124,-0.57,-0.64,0.28,0.25,0.47
3929383677,1.74,-0.79,0.58,0.21,0.21
3929410933,-0.62,-0.67,0.27,0.25,0.48
3929441794,-0.71,-1.13,0.48,0.23,0.28
3929596349,-0.13,2.44,0.21,0.58,0.21
3929613107,0.76,-1.72,0.58,0.21,0.21
3929690893,-1.11,-1.23,0.31,0.25,0.45
3929732235,-0.77,-0.75,0.25,0.26,0.49
3929748901,-0.93,-0.65,0.24,0.43,0.34
3929808010,-0.71,-0.6,0.25,0.3,0.45
3929812193,-1.0,-0.97,0.25,0.26,0.49
3929854020,-0.3,-0.36,0.29,0.26,0.45
3929932580,-1.38,-1.02,0.24,0.44,0.32
3929971872,-1.0,-1.01,0.26,0.25,0.49
3930006001,-0.85,-0.88,0.26,0.25,0.49
3930126732,-1.46,-1.44,0.25,0.25,0.5
3930132293,1.55,-0.25,0.58,0.21,0.21
3930171451,-0.93,-0.94,0.26,0.25,0.49
3930226372,-1.72,-1.69,0.25,0.25,0.5
3930236098,-1.59,-1.81,0.37,0.24,0.39
3930314771,0.47,-1.11,0.58,0.21,0.21
3930336590,-0.13,-1.46,0.57,0.21,0.21
3930379932,-0.75,-0.82,0.28,0.25,0.47
3930676060,-0.38,-0.84,0.5,0.23,0.27
3930769266,-1.84,1.1,0.21,0.58,0.21
3930771630,-0.95,-1.06,0.3,0.25,0.45
3930882562,0.52,-1.12,0.58,0.21,0.21
3930943946,1.16,-0.82,0.58,0.21,0.21
3930961243,2.66,-0.0,0.58,0.21,0.21
3930989075,1.05,0.08,0.55,0.22,0.23
3931024143,2.22,0.49,0.57,0.21,0.21
3931400861,-0.8,-0.8,0.25,0.25,0.49
3931418201,-0.77,-0.79,0.26,0.25,0.49
3931430687,2.22,2.34,0.29,0.34,0.37
3931611097,0.77,0.39,0.45,0.25,0.3
3931638227,1.08,-1.62,0.58,0.21,0.21
3931657115,-1.27,1.48,0.21,0.58,0.21
3931825199,-0.79,-0.78,0.25,0.26,0.49
3931961965,0.22,0.56,0.25,0.44,0.31
3932296927,-0.92,-0.94,0.26,0.25,0.49
3932409423,-1.37,1.65,0.21,0.58,0.21
3932467319,-1.7,1.31,0.21,0.58,0.21
3932669744,2.75,2.02,0.52,0.23,0.25
3932670725,-0.66,-0.69,0.26,0.25,0.49
3932697545,-0.56,-0.71,0.33,0.25,0.42
3932711533,-0.84,-0.18,0.22,0.54,0.24
3932788028,0.38,-1.28,0.58,0.21,0.21
3932821574,-1.08,-0.17,0.22,0.56,0.23
3932907465,1.04,0.17,0.55,0.22,0.23
3932917130,-0.87,-0.65,0.24,0.38,0.37
3933124938,1.18,-0.29,0.57,0.21,0.21
3933165989,1.32,0.29,0.56,0.22,0.23
3933325670,1.52,1.31,0.38,0.27,0.35
3933351710,-1.4,2.98,0.21,0.58,0.21
3933361704,2.09,1.02,0.55,0.22,0.23
3933366448,3.16,-0.01,0.58,0.21,0.21
3933467168,-0.31,-0.72,0.48,0.24,0.28
3933545762,-1.08,0.36,0.21,0.57,0.22
3933558703,-0.11,1.75,0.21,0.57,0.21
3933629971,-0.73,-0.71,0.25,0.26,0.49
3933657439,-0.77,-0.76,0.25,0.26,0.49
3933761309,-0.33,-1.53,0.57,0.21,0.21
3933792614,-1.11,-1.1,0.25,0.25,0.5
3933808307,-0.65,0.07,0.22,0.54,0.24
3933844503,-0.64,-0.66,0.26,0.25,0.49
3933864949,1.25,0.48,0.53,0.23,0.24
3933914412,1.41,-1.62,0.58,0.21,0.21
3933953474,-0.65,0.05,0.22,0.54,0.24
3933963514,-0.91,-0.9,0.25,0.25,0.49
3933994000,-0.06,0.53,0.23,0.52,0.25
3934157145,1.3,-0.95,0.58,0.21,0.21
3934163583,-0.02,0.07,0.28,0.31,0.42
3934186342,-0.26,-0.44,0.36,0.25,0.39
3934210024,2.5,0.81,0.57,0.21,0.21
3934394978,-0.65,-0.6,0.25,0.27,0.47
3934728931,-0.77,-0.28,0.23,0.51,0.26
3934794677,-0.84,-0.82,0.25,0.26,0.49
3934824050,-0.49,-0.39,0.25,0.31,0.44
3934923287,0.41,-0.38,0.55,0.22,0.23
3934954953,1.02,-0.42,0.57,0.21,0.21
3934965551,-1.1,1.74,0.21,0.58,0.21
3934994485,0.32,0.74,0.24,0.48,0.28
3935028789,-0.38,0.66,0.22,0.56,0.22
3935181217,-0.77,-0.77,0.25,0.25,0.49
3935224870,-0.79,-0.37,0.23,0.49,0.28
3935331827,-0.67,-0.66,0.25,0.26,0.49
3935537176,1.24,-0.31,0.57,0.21,0.21
3935574033,-1.05,-1.05,0.25,0.25,0.5
3935605804,-0.82,-0.85,0.26,0.25,0.49
3935677669,0.85,0.52,0.44,0.25,0.31
3935922013,-0.52,-0.51,0.26,0.26,0.48
3936048196,-0.79,-0.86,0.28,0.25,0.47
3936073824,-0.78,-0.39,0.23,0.48,0.29
3936099447,-1.24,-1.26,0.26,0.25,0.5
3936102724,0.07,0.42,0.25,0.45,0.3
3936146099,1.99,1.82,0.36,0.27,0.36
3936148660,0.09,0.41,0.25,0.44,0.32
3936202165,2.2,0.7,0.57,0.21,0.22
3936285272,1.14,-0.01,0.56,0.22,0.22
3936290381,0.72,0.24,0.48,0.24,0.28
3936341455,-0.18,2.53,0.21,0.58,0.21
3936360763,-1.3,0.76,0.21,0.58,0.21
3936569242,-1.37,-0.36,0.21,0.56,0.22
3936679495,3.23,3.22,0.32,0.31,0.37
3936869631,1.71,0.34,0.57,0.21,0.22
3936903589,1.23,-0.47,0.57,0.21,0.21
3937016305,-0.74,-0.84,0.3,0.25,0.46
3937071168,1.2,-1.12,0.58,0.21,0.21
3937128804,0.55,-0.99,0.57,0.21,0.21
3937156071,2.52,0.08,0.58,0.21,0.21
3937172501,-0.89,-0.85,0.25,0.26,0.49
3937184393,-1.2,3.06,0.21,0.58,0.21
3937288260,0.82,-0.82,0.58,0.21,0.21
3937444586,2.55,-1.0,0.58,0.21,0.21
3937516019,0.82,1.31,0.23,0.5,0.27
3937532425,1.33,-0.25,0.57,0.21,0.21
3937535800,-1.81,0.65,0.21,0.58,0.21
3937614787,-0.64,-0.59,0.25,0.27,0.47
3937659669,-0.76,-0.81,0.27,0.25,0.48
3937668363,-1.1,0.4,0.21,0.57,0.21
3937692421,0.81,-0.22,0.56,0.22,0.22
3937885046,-1.27,0.13,0.21,0.57,0.22
3938075538,0.61,2.06,0.21,0.57,0.22
3938100016,-0.82,-0.84,0.26,0.25,0.49
3938299948,-0.47,0.01,0.23,0.51,0.26
3938360185,0.14,-0.33,0.5,0.23,0.27
3938391037,0.98,-0.13,0.56,0.22,0.22
3938548511,1.73,0.16,0.57,0.21,0.21
3938666375,0.62,1.55,0.22,0.55,0.23
3938791968,-0.77,-0.75,0.25,0.26,0.49
3938873653,0.24,0.3,0.29,0.3,0.41
3938967638,1.75,0.74,0.55,0.22,0.23
3939156539,1.74,-0.54,0.58,0.21,0.21
3939207133,-1.16,0.5,0.21,0.57,0.21
3939214100,-0.17,-1.21,0.57,0.21,0.22
3939218549,0.68,-1.08,0.58,0.21,0.21
3939415568,0.04,-0.02,0.32,0.27,0.41
3939445067,0.9,1.23,0.25,0.44,0.31
3939446131,1.12,0.12,0.56,0.22,0.23
3939606262,-1.38,-2.05,0.54,0.22,0.24
3939618704,-1.01,-1.01,0.25,0.25,0.5
3939725496,0.92,-1.2,0.58,0.21,0.21
3940006822,-1.03,-1.03,0.25,0.25,0.5
3940122589,-0.45,1.44,0.21,0.57,0.21
3940277204,-0.33,-0.34,0.27,0.27,0.46
3940287339,1.91,1.01,0.54,0.22,0.24
3940315190,-0.37,-0.94,0.52,0.23,0.25
3940431352,-0.4,2.05,0.21,0.58,0.21
3940436765,-0.65,-1.16,0.51,0.23,0.26
3940444227,-1.66,2.08,0.21,0.58,0.21
3940448962,1.17,-0.74,0.58,0.21,0.21
3940568534,-0.84,-0.82,0.25,0.26,0.49
3940570556,0.7,-0.36,0.56,0.22,0.22
3940706776,1.07,0.28,0.54,0.23,0.24
3940812560,-0.74,0.33,0.22,0.56,0.22
3940887904,2.92,-0.11,0.58,0.21,0.21
3940973453,2.7,2.0,0.51,0.23,0.26
3941069646,-1.06,-1.12,0.27,0.25,0.48
3941077781,0.48,-0.24,0.54,0.22,0.24
3941111497,-0.55,-0.41,0.25,0.33,0.42
3941241582,-0.42,0.51,0.22,0.56,0.23
3941275832,0.86,2.17,0.21,0.57,0.22
3941302790,2.75,1.85,0.54,0.22,0.24
3941328920,0.14,-0.38,0.51,0.23,0.26
3941339810,-1.03,-0.49,0.22,0.52,0.25
3941392243,2.17,1.27,0.54,0.22,0.24
3941434755,1.16,2.86,0.21,0.57,0.21
3941460572,-0.22,-0.24,0.28,0.27,0.45
3941524827,-0.69,-0.75,0.28,0.25,0.47
3941526233,-0.61,-0.84,0.39,0.25,0.37
3941585236,0.26,1.59,0.21,0.57,0.22
3941589188,1.47,0.47,0.55,0.22,0.23
3941621870,1.05,1.23,0.27,0.36,0.36
3941799206,-0.92,-0.89,0.25,0.26,0.49
3941932244,0.38,0.07,0.44,0.25,0.31
3941938532,-1.0,-0.89,0.25,0.29,0.46
3942012842,2.42,1.69,0.52,0.23,0.25
3942155974,-0.74,-0.89,0.33,0.25,0.42
3942266226,-1.55,-1.53,0.25,0.25,0.5
3942483861,-0.8,-0.8,0.25,0.25,0.49
3942509615,0.45,-1.3,0.58,0.21,0.21
3942607831,0.97,1.09,0.28,0.33,0.38
3942613184,2.02,1.53,0.47,0.24,0.29
3942667494,-0.77,-0.79,0.26,0.25,0.49
3942710055,-1.7,-1.7,0.25,0.25,0.5
3942818200,-1.27,-1.63,0.45,0.24,0.31
3942818392,-1.01,0.76,0.21,0.57,0.21
3942840482,-1.02,-0.97,0.25,0.27,0.49
3942893461,2.17,-0.27,0.58,0.21,0.21
3942925071,-0.44,-0.81,0.47,0.24,0.3
3942939861,1.99,-0.7,0.58,0.21,0.21
3942974796,2.86,3.16,0.25,0.44,0.31
3942983338,0.2,0.27,0.29,0.3,0.41
3943042243,-0.78,-0.77,0.25,0.26,0.49
3943120934,-0.31,1.62,0.21,0.57,0.21
3943182421,-0.73,-0.78,0.27,0.25,0.48
3943195465,-0.73,-0.79,0.28,0.25,0.48
3943209847,0.81,-0.59,0.57,0.21,0.21
3943365149,-0.62,-0.57,0.25,0.27,0.47
3943638651,-1.17,0.82,0.21,0.58,0.21
3943716101,1.34,-0.09,0.57,0.21,0.21
3943725911,-0.82,-0.88,0.28,0.25,0.48
3943789733,-0.69,-0.75,0.28,0.25,0.47
3943924044,-1.46,1.05,0.21,0.58,0.21
3944116833,2.83,2.22,0.5,0.23,0.27
3944154373,-0.77,-0.82,0.27,0.25,0.48
3944379207,-0.8,-0.82,0.26,0.25,0.49
3944443012,0.34,1.23,0.22,0.55,0.23
3944832712,1.2,-1.34,0.58,0.21,0.21
3944852622,-0.63,-0.66,0.26,0.25,0.48
3944914832,-1.02,-1.65,0.53,0.22,0.24
3944975013,-0.47,-0.51,0.27,0.26,0.47
3945001397,-0.52,0.4,0.22,0.56,0.23
3945052668,-0.26,-0.52,0.41,0.25,0.34
3945147487,-0.91,-0.91,0.25,0.25,0.49
3945176907,2.11,0.24,0.57,0.21,0.21
3945398117,-0.42,-0.42,0.27,0.26,0.47
3945500605,0.78,0.08,0.53,0.23,0.25
3945589823,-0.7,-0.69,0.25,0.26,0.49
3945638220,-1.2,-1.11,0.25,0.28,0.48
3945651245,1.47,2.64,0.21,0.57,0.22
3945696629,-0.61,-0.01,0.22,0.53,0.25
3946037068,-0.78,-0.79,0.26,0.25,0.49
3946081350,1.58,0.74,0.53,0.22,0.24
3946245278,-0.84,-0.84,0.25,0.25,0.49
3946319490,1.95,-0.43,0.58,0.21,0.21
3946481149,-1.22,0.66,0.21,0.57,0.21
3946519123,1.94,-0.67,0.58,0.21,0.21
3946672326,-0.77,-0.58,0.25,0.36,0.39
3946830896,-0.8,-0.78,0.25,0.26,0.49
3946843605,1.7,2.78,0.22,0.56,0.22
3946896001,0.6,0.45,0.37,0.27,0.36
3947195225,0.24,0.34,0.28,0.32,0.4
3947217991,-0.39,1.56,0.21,0.57,0.21
3947240179,-0.82,-0.77,0.25,0.27,0.48
3947259040,1.83,0.38,0.57,0.21,0.22
3947313031,-1.12,0.73,0.21,0.57,0.21
3947327386,-0.58,-0.3,0.24,0.42,0.33
3947356798,1.77,0.22,0.57,0.21,0.21
3947359826,-1.17,1.25,0.21,0.58,0.21
3947393573,-0.89,-0.89,0.25,0.25,0.49
3947448457,2.03,-1.48,0.58,0.21,0.21
3947463599,0.35,-0.95,0.57,0.21,0.21
3947482337,-0.74,-0.53,0.24,0.38,0.38
3947668438,2.53,2.53,0.31,0.31,0.38
3947772282,1.88,2.75,0.22,0.55,0.23
3947778976,1.56,1.9,0.25,0.45,0.3
3947862004,-1.23,1.39,0.21,0.58,0.21
3947919892,-0.79,-0.8,0.26,0.25,0.49
3948000494,2.3,1.12,0.56,0.22,0.22
3948002108,-0.75,-0.75,0.26,0.25,0.49
3948097930,0.77,0.77,0.31,0.29,0.4
3948279307,0.2,-1.95,0.58,0.21,0.21
3948397250,-0.11,-1.12,0.57,0.21,0.22
3948495445,-0.87,-0.92,0.27,0.25,0.48
3948503567,1.82,0.55,0.57,0.22,0.22
3948545558,-0.82,-0.75,0.25,0.28,0.47
3948609048,-1.04,0.82,0.21,0.57,0.21
3948691925,-0.77,0.24,0.22,0.56,0.22
3948707728,0.81,0.29,0.49,0.24,0.27
3948830383,-1.3,-0.38,0.22,0.56,0.22
3948871753,-1.01,0.97,0.21,0.57,0.21
3948941816,0.62,1.83,0.22,0.56,0.22
3948949196,2.34,-0.66,0.58,0.21,0.21
3949048841,0.6,0.52,0.34,0.28,0.39
3949075763,1.87,1.89,0.31,0.3,0.39
3949123717,-1.67,0.96,0.21,0.58,0.21
3949138250,-1.2,-1.14,0.25,0.27,0.49
3949183563,-1.44,-0.75,0.22,0.54,0.24
3949233826,0.13,1.71,0.21,0.57,0.22
3949298235,-1.09,-1.11,0.26,0.25,0.49
3949362957,2.78,2.08,0.51,0.23,0.26
3949421872,-0.84,-0.84,0.25,0.25,0.49
3949455389,-0.22,0.25,0.23,0.5,0.27
3949491296,-0.81,-0.75,0.25,0.27,0.48
3949521697,-0.76,-0.81,0.27,0.25,0.48
3949545083,2.17,0.81,0.57,0.21,0.22
3949584261,0.86,1.53,0.23,0.53,0.25
3949585138,-0.41,1.32,0.21,0.57,0.21
3949676826,-0.72,-0.75,0.26,0.25,0.49
3949992151,-0.85,0.37,0.21,0.57,0.22
3950138677,2.14,-1.88,0.58,0.21,0.21
3950207746,-0.91,1.91,0.21,0.58,0.21
3950226447,-0.82,-0.77,0.25,0.27,0.48
3950570244,1.81,0.62,0.56,0.22,0.22
3950719899,1.46,-1.21,0.58,0.21,0.21
3950733306,0.27,2.42,0.21,0.57,0.21
3950742994,-0.58,0.54,0.21,0.56,0.22
3950955237,-0.77,-0.81,0.27,0.25,0.48
3951104766,3.2,2.92,0.4,0.27,0.33
3951167003,-0.36,-0.53,0.35,0.25,0.4
3951206528,-1.8,-1.7,0.24,0.27,0.49
3951386585,2.14,1.85,0.4,0.26,0.34
3951514151,1.62,1.62,0.31,0.3,0.39
3951523644,-1.03,-1.27,0.39,0.24,0.37
3951574771,-0.8,-0.79,0.25,0.26,0.49
3951747899,0.47,-0.96,0.57,0.21,0.21
3951773323,1.77,-0.33,0.58,0.21,0.21
3952091805,-0.43,-0.3,0.25,0.33,0.42
3952124164,-0.64,-0.44,0.25,0.37,0.38
3952189179,0.84,1.1,0.26,0.4,0.34
3952240738,-0.61,-0.66,0.27,0.25,0.48
3952301861,-0.85,-0.84,0.25,0.25,0.49
3952354040,-0.27,0.56,0.22,0.55,0.23
3952419217,0.4,0.41,0.31,0.29,0.4
3952425647,-0.9,-0.9,0.25,0.25,0.49
3952433991,0.46,-1.24,0.58,0.21,0.21
3952482090,2.5,1.24,0.56,0.22,0.22
3952534727,-0.5,-0.44,0.26,0.28,0.46
3952548171,0.41,-0.29,0.53,0.22,0.24
3952628959,1.77,-1.76,0.58,0.21,0.21
3952650731,-0.77,-0.9,0.31,0.25,0.44
3952738321,-0.82,-0.78,0.25,0.27,0.48
3952776404,-1.3,-1.14,0.24,0.32,0.44
3952782454,-0.6,0.02,0.22,0.53,0.25
3952809368,-0.89,-0.75,0.25,0.32,0.44
3952826076,-0.84,-0.86,0.26,0.25,0.49
3952862062,-0.49,-1.26,0.55,0.22,0.23
3952973649,0.32,-1.02,0.57,0.21,0.21
3953104317,-0.58,-0.54,0.25,0.27,0.47
3953158032,1.38,-0.15,0.57,0.21,0.21
3953162401,-0.54,-0.59,0.27,0.25,0.47
3953247050,1.51,0.91,0.5,0.23,0.27
3953410775,-0.81,-0.77,0.25,0.27,0.48
3953418175,0.34,1.31,0.22,0.55,0.23
3953434526,1.64,-1.3,0.58,0.21,0.21
3953542841,-1.64,-0.92,0.22,0.55,0.24
3953568445,1.95,0.26,0.57,0.21,0.21
3953713744,-0.9,-0.87,0.25,0.26,0.49
3953721667,1.41,2.03,0.23,0.52,0.25
3953742181,-0.61,-0.61,0.26,0.26,0.49
3953766494,0.68,-0.54,0.57,0.21,0.22
3953779070,-0.88,-0.89,0.26,0.25,0.49
3954008459,1.2,-0.78,0.58,0.21,0.21
3954033445,2.66,0.11,0.58,0.21,0.21
3954302701,-0.78,-0.77,0.25,0.26,0.49
3954360710,-1.35,0.8,0.21,0.58,0.21
3954414812,-0.58,-0.33,0.24,0.41,0.35
3954418472,0.85,-0.02,0.55,0.22,0.23
3954436876,-0.58,-0.69,0.3,0.25,0.45
3954698594,-0.82,-0.81,0.25,0.26,0.49
3954711672,1.4,-0.95,0.58,0.21,0.21
3954760489,-1.03,-0.96,0.25,0.27,0.48
3954796032,-0.91,-0.91,0.25,0.25,0.49
3954924495,-1.27,-0.58,0.22,0.54,0.24
3954944380,-0.81,-0.78,0.25,0.26,0.49
3954958187,-1.05,-1.07,0.26,0.25,0.49
3954969113,-0.82,-0.78,0.25,0.27,0.48
3955128841,-1.49,-0.33,0.21,0.57,0.22
3955352387,-0.21,-1.43,0.57,0.21,0.21
3955791590,0.31,0.28,0.32,0.28,0.4
3955839763,0.59,-0.07,0.53,0.23,0.25
3955928079,-0.36,-0.78,0.48,0.23,0.28
3955961150,-0.8,-0.02,0.22,0.55,0.23
3956010793,-1.28,-1.49,0.36,0.24,0.39
3956082157,0.12,2.14,0.21,0.57,0.21
3956146085,-0.78,-0.8,0.26,0.25,0.49
3956244066,-0.46,-1.03,0.52,0.23,0.25
3956269050,-0.5,-0.51,0.26,0.26,0.48
3956280770,-0.91,1.13,0.21,0.57,0.21
3956359202,-1.05,0.45,0.21,0.57,0.21
3956682559,-0.35,0.23,0.22,0.52,0.25
3956706439,1.43,0.42,0.55,0.22,0.23
3956717277,0.91,0.85,0.33,0.28,0.39
3956739676,-0.69,-0.69,0.26,0.25,0.49
3956764001,0.58,-0.17,0.54,0.22,0.24
3956792871,0.52,0.93,0.24,0.47,0.29
3956888631,2.66,2.81,0.28,0.36,0.36
3956955543,-0.81,-0.82,0.26,0.25,0.49
3956977927,-0.9,0.4,0.21,0.57,0.22
3956996196,2.59,2.62,0.31,0.31,0.38
3957045672,0.21,0.65,0.24,0.48,0.28
3957169234,0.01,0.31,0.25,0.43,0.32
3957277267,-0.49,-0.5,0.26,0.26,0.48
3957305536,-0.94,1.5,0.21,0.58,0.21
3957345792,-0.84,-0.78,0.25,0.27,0.48
3957397382,-0.97,-0.89,0.25,0.28,0.47
3957433605,-0.08,1.56,0.21,0.57,0.22
3957449269,-0.61,-0.43,0.25,0.36,0.4
3957468554,-0.51,-1.84,0.57,0.21,0.21
3957511480,0.92,-1.51,0.58,0.21,0.21
3957622915,-0.47,0.91,0.21,0.57,0.22
3957639727,-0.77,-0.08,0.22,0.54,0.24
3957817208,-0.87,-0.59,0.24,0.43,0.33
3957833942,-0.0,-1.39,0.57,0.21,0.21
3957983061,1.98,-0.29,0.58,0.21,0.21
3958105259,-0.31,-0.41,0.31,0.26,0.43
3958130623,-1.13,-1.27,0.32,0.25,0.44
3958217879,1.58,2.84,0.21,0.57,0.22
3958280790,-0.06,-0.14,0.32,0.27,0.42
3958341447,0.61,-0.16,0.54,0.22,0.24
3958597635,-0.6,0.6,0.21,0.57,0.22
3958606469,-1.48,-1.02,0.23,0.49,0.29
3958615315,0.7,1.8,0.22,0.56,0.22
3958714906,0.3,-1.2,0.57,0.21,0.21
3958723159,-1.5,-0.33,0.21,0.57,0.22
3958833080,-0.84,-0.66,0.25,0.35,0.4
3958921553,-0.87,-0.85,0.25,0.26,0.49
3959076136,-0.53,0.03,0.22,0.52,0.25
3959084715,-0.21,2.28,0.21,0.58,0.21
3959177911,-0.51,-0.51,0.26,0.26,0.48
3959194672,-0.81,-0.82,0.26,0.25,0.49
3959265721,1.16,-0.66,0.58,0.21,0.21
3959431212,-1.08,-1.12,0.27,0.25,0.49
3959475173,-0.98,0.33,0.21,0.57,0.22
3959539552,0.88,-0.26,0.57,0.22,0.22
3959549565,-0.71,-0.64,0.25,0.28,0.47
3959587381,1.44,3.08,0.21,0.57,0.21
3959637800,-0.78,-0.76,0.25,0.26,0.49
3959665874,-0.06,2.11,0.21,0.57,0.21
3959710109,1.55,2.5,0.22,0.56,0.23
3959727908,1.15,0.01,0.56,0.22,0.22
3959821873,-0.4,0.92,0.21,0.57,0.22
3959956856,0.82,-1.81,0.58,0.21,0.21
3959982216,-0.63,0.27,0.22,0.56,0.23
3959986697,0.71,-0.12,0.55,0.22,0.23
3959988534,1.09,0.08,0.56,0.22,0.22
3960025839,-0.84,-0.84,0.25,0.25,0.49
3960050044,0.93,0.26,0.52,0.23,0.25
3960072693,-0.04,0.37,0.24,0.48,0.28
3960168993,-0.49,-0.25,0.25,0.39,0.36
3960203945,-0.86,-0.85,0.25,0.25,0.49
3960207980,-0.26,0.33,0.23,0.52,0.25
3960317906,-0.29,0.66,0.22,0.56,0.23
3960329689,-1.18,1.27,0.21,0.58,0.21
3960549756,-0.61,-0.59,0.26,0.26,0.48
3960660325,-0.79,-0.79,0.25,0.25,0.49
3960683314,-0.91,-0.61,0.24,0.44,0.33
3960734362,0.76,-0.23,0.56,0.22,0.22
3960739729,0.89,0.89,0.31,0.29,0.4
3960789574,1.21,-1.54,0.58,0.21,0.21
3960815121,-0.68,-0.82,0.32,0.25,0.43
3960997669,1.44,1.98,0.23,0.51,0.26
3961346105,1.73,0.02,0.57,0.21,0.21
3961508779,-0.9,-0.89,0.25,0.25,0.49
3961721975,-0.79,-0.7,0.25,0.29,0.46
3961913384,1.01,-0.42,0.57,0.21,0.21
3961956273,0.4,-1.3,0.58,0.21,0.21
3961997682,-1.03,-1.06,0.26,0.25,0.49
3962018596,1.05,1.3,0.26,0.4,0.34
3962114279,-0.45,-0.13,0.24,0.44,0.32
3962155327,-0.1,0.13,0.26,0.38,0.36
3962189815,-1.05,2.25,0.21,0.58,0.21
3962196384,-0.48,-0.55,0.29,0.25,0.46
3962271106,-0.67,1.12,0.21,0.57,0.21
3962318813,-1.02,-0.7,0.24,0.44,0.32
3962359791,-0.89,-0.96,0.28,0.25,0.47
3962425556,-0.08,-0.13,0.3,0.27,0.43
3962426912,1.55,-0.47,0.58,0.21,0.21
3962495380,1.74,-0.55,0.58,0.21,0.21
3962565378,2.17,0.8,0.57,0.21,0.22
3962572625,0.62,0.58,0.32,0.28,0.39
3962644044,0.32,1.66,0.21,0.57,0.22
3962719269,-0.69,-1.27,0.53,0.22,0.25
3962739847,0.53,-0.34,0.55,0.22,0.23
3962769817,0.13,-1.61,0.58,0.21,0.21
3962769934,-0.85,-0.88,0.26,0.25,0.49
3962813769,-0.82,-0.79,0.25,0.26,0.49
3962890321,-0.84,-0.84,0.25,0.25,0.49
3962923793,-0.99,0.2,0.21,0.57,0.22
3963023130,-0.29,-0.38,0.31,0.26,0.44
3963051818,-0.61,0.62,0.21,0.57,0.22
3963176977,-0.74,-0.71,0.25,0.26,0.49
3963205435,-1.31,-0.54,0.22,0.55,0.23
3963304115,1.41,1.08,0.43,0.25,0.32
3963353438,0.15,-0.27,0.48,0.24,0.28
3963392257,-0.82,-0.84,0.26,0.25,0.49
3963412333,-0.58,-0.29,0.24,0.43,0.33
3963452079,-1.49,1.74,0.21,0.58,0.21
3963465971,-0.79,-0.79,0.25,0.25,0.49
3963469655,2.81,-0.19,0.58,0.21,0.21
3963538285,-0.79,-0.78,0.25,0.26,0.49
3963568814,1.49,0.79,0.51,0.23,0.25
3963594982,-0.08,-1.27,0.57,0.21,0.21
3963758022,1.04,0.94,0.34,0.28,0.38
3963920971,1.8,0.15,0.57,0.21,0.21
3964253771,-1.34,0.91,0.21,0.58,0.21
3964352885,-1.35,-1.16,0.24,0.33,0.43
3964468760,-0.51,-0.36,0.25,0.34,0.41
3964473538,-0.36,-0.33,0.26,0.28,0.46
3964478668,-0.62,-0.08,0.22,0.52,0.25
3964657336,0.81,0.64,0.37,0.27,0.36
3964704857,1.21,2.41,0.21,0.57,0.22
3964716165,-0.26,0.48,0.22,0.54,0.24
3964881490,-0.06,-1.2,0.57,0.21,0.22
3965095720,0.19,0.05,0.36,0.26,0.37
3965150353,0.12,-0.29,0.48,0.24,0.28
3965176753,-0.97,-0.91,0.25,0.27,0.48
3965194531,-0.64,-0.78,0.32,0.25,0.43
3965208933,0.33,0.13,0.39,0.26,0.35
3965344630,1.07,1.27,0.27,0.37,0.36
3965368290,-0.8,-0.88,0.29,0.25,0.47
3965609605,-0.71,-0.72,0.26,0.25,0.49
3965615910,-0.86,-0.51,0.23,0.46,0.3
3965649192,0.72,0.46,0.41,0.26,0.33
3965842192,2.02,-0.65,0.58,0.21,0.21
3965915335,-0.79,1.53,0.21,0.58,0.21
3965979517,0.07,-0.36,0.49,0.24,0.27
3966001042,-0.8,-0.78,0.25,0.26,0.49
3966336247,-0.85,-0.92,0.28,0.25,0.47
3966336558,0.31,-0.56,0.56,0.22,0.23
3966345766,-0.9,-0.9,0.25,0.25,0.49
3966575948,-1.03,1.18,0.21,0.58,0.21
3966588375,-0.75,-0.48,0.24,0.42,0.34
3966788489,0.03,2.31,0.21,0.57,0.21
3966885037,1.42,0.25,0.56,0.22,0.22
3966886010,-0.79,-0.81,0.26,0.25,0.49
3966912601,1.38,-0.33,0.57,0.21,0.21
3966963875,2.06,0.82,0.56,0.22,0.22
3967014880,2.84,0.11,0.58,0.21,0.21
3967087567,1.45,1.76,0.25,0.43,0.31
3967160669,0.58,0.68,0.29,0.32,0.39
3967197884,-0.13,-1.07,0.56,0.22,0.22
3967217279,1.34,0.34,0.55,0.22,0.23
3967238476,-0.75,-0.75,0.26,0.25,0.49
3967359794,-0.68,-0.7,0.26,0.25,0.49
3967403763,-0.77,-0.79,0.26,0.25,0.49
3967460464,-0.82,0.36,0.21,0.57,0.22
3967469673,-0.87,-0.87,0.25,0.25,0.49
3967506630,-0.02,0.13,0.27,0.34,0.39
3967523855,-0.84,-0.85,0.26,0.25,0.49
3967640275,-0.21,-0.22,0.28,0.27,0.45
3967659532,1.94,-0.82,0.58,0.21,0.21
3967834340,-0.06,-0.03,0.28,0.28,0.43
3967907300,-0.73,-0.02,0.22,0.54,0.24
3968003833,-0.71,-0.7,0.25,0.26,0.49
3968193810,0.23,1.61,0.21,0.57,0.22
3968313906,-0.36,1.54,0.21,0.57,0.21
3968362847,3.12,1.3,0.57,0.21,0.21
3968468141,-0.93,-0.93,0.25,0.25,0.49
3968485154,0.1,-0.24,0.46,0.24,0.3
3968615472,1.49,-0.52,0.58,0.21,0.21
3968621952,0.73,1.22,0.24,0.5,0.27
3968790027,-0.71,-0.71,0.26,0.25,0.49
3968823757,-0.79,-0.81,0.26,0.25,0.49
3968871817,-0.89,0.93,0.21,0.57,0.21
3968874653,0.01,-0.04,0.31,0.27,0.41
3968955670,0.1,-1.39,0.58,0.21,0.21
3969025199,-0.63,-0.65,0.26,0.25,0.49
3969070304,-0.69,0.58,0.21,0.57,0.22
3969092901,1.89,2.78,0.22,0.55,0.23
3969125215,-0.73,-0.71,0.25,0.26,0.49
3969234712,-0.84,-0.82,0.25,0.26,0.49
3969249987,2.06,1.44,0.5,0.23,0.26
3969347833,-1.76,0.84,0.21,0.58,0.21
3969438775,1.06,-0.86,0.58,0.21,0.21
3969496047,0.82,-1.81,0.58,0.21,0.21
3969621179,-0.95,-1.03,0.28,0.25,0.47
3969624812,-0.33,-0.11,0.25,0.38,0.37
3969625169,-0.77,-0.88,0.3,0.25,0.45
3969658692,0.19,-0.25,0.49,0.24,0.27
3969771484,-0.84,-1.02,0.35,0.25,0.4
3969772835,-0.19,-0.27,0.31,0.26,0.43
3969830490,1.3,0.62,0.51,0.23,0.26
3969869310,-0.9,-0.86,0.25,0.26,0.49
3969916747,0.4,3.16,0.21,0.58,0.21
3969929745,-0.78,-0.8,0.26,0.25,0.49
3970042624,-0.07,-0.54,0.5,0.23,0.27
3970077300,3.12,2.16,0.54,0.22,0.24
3970088308,0.38,1.09,0.22,0.53,0.24
3970154622,-0.86,-0.86,0.25,0.25,0.49
3970158706,2.22,2.25,0.3,0.31,0.39
3970161970,-1.58,1.27,0.21,0.58,0.21
3970162689,-0.3,-1.06,0.55,0.22,0.23
3970247555,-0.21,1.33,0.21,0.57,0.22
3970273165,-0.14,0.26,0.24,0.48,0.29
3970398998,1.05,-1.48,0.58,0.21,0.21
3970538988,0.46,-1.2,0.58,0.21,0.21
3970560557,0.81,-0.21,0.56,0.22,0.22
3970577636,-0.84,-0.82,0.25,0.26,0.49
3970672226,1.09,0.95,0.36,0.27,0.37
3970753705,0.24,-1.3,0.58,0.21,0.21
3970829632,-0.15,0.19,0.24,0.45,0.31
3970838837,0.71,-1.09,0.58,0.21,0.21
3970867491,-0.77,-0.78,0.26,0.25,0.49
3970890226,0.24,-0.1,0.45,0.25,0.3
3971028984,1.05,2.55,0.21,0.57,0.22
3971152966,-2.02,-2.06,0.27,0.24,0.49
3971153006,-0.89,-0.89,0.25,0.25,0.49
3971191624,3.19,2.98,0.38,0.27,0.35
3971228139,-0.95,-1.07,0.31,0.25,0.45
3971398669,0.86,0.91,0.3,0.3,0.4
3971415023,-1.47,2.41,0.21,0.58,0.21
3971456077,0.59,1.26,0.23,0.53,0.25
3971494381,2.14,-0.34,0.58,0.21,0.21
3971576426,2.62,2.59,0.32,0.3,0.38
3971623668,0.32,-1.44,0.58,0.21,0.21
3971700372,-0.73,-0.77,0.27,0.25,0.48
3971708696,-0.71,-0.67,0.25,0.27,0.48
3971717329,-1.14,0.26,0.21,0.57,0.22
3971816073,-0.8,-0.72,0.25,0.28,0.47
3971909221,0.05,1.15,0.22,0.56,0.22
3972159059,0.82,0.66,0.37,0.27,0.36
3972215266,-0.71,-0.7,0.25,0.26,0.49
3972320707,1.06,-0.61,0.57,0.21,0.21
3972345317,0.65,-1.22,0.58,0.21,0.21
3972459219,-0.94,-0.85,0.25,0.29,0.47
3972512143,-0.95,2.45,0.21,0.58,0.21
3972518736,0.24,-0.91,0.57,0.21,0.22
3972592150,-1.46,2.05,0.21,0.58,0.21
3972608557,2.27,-0.44,0.58,0.21,0.21
3972699106,0.31,0.56,0.26,0.4,0.34
3972736471,-0.82,-0.84,0.26,0.25,0.49
3972856548,0.18,1.12,0.22,0.55,0.23
3972919006,0.92,-0.24,0.57,0.22,0.22
3972921473,-0.77,-0.75,0.25,0.26,0.49
3973117059,-0.86,-0.04,0.22,0.55,0.23
3973130271,-0.62,1.43,0.21,0.57,0.21
3973175497,-0.89,-0.26,0.22,0.54,0.24
3973183478,-0.54,-0.64,0.3,0.25,0.45
3973186913,-0.89,-0.85,0.25,0.26,0.49
3973475428,-0.43,1.27,0.21,0.57,0.21
3973578664,-0.87,-0.91,0.27,0.25,0.48
3973626014,-0.82,-0.75,0.25,0.28,0.47
3973642371,-1.2,1.84,0.21,0.58,0.21
3973711672,-1.64,0.76,0.21,0.58,0.21
3973855557,2.08,0.24,0.57,0.21,0.21
3974040591,-0.21,-1.17,0.57,0.21,0.22
3974064733,0.41,-1.61,0.58,0.21,0.21
3974091353,0.52,0.08,0.48,0.24,0.28
3974208281,-0.64,-0.99,0.45,0.24,0.31
3974371838,0.07,0.16,0.28,0.31,0.41
3974402543,-0.89,-0.8,0.25,0.29,0.47
3974493382,1.05,1.11,0.3,0.31,0.4
3974743555,2.7,2.03,0.51,0.23,0.26
3975012757,2.66,-0.52,0.58,0.21,0.21
3975070922,-0.52,1.49,0.21,0.57,0.21
3975072344,0.08,0.81,0.22,0.54,0.24
3975074604,1.3,-0.52,0.58,0.21,0.21
3975111498,2.2,-0.98,0.58,0.21,0.21
3975204890,0.95,-0.36,0.57,0.21,0.22
3975353127,0.86,0.89,0.3,0.3,0.4
3975378322,-1.78,-1.48,0.24,0.38,0.38
3975475788,-0.77,-0.84,0.28,0.25,0.47
3975584249,-0.09,-0.06,0.28,0.28,0.44
3975772296,-1.52,1.1,0.21,0.58,0.21
3975833085,-0.33,-0.89,0.52,0.23,0.25
3975878652,-1.2,-1.14,0.25,0.27,0.49
3975914707,2.73,1.3,0.57,0.21,0.22
3976110949,0.91,-0.57,0.57,0.21,0.21
3976131104,-1.55,-0.1,0.21,0.57,0.21
3976259036,0.99,0.25,0.53,0.23,0.24
3976290904,1.45,2.61,0.21,0.57,0.22
3976364901,-0.8,0.74,0.21,0.57,0.21
3976467948,0.08,0.08,0.3,0.28,0.42
3976574748,-0.36,1.16,0.21,0.57,0.22
3976588407,0.64,0.42,0.4,0.26,0.34
3976769697,-0.64,-0.74,0.3,0.25,0.45
3976774883,0.89,1.18,0.26,0.42,0.33
3977012331,0.71,0.37,0.44,0.25,0.31
3977022178,2.98,2.97,0.32,0.31,0.38
3977035936,1.16,1.07,0.34,0.28,0.38
3977176278,0.71,1.77,0.22,0.56,0.22
3977287580,-1.31,0.03,0.21,0.57,0.22
3977354410,0.61,0.73,0.28,0.33,0.39
3977443851,1.99,1.51,0.47,0.24,0.29
3977553003,1.05,1.26,0.27,0.38,0.35
3977640207,1.67,-1.08,0.58,0.21,0.21
3977647225,0.25,0.14,0.35,0.27,0.38
3977970431,0.77,-0.72,0.57,0.21,0.21
3978442828,-0.66,-0.98,0.44,0.24,0.32
3978451681,-1.6,1.73,0.21,0.58,0.21
3978453001,0.77,-1.09,0.58,0.21,0.21
3978529848,-0.82,-0.84,0.26,0.25,0.49
3978564425,-0.88,-0.87,0.25,0.25,0.49
3978698006,-0.54,-0.54,0.26,0.26,0.48
3978727553,-1.67,0.55,0.21,0.58,0.21
3978759570,-0.71,-0.32,0.23,0.48,0.29
3978808531,-1.5,-1.25,0.24,0.36,0.4
3978859919,-0.84,-0.77,0.25,0.28,0.47
3978921591,2.34,0.2,0.58,0.21,0.21
3979136091,-0.86,-0.47,0.23,0.48,0.29
3979205518,-0.61,0.05,0.22,0.54,0.24
3979226587,3.17,1.23,0.57,0.21,0.21
3979229598,1.34,1.01,0.43,0.25,0.32
3979291072,-0.72,-0.69,0.25,0.26,0.48
3979355118,-0.64,-0.92,0.42,0.24,0.34
3979358353,1.31,-1.45,0.58,0.21,0.21
3979368875,-0.76,-0.72,0.25,0.27,0.48
3979557170,-0.39,-0.26,0.25,0.33,0.42
3979653941,-0.77,-0.54,0.24,0.39,0.36
3979856543,-0.9,-0.9,0.25,0.25,0.49
3979861431,2.3,-1.52,0.58,0.21,0.21
3979978006,-0.77,-1.41,0.54,0.22,0.24
3980080434,-0.51,0.91,0.21,0.57,0.22
3980092601,-0.89,-0.82,0.25,0.28,0.48
3980137419,-0.03,-1.05,0.57,0.21,0.22
3980164740,-1.09,-1.09,0.25,0.25,0.5
3980251555,0.48,0.97,0.23,0.5,0.27
3980309181,2.06,-1.48,0.58,0.21,0.21
3980339795,-0.75,-0.75,0.26,0.25,0.49
3980724763,-0.82,-0.78,0.25,0.27,0.48
3980725731,-0.59,-0.59,0.26,0.26,0.48
3980739859,-0.81,-0.82,0.26,0.25,0.49
3980763097,2.7,1.55,0.56,0.22,0.23
3980783969,1.59,0.06,0.57,0.21,0.21
3980799571,1.23,0.85,0.45,0.25,0.3
3980876723,-0.96,-1.13,0.34,0.25,0.41
3980985314,1.81,0.33,0.57,0.21,0.22
3981003752,-0.78,-0.81,0.26,0.25,0.49
3981062121,-0.66,-0.7,0.27,0.25,0.48
3981074070,-0.78,-0.68,0.25,0.3,0.46
3981101588,-0.45,-1.13,0.54,0.22,0.24
3981129808,-0.84,-0.84,0.25,0.25,0.49
3981197503,-0.26,1.22,0.21,0.57,0.22
3981264127,-0.28,-1.23,0.57,0.21,0.22
3981305325,-0.05,1.13,0.22,0.56,0.22
3981306852,-0.66,-0.42,0.24,0.4,0.36
3981354072,-1.51,0.8,0.21,0.58,0.21
3981400223,-0.97,-0.99,0.26,0.25,0.49
3981415997,0.22,0.22,0.31,0.28,0.41
3981442867,-0.77,-0.7,0.25,0.28,0.47
3981486893,1.46,-0.28,0.57,0.21,0.21
3981596701,0.18,0.53,0.25,0.45,0.3
3981604591,1.89,2.22,0.25,0.45,0.3
3981612988,-0.78,-0.79,0.26,0.25,0.49
3981648188,-0.81,-0.79,0.25,0.26,0.49
3981728075,-0.05,-0.61,0.52,0.23,0.25
3981769605,-0.84,-0.82,0.25,0.26,0.49
3981775487,-0.9,-0.9,0.25,0.25,0.49
3981845520,1.38,0.52,0.54,0.22,0.24
3981933519,-0.89,-0.91,0.26,0.25,0.49
3981938427,2.5,0.31,0.58,0.21,0.21
3981940182,1.72,1.52,0.37,0.27,0.36
3982025292,-0.65,-0.47,0.25,0.36,0.4
3982044934,-1.24,1.16,0.21,0.58,0.21
3982103788,0.65,-1.18,0.58,0.21,0.21
3982116212,0.39,-1.76,0.58,0.21,0.21
3982230546,-1.16,-1.42,0.4,0.24,0.36
3982251463,-1.51,0.95,0.21,0.58,0.21
3982289121,0.59,-1.01,0.58,0.21,0.21
3982350464,-0.79,0.16,0.22,0.56,0.22
3982383555,-0.43,1.47,0.21,0.57,0.21
3982413471,-0.8,-0.39,0.23,0.49,0.28
3982463491,-0.84,-0.82,0.25,0.26,0.49
3982584189,0.4,0.41,0.31,0.29,0.4
3982624821,-0.86,-0.87,0.26,0.25,0.49
3982731503,-0.88,1.78,0.21,0.58,0.21
3982951853,-0.85,-1.08,0.39,0.24,0.37
3982957420,-0.47,0.05,0.23,0.52,0.26
3983085875,-0.91,-0.86,0.25,0.27,0.48
3983373223,-1.78,-0.08,0.21,0.57,0.21
3983503410,0.17,-1.23,0.57,0.21,0.21
3983572561,-0.89,1.25,0.21,0.58,0.21
3983670463,1.94,0.25,0.57,0.21,0.21
3983719476,0.69,-0.8,0.57,0.21,0.21
3983723313,-0.75,-0.75,0.26,0.25,0.49
3983730956,1.27,1.96,0.22,0.53,0.24
3983732971,-0.84,-0.76,0.25,0.28,0.47
3983796591,1.98,0.53,0.57,0.21,0.22
3983797143,0.7,-1.12,0.58,0.21,0.21
3983905007,-0.41,0.44,0.22,0.55,0.23
3983972493,0.49,-0.2,0.53,0.23,0.24
3984087407,-0.88,-0.41,0.23,0.51,0.27
3984281512,-0.71,2.28,0.21,0.58,0.21
3984342433,-0.78,-0.7,0.25,0.29,0.47
3984372147,-1.01,-1.28,0.41,0.24,0.35
3984399025,-0.84,-0.75,0.25,0.29,0.46
3984492996,-0.81,-0.85,0.27,0.25,0.48
3984670886,0.72,-1.2,0.58,0.21,0.21
3984671834,0.51,-0.48,0.56,0.22,0.22
3984802990,-0.76,-0.71,0.25,0.27,0.48
3984914850,2.36,1.49,0.53,0.22,0.24
3985272329,1.49,-1.3,0.58,0.21,0.21
3985411604,-1.24,0.75,0.21,0.58,0.21
3985433767,-1.02,-0.48,0.22,0.52,0.25
3985463127,-0.07,-0.78,0.55,0.22,0.23
3985572735,0.56,0.65,0.29,0.32,0.39
3985638976,1.05,1.75,0.22,0.53,0.24
3985702195,-0.32,-0.6,0.42,0.25,0.33
3985907622,0.68,1.27,0.23,0.52,0.26
3985949557,-0.21,0.72,0.22,0.55,0.23
3985990568,-0.71,-0.89,0.35,0.25,0.4
3986041636,-1.48,-1.76,0.41,0.24,0.35
3986205078,-0.19,-0.34,0.35,0.26,0.4
3986390534,-0.77,-0.5,0.24,0.42,0.34
3986392841,1.97,-0.25,0.58,0.21,0.21
3986442788,-1.01,-1.51,0.51,0.23,0.27
3986481169,-0.92,-0.92,0.25,0.25,0.49
3986510316,1.31,-0.17,0.57,0.21,0.21
3986567022,-0.88,-0.94,0.28,0.25,0.48
3986610130,-0.5,-0.63,0.31,0.25,0.43
3986712384,-0.84,-0.85,0.26,0.25,0.49
3986748513,2.31,-0.85,0.58,0.21,0.21
3986750648,-0.41,-0.41,0.27,0.27,0.47
3986782632,-0.02,-0.41,0.48,0.24,0.28
3986785702,-0.21,-0.23,0.28,0.27,0.45
3986909953,0.48,1.05,0.23,0.51,0.26
3987211678,-0.44,-0.7,0.41,0.25,0.34
3987237653,-1.16,0.28,0.21,0.57,0.22
3987369365,-1.61,-1.62,0.26,0.25,0.5
3987433631,-0.8,-0.81,0.26,0.25,0.49
3987473314,-0.81,-0.81,0.25,0.25,0.49
3987539661,1.04,-0.91,0.58,0.21,0.21
3987765570,-0.69,-0.67,0.25,0.26,0.49
3988036129,-0.66,-0.71,0.27,0.25,0.48
3988123282,-0.64,-0.55,0.25,0.29,0.45
3988166935,-0.79,1.03,0.21,0.57,0.21
3988238793,-1.34,-1.3,0.25,0.26,0.5
3988362818,-0.85,-0.87,0.26,0.25,0.49
3988407346,0.08,-0.11,0.39,0.26,0.36
3988417381,-0.7,-0.66,0.25,0.27,0.48
3988445421,0.53,2.17,0.21,0.57,0.22
3988455053,-0.19,2.27,0.21,0.58,0.21
3988511097,0.45,1.89,0.21,0.57,0.22
3988619764,2.05,0.29,0.57,0.21,0.21
3988641816,-0.03,1.12,0.22,0.56,0.22
3988677692,0.76,2.09,0.21,0.57,0.22
3988742715,0.41,1.8,0.21,0.57,0.22
3988765144,0.91,0.46,0.47,0.24,0.29
3988873836,2.2,-0.41,0.58,0.21,0.21
3988889778,-0.54,-1.0,0.5,0.23,0.27
3988920895,-0.66,-0.55,0.25,0.31,0.44
3988926872,-0.49,-0.51,0.27,0.26,0.48
3988966266,0.77,-0.88,0.58,0.21,0.21
3989016570,1.41,0.22,0.56,0.22,0.22
3989086694,-0.37,-0.37,0.27,0.27,0.46
3989239368,1.3,-1.3,0.58,0.21,0.21
3989316956,0.89,0.84,0.32,0.28,0.39
3989382354,0.53,1.27,0.22,0.54,0.24
3989411992,-1.45,0.34,0.21,0.57,0.21
3989581753,-1.88,-1.74,0.24,0.28,0.48
3989664774,-1.23,2.44,0.21,0.58,0.21
3989686747,1.8,-0.87,0.58,0.21,0.21
3989706640,-1.71,0.38,0.21,0.58,0.21
3989744628,0.77,-1.02,0.58,0.21,0.21
3989865748,0.09,0.36,0.25,0.41,0.34
3989879557,-0.18,2.84,0.21,0.58,0.21
3989913089,-1.16,-0.16,0.21,0.56,0.22
3990010159,-0.82,-0.74,0.25,0.28,0.47
3990076747,0.67,1.64,0.22,0.56,0.23
3990190741,-0.12,-0.16,0.3,0.27,0.43
3990192948,-0.14,-0.26,0.33,0.26,0.41
3990214128,0.52,0.47,0.33,0.28,0.39
3990261261,0.02,0.18,0.27,0.34,0.39
3990347911,-0.82,-0.81,0.25,0.26,0.49
3990414177,-0.82,-0.79,0.25,0.26,0.49
3990419034,-0.54,-1.07,0.52,0.23,0.26
3990478981,2.47,0.61,0.57,0.21,0.21
3990636240,-0.31,-1.12,0.56,0.22,0.23
3990669092,-0.46,1.53,0.21,0.57,0.21
3990672084,-1.38,-0.85,0.22,0.51,0.26
3990750690,-0.73,-0.33,0.23,0.48,0.28
3990767430,-0.77,-1.26,0.5,0.23,0.27
3990802424,0.21,-0.36,0.52,0.23,0.25
3990910232,0.23,-0.36,0.52,0.23,0.25
3990992552,-1.08,-1.02,0.25,0.27,0.48
3991031338,-1.53,2.42,0.21,0.58,0.21
3991047248,0.41,0.84,0.24,0.48,0.28
3991205734,-1.03,-0.87,0.24,0.33,0.43
3991243349,-0.79,-0.84,0.27,0.25,0.48
3991284650,0.1,0.08,0.31,0.28,0.42
3991439863,0.59,-0.18,0.54,0.22,0.24
3991487194,-0.19,0.97,0.22,0.56,0.22
3991512627,-0.58,-0.54,0.25,0.27,0.47
3991559230,-0.56,-1.06,0.51,0.23,0.26
3991834613,-0.46,0.11,0.22,0.52,0.25
3991849396,-0.78,-0.77,0.25,0.26,0.49
3991857184,2.88,2.16,0.52,0.23,0.25
3991859105,-1.42,-1.23,0.24,0.33,0.43
3991923410,-0.69,-1.59,0.56,0.22,0.22
3991984273,2.33,1.9,0.45,0.25,0.3
3992225746,0.95,1.34,0.24,0.47,0.29
3992240341,0.23,-0.48,0.54,0.22,0.24
3992243396,1.0,0.52,0.48,0.24,0.28
3992318704,-0.77,-0.77,0.25,0.25,0.49
3992423487,-0.29,0.33,0.22,0.53,0.25
3992426424,-0.11,1.89,0.21,0.57,0.21
3992521976,-0.77,-0.7,0.25,0.28,0.47
3992572532,-0.55,-0.3,0.24,0.4,0.35
3992744682,-0.4,0.58,0.22,0.56,0.23
3992781114,-1.11,1.17,0.21,0.58,0.21
3992834663,-0.87,-0.84,0.25,0.26,0.49
3993099210,-0.25,-0.29,0.29,0.26,0.45
3993303899,-0.08,0.02,0.27,0.31,0.42
3993360637,-0.66,-0.71,0.27,0.25,0.48
3993417491,-0.86,-0.84,0.25,0.26,0.49
3993419737,-0.57,0.64,0.21,0.57,0.22
3993487547,-0.44,0.49,0.22,0.56,0.23
3993541281,-0.84,-0.51,0.24,0.45,0.31
3993612995,-0.03,2.86,0.21,0.58,0.21
3993698323,1.15,-1.5,0.58,0.21,0.21
3993824009,0.14,-1.02,0.57,0.21,0.22
3994338332,2.23,1.54,0.51,0.23,0.26
3994457159,-0.53,-0.52,0.26,0.26,0.48
3994519349,-0.71,-0.7,0.25,0.26,0.49
3994526572,-1.04,-1.07,0.26,0.25,0.49
3994530070,2.7,1.16,0.57,0.21,0.22
3994560416,-1.72,-1.83,0.3,0.24,0.46
3994835941,-0.9,-0.91,0.26,0.25,0.49
3995007200,0.26,0.42,0.27,0.35,0.38
3995069044,0.38,-0.45,0.55,0.22,0.23
3995076333,-0.79,-0.42,0.23,0.47,0.29
3995192144,-0.77,0.31,0.21,0.56,0.22
3995239933,-1.05,-0.68,0.23,0.46,0.3
3995508668,-0.54,2.61,0.21,0.58,0.21
3995519255,-1.11,-1.11,0.25,0.25,0.5
3995549356,2.42,0.95,0.57,0.21,0.22
3995558207,-1.7,-1.76,0.27,0.24,0.48
3995597196,0.28,-0.02,0.43,0.25,0.32
3995600877,0.75,0.78,0.3,0.3,0.4
3995663791,0.13,0.13,0.3,0.28,0.42
3995697623,-1.08,-1.11,0.26,0.25,0.49
3995719532,0.15,0.02,0.36,0.26,0.38
3995730392,0.56,0.37,0.39,0.26,0.35
3995841927,-0.65,0.1,0.22,0.55,0.23
3996107371,-0.95,-0.63,0.24,0.44,0.32
3996185937,-1.43,1.28,0.21,0.58,0.21
3996312991,-1.2,-1.2,0.25,0.25,0.5
3996347550,3.23,3.27,0.3,0.32,0.37
3996367494,-1.05,-0.44,0.22,0.53,0.25
3996526840,-0.82,-0.84,0.26,0.25,0.49
3996720556,-1.34,-1.44,0.29,0.24,0.46
3996745675,0.84,-0.74,0.57,0.21,0.21
3996761873,0.91,-0.34,0.57,0.21,0.22
3996893806,-0.9,1.88,0.21,0.58,0.21
3996977195,0.35,-0.25,0.52,0.23,0.25
3997125594,-0.77,-0.77,0.25,0.25,0.49
3997263184,-0.75,1.16,0.21,0.57,0.21
3997422005,-0.84,-0.81,0.25,0.26,0.49
3997436006,-0.82,-0.77,0.25,0.27,0.48
3997451225,2.2,-0.63,0.58,0.21,0.21
3997458227,-0.9,-0.88,0.25,0.26,0.49
3997498305,0.39,-0.66,0.57,0.21,0.22
3997542386,1.12,1.18,0.3,0.31,0.4
3997720190,-0.89,-0.89,0.25,0.25,0.49
3997818216,-0.75,-0.77,0.26,0.25,0.49
3997849396,-0.27,2.69,0.21,0.58,0.21
3997948945,-0.81,-0.77,0.25,0.27,0.48
3997975100,1.45,-0.97,0.58,0.21,0.21
3998277847,1.34,0.52,0.54,0.22,0.24
3998294288,2.62,0.7,0.57,0.21,0.21
3998298488,-0.87,1.14,0.21,0.57,0.21
3998315076,0.38,0.36,0.32,0.28,0.4
3998315566,-1.12,-1.31,0.35,0.25,0.4
3998368533,0.81,0.65,0.37,0.27,0.36
3998545442,-0.74,-0.25,0.23,0.51,0.26
3998747582,2.86,-0.9,0.58,0.21,0.21
3998756786,-0.84,-0.84,0.25,0.25,0.49
3998793248,-0.89,-1.36,0.5,0.23,0.27
3998798695,1.91,2.78,0.22,0.55,0.23
3998813275,2.14,0.11,0.58,0.21,0.21
3998876102,-0.82,-0.89,0.28,0.25,0.47
3998901040,0.9,-0.28,0.57,0.21,0.22
3998983395,1.1,-1.3,0.58,0.21,0.21
3998998104,-0.89,-0.53,0.23,0.46,0.3
3999083150,0.82,-1.05,0.58,0.21,0.21
3999183671,0.95,-0.97,0.58,0.21,0.21
3999218138,-1.4,2.31,0.21,0.58,0.21
3999343615,1.28,1.27,0.31,0.29,0.39
3999378338,-0.85,-0.91,0.28,0.25,0.48
3999423869,-0.41,-1.35,0.57,0.21,0.22
3999429660,-1.33,0.47,0.21,0.57,0.21
3999503462,-0.45,-0.44,0.26,0.27,0.47
3999522079,-0.51,-0.85,0.45,0.24,0.31
3999563883,-0.81,-0.8,0.25,0.26,0.49
3999649677,1.32,1.16,0.36,0.27,0.37
3999886257,-0.85,-0.82,0.25,0.26,0.49
3999999343,2.53,-1.34,0.58,0.21,0.21
4000085659,0.19,0.05,0.36,0.26,0.37
4000225240,-1.13,0.33,0.21,0.57,0.22
4000236844,1.84,-0.52,0.58,0.21,0.21
4000321061,0.77,1.89,0.22,0.56,0.22
4000365162,-0.75,-0.69,0.25,0.28,0.47
4000424711,2.67,-1.1,0.58,0.21,0.21
4000453938,0.09,2.27,0.21,0.57,0.21
4000456708,1.1,-1.11,0.58,0.21,0.21
4000515759,2.03,0.42,0.57,0.21,0.21
4000549255,1.35,-1.64,0.58,0.21,0.21
4000625619,-0.62,1.52,0.21,0.58,0.21
4000670568,-0.82,-0.77,0.25,0.27,0.48
4000694022,2.11,1.41,0.51,0.23,0.26
4000758287,-0.5,-0.63,0.31,0.25,0.43
4000776283,-0.6,-0.6,0.26,0.26,0.48
4000813413,-0.75,-0.82,0.28,0.25,0.47
4000873603,-0.78,-0.77,0.25,0.26,0.49
4000879154,-0.7,-1.05,0.45,0.24,0.31
4000894741,0.37,-0.84,0.57,0.21,0.22
4000980142,2.28,0.63,0.57,0.21,0.21
4001032366,0.71,2.28,0.21,0.57,0.22
4001219931,-1.36,0.17,0.21,0.57,0.21
4001268944,0.57,-0.25,0.55,0.22,0.23
4001468334,0.71,1.26,0.23,0.51,0.26
4001519027,-0.84,-0.36,0.23,0.51,0.26
4001547867,-0.75,-0.84,0.29,0.25,0.46
4001737262,0.22,-0.89,0.57,0.21,0.22
4001795693,-1.12,1.23,0.21,0.58,0.21
4001881675,-0.84,-0.88,0.27,0.25,0.48
4001976690,-0.61,1.34,0.21,0.57,0.21
4002367608,-0.1,-0.09,0.28,0.28,0.44
4002469366,-0.78,-0.79,0.26,0.25,0.49
4002669907,0.37,-1.48,0.58,0.21,0.21
4002679868,2.14,-0.5,0.58,0.21,0.21
4002712599,-0.77,-0.06,0.22,0.54,0.24
4002746959,-0.06,0.4,0.23,0.49,0.27
4002855601,1.0,0.04,0.55,0.22,0.23
4002961410,-1.12,1.59,0.21,0.58,0.21
4002975472,0.71,0.37,0.44,0.25,0.31
4003061970,-0.78,0.59,0.21,0.57,0.22
4003187453,-0.4,-0.5,0.3,0.26,0.44
4003192630,-0.82,-0.79,0.25,0.26,0.49
4003464890,0.27,-0.75,0.57,0.21,0.22
4003493188,-0.77,-0.78,0.26,0.25,0.49
4003528784,-0.42,1.78,0.21,0.57,0.21
4003585133,-0.63,-0.54,0.25,0.29,0.45
4003640073,-0.94,-0.96,0.26,0.25,0.49
4003641301,1.11,1.69,0.23,0.52,0.26
4003764783,-0.52,-0.84,0.44,0.24,0.32
4003847029,0.24,0.01,0.41,0.26,0.34
4003852226,-1.27,0.25,0.21,0.57,0.21
4003870179,1.02,1.45,0.24,0.48,0.28
4004024340,0.8,-0.63,0.57,0.21,0.21
4004049078,-0.23,0.0,0.25,0.38,0.36
4004077415,-1.07,-0.3,0.22,0.55,0.23
4004085286,-0.5,-0.51,0.26,0.26,0.48
4004090640,1.05,0.48,0.5,0.24,0.27
4004142025,-0.05,0.96,0.22,0.56,0.23
4004328370,0.66,2.09,0.21,0.57,0.22
4004396843,-0.87,-0.86,0.25,0.25,0.49
4004533732,1.1,2.88,0.21,0.57,0.21
4004878626,1.91,1.42,0.47,0.24,0.29
4004987712,-0.27,-0.92,0.54,0.22,0.24
4005045149,-0.84,-0.86,0.26,0.25,0.49
4005252449,-0.84,-0.85,0.26,0.25,0.49
4005256169,-0.45,-0.44,0.26,0.27,0.47
4005272466,-0.8,-0.8,0.25,0.25,0.49
4005355288,-1.16,1.02,0.21,0.58,0.21
4005436126,0.1,-0.59,0.54,0.22,0.24
4005468679,0.02,-0.6,0.53,0.22,0.24
4005576827,-1.34,-1.11,0.24,0.36,0.4
4005594557,2.08,-0.27,0.58,0.21,0.21
4005699514,-0.77,-0.77,0.25,0.25,0.49
4005773718,0.06,-1.61,0.58,0.21,0.21
4005802418,0.25,0.77,0.23,0.5,0.26
4005807981,0.8,0.7,0.34,0.28,0.38
4005892008,0.78,1.84,0.22,0.56,0.22
4006203826,-0.84,-0.82,0.25,0.26,0.49
4006332954,-0.64,-0.53,0.25,0.31,0.44
4006346066,-1.23,-1.14,0.25,0.28,0.48
4006442934,-0.76,-0.73,0.25,0.26,0.49
4006668635,-1.03,-0.95,0.25,0.28,0.48
4006800035,2.25,-1.5,0.58,0.21,0.21
4006820224,0.04,0.13,0.28,0.31,0.41
4006990848,2.81,-2.06,0.58,0.21,0.21
4007023518,0.39,0.94,0.23,0.51,0.26
4007062657,-0.38,-0.25,0.25,0.33,0.42
4007075745,2.86,0.7,0.58,0.21,0.21
4007178889,-0.52,0.23,0.22,0.54,0.24
4007232805,-0.64,-0.7,0.28,0.25,0.47
4007339725,1.06,0.16,0.55,0.22,0.23
4007385592,1.74,0.63,0.56,0.22,0.22
4007468768,-0.13,-1.5,0.57,0.21,0.21
4007492024,-0.53,-0.55,0.27,0.26,0.48
4007499048,-0.91,-0.8,0.25,0.3,0.46
4007503917,-0.63,-0.44,0.25,0.36,0.39
4007550214,0.97,1.16,0.27,0.37,0.36
4007719626,-0.98,-0.36,0.22,0.53,0.24
4007735149,1.52,-1.64,0.58,0.21,0.21
4007787260,-1.3,0.92,0.21,0.58,0.21
4007981314,-1.41,-0.74,0.22,0.54,0.24
4008003607,-1.81,1.89,0.21,0.58,0.21
4008034811,1.91,1.91,0.31,0.3,0.39
4008049965,-0.5,-0.56,0.28,0.25,0.47
4008087677,-0.77,-0.71,0.25,0.28,0.48
4008175429,-1.23,-0.41,0.22,0.55,0.23
4008175949,-0.82,-0.87,0.27,0.25,0.48
4008212089,-0.33,0.5,0.22,0.55,0.23
4008218131,-0.88,-0.41,0.23,0.51,0.27
4008378539,2.12,1.94,0.37,0.27,0.36
4008413081,-1.2,2.75,0.21,0.58,0.21
4008679042,-0.98,-0.99,0.26,0.25,0.49
4008723344,1.45,-1.46,0.58,0.21,0.21
4008727757,-0.82,1.25,0.21,0.57,0.21
4008818765,-1.21,0.49,0.21,0.57,0.21
4008825945,-1.15,0.46,0.21,0.57,0.21
4008879913,-0.87,-0.15,0.22,0.54,0.24
4008893503,-0.13,0.32,0.23,0.49,0.27
4008896378,1.71,0.74,0.55,0.22,0.23
4008960266,-0.64,-0.66,0.26,0.25,0.49
4009024859,1.88,2.45,0.23,0.52,0.25
4009085793,1.32,2.62,0.21,0.57,0.22
4009253819,2.56,-1.2,0.58,0.21,0.21
4009262990,0.77,0.77,0.31,0.29,0.4
4009315793,0.48,0.43,0.33,0.28,0.39
4009594178,-0.61,-0.66,0.27,0.25,0.48
4009699348,1.98,0.75,0.56,0.22,0.22
4009727518,1.24,2.16,0.22,0.55,0.23
4009780989,-0.86,-0.88,0.26,0.25,0.49
4009783042,0.4,0.07,0.44,0.25,0.31
4009800075,1.43,0.61,0.53,0.23,0.24
4009851342,-0.33,-0.86,0.52,0.23,0.26
4009851880,1.18,-0.15,0.57,0.21,0.22
4009893826,-0.66,-0.77,0.3,0.25,0.45
4009973007,1.59,2.16,0.23,0.52,0.25
4010083959,-0.55,-0.39,0.25,0.34,0.41
4010232094,-0.24,1.04,0.21,0.57,0.22
4010267685,1.24,1.26,0.3,0.3,0.4
4010298246,-0.47,-0.54,0.29,0.25,0.46
4010450665,2.45,-1.22,0.58,0.21,0.21
4010557691,0.43,1.99,0.21,0.57,0.22
4010594889,-0.91,-0.89,0.25,0.26,0.49
4010613621,2.36,1.64,0.52,0.23,0.25
4010631296,-1.33,2.53,0.21,0.58,0.21
4010663177,2.12,-0.24,0.58,0.21,0.21
4010878028,0.46,-1.08,0.57,0.21,0.21
4010946242,0.3,-0.91,0.57,0.21,0.22
4011111059,1.44,1.7,0.26,0.41,0.33
4011115811,-0.89,2.06,0.21,0.58,0.21
4011168801,-0.86,1.5,0.21,0.58,0.21
4011184932,-0.71,-0.84,0.31,0.25,0.44
4011447475,-0.67,-0.77,0.3,0.25,0.45
4011531113,-1.06,-0.37,0.22,0.54,0.24
4011730578,-0.73,-0.75,0.26,0.25,0.49
4011773200,-0.81,-0.8,0.25,0.26,0.49
4011773717,-0.72,-0.18,0.22,0.52,0.25
4011961784,-0.06,0.56,0.23,0.53,0.25
4012187058,-0.16,-0.08,0.27,0.3,0.43
4012279407,-0.81,-0.8,0.25,0.26,0.49
4012297893,1.59,-0.84,0.58,0.21,0.21
4012344998,1.27,0.75,0.48,0.24,0.28
4012398100,0.16,0.56,0.24,0.47,0.29
4012446560,0.65,2.42,0.21,0.57,0.21
4012591092,-1.18,2.33,0.21,0.58,0.21
4012622545,2.34,-0.07,0.58,0.21,0.21
4012657541,-0.84,-0.8,0.25,0.26,0.49
4012673950,-0.91,-0.87,0.25,0.26,0.49
4012758407,-0.8,-0.8,0.25,0.25,0.49
4012769267,0.27,0.06,0.4,0.26,0.35
4012902005,-1.43,-1.83,0.47,0.23,0.29
4012979469,-0.87,-0.89,0.26,0.25,0.49
4013130581,-0.67,-0.71,0.27,0.25,0.48
4013209546,0.7,0.47,0.4,0.26,0.34
4013251001,-0.86,-0.84,0.25,0.26,0.49
4013470565,-0.6,0.61,0.21,0.57,0.22
4013496082,-0.88,-0.87,0.25,0.25,0.49
4013514821,0.01,-0.57,0.53,0.23,0.25
4013563204,-1.08,-0.38,0.22,0.54,0.24
4013752355,-0.88,-0.82,0.25,0.27,0.48
4013797416,0.16,0.02,0.36,0.26,0.38
4013887601,-0.61,-0.12,0.23,0.51,0.26
4013932298,-0.56,-0.54,0.26,0.27,0.48
4013962283,-0.28,0.15,0.23,0.49,0.28
4014105111,-0.26,-1.39,0.57,0.21,0.22
4014219776,1.14,-0.27,0.57,0.21,0.21
4014303892,0.96,-1.55,0.58,0.21,0.21
4014312207,2.2,0.04,0.58,0.21,0.21
4014316347,-0.54,-0.56,0.27,0.26,0.48
4014391119,-0.1,-0.66,0.52,0.23,0.25
4014425653,2.81,0.9,0.57,0.21,0.21
4014498943,-0.16,-0.05,0.26,0.32,0.42
4014554115,-0.65,-0.68,0.26,0.25,0.49
4014630119,0.98,-1.12,0.58,0.21,0.21
4014677265,-0.73,-0.72,0.25,0.26,0.49
4014722691,1.77,1.77,0.31,0.3,0.39
4014785240,0.19,0.19,0.3,0.28,0.41
4014875999,-0.03,0.54,0.23,0.52,0.25
4015003223,0.63,2.72,0.21,0.57,0.21
4015028684,-0.41,-1.21,0.56,0.22,0.23
4015063875,-0.82,-0.84,0.26,0.25,0.49
4015119819,-0.87,-1.0,0.31,0.25,0.44
4015141681,0.08,-1.06,0.57,0.21,0.22
4015225805,-1.52,-1.47,0.25,0.26,0.49
4015239339,-1.93,2.31,0.21,0.58,0.21
4015249480,0.12,0.77,0.23,0.53,0.25
4015348406,0.64,-0.04,0.53,0.23,0.25
4015406609,-1.38,-1.23,0.24,0.3,0.45
4015491904,1.03,0.24,0.54,0.22,0.24
4015552582,-0.14,0.45,0.23,0.52,0.25
4015598659,0.95,-0.49,0.57,0.21,0.21
4015636736,0.05,-1.62,0.58,0.21,0.21
4015660924,-0.84,-0.6,0.24,0.4,0.36
4015710648,-0.15,1.23,0.21,0.57,0.22
4015718485,0.85,2.05,0.22,0.56,0.22
4015725594,0.5,-1.14,0.58,0.21,0.21
4015824844,0.41,-1.31,0.58,0.21,0.21
4015830479,-0.66,-1.18,0.51,0.23,0.26
4015878960,-0.25,-0.5,0.41,0.25,0.34
4015912363,2.08,0.89,0.56,0.22,0.22
4016009979,1.83,2.7,0.22,0.55,0.23
4016133108,-0.58,1.15,0.21,0.57,0.21
4016159538,0.12,-0.62,0.55,0.22,0.23
4016219044,-0.73,-0.75,0.26,0.25,0.49
4016236749,-0.71,-0.81,0.3,0.25,0.46
4016248861,2.8,0.12,0.58,0.21,0.21
4016417702,-0.84,-0.84,0.25,0.25,0.49
4016443948,2.03,0.01,0.58,0.21,0.21
4016447995,-0.89,-0.92,0.26,0.25,0.49
4016448592,-0.72,-0.77,0.27,0.25,0.48
4016670916,0.54,-0.49,0.56,0.22,0.22
4016693631,-1.59,-0.16,0.21,0.57,0.21
4016731540,-0.99,-0.76,0.24,0.39,0.37
4016838048,0.64,0.53,0.35,0.27,0.38
4016851112,-0.09,-0.08,0.28,0.28,0.44
4016853978,-0.84,-0.82,0.25,0.26,0.49
4016974857,-0.84,-0.84,0.25,0.25,0.49
4017018701,0.65,-0.61,0.57,0.21,0.22
4017085499,1.53,-0.69,0.58,0.21,0.21
4017092489,-1.16,-0.29,0.22,0.56,0.23
4017096085,-0.81,-1.88,0.57,0.21,0.22
4017232365,-0.58,0.07,0.22,0.54,0.24
4017239892,0.84,0.95,0.29,0.33,0.39
4017248815,-1.23,-1.0,0.24,0.37,0.39
4017281056,-0.77,-0.77,0.25,0.25,0.49
4017374629,-1.09,-0.88,0.24,0.36,0.39
4017400010,3.17,3.12,0.33,0.3,0.37
4017605730,-0.74,-0.77,0.26,0.25,0.49
4017634675,0.81,2.12,0.21,0.57,0.22
4017723252,-1.74,-1.81,0.28,0.24,0.48
4017763487,0.63,2.16,0.21,0.57,0.22
4017787669,-0.77,-0.71,0.25,0.28,0.48
4017811696,1.85,0.78,0.55,0.22,0.23
4017886266,-1.7,0.1,0.21,0.57,0.21
4017902155,-0.61,-0.61,0.26,0.26,0.49
4017917269,0.63,0.48,0.37,0.27,0.36
4017971385,-0.29,-1.02,0.55,0.22,0.23
4017994468,1.71,1.28,0.46,0.25,0.3
4018033084,2.83,1.62,0.56,0.22,0.22
4018093826,-0.84,-0.85,0.26,0.25,0.49
4018241837,-1.21,1.0,0.21,0.58,0.21
4018342662,0.94,0.74,0.38,0.27,0.35
4018690722,0.89,1.21,0.25,0.43,0.31
4018977601,-0.82,-0.77,0.25,0.27,0.48
4019012785,1.8,-0.05,0.58,0.21,0.21
4019101855,-0.15,-0.06,0.27,0.31,0.42
4019103307,-0.59,-0.55,0.25,0.27,0.47
4019176938,-1.12,-1.21,0.29,0.25,0.47
4019311167,-1.1,-0.4,0.22,0.54,0.24
4019318365,-0.85,-0.85,0.25,0.25,0.49
4019437410,-1.55,-1.36,0.24,0.32,0.44
4019467778,-1.05,1.35,0.21,0.58,0.21
4019483640,0.94,-0.81,0.58,0.21,0.21
4019488000,-1.72,-1.72,0.25,0.25,0.5
4019522693,-1.62,-1.53,0.24,0.27,0.49
4019531249,0.49,-0.64,0.57,0.21,0.22
4019579001,0.97,-1.83,0.58,0.21,0.21
4019633666,-0.97,-0.97,0.25,0.25,0.49
4019682186,0.98,2.73,0.21,0.57,0.21
4020067556,-0.95,-0.89,0.25,0.27,0.48
4020098776,-0.87,-0.9,0.26,0.25,0.49
4020176547,-1.05,0.3,0.21,0.57,0.22
4020295879,-0.23,-0.2,0.27,0.28,0.45
4020325248,-0.11,-0.07,0.28,0.29,0.44
4020401080,-0.82,-0.82,0.25,0.25,0.49
4020450965,0.13,0.55,0.24,0.48,0.28
4020459961,-0.39,-1.4,0.57,0.21,0.22
4020460520,-0.32,1.33,0.21,0.57,0.21
4020469098,0.39,2.72,0.21,0.58,0.21
4020518018,-0.89,-0.47,0.23,0.49,0.28
4020564669,-1.09,0.15,0.21,0.57,0.22
4020622060,-0.6,0.16,0.22,0.55,0.23
4020733595,-0.48,1.12,0.21,0.57,0.21
4020874722,-1.15,1.44,0.21,0.58,0.21
4021054230,-1.37,1.15,0.21,0.58,0.21
4021106162,-0.7,0.23,0.22,0.56,0.23
4021149554,0.24,0.15,0.34,0.27,0.39
4021191436,0.1,-0.61,0.54,0.22,0.23
4021307945,-0.46,-0.67,0.37,0.25,0.38
4021310047,3.17,1.43,0.57,0.21,0.21
4021320326,-0.72,-0.71,0.25,0.26,0.49
4021321623,-0.67,-0.7,0.26,0.25,0.49
4021372385,1.05,3.02,0.21,0.57,0.21
4021404739,-1.09,-0.19,0.22,0.56,0.23
4021614693,0.9,-0.77,0.58,0.21,0.21
4021704239,-0.95,-1.0,0.27,0.25,0.48
4021767421,-0.02,-0.29,0.43,0.25,0.32
4021806364,-0.66,-1.51,0.56,0.22,0.22
4022194358,1.65,-0.64,0.58,0.21,0.21
4022260863,0.22,0.2,0.31,0.28,0.41
4022342052,1.47,1.8,0.25,0.44,0.31
4022548344,0.31,-0.29,0.52,0.23,0.25
4022629933,1.76,0.91,0.53,0.22,0.24
4022717901,0.88,0.88,0.31,0.29,0.4
4022822111,-0.82,-0.77,0.25,0.27,0.48
4022943638,-1.64,0.74,0.21,0.58,0.21
4022979802,0.8,0.47,0.44,0.25,0.31
4022989820,0.7,0.43,0.42,0.26,0.33
4023242890,-1.33,-0.52,0.22,0.55,0.23
4023251369,-0.84,-0.85,0.26,0.25,0.49
4023340550,2.03,2.55,0.23,0.51,0.26
4023729341,1.2,1.94,0.22,0.54,0.24
4023741540,-1.0,0.64,0.21,0.57,0.21
4023755124,-0.28,1.54,0.21,0.57,0.21
4023760894,1.53,0.43,0.56,0.22,0.22
4023763904,0.22,0.21,0.31,0.28,0.41
4023937558,0.76,-0.08,0.55,0.22,0.23
4023940727,-1.1,-1.07,0.25,0.26,0.49
4023978273,0.2,-0.55,0.55,0.22,0.23
4024056014,-0.71,-0.73,0.26,0.25,0.49
4024097265,-0.36,-0.38,0.27,0.26,0.46
4024108785,-0.57,1.56,0.21,0.57,0.21
4024154027,-0.04,-0.27,0.41,0.25,0.34
4024195991,0.36,1.44,0.22,0.56,0.23
4024237410,0.08,-1.88,0.58,0.21,0.21
4024341376,-0.15,-0.79,0.54,0.22,0.24
4024341692,-0.95,-0.94,0.25,0.25,0.49
4024372711,-0.77,-0.86,0.29,0.25,0.46
4024490030,1.81,1.91,0.29,0.33,0.38
4024571839,-0.63,-0.78,0.33,0.25,0.42
4024613330,-1.04,0.06,0.21,0.57,0.22
4024697011,-1.61,0.26,0.21,0.57,0.21
4024724414,0.72,0.34,0.45,0.25,0.3
4024774632,1.23,-1.03,0.58,0.21,0.21
4024807200,0.01,1.45,0.21,0.57,0.22
4024864786,0.75,-0.77,0.57,0.21,0.21
4024881409,0.82,-0.91,0.58,0.21,0.21
4024915844,1.9,0.51,0.57,0.21,0.22
4024917088,2.62,2.59,0.32,0.3,0.38
4024971578,-0.81,-0.49,0.24,0.45,0.31
4024996249,0.14,-0.48,0.53,0.23,0.25
4025045873,-0.59,-0.71,0.31,0.25,0.44
4025139490,-0.89,-0.63,0.24,0.41,0.35
4025158881,-0.76,-0.74,0.25,0.26,0.49
4025289693,-0.75,-0.74,0.25,0.26,0.49
4025326741,1.67,1.91,0.26,0.4,0.34
4025338122,-0.78,-0.78,0.25,0.25,0.49
4025386765,-0.82,-0.75,0.25,0.28,0.47
4025550374,-0.82,-0.74,0.25,0.28,0.47
4025690192,-0.47,-0.47,0.26,0.26,0.47
4025748760,0.97,1.02,0.3,0.3,0.4
4025769759,-1.14,-1.11,0.25,0.26,0.49
4025801894,0.36,0.27,0.34,0.27,0.38
4025864970,-0.87,-0.99,0.31,0.25,0.45
4025912894,-0.4,-1.81,0.57,0.21,0.21
4025927066,-0.1,-0.15,0.3,0.27,0.43
4025943309,1.06,1.84,0.22,0.54,0.24
4026215365,-0.84,-0.67,0.25,0.34,0.41
4026281212,-0.56,-1.33,0.55,0.22,0.23
4026306087,-0.82,-0.84,0.26,0.25,0.49
4026357172,0.79,1.53,0.22,0.54,0.24
4026361783,2.11,-1.45,0.58,0.21,0.21
4026531671,-0.33,-0.37,0.28,0.26,0.46
4026542400,-0.84,-0.86,0.26,0.25,0.49
4026585193,-0.41,-0.49,0.29,0.26,0.45
4026686601,-0.45,-0.95,0.51,0.23,0.26
4026779554,-1.3,2.75,0.21,0.58,0.21
4026808802,-0.29,-1.62,0.57,0.21,0.21
4026988128,1.35,0.9,0.47,0.24,0.29
4027053701,-1.35,0.4,0.21,0.57,0.21
4027134404,-1.55,0.29,0.21,0.57,0.21
4027248348,-0.33,-0.65,0.44,0.24,0.32
4027366976,-0.85,-0.76,0.25,0.29,0.46
4027400670,-0.43,-1.05,0.53,0.22,0.24
4027462640,0.46,-0.08,0.5,0.23,0.26
4027513727,2.48,-1.44,0.58,0.21,0.21
4027563085,-0.6,2.02,0.21,0.58,0.21
4027592933,-1.32,1.03,0.21,0.58,0.21
4027704531,-1.15,-0.74,0.23,0.48,0.29
4027719926,-0.74,-0.71,0.25,0.26,0.49
4027737883,0.11,-0.35,0.5,0.23,0.27
4027748155,-0.13,0.5,0.22,0.53,0.25
4027810214,0.19,0.7,0.23,0.5,0.27
4028034456,-0.94,0.98,0.21,0.57,0.21
4028194012,-1.21,0.65,0.21,0.57,0.21
4028248955,1.48,-0.75,0.58,0.21,0.21
4028334587,1.43,-0.47,0.58,0.21,0.21
4028376357,0.47,-0.24,0.53,0.22,0.24
4028412225,0.71,-0.01,0.53,0.23,0.24
4028481835,-0.68,1.2,0.21,0.57,0.21
4028539127,-0.84,-0.84,0.25,0.25,0.49
4028540971,-1.34,-1.32,0.25,0.25,0.5
4028554838,0.66,-0.73,0.57,0.21,0.21
4028619202,-1.02,-0.99,0.25,0.26,0.49
4028631814,1.63,0.99,0.51,0.23,0.26
4028748234,0.64,1.75,0.22,0.56,0.22
4028959811,0.08,2.08,0.21,0.57,0.21
4028972966,1.5,0.08,0.57,0.21,0.22
4029017906,-1.07,-0.38,0.22,0.54,0.24
4029024774,-0.09,0.82,0.22,0.55,0.23
4029062077,0.52,-0.35,0.55,0.22,0.23
4029064209,-0.14,2.56,0.21,0.58,0.21
4029307024,-0.84,-0.81,0.25,0.26,0.49
4029366729,0.41,-0.97,0.57,0.21,0.21
4029464228,-0.84,-0.5,0.24,0.46,0.31
4029658139,-1.09,-0.4,0.22,0.54,0.24
4029698906,1.41,0.7,0.52,0.23,0.25
4029743570,0.51,-1.11,0.58,0.21,0.21
4029890776,-1.2,1.47,0.21,0.58,0.21
4029961621,1.52,3.03,0.21,0.57,0.22
4030058169,0.03,-1.04,0.57,0.21,0.22
4030075439,0.12,0.01,0.34,0.27,0.39
4030282971,-0.31,-1.1,0.56,0.22,0.23
4030318643,0.15,-0.82,0.57,0.22,0.22
4030332498,-1.65,-1.31,0.24,0.41,0.35
4030361188,-0.63,-0.82,0.36,0.25,0.39
4030388553,-0.19,2.11,0.21,0.58,0.21
4030396756,0.78,-1.34,0.58,0.21,0.21
4030406118,-1.27,0.15,0.21,0.57,0.22
4030417457,-0.69,-0.71,0.26,0.25,0.49
4030425181,-1.39,0.87,0.21,0.58,0.21
4030457696,1.32,0.82,0.48,0.24,0.28
4030526497,-0.72,-0.61,0.25,0.3,0.45
4030579381,-1.16,-0.87,0.24,0.42,0.35
4030597862,-0.75,-1.23,0.5,0.23,0.27
4030688076,0.89,-0.92,0.58,0.21,0.21
4030745270,-0.99,0.73,0.21,0.57,0.21
4030863991,-0.38,-0.31,0.26,0.29,0.45
4030864886,-1.76,-1.88,0.3,0.24,0.45
4031012388,-0.86,-0.85,0.25,0.25,0.49
4031110408,2.06,1.91,0.36,0.28,0.36
4031124548,0.08,2.33,0.21,0.57,0.21
4031409491,0.2,0.82,0.23,0.52,0.25
4031410331,1.54,0.34,0.56,0.22,0.22
4031412216,-0.54,-0.36,0.25,0.36,0.39
4031581584,-0.96,-0.94,0.25,0.26,0.49
4031624262,-1.78,2.0,0.21,0.58,0.21
4031638883,-1.78,1.98,0.21,0.58,0.21
4031663832,-0.96,-0.07,0.22,0.56,0.23
4031710026,1.12,-1.2,0.58,0.21,0.21
4031839669,-0.64,-0.57,0.25,0.28,0.47
4031875701,-0.85,-0.85,0.25,0.25,0.49
4031920788,-0.2,0.0,0.26,0.37,0.38
4031956754,-0.03,-1.7,0.58,0.21,0.21
4032119842,-0.13,-0.08,0.27,0.29,0.44
4032199532,-0.86,-0.84,0.25,0.26,0.49
4032277381,-0.34,1.91,0.21,0.58,0.21
4032308884,-0.77,0.12,0.22,0.56,0.23
4032338330,-1.26,-0.84,0.23,0.48,0.29
4032390084,-0.78,-0.9,0.31,0.25,0.44
4032443830,1.58,0.27,0.57,0.21,0.22
4032450293,-0.85,-0.82,0.25,0.26,0.49
4032660161,1.89,-0.6,0.58,0.21,0.21
4032671083,3.08,3.27,0.27,0.38,0.34
4032675014,-1.3,0.6,0.21,0.57,0.21
4032700662,-1.72,1.73,0.21,0.58,0.21
4032872008,0.61,2.06,0.21,0.57,0.22
4032881709,-0.66,-1.02,0.46,0.24,0.3
4033013357,-0.66,-0.56,0.25,0.3,0.45
4033037614,1.39,0.82,0.49,0.24,0.27
4033197234,1.02,1.26,0.26,0.39,0.34
4033334160,-0.87,-0.88,0.26,0.25,0.49
4033427755,1.89,1.97,0.29,0.32,0.38
4033436124,2.86,2.97,0.29,0.34,0.37
4033630453,0.48,0.62,0.28,0.34,0.38
4033773005,-0.15,-1.11,0.57,0.21,0.22
4034212441,0.61,0.42,0.39,0.26,0.35
4034388587,-0.5,0.04,0.23,0.52,0.25
4034641889,-0.9,-0.84,0.25,0.27,0.48
4034864381,-0.59,0.0,0.22,0.53,0.25
4035086022,-0.49,1.73,0.21,0.58,0.21
4035202742,-0.44,-1.4,0.57,0.21,0.22
4035218664,1.27,-0.31,0.57,0.21,0.21
4035236076,2.42,-1.15,0.58,0.21,0.21
4035305068,1.78,-0.41,0.58,0.21,0.21
4035465604,-0.58,-0.28,0.24,0.44,0.32
4035474230,0.56,-1.9,0.58,0.21,0.21
4035494350,2.0,0.55,0.57,0.21,0.22
4035714797,-0.91,-0.89,0.25,0.26,0.49
4035783812,-0.72,-0.7,0.25,0.26,0.49
4035830377,-0.82,-0.86,0.27,0.25,0.48
4035872072,-0.69,-0.67,0.25,0.26,0.49
4035954597,-0.34,-0.33,0.27,0.27,0.46
4035957379,1.36,-0.07,0.57,0.21,0.22
4035999133,-0.81,-0.81,0.25,0.25,0.49
4036073207,-0.77,-0.15,0.22,0.53,0.24
4036240631,-0.81,-0.77,0.25,0.27,0.48
4036539444,1.45,3.19,0.21,0.57,0.21
4036605122,-0.7,-0.71,0.26,0.25,0.49
4036653586,0.47,-0.0,0.49,0.24,0.27
4036770933,-0.5,-0.51,0.26,0.26,0.48
4036839940,-0.39,-0.58,0.36,0.25,0.39
4036862906,2.72,2.72,0.31,0.31,0.38
4036996259,1.78,0.55,0.56,0.22,0.22
4037165975,-1.51,0.52,0.21,0.58,0.21
4037248871,0.61,0.87,0.26,0.4,0.34
4037310255,0.74,-1.03,0.58,0.21,0.21
4037326245,-1.73,0.4,0.21,0.58,0.21
4037337112,-0.97,-0.44,0.22,0.52,0.26
4037348203,-0.8,0.46,0.21,0.57,0.22
4037351516,1.84,0.17,0.57,0.21,0.21
4037367727,-0.66,-0.63,0.25,0.27,0.48
4037414914,0.19,0.19,0.3,0.28,0.41
4037472079,-0.19,-0.15,0.27,0.29,0.44
4037510503,0.84,0.13,0.53,0.23,0.24
4037512865,-0.44,-1.31,0.56,0.22,0.22
4037514923,-1.5,-1.2,0.24,0.39,0.37
4037720854,1.09,-0.73,0.58,0.21,0.21
4037771306,-1.31,0.16,0.21,0.57,0.21
4037796431,-0.16,0.39,0.23,0.52,0.26
4037821596,-0.12,-0.89,0.55,0.22,0.23
4037838768,-1.23,-1.21,0.25,0.25,0.5
4037854465,0.97,1.7,0.22,0.54,0.24
4037896784,1.43,1.47,0.3,0.31,0.39
4037956605,-1.55,-1.07,0.23,0.49,0.28
4038071414,-0.95,-0.9,0.25,0.27,0.49
4038129922,-0.72,-0.81,0.29,0.25,0.46
4038205525,2.92,1.02,0.57,0.21,0.21
4038232582,0.38,1.13,0.22,0.54,0.24
4038403069,-1.0,1.08,0.21,0.58,0.21
4038542157,-1.83,0.6,0.21,0.58,0.21
4038698837,-1.5,-0.27,0.21,0.57,0.22
4038814053,-0.58,-0.7,0.31,0.25,0.44
4038996585,1.67,-0.01,0.57,0.21,0.21
4039023591,-0.8,-0.77,0.25,0.26,0.49
4039037544,0.56,-0.91,0.57,0.21,0.21
4039097308,0.09,1.73,0.21,0.57,0.22
4039157492,1.27,3.11,0.21,0.57,0.21
4039352019,-0.42,-0.53,0.31,0.25,0.44
4039389316,-0.7,-0.71,0.26,0.25,0.49
4039433387,-1.06,-0.77,0.24,0.42,0.34
4039589152,2.53,1.56,0.54,0.22,0.24
4039606892,-0.8,-0.79,0.25,0.26,0.49
4039622179,-0.98,-0.82,0.24,0.33,0.43
4039764984,-0.82,-0.89,0.28,0.25,0.47
4039797566,-0.4,-0.45,0.28,0.26,0.46
4039889294,0.33,-0.14,0.49,0.24,0.27
4039932605,0.16,-0.44,0.52,0.23,0.25
4039958432,-0.77,-0.75,0.25,0.26,0.49
4040011663,-0.57,-0.46,0.25,0.31,0.44
4040034207,2.31,-0.42,0.58,0.21,0.21
4040098191,-0.94,-0.92,0.25,0.26,0.49
4040142607,2.23,0.42,0.57,0.21,0.21
4040232529,-0.55,-0.13,0.23,0.49,0.28
4040237800,1.96,0.57,0.57,0.21,0.22
4040265181,1.41,-1.05,0.58,0.21,0.21
4040265713,-0.85,-0.88,0.26,0.25,0.49
4040442048,0.72,1.33,0.23,0.52,0.25
4040574899,-1.35,-1.15,0.24,0.34,0.42
4040576313,-0.88,-0.88,0.25,0.25,0.49
4040627823,-0.69,-0.67,0.25,0.26,0.49
4040697626,-0.82,-0.81,0.25,0.26,0.49
4040852986,-1.07,0.96,0.21,0.58,0.21
4040887697,0.71,1.9,0.22,0.56,0.22
4040895591,1.27,0.68,0.5,0.24,0.27
4041124492,0.44,0.54,0.29,0.32,0.39
4041140657,-0.11,-0.38,0.43,0.25,0.33
4041145397,-0.78,-0.76,0.25,0.26,0.49
4041154848,-0.53,0.43,0.22,0.56,0.23
4041185419,-0.79,-0.78,0.25,0.26,0.49
4041236291,-0.63,-0.65,0.26,0.25,0.49
4041315135,-1.43,-1.41,0.25,0.25,0.5
4041395609,-1.34,-1.41,0.28,0.24,0.48
4041396983,-0.4,1.27,0.21,0.57,0.21
4041430665,-0.56,1.75,0.21,0.58,0.21
4041523237,-0.76,-0.84,0.29,0.25,0.47
4041561419,-1.05,-1.09,0.27,0.25,0.49
4041767324,0.15,0.14,0.31,0.28,0.41
4041802842,0.71,0.76,0.3,0.3,0.4
4041814344,0.49,0.11,0.46,0.25,0.3
4041819482,0.44,0.89,0.24,0.49,0.28
4041828630,-0.89,-0.82,0.25,0.28,0.48
4041977436,-0.85,-0.87,0.26,0.25,0.49
4041986216,-0.02,1.28,0.21,0.57,0.22
4042048905,-0.03,-1.7,0.58,0.21,0.21
4042303215,0.95,1.44,0.23,0.5,0.27
4042362085,-0.55,-0.52,0.26,0.27,0.47
4042415580,-1.35,-0.99,0.24,0.44,0.32
4042492519,-0.8,-0.8,0.25,0.25,0.49
4042569872,0.49,2.59,0.21,0.57,0.21
4042573683,-0.71,-0.7,0.25,0.26,0.49
4042591504,-0.84,-0.84,0.25,0.25,0.49
4042687081,-0.08,-0.54,0.5,0.23,0.27
4042796973,-0.54,1.41,0.21,0.57,0.21
4042871858,-0.28,1.8,0.21,0.57,0.21
4042976296,0.93,1.79,0.22,0.55,0.23
4043057480,1.83,-1.27,0.58,0.21,0.21
4043308662,1.83,0.19,0.57,0.21,0.21
4043341650,-0.39,-0.95,0.52,0.23,0.25
4043432553,-0.87,-0.87,0.25,0.25,0.49
4043530256,-0.76,-0.79,0.26,0.25,0.49
4043553788,-1.62,2.8,0.21,0.58,0.21
4043563905,-1.1,0.99,0.21,0.58,0.21
4043641914,-1.05,-1.05,0.25,0.25,0.5
4043725627,-0.68,0.45,0.21,0.56,0.22
4043756146,-1.7,2.52,0.21,0.58,0.21
4043811582,1.0,0.55,0.47,0.24,0.29
4043814928,0.71,-1.66,0.58,0.21,0.21
4043855521,-0.74,0.82,0.21,0.57,0.21
4043893939,0.43,0.43,0.31,0.29,0.4
4043914898,1.12,-0.12,0.57,0.21,0.22
4043916584,1.34,-0.67,0.58,0.21,0.21
4043963436,-1.47,0.33,0.21,0.57,0.21
4043979272,-0.72,-0.66,0.25,0.28,0.47
4044100027,2.12,-0.35,0.58,0.21,0.21
4044304990,-0.93,-0.89,0.25,0.26,0.49
4044358946,-1.72,0.9,0.21,0.58,0.21
4044366093,1.63,1.63,0.31,0.3,0.39
4044402455,-0.3,1.84,0.21,0.57,0.21
4044415496,2.36,-1.25,0.58,0.21,0.21
4044433720,0.9,-0.66,0.57,0.21,0.21
4044446007,1.9,-0.63,0.58,0.21,0.21
4044500451,-0.22,-0.23,0.28,0.27,0.45
4044549037,-1.23,-0.21,0.21,0.56,0.22
4044607359,2.39,0.23,0.58,0.21,0.21
4044771762,-0.94,-0.91,0.25,0.26,0.49
4044795105,0.55,-0.47,0.56,0.22,0.22
4044854606,1.7,-0.26,0.58,0.21,0.21
4044965592,-0.87,-0.91,0.27,0.25,0.48
4045059583,2.11,-0.43,0.58,0.21,0.21
4045120520,-0.38,-0.38,0.27,0.27,0.47
4045170499,-0.74,-0.84,0.3,0.25,0.46
4045179456,-0.89,-0.87,0.25,0.26,0.49
4045200368,-0.74,0.89,0.21,0.57,0.21
4045247242,-0.68,-0.66,0.25,0.26,0.49
4045273718,0.19,1.84,0.21,0.57,0.22
4045282563,1.52,-1.83,0.58,0.21,0.21
4045386444,-1.12,0.73,0.21,0.57,0.21
4045543655,1.41,2.53,0.22,0.56,0.22
4045548167,2.16,0.6,0.57,0.21,0.22
4045609987,-0.38,0.7,0.22,0.56,0.22
4045668856,-1.27,-1.25,0.25,0.25,0.5
4045880660,-1.0,-0.94,0.25,0.27,0.48
4046037320,0.75,-1.47,0.58,0.21,0.21
4046213780,-0.54,-0.58,0.27,0.25,0.48
4046303274,-0.06,1.41,0.21,0.57,0.22
4046343687,-0.72,-0.72,0.26,0.25,0.49
4046356889,-0.77,-0.64,0.25,0.32,0.44
4046380392,2.08,2.11,0.3,0.31,0.39
4046405804,-1.45,-1.46,0.26,0.25,0.5
4046460269,-1.26,0.38,0.21,0.57,0.21
4046522289,0.86,-0.56,0.57,0.21,0.21
4046527902,1.08,-1.11,0.58,0.21,0.21
4046788336,0.51,0.34,0.38,0.27,0.36
4046891963,0.79,-1.32,0.58,0.21,0.21
4046915852,-1.13,-1.37,0.39,0.24,0.37
4046946008,-0.33,-0.54,0.38,0.25,0.37
4047203188,1.94,-1.15,0.58,0.21,0.21
4047310096,0.05,0.73,0.22,0.53,0.24
4047381155,0.68,0.4,0.42,0.26,0.32
4047417165,-0.5,-0.14,0.24,0.46,0.3
4047558886,0.66,0.44,0.4,0.26,0.34
4047574803,0.4,0.1,0.43,0.25,0.32
4047655767,-0.7,1.28,0.21,0.57,0.21
4047726749,-0.66,-0.63,0.25,0.27,0.48
4047759157,-0.59,-0.71,0.31,0.25,0.44
4047792589,2.55,0.6,0.57,0.21,0.21
4047907447,0.48,-0.82,0.57,0.21,0.21
4047933439,-0.69,-0.7,0.26,0.25,0.49
4047985431,-0.53,-0.96,0.49,0.23,0.28
4048018319,-1.31,1.11,0.21,0.58,0.21
4048193911,0.64,0.89,0.26,0.39,0.34
4048233779,-1.11,-0.93,0.24,0.34,0.42
4048240841,-1.51,0.38,0.21,0.57,0.21
4048461804,-0.12,2.14,0.21,0.57,0.21
4048515968,0.6,0.41,0.39,0.26,0.35
4048519243,0.89,-0.19,0.56,0.22,0.22
4048538949,0.53,0.45,0.34,0.28,0.38
4048607986,2.09,-1.32,0.58,0.21,0.21
4048682603,-1.42,-1.16,0.24,0.37,0.39
4048739775,2.62,2.59,0.32,0.3,0.38
4048768709,-0.78,-0.75,0.25,0.26,0.49
4048769350,2.08,-1.74,0.58,0.21,0.21
4048845646,-0.61,-0.57,0.25,0.27,0.48
4048981921,-0.32,-0.37,0.29,0.26,0.45
4048986281,-1.07,0.15,0.21,0.57,0.22
4049161728,0.77,0.54,0.4,0.26,0.34
4049178333,-0.77,-0.89,0.31,0.25,0.44
4049361187,-0.81,-0.28,0.22,0.52,0.25
4049731998,-0.92,0.4,0.21,0.57,0.22
4049828196,-0.41,-0.26,0.25,0.34,0.41
4050059646,0.57,-1.45,0.58,0.21,0.21
4050061319,0.69,0.89,0.27,0.37,0.36
4050068177,-0.84,-0.81,0.25,0.26,0.49
4050137843,-1.2,-1.04,0.24,0.32,0.43
4050178287,-0.47,1.34,0.21,0.57,0.21
4050184875,2.86,0.36,0.58,0.21,0.21
4050344002,0.17,-1.81,0.58,0.21,0.21
4050433326,-0.91,-0.91,0.25,0.25,0.49
4050469206,0.68,0.6,0.34,0.28,0.39
4050474617,2.25,1.55,0.51,0.23,0.26
4050512472,-0.72,-0.72,0.26,0.25,0.49
4050521717,-0.64,-0.91,0.41,0.24,0.34
4050666589,-0.66,-1.11,0.49,0.23,0.28
4050835277,0.61,0.12,0.49,0.24,0.27
4050835697,0.6,-0.99,0.58,0.21,0.21
4051013480,-0.81,-0.84,0.26,0.25,0.49
4051143214,1.0,0.48,0.49,0.24,0.27
4051224269,-0.75,-0.7,0.25,0.27,0.48
4051272853,1.3,-1.73,0.58,0.21,0.21
4051273578,-0.84,-0.82,0.25,0.26,0.49
4051295897,0.38,0.45,0.29,0.31,0.4
4051336090,1.06,-1.07,0.58,0.21,0.21
4051351230,-0.47,-1.34,0.56,0.22,0.22
4051387333,-0.92,0.01,0.22,0.56,0.22
4051474676,-0.81,-1.06,0.4,0.24,0.36
4051511627,0.12,0.33,0.26,0.37,0.36
4051591662,-1.38,-1.33,0.25,0.26,0.49
4051687690,-0.8,-0.81,0.26,0.25,0.49
4051756036,-0.88,-0.65,0.24,0.39,0.37
4051770283,-0.77,-0.76,0.25,0.26,0.49
4051863306,-0.12,-0.4,0.43,0.25,0.32
4051914203,0.67,-0.7,0.57,0.21,0.21
4051974491,-1.62,1.98,0.21,0.58,0.21
4052060304,-1.36,1.04,0.21,0.58,0.21
4052129507,0.95,1.18,0.27,0.39,0.35
4052351480,-0.41,-0.29,0.25,0.32,0.42
4052401770,-0.52,-0.54,0.27,0.26,0.48
4052479220,-0.97,-0.97,0.25,0.25,0.49
4052483883,-1.05,0.52,0.21,0.57,0.21
4052496374,-0.62,0.71,0.21,0.57,0.22
4052505155,-0.6,-0.34,0.24,0.41,0.34
4052506220,-1.09,1.06,0.21,0.58,0.21
4052512507,-0.71,-0.81,0.3,0.25,0.46
4052570912,-0.45,-0.45,0.26,0.26,0.47
4052820478,-0.1,1.02,0.22,0.56,0.22
4052995312,0.29,-0.09,0.47,0.24,0.29
4053039316,1.31,2.62,0.21,0.57,0.22
4053137844,0.63,-0.78,0.57,0.21,0.21
4053174311,-0.05,-0.07,0.3,0.27,0.43
4053213331,0.44,1.21,0.22,0.54,0.24
4053234109,-0.17,-1.05,0.56,0.22,0.22
4053274200,0.95,-0.52,0.57,0.21,0.21
4053344098,-0.74,-0.74,0.26,0.25,0.49
4053421986,0.79,-0.74,0.57,0.21,0.21
4053465269,2.86,2.56,0.41,0.26,0.33
4053489776,0.26,1.58,0.21,0.57,0.22
4053508717,0.93,-0.59,0.57,0.21,0.21
4053620078,-0.77,-0.74,0.25,0.26,0.49
4053718229,1.66,0.14,0.57,0.21,0.21
4053754921,-1.51,1.68,0.21,0.58,0.21
4053765656,-1.11,-1.43,0.44,0.24,0.33
4053788084,0.56,0.6,0.3,0.3,0.4
4053798785,0.92,2.12,0.22,0.56,0.22
4053803884,0.25,-0.33,0.52,0.23,0.25
4053827366,-0.75,-0.66,0.25,0.29,0.46
4054067019,-0.71,-0.79,0.29,0.25,0.47
4054127885,-0.84,-0.84,0.25,0.25,0.49
4054186639,-0.46,0.71,0.21,0.57,0.22
4054528390,-1.16,0.24,0.21,0.57,0.22
4054598029,-0.19,-0.04,0.26,0.34,0.4
4054987426,-0.8,-0.71,0.25,0.29,0.46
4055019143,-0.16,-0.16,0.28,0.27,0.44
4055024634,-1.26,-1.21,0.25,0.26,0.49
4055034459,-0.54,-0.56,0.27,0.26,0.48
4055046483,-0.7,-0.72,0.26,0.25,0.49
4055091140,2.08,-1.44,0.58,0.21,0.21
4055094999,-0.16,1.85,0.21,0.57,0.21
4055103591,-0.5,-0.5,0.26,0.26,0.48
4055153883,1.73,2.25,0.23,0.51,0.26
4055368131,-1.2,1.26,0.21,0.58,0.21
4055439633,-0.31,-0.36,0.29,0.26,0.45
4055451894,-1.81,0.98,0.21,0.58,0.21
4055792717,-0.44,-0.35,0.26,0.3,0.44
4055929525,-0.61,-0.61,0.26,0.26,0.49
4055948609,-0.38,-0.38,0.27,0.27,0.47
4055993547,-0.79,-0.81,0.26,0.25,0.49
4056209120,-1.38,1.71,0.21,0.58,0.21
4056233941,-0.71,-1.24,0.51,0.23,0.26
4056235366,-0.12,-0.12,0.28,0.28,0.44
4056818558,0.44,-1.7,0.58,0.21,0.21
4056822588,-0.76,-0.77,0.26,0.25,0.49
4056837920,-0.31,-0.43,0.32,0.26,0.42
4057036105,-0.93,-0.92,0.25,0.25,0.49
4057101709,1.79,0.32,0.57,0.21,0.22
4057168440,2.44,0.38,0.58,0.21,0.21
4057316162,2.3,1.64,0.51,0.23,0.26
4057323709,-1.11,-1.2,0.29,0.25,0.46
4057381636,-1.31,1.5,0.21,0.58,0.21
4057409591,-0.54,-0.45,0.25,0.3,0.45
4057409656,-0.26,-0.82,0.52,0.23,0.25
4057421976,-0.53,0.72,0.21,0.57,0.22
4057457413,0.06,-0.95,0.57,0.21,0.22
4057464953,0.63,0.46,0.38,0.27,0.36
4057537896,-0.89,-0.89,0.25,0.25,0.49
4057549293,-0.13,0.35,0.23,0.5,0.27
4057605417,2.02,-1.16,0.58,0.21,0.21
4057607946,-0.74,-0.74,0.26,0.25,0.49
4057675455,-0.13,-1.0,0.56,0.22,0.22
4057799304,0.16,0.13,0.31,0.28,0.41
4057834944,-1.69,0.19,0.21,0.58,0.21
4057872650,1.68,-1.41,0.58,0.21,0.21
4058056382,-0.97,-0.3,0.22,0.54,0.24
4058180980,0.43,0.36,0.33,0.28,0.39
4058351985,-0.53,-0.54,0.26,0.26,0.48
4058368941,-1.2,2.59,0.21,0.58,0.21
4058502059,0.05,0.2,0.27,0.34,0.39
4058593594,0.16,1.38,0.22,0.56,0.22
4058634282,-0.8,-0.8,0.25,0.25,0.49
4058763114,-0.06,-0.84,0.55,0.22,0.23
4059060632,1.96,1.18,0.52,0.23,0.25
4059079489,2.47,-0.64,0.58,0.21,0.21
4059085234,0.16,-0.68,0.56,0.22,0.23
4059098498,-0.93,-0.74,0.24,0.36,0.4
4059145203,2.3,-1.71,0.58,0.21,0.21
4059162348,0.87,-1.71,0.58,0.21,0.21
4059291501,-0.18,0.64,0.22,0.55,0.23
4059350452,2.48,1.36,0.55,0.22,0.23
4059421911,0.02,-0.1,0.34,0.26,0.39
4059485874,-1.28,1.13,0.21,0.58,0.21
4059528552,1.2,1.93,0.22,0.54,0.24
4059672628,-0.93,0.66,0.21,0.57,0.21
4059688838,-0.65,-0.6,0.25,0.27,0.47
4059719747,1.73,1.54,0.37,0.27,0.36
4059781493,-0.69,-0.68,0.25,0.26,0.49
4060086226,-0.95,-1.01,0.28,0.25,0.48
4060273501,-1.02,0.47,0.21,0.57,0.21
4060365805,0.53,-0.82,0.57,0.21,0.21
4060437195,0.4,1.61,0.22,0.56,0.22
4060584450,0.91,0.3,0.51,0.23,0.26
4060612801,-0.91,-0.99,0.29,0.25,0.47
4060843990,-0.28,0.57,0.22,0.55,0.23
4060869737,1.49,-0.85,0.58,0.21,0.21
4060881132,-1.48,2.22,0.21,0.58,0.21
4060895689,-1.26,0.09,0.21,0.57,0.22
4061057284,1.05,0.37,0.52,0.23,0.25
4061113429,2.42,0.38,0.58,0.21,0.21
4061186081,-0.82,-0.84,0.26,0.25,0.49
4061196990,-0.64,-0.74,0.3,0.25,0.45
4061197664,1.66,0.91,0.52,0.23,0.25
4061215531,-0.81,-0.81,0.25,0.25,0.49
4061215878,-1.43,-1.39,0.25,0.26,0.5
4061250274,2.0,-1.55,0.58,0.21,0.21
4061254967,-0.82,-0.84,0.26,0.25,0.49
4061306673,1.73,2.0,0.26,0.42,0.33
4061397569,-0.12,-1.54,0.57,0.21,0.21
4061494428,-1.62,1.02,0.21,0.58,0.21
4061544551,0.19,0.24,0.29,0.29,0.41
4061569249,-0.5,-0.82,0.44,0.24,0.32
4061822979,-0.74,-0.73,0.25,0.26,0.49
4061955800,-1.91,-1.93,0.26,0.24,0.49
4061971615,2.59,2.59,0.31,0.31,0.38
4062081712,-0.88,-0.36,0.22,0.52,0.26
4062094580,-0.89,-0.8,0.25,0.29,0.47
4062341948,2.17,3.03,0.22,0.55,0.23
4062605905,-0.85,-0.78,0.25,0.28,0.47
4062610043,0.07,2.89,0.21,0.58,0.21
4062867867,-1.21,-0.01,0.21,0.57,0.22
4062915826,0.01,0.14,0.27,0.33,0.4
4063042700,-1.35,0.42,0.21,0.57,0.21
4063049298,-0.71,-0.71,0.26,0.25,0.49
4063054660,0.58,0.19,0.46,0.25,0.29
4063173127,-0.85,-0.78,0.25,0.28,0.47
4063211447,-0.85,-0.75,0.25,0.29,0.46
4063391506,-0.66,0.82,0.21,0.57,0.22
4063440163,0.77,0.14,0.52,0.23,0.25
4063536986,-0.71,-0.89,0.35,0.25,0.4
4063566496,0.12,0.1,0.31,0.28,0.41
4063596813,-1.16,0.24,0.21,0.57,0.22
4063666428,1.6,2.12,0.23,0.51,0.26
4063927795,-0.99,-0.29,0.22,0.54,0.24
4063955308,-0.47,-0.54,0.29,0.25,0.46
4064022794,-0.08,-0.15,0.31,0.27,0.42
4064066664,1.22,-0.03,0.57,0.21,0.22
4064153250,2.5,-0.47,0.58,0.21,0.21
4064229124,0.26,0.29,0.3,0.29,0.41
4064290570,-0.79,-0.64,0.25,0.33,0.42
4064308844,-1.59,1.02,0.21,0.58,0.21
4064333383,0.01,0.1,0.28,0.31,0.41
4064381909,-1.05,-0.78,0.24,0.41,0.35
4064452739,-0.58,-0.54,0.25,0.27,0.47
4064505549,-1.1,0.62,0.21,0.57,0.21
4064542548,-0.54,-0.49,0.26,0.28,0.47
4064600277,-1.07,1.81,0.21,0.58,0.21
4064626202,-0.89,-0.86,0.25,0.26,0.49
4064809354,-1.55,0.16,0.21,0.57,0.21
4064861548,-0.62,-0.58,0.25,0.27,0.48
4064909021,-0.8,-0.8,0.25,0.25,0.49
4065118456,2.73,0.82,0.57,0.21,0.21
4065135259,-0.55,0.0,0.22,0.52,0.25
4065177322,-0.66,-0.82,0.33,0.25,0.42
4065387649,-0.96,-0.81,0.25,0.32,0.43
4065691466,-1.42,-1.05,0.23,0.44,0.32
4065726967,0.38,0.47,0.29,0.32,0.39
4065825171,0.41,-0.21,0.52,0.23,0.25
4065907330,0.32,-1.41,0.58,0.21,0.21
4065933547,-0.9,-0.89,0.25,0.25,0.49
4065969167,-1.12,-1.23,0.3,0.25,0.45
4066025469,-0.76,-0.76,0.26,0.25,0.49
4066102115,-0.9,2.17,0.21,0.58,0.21
4066251065,-1.05,-1.2,0.33,0.25,0.43
4066273229,0.61,-0.36,0.56,0.22,0.22
4066310512,-1.3,0.7,0.21,0.58,0.21
4066544432,-0.62,-1.24,0.53,0.22,0.24
4066623788,0.73,0.61,0.35,0.27,0.38
4066664576,-0.55,-0.57,0.26,0.25,0.48
4066676192,1.82,1.11,0.52,0.23,0.25
4066711865,-0.38,-0.38,0.27,0.27,0.47
4066714085,-1.84,-1.83,0.25,0.25,0.5
4066917963,-0.46,-1.21,0.55,0.22,0.23
4066925330,0.36,-1.05,0.57,0.21,0.21
4066946516,-0.36,-0.66,0.43,0.24,0.32
4066966573,-0.72,-0.64,0.25,0.29,0.46
4066970778,1.62,-0.63,0.58,0.21,0.21
4067277995,-0.74,-0.71,0.25,0.26,0.49
4067435535,1.82,2.64,0.22,0.55,0.23
4067497396,-0.33,-0.58,0.4,0.25,0.35
4067564939,1.05,0.89,0.36,0.27,0.37
4067822142,2.12,1.61,0.48,0.24,0.28
4067923097,-0.51,-0.53,0.27,0.26,0.48
4067924463,-0.54,-0.41,0.25,0.32,0.43
4067924655,-0.86,-0.38,0.23,0.51,0.26
4067948264,-0.45,-0.82,0.47,0.24,0.3
4067951191,-0.82,-0.85,0.26,0.25,0.49
4067980952,0.14,0.07,0.33,0.27,0.4
4068011808,0.39,1.27,0.22,0.55,0.23
4068048209,0.2,1.5,0.21,0.56,0.22
4068113258,-0.84,-0.82,0.25,0.26,0.49
4068133411,1.41,-0.46,0.58,0.21,0.21
4068191778,-0.79,2.02,0.21,0.58,0.21
4068237004,-0.78,1.97,0.21,0.58,0.21
4068318584,-0.86,-0.8,0.25,0.27,0.48
4068382780,-1.78,-0.34,0.21,0.57,0.21
4068405144,-0.37,-0.95,0.53,0.22,0.25
4068453355,-1.28,-1.35,0.28,0.24,0.48
4068462598,-0.55,-0.87,0.44,0.24,0.32
4068467107,-0.56,-0.61,0.27,0.25,0.47
4068538780,0.07,0.07,0.3,0.28,0.42
4068615668,-1.27,0.72,0.21,0.58,0.21
4068621652,-0.85,-0.95,0.3,0.25,0.46
4068626656,-0.82,-0.82,0.25,0.25,0.49
4068649282,-0.77,0.47,0.21,0.57,0.22
4068697946,-0.85,-0.84,0.25,0.25,0.49
4068819961,-0.96,-0.86,0.25,0.29,0.46
4069118411,-0.53,-0.66,0.31,0.25,0.43
4069154160,-0.7,-0.73,0.26,0.25,0.49
4069259515,-1.81,0.66,0.21,0.58,0.21
4069451437,-0.71,-0.74,0.26,0.25,0.49
4069464511,-0.59,-0.36,0.25,0.39,0.36
4069512933,1.88,-0.79,0.58,0.21,0.21
4069681727,1.75,-1.1,0.58,0.21,0.21
4069693724,-1.23,-1.24,0.26,0.25,0.5
4069772273,-0.44,0.42,0.22,0.55,0.23
4069775959,0.54,-0.82,0.57,0.21,0.21
4069810402,3.0,0.91,0.58,0.21,0.21
4069846970,0.54,-0.18,0.53,0.22,0.24
4070030042,-0.4,-0.4,0.27,0.27,0.47
4070087005,0.25,0.41,0.27,0.35,0.38
4070127844,-0.8,-0.8,0.25,0.25,0.49
4070148345,-0.77,-0.76,0.25,0.26,0.49
4070292061,1.14,-0.46,0.57,0.21,0.21
4070317979,-0.33,-0.19,0.26,0.33,0.41
4070378210,-0.64,-0.68,0.27,0.25,0.48
4070381359,-0.78,-0.84,0.28,0.25,0.48
4070389371,-0.82,-1.06,0.39,0.24,0.36
4070397160,-1.12,-1.3,0.35,0.25,0.41
4070397178,-0.86,-0.89,0.26,0.25,0.49
4070575319,-0.18,-1.35,0.57,0.21,0.21
4070638075,0.78,-0.32,0.57,0.22,0.22
4070660949,0.04,-0.58,0.53,0.22,0.24
4070854847,0.62,1.39,0.22,0.54,0.24
4070915413,-0.61,-0.8,0.36,0.25,0.39
4070986027,0.92,-1.41,0.58,0.21,0.21
4071104243,-0.77,-0.78,0.26,0.25,0.49
4071119475,-0.84,-0.84,0.25,0.25,0.49
4071131918,0.06,0.7,0.23,0.53,0.25
4071205860,-0.13,-0.13,0.28,0.27,0.44
4071302322,0.06,-0.8,0.56,0.22,0.22
4071324754,-1.11,0.39,0.21,0.57,0.21
4071354424,-0.77,0.04,0.22,0.55,0.23
4071399303,-1.36,-1.17,0.24,0.33,0.43
4071412508,2.36,0.36,0.58,0.21,0.21
4071414373,-0.75,-0.23,0.23,0.52,0.26
4071463415,0.96,0.08,0.55,0.22,0.23
4071485143,-0.68,-0.84,0.33,0.25,0.42
4071564983,0.19,-0.27,0.49,0.23,0.27
4071848956,-0.77,-0.76,0.25,0.26,0.49
4071858930,2.36,1.46,0.54,0.22,0.24
4071963515,0.25,-0.89,0.57,0.21,0.22
4072063393,-0.62,-0.61,0.26,0.26,0.48
4072067885,-0.63,-0.6,0.25,0.27,0.48
4072120154,-1.53,-1.25,0.24,0.38,0.38
4072215550,-0.78,-0.77,0.25,0.26,0.49
4072278251,-0.05,-0.41,0.47,0.24,0.29
4072383551,0.23,-1.35,0.58,0.21,0.21
4072399741,0.11,1.83,0.21,0.57,0.22
4072429268,2.41,-0.78,0.58,0.21,0.21
4072436549,-0.84,-0.84,0.25,0.25,0.49
4072472007,-1.59,-1.58,0.25,0.25,0.5
4072472324,-0.85,-0.84,0.25,0.25,0.49
4072554069,-0.71,-0.77,0.28,0.25,0.48
4073067681,-0.77,-0.76,0.25,0.26,0.49
4073106694,-1.0,-1.14,0.32,0.25,0.43
4073120635,2.28,-0.33,0.58,0.21,0.21
4073150371,-1.74,-1.49,0.24,0.35,0.41
4073271189,0.37,-0.11,0.49,0.24,0.27
4073321243,-0.61,-0.66,0.27,0.25,0.48
4073529170,-1.2,2.03,0.21,0.58,0.21
4073612080,0.45,-1.12,0.58,0.21,0.21
4073878241,1.1,0.64,0.47,0.24,0.29
4073900039,-0.84,-0.85,0.26,0.25,0.49
4074013397,-0.94,-0.94,0.25,0.25,0.49
4074145000,-0.38,-0.16,0.25,0.38,0.37
4074153625,2.59,0.72,0.57,0.21,0.21
4074258871,-0.89,-0.82,0.25,0.28,0.48
4074418385,-0.03,-1.02,0.57,0.21,0.22
4074558345,-0.82,-0.82,0.25,0.25,0.49
4074564166,-0.73,-0.73,0.26,0.25,0.49
4074601120,0.62,-1.05,0.58,0.21,0.21
4074652656,-0.44,0.44,0.22,0.55,0.23
4074714225,-0.02,0.73,0.22,0.54,0.24
4074834643,-0.35,1.62,0.21,0.57,0.21
4074946800,0.22,-0.59,0.55,0.22,0.23
4074949495,-0.85,-0.68,0.25,0.34,0.41
4075061105,-0.96,0.09,0.21,0.56,0.22
4075075044,2.45,-0.19,0.58,0.21,0.21
4075143499,-0.61,-1.56,0.57,0.21,0.22
4075232777,-0.64,-0.67,0.26,0.25,0.49
4075360414,-1.56,-0.17,0.21,0.57,0.22
4075426844,-0.48,-0.54,0.28,0.25,0.46
4075431898,0.03,2.34,0.21,0.58,0.21
4075466007,-0.92,-0.99,0.28,0.25,0.47
4075592658,0.73,0.08,0.52,0.23,0.25
4075625241,0.75,-1.12,0.58,0.21,0.21
4075637719,-0.82,-0.77,0.25,0.27,0.48
4075780465,-1.09,-1.12,0.26,0.25,0.49
4075783992,-0.23,-1.08,0.56,0.22,0.22
4075842465,-0.97,-0.02,0.22,0.56,0.22
4075912059,-1.43,2.41,0.21,0.58,0.21
4075973488,-0.8,-0.82,0.26,0.25,0.49
4076008993,-1.5,0.29,0.21,0.57,0.21
4076009104,-0.03,-0.01,0.29,0.28,0.43
4076174668,-0.56,1.82,0.21,0.58,0.21
4076187205,-1.43,1.3,0.21,0.58,0.21
4076196775,-0.66,0.91,0.21,0.57,0.21
4076256883,-0.81,-0.84,0.26,0.25,0.49
4076376295,-0.89,-1.16,0.41,0.24,0.35
4076376538,-1.47,1.39,0.21,0.58,0.21
4076386318,1.17,0.45,0.52,0.23,0.25
4076577978,-1.05,2.16,0.21,0.58,0.21
4076601828,-0.5,-1.11,0.53,0.22,0.24
4076618505,1.26,-0.33,0.57,0.21,0.21
4076774888,0.44,-1.41,0.58,0.21,0.21
4076800112,0.86,0.51,0.44,0.25,0.31
4076800711,0.0,-0.77,0.55,0.22,0.23
4077013702,-0.32,-0.02,0.24,0.43,0.33
4077065687,0.6,0.64,0.3,0.3,0.4
4077100781,0.79,1.23,0.24,0.48,0.28
4077124495,-0.73,-0.71,0.25,0.26,0.49
4077131721,-0.76,-0.79,0.26,0.25,0.49
4077185203,-0.84,-0.84,0.25,0.25,0.49
4077413874,0.57,-0.88,0.57,0.21,0.21
4077499245,0.61,0.32,0.43,0.25,0.32
4077499967,2.47,1.37,0.55,0.22,0.23
4077678318,-0.82,1.95,0.21,0.58,0.21
4077714913,-1.5,0.45,0.21,0.58,0.21
4077730080,0.21,1.47,0.22,0.56,0.22
4077739421,-0.78,-0.57,0.24,0.38,0.38
4077762699,-0.5,-0.81,0.44,0.24,0.32
4077821307,-0.66,-0.77,0.3,0.25,0.45
4077898943,0.71,3.12,0.21,0.58,0.21
4077920554,0.29,-0.32,0.52,0.23,0.25
4077921339,0.17,1.08,0.22,0.55,0.23
4077941669,-0.54,1.68,0.21,0.58,0.21
4077971495,-0.99,0.3,0.21,0.57,0.22
4078009998,2.81,-0.6,0.58,0.21,0.21
4078309963,-0.77,-0.71,0.25,0.28,0.48
4078350528,1.43,1.43,0.31,0.3,0.39
4078358760,0.81,-1.26,0.58,0.21,0.21
4078370911,0.75,-0.98,0.58,0.21,0.21
4078380089,-0.6,-0.64,0.27,0.25,0.48
4078492268,-0.85,0.33,0.21,0.57,0.22
4078503906,2.05,1.11,0.54,0.22,0.24
4078525141,-0.94,-0.92,0.25,0.26,0.49
4078726534,-0.18,0.14,0.24,0.44,0.32
4078793729,-0.39,0.19,0.22,0.53,0.25
4078852249,2.05,0.5,0.57,0.21,0.21
4078984638,0.91,-0.54,0.57,0.21,0.21
4079034566,1.7,1.62,0.33,0.28,0.38
4079039865,0.82,-0.64,0.57,0.21,0.21
4079124970,-0.02,-0.25,0.41,0.25,0.34
4079125667,-0.47,-1.11,0.54,0.22,0.24
4079157109,1.22,-1.65,0.58,0.21,0.21
4079188326,-0.27,0.71,0.22,0.56,0.23
4079331824,-0.84,-0.86,0.26,0.25,0.49
4079570273,-0.11,2.88,0.21,0.58,0.21
4079584112,-0.18,-0.13,0.27,0.29,0.44
4079697941,-0.36,0.24,0.22,0.53,0.25
4079746714,1.63,-0.47,0.58,0.21,0.21
4079795737,-1.26,0.21,0.21,0.57,0.21
4079806567,-0.69,-0.12,0.22,0.53,0.25
4079965318,-1.24,-1.08,0.24,0.32,0.44
4079996357,0.07,2.22,0.21,0.57,0.21
4080278135,-0.68,-0.08,0.22,0.53,0.25
4080374441,1.21,-1.14,0.58,0.21,0.21
4080538406,-0.27,-0.27,0.27,0.27,0.46
4080556155,0.7,-1.15,0.58,0.21,0.21
4080562510,-0.78,-0.8,0.26,0.25,0.49
4080672836,0.1,1.12,0.22,0.56,0.23
4080725843,-1.7,-1.1,0.22,0.53,0.25
4080772194,0.01,-0.06,0.32,0.27,0.41
4080966544,0.47,1.71,0.22,0.56,0.22
4081002165,-0.65,-0.63,0.25,0.26,0.48
4081003227,-0.95,-0.94,0.25,0.25,0.49
4081010539,-1.21,-1.21,0.25,0.25,0.5
4081014185,-0.11,2.23,0.21,0.58,0.21
4081195569,1.34,1.94,0.23,0.52,0.25
4081196767,-0.77,0.29,0.22,0.56,0.22
4081376472,-0.54,-0.22,0.24,0.45,0.32
4081516440,-0.47,-1.09,0.53,0.22,0.24
4081623959,-0.4,-1.59,0.57,0.21,0.21
4081740913,-0.75,-0.85,0.3,0.25,0.46
4081786027,2.28,2.06,0.38,0.27,0.35
4081834430,0.5,0.67,0.28,0.35,0.37
4081980820,-0.58,-0.56,0.26,0.26,0.48
4082059339,-0.88,-0.89,0.26,0.25,0.49
4082093551,-0.68,-0.66,0.25,0.26,0.49
4082162907,1.6,0.94,0.51,0.23,0.26
4082226582,0.2,-0.79,0.57,0.22,0.22
4082445992,0.03,-0.06,0.33,0.27,0.4
4082472423,-0.9,-1.23,0.44,0.24,0.32
4082533476,2.88,2.69,0.37,0.28,0.35
4082552010,-0.54,-0.62,0.29,0.25,0.46
4082559011,-0.61,-0.45,0.25,0.34,0.41
4082560358,-0.52,-0.54,0.27,0.26,0.48
4082687341,-0.94,-0.84,0.25,0.29,0.46
4082725784,-0.66,0.82,0.21,0.57,0.22
4082726233,-0.64,0.3,0.22,0.56,0.23
4082822557,0.08,-0.62,0.54,0.22,0.23
4082972737,0.16,-0.23,0.48,0.24,0.29
4083088339,2.36,1.02,0.57,0.22,0.22
4083114455,-0.25,-0.21,0.27,0.29,0.45
4083114958,0.89,0.33,0.5,0.24,0.27
4083166084,-0.74,0.13,0.22,0.56,0.23
4083182360,-0.95,-0.75,0.24,0.36,0.39
4083202175,-0.84,-0.82,0.25,0.26,0.49
4083236962,-1.14,-1.2,0.27,0.25,0.48
4083355146,-0.71,-0.75,0.27,0.25,0.48
4083368950,2.0,0.58,0.57,0.21,0.22
4083374067,0.91,1.11,0.27,0.37,0.36
4083508337,1.59,1.61,0.31,0.3,0.39
4083568916,-0.77,-0.82,0.27,0.25,0.48
4083764040,-0.5,-0.35,0.25,0.34,0.41
4083782894,-0.06,-1.34,0.57,0.21,0.21
4083823658,0.46,-0.68,0.57,0.21,0.22
4083891437,-0.62,-0.54,0.25,0.29,0.46
4083942348,-1.4,2.88,0.21,0.58,0.21
4084068108,1.27,0.77,0.48,0.24,0.28
4084232581,0.98,-1.08,0.58,0.21,0.21
4084265915,1.55,-0.5,0.58,0.21,0.21
4084335541,-1.22,1.02,0.21,0.58,0.21
4084385399,-0.85,-0.84,0.25,0.25,0.49
4084397960,0.77,-0.69,0.57,0.21,0.21
4084487286,1.36,0.03,0.57,0.21,0.22
4084628546,1.42,0.63,0.53,0.23,0.24
4084863508,0.88,1.62,0.22,0.54,0.24
4084937968,-0.72,-0.68,0.25,0.27,0.48
4084942674,-1.14,-1.9,0.55,0.22,0.23
4084981409,0.31,2.08,0.21,0.57,0.21
4084989836,-0.77,-0.73,0.25,0.27,0.48
4085125900,-0.74,-0.79,0.27,0.25,0.48
4085272835,-0.47,1.23,0.21,0.57,0.21
4085480576,-0.07,-0.14,0.31,0.27,0.42
4085672815,-0.84,0.24,0.21,0.56,0.22
4085769270,-1.34,0.77,0.21,0.58,0.21
4085773173,-0.85,0.24,0.21,0.56,0.22
4085797943,3.2,2.47,0.52,0.23,0.25
4085952889,-1.24,-1.16,0.25,0.27,0.48
4085995498,1.7,-0.69,0.58,0.21,0.21
4086036816,-0.29,0.52,0.22,0.55,0.23
4086099926,-0.54,-0.45,0.25,0.3,0.45
4086108665,-0.25,1.1,0.21,0.57,0.22
4086183252,1.81,1.11,0.51,0.23,0.26
4086234554,-0.63,-0.75,0.31,0.25,0.44
4086236987,-0.82,-0.84,0.26,0.25,0.49
4086373713,-1.42,-1.08,0.24,0.43,0.34
4086401818,2.69,0.93,0.57,0.21,0.21
4086753916,1.32,2.59,0.21,0.57,0.22
4086880504,0.02,1.5,0.21,0.57,0.22
4086889425,-0.22,0.73,0.22,0.55,0.23
4086955482,1.27,-0.48,0.58,0.21,0.21
4087065530,-1.65,-0.21,0.21,0.57,0.21
4087098854,-0.69,-0.7,0.26,0.25,0.49
4087104834,-0.88,0.49,0.21,0.57,0.22
4087357623,0.36,2.34,0.21,0.57,0.21
4087397394,2.25,-0.89,0.58,0.21,0.21
4087636840,-0.87,-0.85,0.25,0.26,0.49
4087693311,2.41,0.37,0.58,0.21,0.21
4087834693,-0.7,-0.67,0.25,0.26,0.48
4087875964,0.52,-0.98,0.57,0.21,0.21
4087926491,0.06,0.06,0.3,0.28,0.42
4087986740,-0.9,-0.82,0.25,0.28,0.47
4088043430,0.0,0.03,0.29,0.29,0.43
4088072943,-0.86,-0.88,0.26,0.25,0.49
4088157285,-0.42,-1.36,0.57,0.21,0.22
4088281180,-0.82,-0.84,0.26,0.25,0.49
4088288439,-1.01,-0.99,0.25,0.26,0.49
4088505362,0.38,-0.11,0.5,0.24,0.27
4088517313,-0.87,-0.85,0.25,0.26,0.49
4088659010,-0.68,0.78,0.21,0.57,0.22
4088662247,1.62,1.76,0.28,0.35,0.37
4088719450,-0.91,-0.84,0.25,0.28,0.48
4088724607,0.75,0.94,0.27,0.36,0.36
4088780445,0.38,0.41,0.3,0.29,0.4
4089013414,-0.82,-0.84,0.26,0.25,0.49
4089120875,0.79,-0.54,0.57,0.21,0.21
4089251620,-1.27,2.59,0.21,0.58,0.21
4089495568,-1.67,0.8,0.21,0.58,0.21
4089945587,-0.17,0.5,0.22,0.53,0.24
4090010102,3.0,-0.5,0.58,0.21,0.21
4090062295,-1.1,0.07,0.21,0.57,0.22
4090092668,1.1,1.04,0.33,0.28,0.39
4090260143,-0.84,-0.82,0.25,0.26,0.49
4090314053,-1.31,-1.59,0.41,0.24,0.35
4090440655,1.8,0.1,0.57,0.21,0.21
4090473547,0.41,-1.12,0.57,0.21,0.21
4090534886,-1.33,0.19,0.21,0.57,0.21
4090566617,-0.09,-1.2,0.57,0.21,0.22
4090632724,0.03,0.89,0.22,0.55,0.23
4090810850,0.34,0.8,0.24,0.49,0.27
4090896502,-1.66,-1.66,0.25,0.25,0.5
4090933992,-0.8,-0.8,0.25,0.25,0.49
4090984037,-0.92,-0.77,0.25,0.32,0.43
4091041232,0.41,0.31,0.35,0.27,0.38
4091095561,-0.12,0.6,0.22,0.54,0.24
4091096198,-1.3,0.76,0.21,0.58,0.21
4091115902,1.26,-0.42,0.57,0.21,0.21
4091135078,-0.07,-0.07,0.29,0.28,0.43
4091196013,-0.84,-0.82,0.25,0.26,0.49
4091197782,-0.54,-0.53,0.26,0.26,0.48
4091209556,1.76,1.34,0.45,0.25,0.3
4091277407,0.29,1.83,0.21,0.57,0.22
4091336545,-0.37,0.98,0.21,0.57,0.22
4091694775,-0.6,-0.19,0.23,0.49,0.28
4091717985,-0.78,-0.7,0.25,0.29,0.47
4091728499,-0.84,-0.84,0.25,0.25,0.49
4091795952,-0.73,-0.72,0.25,0.26,0.49
4091880241,-0.63,-0.62,0.26,0.26,0.48
4091912992,-1.01,-0.95,0.25,0.27,0.48
4091932308,0.68,-0.2,0.55,0.22,0.23
4092025142,0.2,-0.43,0.53,0.23,0.25
4092222587,-2.03,0.34,0.21,0.58,0.21
4092307011,0.68,-1.52,0.58,0.21,0.21
4092369049,-0.93,-0.54,0.23,0.48,0.29
4092404815,-0.41,-0.62,0.37,0.25,0.38
4092412559,-1.28,-1.26,0.25,0.25,0.5
4092504655,2.89,2.86,0.32,0.3,0.38
4092550162,1.18,-0.04,0.57,0.21,0.22
4092672341,-1.51,-0.63,0.22,0.56,0.23
4092785683,-0.45,-0.58,0.32,0.25,0.43
4092788359,1.02,-0.15,0.57,0.22,0.22
4092912288,-0.66,-0.17,0.23,0.51,0.26
4093033360,-0.86,-0.85,0.25,0.25,0.49
4093060432,1.02,-0.12,0.56,0.22,0.22
4093103379,-0.35,-0.35,0.27,0.27,0.46
4093105365,-1.12,-0.82,0.24,0.43,0.34
4093529631,-0.78,-0.82,0.27,0.25,0.48
4093550403,1.43,2.36,0.22,0.56,0.23
4093660961,-1.08,-0.97,0.25,0.29,0.46
4093666973,0.86,2.84,0.21,0.57,0.21
4093693593,1.07,-0.28,0.57,0.21,0.22
4093721585,-0.77,-0.6,0.25,0.35,0.41
4093729393,-0.78,-0.79,0.26,0.25,0.49
4093749582,-1.07,-1.38,0.43,0.24,0.33
4093789209,-0.07,2.67,0.21,0.58,0.21
4093808504,-1.38,0.34,0.21,0.57,0.21
4093808630,-0.49,-0.72,0.39,0.25,0.36
4093864547,-0.05,-0.17,0.34,0.26,0.4
4093937346,1.09,1.24,0.28,0.35,0.37
4094043850,2.3,2.06,0.39,0.27,0.35
4094198877,-0.09,2.08,0.21,0.57,0.21
4094228206,1.37,0.25,0.56,0.22,0.22
4094258397,1.91,-1.28,0.58,0.21,0.21
4094422797,0.2,1.55,0.21,0.57,0.22
4094498349,-0.93,-0.11,0.22,0.55,0.23
4094540335,-0.9,-0.9,0.25,0.25,0.49
4094547137,-0.93,-0.95,0.26,0.25,0.49
4094548618,0.37,-1.05,0.57,0.21,0.21
4094552948,-0.57,-0.15,0.23,0.49,0.28
4094555127,-0.81,-0.84,0.26,0.25,0.49
4094654247,0.93,-1.23,0.58,0.21,0.21
4094696013,-0.85,-0.81,0.25,0.26,0.49
4094731783,1.88,-0.94,0.58,0.21,0.21
4094904805,-1.65,1.87,0.21,0.58,0.21
4095168073,-0.84,-0.77,0.25,0.28,0.47
4095242985,0.16,-0.16,0.45,0.25,0.3
4095312914,-0.66,-0.34,0.24,0.45,0.31
4095327252,-0.9,0.63,0.21,0.57,0.21
4095335222,-0.77,-0.76,0.25,0.26,0.49
4095397360,-0.82,-0.84,0.26,0.25,0.49
4095403192,0.57,-0.01,0.51,0.23,0.26
4095499838,-1.3,-0.55,0.22,0.55,0.23
4095811089,-0.43,-0.74,0.44,0.24,0.32
4095813678,-0.26,1.26,0.21,0.57,0.22
4095827278,0.35,-0.59,0.56,0.22,0.22
4095832338,2.09,2.97,0.22,0.55,0.23
4095888653,-0.38,-0.56,0.35,0.25,0.4
4095943559,-0.87,-0.95,0.29,0.25,0.47
4095962422,1.21,1.84,0.23,0.52,0.25
4096038293,-1.12,1.38,0.21,0.58,0.21
4096219285,-0.73,-0.73,0.26,0.25,0.49
4096328722,1.91,1.91,0.31,0.3,0.39
4096360913,0.53,0.2,0.44,0.25,0.31
4096539808,-0.61,-0.51,0.25,0.3,0.45
4096560698,0.63,0.0,0.52,0.23,0.25
4096573801,-0.8,-0.82,0.26,0.25,0.49
4096600816,-0.41,-0.36,0.26,0.28,0.46
4096699897,-0.75,-1.53,0.55,0.22,0.23
4096719548,0.4,-0.54,0.56,0.22,0.22
4096724379,-0.54,-0.57,0.27,0.25,0.48
4096743503,1.27,-0.87,0.58,0.21,0.21
4096794633,-0.14,-0.5,0.46,0.24,0.3
4096901104,-0.84,-0.82,0.25,0.26,0.49
4096916085,-0.78,-0.78,0.25,0.25,0.49
4097093071,-0.16,1.38,0.21,0.57,0.22
4097135081,-0.9,-0.84,0.25,0.27,0.48
4097165609,-0.29,-0.59,0.43,0.24,0.32
4097194276,1.23,0.59,0.51,0.23,0.26
4097384790,2.27,-0.61,0.58,0.21,0.21
4097394737,-0.46,0.92,0.21,0.57,0.22
4097497577,0.25,-0.38,0.53,0.23,0.25
4097565880,-0.88,-0.93,0.27,0.25,0.48
4097595534,0.39,0.37,0.32,0.28,0.4
4097780779,0.07,2.88,0.21,0.58,0.21
4097865015,0.16,0.16,0.3,0.28,0.42
4097914243,0.59,-1.15,0.58,0.21,0.21
4098069257,-0.58,1.73,0.21,0.58,0.21
4098139581,-0.59,-0.41,0.25,0.36,0.4
4098148081,1.54,1.05,0.47,0.24,0.28
4098301496,-0.92,0.65,0.21,0.57,0.21
4098428963,-0.12,-0.1,0.28,0.28,0.44
4098483367,1.0,-0.51,0.57,0.21,0.21
4098613415,-0.85,-0.72,0.25,0.31,0.44
4098751925,-1.73,0.21,0.21,0.58,0.21
4099092030,-1.42,-1.42,0.25,0.25,0.5
4099097746,1.36,0.67,0.51,0.23,0.25
4099342173,0.01,-0.01,0.3,0.28,0.42
4099367257,-1.63,-1.64,0.26,0.25,0.5
4099374315,-0.23,-0.41,0.36,0.25,0.38
4099420773,1.71,1.02,0.51,0.23,0.26
4099631286,1.08,-1.62,0.58,0.21,0.21
4099636883,-0.55,1.38,0.21,0.57,0.21
4099772054,2.5,1.75,0.52,0.23,0.25
4099810323,-1.02,0.47,0.21,0.57,0.21
4099816455,-0.8,-0.77,0.25,0.26,0.49
4099941913,0.74,-0.73,0.57,0.21,0.21
4099998699,-0.82,-0.81,0.25,0.26,0.49
4100033736,0.06,1.5,0.21,0.57,0.22
4100115352,-1.87,1.2,0.21,0.58,0.21
4100456962,-0.52,-0.52,0.26,0.26,0.48
4100476656,-0.22,-0.78,0.52,0.23,0.25
4100548089,-1.01,-0.91,0.25,0.29,0.47
4100552897,-0.21,-0.45,0.4,0.25,0.35
4100726823,-1.04,-1.04,0.25,0.25,0.5
4100759070,-0.99,-0.02,0.22,0.56,0.22
4100807282,0.23,1.37,0.22,0.56,0.22
4100868572,-0.77,-0.2,0.22,0.53,0.25
4100873686,-0.85,-0.82,0.25,0.26,0.49
4100888320,-0.78,-0.81,0.26,0.25,0.49
4101012217,-1.26,0.54,0.21,0.57,0.21
4101016216,-0.05,0.53,0.23,0.52,0.25
4101209982,0.73,1.05,0.25,0.43,0.32
4101281465,-0.97,0.21,0.21,0.57,0.22
4101374004,-1.61,-1.61,0.25,0.25,0.5
4101748463,0.77,0.45,0.43,0.25,0.31
4101846822,0.84,1.04,0.27,0.37,0.36
4102024572,-0.78,-0.82,0.27,0.25,0.48
4102034882,0.91,-0.61,0.57,0.21,0.21
4102068466,-0.79,-0.77,0.25,0.26,0.49
4102128365,-0.1,-0.03,0.27,0.3,0.43
4102192667,-0.95,2.03,0.21,0.58,0.21
4102326018,-0.69,-0.66,0.25,0.26,0.48
4102359692,-1.34,-0.75,0.22,0.53,0.25
4102378551,-0.84,-0.47,0.23,0.47,0.3
4102433799,2.2,2.17,0.32,0.3,0.38
4102438679,1.55,0.01,0.57,0.21,0.21
4102514202,-0.5,-0.51,0.26,0.26,0.48
4102651200,-0.46,0.27,0.22,0.54,0.24
4102693162,-0.59,-0.52,0.25,0.28,0.46
4102737657,-1.42,-1.36,0.25,0.26,0.49
4102811066,-0.73,-0.29,0.23,0.5,0.27
4102812675,-1.33,2.12,0.21,0.58,0.21
4102846412,-0.53,-0.5,0.26,0.27,0.47
4102918499,-0.84,-0.84,0.25,0.25,0.49
4102945508,0.54,0.54,0.31,0.29,0.4
4102995253,-0.9,-0.94,0.27,0.25,0.49
4103012153,1.07,-0.88,0.58,0.21,0.21
4103178520,-1.39,2.81,0.21,0.58,0.21
4103317086,-0.55,-0.54,0.26,0.26,0.48
4103337351,1.1,1.18,0.29,0.32,0.39
4103556507,-0.08,0.08,0.26,0.34,0.39
4103627700,0.28,-0.27,0.51,0.23,0.26
4103674443,-1.28,-0.04,0.21,0.57,0.22
4103698096,-0.72,-0.77,0.27,0.25,0.48
4103792382,-0.72,-0.71,0.25,0.26,0.49
4103865666,-0.85,-0.89,0.27,0.25,0.48
4103949290,1.49,-0.99,0.58,0.21,0.21
4103967893,-1.27,1.69,0.21,0.58,0.21
4103989287,-0.91,-0.89,0.25,0.26,0.49
4104012231,0.47,0.55,0.29,0.31,0.4
4104260430,-0.28,-1.12,0.56,0.22,0.22
4104391452,0.2,0.2,0.3,0.28,0.41
4104569613,1.73,0.06,0.57,0.21,0.21
4104600530,-0.71,-0.02,0.22,0.54,0.24
4104671898,-0.91,-1.0,0.29,0.25,0.46
4104783814,-0.74,1.2,0.21,0.57,0.21
4104796310,-1.27,-0.11,0.21,0.57,0.22
4104822338,0.06,-0.93,0.57,0.21,0.22
4104842016,-0.73,-0.71,0.25,0.26,0.49
4104847949,-0.8,-0.84,0.27,0.25,0.48
4104987757,-0.69,-1.08,0.47,0.23,0.29
4105092067,0.23,0.05,0.38,0.26,0.36
4105246080,-1.7,0.47,0.21,0.58,0.21
4105253362,-0.63,-0.01,0.22,0.53,0.25
4105271336,0.94,0.06,0.55,0.22,0.23
4105386524,-0.9,-0.88,0.25,0.26,0.49
4105424726,1.59,-1.55,0.58,0.21,0.21
4105429804,-0.7,0.32,0.22,0.56,0.22
4105482687,0.75,2.11,0.21,0.57,0.22
4105625659,-0.39,1.44,0.21,0.57,0.21
4105649286,-0.35,-0.3,0.26,0.29,0.45
4105711032,-1.06,-0.96,0.25,0.29,0.47
4105714602,-0.66,1.16,0.21,0.57,0.21
4105963822,-0.18,0.78,0.22,0.55,0.23
4106014474,1.22,-0.51,0.58,0.21,0.21
4106054289,0.04,2.62,0.21,0.58,0.21
4106154680,-0.45,-0.45,0.26,0.26,0.47
4106369395,0.9,-0.47,0.57,0.21,0.21
4106386335,-0.89,-0.88,0.25,0.25,0.49
4106479562,-1.23,-0.19,0.21,0.56,0.22
4106551309,0.8,0.45,0.44,0.25,0.31
4106757710,-0.97,0.84,0.21,0.57,0.21
4106838621,-0.82,-0.78,0.25,0.27,0.48
4107108018,1.94,0.25,0.57,0.21,0.21
4107206748,0.44,0.71,0.26,0.41,0.33
4107388705,-0.28,-0.24,0.27,0.29,0.45
4107398402,-1.71,0.96,0.21,0.58,0.21
4107488050,0.74,-0.32,0.56,0.22,0.22
4107517082,-1.18,-0.09,0.21,0.57,0.22
4107537042,3.03,-1.71,0.58,0.21,0.21
4107619765,-0.87,-0.85,0.25,0.26,0.49
4107801829,0.81,-0.43,0.57,0.21,0.22
4107915054,-1.12,1.24,0.21,0.58,0.21
4107925110,-0.7,-0.68,0.25,0.26,0.49
4108015523,1.08,-0.86,0.58,0.21,0.21
4108073171,-0.43,-0.88,0.49,0.23,0.27
4108135172,-0.94,-0.96,0.26,0.25,0.49
4108143800,2.3,-0.09,0.58,0.21,0.21
4108171981,0.65,0.64,0.31,0.29,0.4
4108404014,0.61,-0.13,0.54,0.22,0.24
4108438223,0.32,-0.99,0.57,0.21,0.21
4108489858,-0.61,-0.63,0.26,0.25,0.49
4108583237,-0.07,-0.1,0.3,0.27,0.43
4108636212,-0.17,0.95,0.22,0.56,0.22
4108684618,-1.72,1.89,0.21,0.58,0.21
4108698624,0.36,0.55,0.27,0.36,0.36
4108745700,0.52,-0.54,0.57,0.22,0.22
4108794998,-0.28,-0.25,0.27,0.28,0.45
4108837346,0.15,-0.32,0.5,0.23,0.27
4108843698,1.59,-0.12,0.57,0.21,0.21
4108911575,-0.56,-0.53,0.26,0.27,0.47
4108925044,-0.95,0.17,0.21,0.57,0.22
4109034876,-1.45,0.96,0.21,0.58,0.21
4109051050,-0.69,1.01,0.21,0.57,0.21
4109184216,-0.28,0.24,0.23,0.51,0.26
4109222940,-0.95,-1.06,0.3,0.25,0.45
4109223974,1.89,-0.49,0.58,0.21,0.21
4109494475,-1.45,-0.9,0.22,0.52,0.26
4109534513,-0.57,-0.77,0.36,0.25,0.39
4109574720,-0.05,0.74,0.22,0.54,0.24
4109588332,-0.54,2.16,0.21,0.58,0.21
4109605714,-0.55,-0.97,0.48,0.23,0.28
4109711883,-0.67,-1.56,0.56,0.22,0.22
4109918573,0.25,-1.22,0.57,0.21,0.21
4109942794,-0.66,-0.77,0.3,0.25,0.45
4109967894,0.07,2.3,0.21,0.57,0.21
4110214004,1.98,-1.83,0.58,0.21,0.21
4110243756,-0.25,-0.28,0.28,0.26,0.45
4110374894,-0.85,-0.77,0.25,0.28,0.47
4110439388,3.11,2.8,0.41,0.26,0.33
4110463091,0.04,0.75,0.22,0.53,0.24
4110556646,1.09,1.02,0.33,0.28,0.39
4110616793,1.16,0.08,0.56,0.22,0.22
4110680169,-0.21,0.1,0.24,0.43,0.32
4110719422,0.75,-1.26,0.58,0.21,0.21
4110731096,-0.5,-0.28,0.25,0.38,0.37
4110788775,0.24,1.06,0.22,0.54,0.24
4111007555,-0.03,0.71,0.22,0.54,0.24
4111031334,1.67,1.55,0.35,0.28,0.37
4111092301,1.18,2.81,0.21,0.57,0.22
4111275186,-0.93,-0.11,0.22,0.55,0.23
4111510164,-1.04,-1.3,0.4,0.24,0.36
4111530926,-1.05,-0.95,0.25,0.29,0.47
4111595641,0.26,-1.34,0.58,0.21,0.21
4111622453,-0.79,-0.94,0.33,0.25,0.43
4111797815,-0.71,-0.68,0.25,0.26,0.48
4111887193,-0.71,-0.77,0.28,0.25,0.48
4112045435,-1.45,0.52,0.21,0.58,0.21
4112324019,-0.18,-0.18,0.28,0.27,0.45
4112349114,0.62,-0.21,0.55,0.22,0.23
4112400012,-0.03,0.61,0.23,0.53,0.25
4112596914,-0.04,-0.91,0.56,0.22,0.22
4112601377,2.53,-0.05,0.58,0.21,0.21
4112666704,-0.18,-1.0,0.56,0.22,0.23
4112837100,-1.01,-0.98,0.25,0.26,0.49
4112996790,1.83,-0.92,0.58,0.21,0.21
4113027609,2.05,1.18,0.53,0.22,0.24
4113098387,-0.39,0.25,0.22,0.53,0.24
4113151185,-1.8,-0.86,0.22,0.56,0.22
4113352990,1.0,1.14,0.28,0.34,0.38
4113356199,-0.58,-0.54,0.25,0.27,0.47
4113534165,-1.46,-1.7,0.38,0.24,0.37
4113618432,1.3,-1.3,0.58,0.21,0.21
4113646048,0.29,1.68,0.21,0.57,0.22
4113656197,2.91,0.65,0.58,0.21,0.21
4113698135,-0.7,-0.63,0.25,0.28,0.47
4113734497,2.05,-1.4,0.58,0.21,0.21
4113767482,-0.21,-0.21,0.28,0.27,0.45
4113779533,1.9,-0.19,0.58,0.21,0.21
4113854293,1.4,0.17,0.57,0.22,0.22
4113979630,-0.77,-0.18,0.22,0.53,0.25
4114068816,-0.47,1.53,0.21,0.57,0.21
4114090318,1.58,-1.28,0.58,0.21,0.21
4114149162,-0.57,1.14,0.21,0.57,0.21
4114179339,1.52,1.05,0.47,0.24,0.29
4114230697,-1.25,-1.34,0.29,0.24,0.47
4114264723,-0.13,-1.3,0.57,0.21,0.21
4114348953,-0.55,-0.72,0.34,0.25,0.41
4114449848,-0.1,1.04,0.22,0.56,0.22
4114599565,-0.91,-0.8,0.25,0.3,0.46
4114681906,0.12,1.18,0.22,0.56,0.23
4114759879,-0.74,-0.77,0.26,0.25,0.49
4114766683,-1.8,2.66,0.21,0.58,0.21
4114831581,-0.77,-0.76,0.25,0.26,0.49
4114870092,-1.15,2.66,0.21,0.58,0.21
4114932932,2.78,-0.12,0.58,0.21,0.21
4115102298,1.62,-0.27,0.58,0.21,0.21
4115105884,-0.73,-0.68,0.25,0.27,0.48
4115127058,-0.26,-0.26,0.27,0.27,0.45
4115176872,-0.43,-1.23,0.56,0.22,0.23
4115304967,-1.01,-0.88,0.25,0.31,0.45
4115361724,-0.21,-0.09,0.26,0.32,0.42
4115508178,-0.85,-0.85,0.25,0.25,0.49
4115648217,1.34,1.83,0.23,0.5,0.27
4115696626,1.81,2.17,0.25,0.46,0.29
4115739129,-0.26,1.17,0.21,0.57,0.22
4115776009,0.18,0.09,0.34,0.27,0.39
4115851147,0.81,0.81,0.31,0.29,0.4
4116134745,-0.72,-0.71,0.25,0.26,0.49
4116197018,-0.85,-0.85,0.25,0.25,0.49
4116284588,-0.76,-0.4,0.23,0.47,0.3
4116355423,0.58,0.34,0.41,0.26,0.33
4116435187,0.81,2.36,0.21,0.57,0.22
4116483260,-0.62,0.74,0.21,0.57,0.22
4116513754,-0.61,-0.71,0.3,0.25,0.45
4116639638,-0.77,-0.74,0.25,0.26,0.49
4116684181,-0.65,-0.1,0.22,0.52,0.25
4116783115,0.82,-0.85,0.58,0.21,0.21
4116825232,-0.36,-0.43,0.29,0.26,0.45
4116856726,-0.82,-0.8,0.25,0.26,0.49
4117050068,1.33,1.05,0.41,0.26,0.34
4117063982,-0.79,-0.76,0.25,0.26,0.49
4117226385,-1.68,1.15,0.21,0.58,0.21
4117226597,-0.55,0.05,0.22,0.53,0.25
4117283513,1.06,1.75,0.22,0.53,0.24
4117427035,1.77,-0.07,0.58,0.21,0.21
4117476760,0.46,1.52,0.22,0.56,0.23
4117581194,-0.74,-0.77,0.26,0.25,0.49
4117589633,-0.47,-1.76,0.57,0.21,0.21
4117670614,-1.1,0.87,0.21,0.57,0.21
4117694850,-0.76,-0.76,0.26,0.25,0.49
4117750753,1.43,-0.66,0.58,0.21,0.21
4117754350,2.75,-0.21,0.58,0.21,0.21
4117758636,-0.78,-0.77,0.25,0.26,0.49
4117846084,0.95,-0.4,0.57,0.21,0.21
4117861351,0.86,-0.01,0.55,0.22,0.23
4117977656,0.32,1.03,0.22,0.53,0.24
4118217043,1.26,1.91,0.23,0.53,0.25
4118286669,-0.77,-0.76,0.25,0.26,0.49
4118304709,1.49,-0.99,0.58,0.21,0.21
4118374483,-0.81,-0.8,0.25,0.26,0.49
4118424631,-0.89,-0.85,0.25,0.26,0.49
4118544763,-0.94,1.13,0.21,0.58,0.21
4118665458,-0.85,-0.84,0.25,0.25,0.49
4118695428,-0.62,-0.14,0.23,0.51,0.26
4118786843,-0.25,2.53,0.21,0.58,0.21
4118856695,-0.67,0.0,0.22,0.54,0.24
4118911991,0.7,-1.63,0.58,0.21,0.21
4118946065,0.63,-0.16,0.54,0.22,0.24
4118954991,1.03,-1.68,0.58,0.21,0.21
4119023883,-0.91,-1.08,0.34,0.25,0.41
4119064431,-1.67,2.0,0.21,0.58,0.21
4119202219,-0.61,-0.66,0.27,0.25,0.48
4119218456,-0.81,-0.76,0.25,0.27,0.48
4119318788,-1.33,-1.22,0.24,0.29,0.47
4119516251,0.45,0.45,0.31,0.29,0.4
4119571986,1.59,3.03,0.21,0.57,0.22
4119728891,-0.66,-0.74,0.29,0.25,0.46
4119871729,0.07,-0.93,0.57,0.21,0.22
4120053204,-0.22,-0.26,0.29,0.27,0.45
4120106093,-0.96,-1.14,0.35,0.25,0.41
4120106148,-0.06,-0.06,0.29,0.28,0.43
4120217174,-0.38,0.37,0.22,0.54,0.24
4120365540,1.73,-0.84,0.58,0.21,0.21
4120549802,-1.03,-1.02,0.25,0.25,0.5
4120631279,-1.23,2.05,0.21,0.58,0.21
4120702809,-0.82,-0.78,0.25,0.27,0.48
4120734066,-0.84,-0.82,0.25,0.26,0.49
4120802048,1.48,0.09,0.57,0.21,0.22
4120859604,-0.24,0.06,0.25,0.43,0.33
4120866439,-1.02,-0.09,0.22,0.56,0.22
4120965643,-0.75,-0.72,0.25,0.26,0.49
4120973398,-0.54,0.69,0.21,0.57,0.22
4121028686,1.11,-0.34,0.57,0.21,0.21
4121049913,-0.51,1.2,0.21,0.57,0.21
4121163290,-0.3,-0.33,0.28,0.26,0.46
4121175672,-0.15,-0.78,0.54,0.22,0.24
4121255919,-1.65,-0.08,0.21,0.57,0.21
4121269481,0.83,2.05,0.22,0.56,0.22
4121315843,-0.68,-0.66,0.25,0.26,0.49
4121342747,-0.61,-1.02,0.48,0.23,0.29
4121373088,-1.23,1.46,0.21,0.58,0.21
4121537886,-0.77,-0.75,0.25,0.26,0.49
4121651943,-0.89,-0.87,0.25,0.26,0.49
4121719051,1.2,-0.26,0.57,0.21,0.21
4121735287,1.42,-1.43,0.58,0.21,0.21
4121838459,1.17,-0.28,0.57,0.21,0.21
4121920275,-1.34,-1.48,0.32,0.24,0.44
4121969664,1.37,1.84,0.24,0.49,0.27
4121982145,0.08,1.98,0.21,0.57,0.21
4122082885,1.61,-1.63,0.58,0.21,0.21
4122162081,-0.01,0.1,0.27,0.32,0.41
4122205000,0.12,0.62,0.23,0.5,0.27
4122574820,1.61,-0.59,0.58,0.21,0.21
4122634548,-0.81,-0.81,0.25,0.25,0.49
4122708799,-0.7,-0.37,0.24,0.46,0.31
4122709252,-0.52,2.42,0.21,0.58,0.21
4123020590,-0.74,-0.81,0.28,0.25,0.47
4123077977,-0.67,0.85,0.21,0.57,0.22
4123092383,-1.25,2.83,0.21,0.58,0.21
4123099103,1.2,-1.42,0.58,0.21,0.21
4123099272,-0.79,-0.49,0.24,0.44,0.32
4123179092,0.67,0.64,0.32,0.29,0.4
4123270995,-0.86,-0.69,0.25,0.34,0.41
4123448778,-1.78,1.79,0.21,0.58,0.21
4123649389,0.71,-0.4,0.57,0.22,0.22
4123668526,-0.7,-0.69,0.25,0.26,0.49
4123697601,1.16,2.02,0.22,0.55,0.23
4123732069,-0.94,1.73,0.21,0.58,0.21
4123746080,-0.85,1.26,0.21,0.58,0.21
4123793861,1.23,-0.49,0.58,0.21,0.21
4123823913,-0.08,1.81,0.21,0.57,0.21
4123964154,-0.71,-0.71,0.26,0.25,0.49
4124033072,0.63,0.6,0.32,0.29,0.4
4124286259,-0.84,-0.84,0.25,0.25,0.49
4124343614,-0.44,-1.2,0.55,0.22,0.23
4124382311,1.56,0.76,0.53,0.23,0.24
4124384200,-0.63,-0.43,0.25,0.37,0.38
4124430166,-0.35,-0.36,0.27,0.27,0.46
4124521528,-0.13,2.66,0.21,0.58,0.21
4124641753,-1.62,-0.22,0.21,0.57,0.21
4124644292,-0.03,0.34,0.24,0.46,0.3
4124791570,-0.82,-0.58,0.24,0.4,0.36
4124992462,0.68,-1.33,0.58,0.21,0.21
4125029023,1.55,0.36,0.56,0.22,0.22
4125061563,-0.47,-0.15,0.24,0.44,0.32
4125066637,-1.4,0.64,0.21,0.58,0.21
4125075530,-1.45,-0.49,0.22,0.56,0.22
4125084697,0.29,0.29,0.31,0.28,0.41
4125104329,-0.79,-0.82,0.26,0.25,0.49
4125195101,0.29,-0.14,0.48,0.24,0.28
4125252649,0.69,1.49,0.22,0.54,0.24
4125484124,0.57,0.48,0.34,0.28,0.38
4125594232,-0.55,0.09,0.22,0.53,0.24
4125661075,-0.44,-0.13,0.24,0.44,0.32
4125944554,-0.62,-0.07,0.22,0.52,0.25
4125998331,-0.02,0.01,0.29,0.28,0.43
4126005064,2.86,0.3,0.58,0.21,0.21
4126006585,-1.03,1.62,0.21,0.58,0.21
4126109433,-0.45,1.54,0.21,0.57,0.21
4126281991,-0.62,-0.51,0.25,0.31,0.44
4126410932,-0.89,-0.82,0.25,0.28,0.48
4126481629,-0.61,-0.64,0.27,0.25,0.48
4126503902,-0.02,-1.27,0.57,0.21,0.21
4126612761,0.12,2.94,0.21,0.58,0.21
4126761898,-0.73,-0.71,0.25,0.26,0.49
4126794935,-0.82,-0.55,0.24,0.42,0.34
4127035740,1.43,0.41,0.55,0.22,0.23
4127100823,-0.8,-0.82,0.26,0.25,0.49
4127194932,1.52,0.77,0.52,0.23,0.25
4127375792,-0.74,-0.82,0.29,0.25,0.47
4127402581,-0.82,0.73,0.21,0.57,0.21
4127459475,-0.5,-0.98,0.5,0.23,0.27
4127523028,-0.85,-0.74,0.25,0.3,0.45
4127535314,0.34,2.25,0.21,0.57,0.21
4127597432,0.72,-0.63,0.57,0.21,0.21
4127711303,-0.84,0.38,0.21,0.57,0.22
4127745008,-0.57,-0.21,0.24,0.47,0.3
4127980058,-0.7,-0.71,0.26,0.25,0.49
4127984183,-1.28,-0.32,0.22,0.56,0.22
4127989386,-1.9,0.65,0.21,0.58,0.21
4128018884,-0.25,-0.7,0.5,0.23,0.27
4128085873,-1.04,-0.91,0.25,0.31,0.45
4128193727,0.92,0.5,0.46,0.25,0.29
4128289626,0.95,-0.15,0.56,0.22,0.22
4128359480,-1.58,-1.35,0.24,0.34,0.42
4128604898,0.71,0.08,0.52,0.23,0.25
4128655203,-1.1,0.04,0.21,0.57,0.22
4128692796,-0.66,1.16,0.21,0.57,0.21
4128721971,-0.82,-0.88,0.28,0.25,0.48
4128746334,2.7,1.52,0.56,0.22,0.23
4128761484,-0.35,-0.36,0.27,0.27,0.46
4128769631,-0.87,-0.84,0.25,0.26,0.49
4128839620,2.48,1.17,0.56,0.22,0.22
4128953041,-0.8,-0.76,0.25,0.27,0.48
4129127269,1.0,-0.9,0.58,0.21,0.21
4129500606,-0.91,-0.88,0.25,0.26,0.49
4129570490,-0.41,0.17,0.22,0.53,0.25
4129600660,0.59,1.38,0.22,0.54,0.24
4129765973,-0.35,-0.66,0.44,0.24,0.32
4129795093,1.14,0.68,0.47,0.24,0.29
4130069713,-0.43,-0.95,0.51,0.23,0.26
4130156980,-1.1,-0.44,0.22,0.54,0.24
4130164025,-0.11,-0.13,0.29,0.27,0.44
4130261941,0.45,-0.28,0.54,0.22,0.24
4130328444,1.23,-0.82,0.58,0.21,0.21
4130351079,0.77,0.9,0.28,0.33,0.38
4130402713,-0.74,-0.75,0.26,0.25,0.49
4130418750,-0.95,-1.22,0.41,0.24,0.35
4130444697,0.8,-0.19,0.56,0.22,0.22
4130489037,-0.89,-0.89,0.25,0.25,0.49
4130590499,-0.33,-1.12,0.56,0.22,0.23
4130620953,-0.28,0.5,0.22,0.54,0.24
4130649904,0.62,-0.11,0.54,0.22,0.24
4130660098,-0.82,-0.8,0.25,0.26,0.49
4130752406,-0.78,-0.76,0.25,0.26,0.49
4130974375,0.2,-1.21,0.57,0.21,0.21
4130977833,0.09,1.37,0.22,0.56,0.22
4130989758,-0.74,-0.81,0.28,0.25,0.47
4130990586,-0.93,-1.93,0.57,0.21,0.22
4131135985,-0.05,-1.31,0.57,0.21,0.21
4131215878,-0.27,1.41,0.21,0.57,0.21
4131345014,-0.84,-0.85,0.26,0.25,0.49
4131378465,-1.2,-1.05,0.24,0.31,0.44
4131504049,-0.49,0.67,0.21,0.56,0.22
4131605067,-0.89,-0.89,0.25,0.25,0.49
4131647075,-1.53,-0.35,0.21,0.57,0.22
4131712886,0.52,-0.45,0.56,0.22,0.22
4131751766,0.49,1.06,0.23,0.51,0.26
4131770726,-1.44,-0.19,0.21,0.57,0.22
4131884646,-0.61,-0.6,0.26,0.26,0.48
4131908326,0.13,0.31,0.27,0.36,0.38
4132252590,2.42,0.33,0.58,0.21,0.21
4132714299,-0.74,-0.75,0.26,0.25,0.49
4132714818,2.88,1.07,0.57,0.21,0.21
4132779342,-0.73,-0.69,0.25,0.27,0.48
4132901423,-1.27,2.17,0.21,0.58,0.21
4132906941,0.88,-0.84,0.58,0.21,0.21
4132909425,-0.71,-0.84,0.31,0.25,0.44
4132922382,0.43,-1.13,0.58,0.21,0.21
4132965176,-0.95,-0.59,0.23,0.46,0.3
4132995526,0.67,-0.88,0.57,0.21,0.21
4132997135,-0.32,-0.78,0.5,0.23,0.27
4133023437,-0.13,-0.15,0.29,0.27,0.44
4133103340,0.91,1.05,0.28,0.34,0.38
4133162476,-1.3,-1.06,0.24,0.37,0.39
4133230887,-1.12,-0.93,0.24,0.35,0.41
4133332508,-0.82,-0.62,0.24,0.37,0.39
4133561971,-0.84,-0.37,0.23,0.51,0.27
4133685563,0.12,-0.41,0.51,0.23,0.26
4133848483,-1.44,1.54,0.21,0.58,0.21
4133862104,1.42,-0.23,0.57,0.21,0.21
4133874409,0.09,0.33,0.26,0.39,0.35
4134007184,0.25,-1.28,0.58,0.21,0.21
4134011954,0.25,-0.79,0.57,0.21,0.22
4134035947,1.2,0.65,0.49,0.24,0.27
4134182999,-0.85,1.21,0.21,0.57,0.21
4134219738,1.15,0.16,0.56,0.22,0.23
4134258891,0.61,-0.08,0.53,0.23,0.24
4134334285,-0.45,-0.63,0.35,0.25,0.4
4134427534,2.5,0.3,0.58,0.21,0.21
4134650539,-1.72,1.07,0.21,0.58,0.21
4134667226,0.52,0.27,0.41,0.26,0.33
4134691583,2.28,0.13,0.58,0.21,0.21
4134720014,1.45,1.47,0.31,0.3,0.39
4134755282,-0.95,-1.88,0.56,0.21,0.22
4134805500,-0.65,0.76,0.21,0.57,0.22
4134824796,1.66,1.73,0.29,0.32,0.39
4134879267,-0.77,-0.72,0.25,0.27,0.48
4135176728,-0.71,-0.77,0.28,0.25,0.48
4135218559,3.09,1.55,0.57,0.21,0.22
4135510849,-0.81,-0.81,0.25,0.25,0.49
4135529116,-0.89,-0.87,0.25,0.26,0.49
4135626469,0.17,1.16,0.22,0.55,0.23
4135713978,0.47,1.55,0.22,0.56,0.22
4135761275,-0.84,-0.85,0.26,0.25,0.49
4135766767,-0.65,-0.61,0.25,0.27,0.48
4135784562,0.39,-0.78,0.57,0.21,0.22
4135834094,-1.02,-0.99,0.25,0.26,0.49
4135871705,-0.82,1.94,0.21,0.58,0.21
4135911914,0.82,1.77,0.22,0.55,0.23
4136025247,-0.24,1.34,0.21,0.57,0.22
4136029347,-1.63,1.27,0.21,0.58,0.21
4136042924,2.06,2.23,0.28,0.36,0.36
4136079906,-0.71,-1.02,0.43,0.24,0.33
4136129928,0.73,-1.28,0.58,0.21,0.21
4136163860,-1.67,0.41,0.21,0.58,0.21
4136203848,-0.79,-0.75,0.25,0.27,0.48
4136258766,-0.38,-0.38,0.27,0.27,0.47
4136277994,-0.82,-0.82,0.25,0.25,0.49
4136468669,-1.21,-1.21,0.25,0.25,0.5
4136579783,-0.92,-0.92,0.25,0.25,0.49
4136587469,0.64,1.67,0.22,0.56,0.23
4136666407,-1.06,1.39,0.21,0.58,0.21
4136709444,0.63,-0.8,0.57,0.21,0.21
4136729998,-0.72,-0.73,0.26,0.25,0.49
4136785023,0.01,0.04,0.29,0.29,0.43
4136853169,1.79,-0.92,0.58,0.21,0.21
4136913504,-0.81,-0.81,0.25,0.25,0.49
4136972964,0.96,0.55,0.46,0.25,0.3
4137281042,-0.66,-0.8,0.32,0.25,0.43
4137293684,-1.7,2.11,0.21,0.58,0.21
4137302876,1.49,1.34,0.36,0.27,0.37
4137313476,-0.13,1.72,0.21,0.57,0.21
4137375897,2.14,1.11,0.55,0.22,0.23
4137405734,-0.1,0.79,0.22,0.55,0.23
4137441083,0.84,-1.44,0.58,0.21,0.21
4137472241,0.82,0.84,0.3,0.3,0.4
4137481105,-0.79,-0.81,0.26,0.25,0.49
4137592403,-0.56,-0.56,0.26,0.26,0.48
4137735612,0.28,1.4,0.22,0.56,0.22
4137915882,-0.57,1.36,0.21,0.57,0.21
4137996970,-0.05,-0.01,0.28,0.29,0.43
4138006393,-0.71,-0.69,0.25,0.26,0.49
4138042189,0.52,1.95,0.21,0.57,0.22
4138179183,-0.72,1.69,0.21,0.58,0.21
4138182991,-0.8,-0.93,0.31,0.25,0.44
4138225869,-0.9,-0.9,0.25,0.25,0.49
4138368225,-1.64,0.12,0.21,0.57,0.21
4138400912,0.6,0.64,0.3,0.3,0.4
4138405412,-0.66,-0.67,0.26,0.25,0.49
4138422942,-1.34,0.06,0.21,0.57,0.22
4138616575,-1.03,0.29,0.21,0.57,0.22
4138739624,-0.95,-0.9,0.25,0.27,0.49
4138876538,-1.49,1.51,0.21,0.58,0.21
4138889838,1.37,1.44,0.29,0.31,0.39
4139064981,1.65,1.44,0.38,0.27,0.35
4139067879,-0.51,-0.25,0.24,0.41,0.35
4139140271,-0.62,-0.64,0.26,0.25,0.49
4139178952,0.76,-0.37,0.57,0.21,0.22
4139191738,-1.55,1.32,0.21,0.58,0.21
4139256941,0.7,0.52,0.38,0.27,0.36
4139605189,0.95,1.47,0.23,0.5,0.26
4139612279,0.63,1.62,0.22,0.56,0.23
4139631758,0.68,-0.81,0.57,0.21,0.21
4139642500,-0.89,-0.37,0.22,0.52,0.26
4139851842,-0.16,2.7,0.21,0.58,0.21
4139906326,-1.45,-1.35,0.24,0.28,0.48
4139914835,-0.39,0.88,0.21,0.57,0.22
4139960622,3.12,2.62,0.47,0.24,0.29
4140005530,-0.79,-0.81,0.26,0.25,0.49
4140079955,-0.58,0.74,0.21,0.57,0.22
4140200102,-0.04,-0.27,0.41,0.25,0.34
4140393062,-0.81,-0.77,0.25,0.27,0.48
4140403334,-0.77,1.41,0.21,0.58,0.21
4140412752,1.67,1.67,0.31,0.3,0.39
4140547518,-0.81,-0.71,0.25,0.3,0.46
4140583498,0.07,-0.27,0.46,0.24,0.3
4140736007,-0.06,-0.13,0.31,0.27,0.42
4140781624,-0.69,-0.67,0.25,0.26,0.49
4140855493,-0.84,-0.81,0.25,0.26,0.49
4140919239,-0.71,0.13,0.22,0.55,0.23
4140956092,1.74,2.23,0.23,0.5,0.27
4141231081,-1.25,1.84,0.21,0.58,0.21
4141240228,0.48,0.04,0.48,0.24,0.28
4141355079,1.25,-0.08,0.57,0.21,0.22
4141357125,-0.53,-1.0,0.5,0.23,0.27
4141416656,0.62,0.01,0.52,0.23,0.25
4141418273,-0.66,-0.69,0.26,0.25,0.49
4141449051,-0.78,-0.89,0.3,0.25,0.45
4141607749,-1.26,-1.34,0.28,0.24,0.47
4141826723,-0.62,-0.31,0.24,0.44,0.32
4142060969,-0.88,-0.87,0.25,0.25,0.49
4142102782,0.07,2.17,0.21,0.57,0.21
4142243865,0.56,-0.3,0.55,0.22,0.23
4142344572,-0.89,-0.91,0.26,0.25,0.49
4142522243,0.78,0.83,0.3,0.3,0.4
4142528753,-0.82,-0.84,0.26,0.25,0.49
4142554835,-0.79,2.23,0.21,0.58,0.21
4142653457,-0.61,-0.16,0.23,0.5,0.27
4142692117,-0.81,-0.87,0.28,0.25,0.48
4142742635,-0.7,0.54,0.21,0.57,0.22
4143081279,0.1,-1.72,0.58,0.21,0.21
4143105715,-0.76,-0.82,0.28,0.25,0.48
4143181863,0.75,0.2,0.5,0.24,0.26
4143194920,-1.28,2.06,0.21,0.58,0.21
4143415875,-0.45,0.12,0.22,0.52,0.25
4143543088,-0.08,2.25,0.21,0.58,0.21
4143596807,0.71,1.1,0.24,0.46,0.29
4143638029,1.6,0.88,0.52,0.23,0.25
4143671482,0.21,0.7,0.23,0.5,0.27
4143673319,1.4,-0.37,0.58,0.21,0.21
4143835830,-0.16,-0.44,0.43,0.25,0.32
4143970976,-0.64,-0.7,0.28,0.25,0.47
4143998942,-0.73,-0.77,0.27,0.25,0.48
4144092616,-0.89,-0.89,0.25,0.25,0.49
4144115042,0.6,1.27,0.23,0.53,0.25
4144153945,-0.41,-0.03,0.24,0.47,0.29
4144166469,-0.4,2.12,0.21,0.58,0.21
4144301009,0.61,-1.66,0.58,0.21,0.21
4144436775,-0.84,-0.84,0.25,0.25,0.49
4144488171,1.47,2.36,0.22,0.55,0.23
4144590311,0.73,0.54,0.38,0.27,0.35
4144624674,-0.07,0.16,0.26,0.38,0.36
4144749065,-0.52,-0.69,0.34,0.25,0.41
4144770144,-1.4,-1.4,0.25,0.25,0.5
4144770386,2.17,-1.76,0.58,0.21,0.21
4144838203,2.88,2.84,0.32,0.3,0.38
4144909849,2.45,-0.86,0.58,0.21,0.21
4145137073,-0.63,-0.68,0.27,0.25,0.48
4145172423,1.4,-1.53,0.58,0.21,0.21
4145173669,-0.84,-0.88,0.27,0.25,0.48
4145287130,-0.53,1.34,0.21,0.57,0.21
4145443448,-0.63,-0.54,0.25,0.29,0.45
4145449233,-1.78,1.24,0.21,0.58,0.21
4145549851,-0.89,-1.81,0.56,0.21,0.22
4145630811,1.32,1.26,0.33,0.29,0.39
4145652418,0.54,-0.21,0.54,0.22,0.24
4145755863,0.05,-0.08,0.35,0.26,0.39
4145815259,-0.71,-0.29,0.23,0.49,0.28
4145950187,-0.15,-0.15,0.28,0.27,0.44
4145979616,0.47,2.39,0.21,0.57,0.21
4145998733,-0.02,-1.22,0.57,0.21,0.21
4146007563,-1.09,-0.69,0.23,0.47,0.29
4146235611,0.79,2.31,0.21,0.57,0.22
4146467431,0.66,1.93,0.21,0.56,0.22
4146485262,1.72,0.01,0.57,0.21,0.21
4146538646,1.02,1.07,0.3,0.3,0.4
4146558305,-1.32,-0.66,0.22,0.54,0.24
4146647855,-0.89,-0.92,0.26,0.25,0.49
4146759700,1.47,1.47,0.31,0.3,0.39
4146944399,0.77,-0.19,0.56,0.22,0.23
4146949489,-0.84,-0.85,0.26,0.25,0.49
4147001923,-1.55,-1.4,0.24,0.3,0.46
4147020545,-0.66,-0.65,0.26,0.26,0.49
4147197812,1.4,0.2,0.56,0.22,0.22
4147367459,-0.68,0.54,0.21,0.57,0.22
4147384765,-0.87,-0.82,0.25,0.27,0.48
4147390701,-0.5,2.23,0.21,0.58,0.21
4147391374,-0.94,-1.62,0.54,0.22,0.24
4147521786,-0.66,-0.31,0.24,0.47,0.3
4147573552,0.6,1.8,0.22,0.56,0.22
4147659756,1.02,1.52,0.23,0.5,0.27
4147890415,-1.45,1.74,0.21,0.58,0.21
4147944636,1.13,-0.7,0.58,0.21,0.21
4147987911,0.35,-0.84,0.57,0.21,0.22
4148107077,1.8,2.0,0.27,0.38,0.35
4148235796,0.46,0.38,0.34,0.28,0.38
4148246014,-0.35,1.06,0.21,0.57,0.22
4148311732,2.67,0.54,0.58,0.21,0.21
4148423248,-0.29,0.89,0.22,0.56,0.22
4148561516,0.68,-1.07,0.58,0.21,0.21
4148660315,0.98,-0.36,0.57,0.21,0.22
4148749202,-0.64,-0.68,0.27,0.25,0.48
4148767296,-1.37,1.69,0.21,0.58,0.21
4148827122,1.11,2.31,0.21,0.57,0.22
4148999458,0.41,-0.63,0.57,0.22,0.22
4149158452,0.45,0.09,0.45,0.25,0.3
4149160149,2.39,-0.38,0.58,0.21,0.21
4149177705,0.41,0.48,0.29,0.31,0.4
4149209343,0.03,-0.47,0.51,0.23,0.26
4149235469,-0.93,-1.09,0.33,0.25,0.42
4149246139,-0.74,1.16,0.21,0.57,0.21
4149263032,-0.88,-0.87,0.25,0.25,0.49
4149319564,-0.82,-0.86,0.27,0.25,0.48
4149374031,-0.68,-0.76,0.29,0.25,0.46
4149503140,-0.25,0.23,0.23,0.5,0.27
4149651911,0.32,-0.62,0.56,0.22,0.22
4149845323,-0.88,-0.78,0.25,0.29,0.46
4149853853,0.6,-0.7,0.57,0.21,0.21
4149876820,1.01,-0.41,0.57,0.21,0.21
4149895746,-1.53,-1.5,0.25,0.25,0.5
4149904144,-0.95,1.66,0.21,0.58,0.21
4149928153,-0.77,-0.78,0.26,0.25,0.49
4150063517,0.9,0.31,0.5,0.23,0.26
4150082300,-0.32,-0.36,0.28,0.26,0.46
4150125228,-0.04,-0.36,0.45,0.24,0.3
4150142900,1.73,0.52,0.56,0.22,0.22
4150178952,-0.99,-1.42,0.49,0.23,0.28
4150194940,-1.18,-1.01,0.24,0.33,0.43
4150225591,0.15,2.48,0.21,0.58,0.21
4150273346,0.96,-0.63,0.57,0.21,0.21
4150279810,0.14,1.28,0.22,0.56,0.22
4150307014,0.86,-0.35,0.57,0.21,0.22
4150317813,1.98,1.98,0.31,0.3,0.39
4150364603,-0.53,0.2,0.22,0.54,0.24
4150561937,-1.58,1.6,0.21,0.58,0.21
4150646111,1.52,0.95,0.49,0.24,0.27
4150696140,-0.77,0.46,0.21,0.57,0.22
4150922843,-1.3,-1.24,0.25,0.26,0.49
4150994705,-1.73,-1.73,0.26,0.25,0.5
4151119741,2.66,3.16,0.23,0.51,0.26
4151396289,1.08,-0.87,0.58,0.21,0.21
4151433309,0.92,0.01,0.55,0.22,0.23
4151439713,-0.97,1.62,0.21,0.58,0.21
4151554296,-0.15,-1.14,0.57,0.21,0.22
4151555151,-0.53,-0.64,0.3,0.25,0.45
4151780367,0.4,-1.23,0.58,0.21,0.21
4151956227,-0.37,-0.35,0.26,0.27,0.46
4152076785,0.79,-1.02,0.58,0.21,0.21
4152103771,1.09,0.54,0.49,0.24,0.27
4152239760,-0.65,-1.23,0.53,0.22,0.25
4152346354,2.91,0.57,0.58,0.21,0.21
4152583604,0.36,0.02,0.45,0.25,0.31
4152599050,-0.77,-0.77,0.25,0.25,0.49
4152637034,-0.08,1.16,0.22,0.56,0.22
4152708184,-0.6,-0.33,0.24,0.42,0.34
4152892528,-0.3,0.55,0.22,0.55,0.23
4152975921,-0.07,-0.73,0.54,0.22,0.24
4153054549,-0.85,-0.84,0.25,0.25,0.49
4153322261,-0.69,2.78,0.21,0.58,0.21
4153460417,-1.45,2.28,0.21,0.58,0.21
4153518401,-0.35,-0.33,0.27,0.27,0.46
4153519215,0.68,-0.64,0.57,0.21,0.21
4153588410,-0.89,-0.9,0.26,0.25,0.49
4153593539,-0.85,-0.85,0.25,0.25,0.49
4153644606,2.55,2.55,0.31,0.31,0.38
4153665781,-0.71,0.21,0.22,0.56,0.23
4153724253,-0.64,-0.66,0.26,0.25,0.49
4153746062,-0.78,1.85,0.21,0.58,0.21
4153792459,-0.78,-0.81,0.26,0.25,0.49
4153796147,0.11,-0.01,0.35,0.27,0.39
4153850017,-1.07,-1.3,0.38,0.24,0.37
4153935234,1.46,0.51,0.55,0.22,0.23
4154605379,1.56,-0.5,0.58,0.21,0.21
4154627784,1.68,0.86,0.53,0.23,0.24
4154713182,-0.19,-0.29,0.32,0.26,0.42
4154720652,1.7,-1.34,0.58,0.21,0.21
4154789780,-0.22,-0.23,0.28,0.27,0.45
4154827103,0.89,0.95,0.3,0.31,0.4
4154907220,3.02,-0.61,0.58,0.21,0.21
4154950014,-1.59,-1.18,0.23,0.46,0.31
4155045444,-0.41,-0.38,0.26,0.28,0.46
4155081458,-0.3,-0.29,0.27,0.27,0.46
4155322269,-0.86,-0.87,0.26,0.25,0.49
4155457363,-0.78,-0.84,0.28,0.25,0.48
4155480157,-0.58,-0.59,0.26,0.26,0.48
4155607772,-1.24,-1.26,0.26,0.25,0.5
4155614089,-0.78,-0.8,0.26,0.25,0.49
4155738270,-0.73,-0.71,0.25,0.26,0.49
4155815570,-0.57,-0.49,0.25,0.29,0.46
4155821431,1.16,2.78,0.21,0.57,0.22
4155964869,-0.86,-0.84,0.25,0.26,0.49
4156167210,-0.5,-0.58,0.29,0.25,0.46
4156200449,1.8,-1.73,0.58,0.21,0.21
4156241840,0.8,-1.26,0.58,0.21,0.21
4156246813,-1.55,-0.59,0.22,0.56,0.22
4156247061,-0.84,-0.82,0.25,0.26,0.49
4156426946,-1.3,-1.53,0.38,0.24,0.38
4156446558,-1.03,0.52,0.21,0.57,0.21
4156516667,-0.77,-0.71,0.25,0.28,0.48
4156751029,0.61,-0.73,0.57,0.21,0.21
4156808632,0.04,-1.27,0.57,0.21,0.21
4156819718,-1.12,-1.17,0.27,0.25,0.48
4156835026,2.11,1.26,0.53,0.23,0.24
4156877995,1.68,-0.47,0.58,0.21,0.21
4156903170,1.06,-1.45,0.58,0.21,0.21
4156944609,-0.66,-0.7,0.27,0.25,0.48
4156975367,-0.62,0.33,0.22,0.56,0.23
4157042518,-0.88,-0.9,0.26,0.25,0.49
4157065930,-0.55,1.62,0.21,0.58,0.21
4157121856,1.32,0.6,0.52,0.23,0.25
4157202179,-1.22,-0.84,0.23,0.46,0.31
4157271433,0.66,0.66,0.31,0.29,0.4
4157328519,-0.58,-0.81,0.39,0.25,0.36
4157351619,-0.57,-0.52,0.25,0.28,0.47
4157468989,-0.45,1.51,0.21,0.57,0.21
4157553702,2.12,-0.73,0.58,0.21,0.21
4157596697,-1.24,-0.28,0.22,0.56,0.22
4157850840,-0.35,-0.29,0.26,0.29,0.45
4157862922,-1.34,1.39,0.21,0.58,0.21
4158162820,0.2,2.16,0.21,0.57,0.21
4158216844,-0.81,-0.81,0.25,0.25,0.49
4158319044,0.31,0.13,0.38,0.26,0.36
4158320246,-0.91,-0.91,0.25,0.25,0.49
4158384386,1.01,-0.88,0.58,0.21,0.21
4158443445,0.68,-0.07,0.54,0.22,0.24
4158451273,-0.79,-0.77,0.25,0.26,0.49
4158482969,0.19,-1.43,0.58,0.21,0.21
4158741913,-0.76,-0.76,0.26,0.25,0.49
4158743498,0.5,-1.45,0.58,0.21,0.21
4158847343,1.75,-0.77,0.58,0.21,0.21
4158871941,-0.3,1.23,0.21,0.57,0.22
4158956064,2.27,2.69,0.24,0.48,0.28
4159132124,1.84,1.7,0.35,0.28,0.37
4159212573,-1.74,2.16,0.21,0.58,0.21
4159245152,1.81,1.27,0.49,0.24,0.28
4159252230,-0.88,-0.93,0.27,0.25,0.48
4159309891,-0.64,-0.48,0.25,0.34,0.41
4159507048,-0.86,-0.84,0.25,0.26,0.49
4159676266,-0.32,-0.66,0.45,0.24,0.31
4159678504,2.53,2.59,0.3,0.32,0.38
4159762343,2.3,2.02,0.4,0.26,0.34
4159862376,0.45,0.0,0.48,0.24,0.28
4159871276,2.97,2.39,0.49,0.24,0.27
4159921574,-0.41,-0.44,0.27,0.26,0.47
4159948020,0.11,-0.14,0.42,0.25,0.33
4160041844,-0.8,1.05,0.21,0.57,0.21
4160043630,-0.56,-0.5,0.25,0.28,0.46
4160080732,1.71,0.0,0.57,0.21,0.21
4160195396,0.86,-1.23,0.58,0.21,0.21
4160207478,-0.12,-0.63,0.51,0.23,0.26
4160326571,-0.59,-0.58,0.26,0.26,0.48
4160406211,2.03,-0.82,0.58,0.21,0.21
4160558878,-1.38,-1.38,0.25,0.25,0.5
4160567278,0.73,1.99,0.21,0.57,0.22
4160677320,-1.05,0.0,0.21,0.56,0.22
4160779326,-1.43,0.75,0.21,0.58,0.21
4160818915,-0.77,0.14,0.22,0.56,0.23
4161222090,2.48,0.18,0.58,0.21,0.21
4161257562,-0.12,-0.8,0.54,0.22,0.24
4161326752,-1.42,-1.48,0.27,0.24,0.48
4161333523,-0.49,-1.45,0.57,0.21,0.22
4161345695,0.59,-1.13,0.58,0.21,0.21
4161443903,-0.71,1.09,0.21,0.57,0.21
4161645561,2.47,0.87,0.57,0.21,0.22
4161759410,-0.71,-0.66,0.25,0.27,0.48
4161839611,0.95,2.78,0.21,0.57,0.21
4161847157,-0.22,-1.03,0.56,0.22,0.23
4161848152,-0.29,1.3,0.21,0.57,0.22
4161852052,0.61,1.33,0.22,0.53,0.24
4161900564,-0.95,-0.78,0.24,0.34,0.42
4161922183,-0.42,-0.96,0.52,0.23,0.26
4162051164,-0.93,-0.08,0.22,0.56,0.23
4162117496,-0.77,-0.76,0.25,0.26,0.49
4162252188,2.11,1.77,0.42,0.26,0.32
4162272312,-0.54,-0.54,0.26,0.26,0.48
4162350830,-0.84,-0.82,0.25,0.26,0.49
4162408060,-0.46,-0.41,0.26,0.28,0.46
4162445817,0.31,-0.82,0.57,0.21,0.22
4162449054,-0.85,-0.84,0.25,0.25,0.49
4162459939,-0.66,-0.54,0.25,0.31,0.44
4162528555,0.86,-0.26,0.57,0.22,0.22
4162616489,-0.86,-0.82,0.25,0.26,0.49
4162672809,0.96,0.2,0.53,0.23,0.24
4162768760,2.06,-0.47,0.58,0.21,0.21
4162802966,0.26,0.17,0.34,0.27,0.39
4162823459,-0.39,0.16,0.23,0.52,0.25
4162842140,0.31,-1.04,0.57,0.21,0.21
4162857843,-1.58,2.53,0.21,0.58,0.21
4162967201,0.4,0.19,0.4,0.26,0.34
4162977085,2.11,-0.63,0.58,0.21,0.21
4162979002,-0.79,-0.8,0.26,0.25,0.49
4163070523,-1.63,-1.66,0.26,0.24,0.49
4163224880,-1.18,-0.04,0.21,0.57,0.22
4163413237,-0.56,-0.59,0.27,0.25,0.48
4163446392,-0.88,-0.86,0.25,0.26,0.49
4163483123,1.28,1.17,0.34,0.28,0.38
4163549039,-0.61,-0.01,0.22,0.53,0.25
4163730433,1.31,1.67,0.25,0.46,0.3
4163825007,1.83,1.83,0.31,0.3,0.39
4163853717,0.85,-0.53,0.57,0.21,0.21
4163995818,-1.61,0.56,0.21,0.58,0.21
4164019995,0.0,0.96,0.22,0.55,0.23
4164020584,0.38,-0.6,0.56,0.22,0.22
4164053465,-0.77,-0.77,0.25,0.25,0.49
4164180430,-1.35,1.55,0.21,0.58,0.21
4164190091,-0.21,-0.27,0.3,0.26,0.44
4164360491,-0.85,-0.92,0.28,0.25,0.47
4164366962,2.69,3.2,0.23,0.51,0.26
4164422800,-0.8,-0.89,0.29,0.25,0.46
4164639546,1.81,2.98,0.21,0.57,0.22
4164946281,2.81,3.05,0.26,0.41,0.33
4164988558,0.28,-1.2,0.57,0.21,0.21
4165049322,1.58,-0.84,0.58,0.21,0.21
4165104544,-0.84,-0.76,0.25,0.28,0.47
4165192940,1.74,-1.3,0.58,0.21,0.21
4165271952,-1.05,1.27,0.21,0.58,0.21
4165400724,-0.45,-0.54,0.3,0.25,0.45
4165598458,0.61,0.72,0.29,0.33,0.39
4165613284,-0.85,-0.82,0.25,0.26,0.49
4165744583,0.21,1.01,0.22,0.54,0.24
4165765810,-0.87,-0.85,0.25,0.26,0.49
4165816512,0.27,-0.41,0.53,0.22,0.24
4165843200,-1.18,-1.11,0.25,0.27,0.48
4165888321,-0.67,-0.31,0.23,0.47,0.3
4165941804,2.66,2.33,0.41,0.26,0.33
4165947662,-0.69,-0.57,0.25,0.31,0.44
4165975140,-0.59,-0.58,0.26,0.26,0.48
4165982499,-0.81,-0.84,0.26,0.25,0.49
4165983842,-0.72,-0.77,0.27,0.25,0.48
4166047617,-1.31,0.13,0.21,0.57,0.21
4166070957,-0.12,-0.05,0.27,0.3,0.43
4166109946,1.7,-1.46,0.58,0.21,0.21
4166154475,-0.61,-0.61,0.26,0.26,0.49
4166166502,-0.93,-1.02,0.29,0.25,0.46
4166166911,1.08,-0.13,0.57,0.21,0.22
4166206527,-0.89,0.63,0.21,0.57,0.21
4166258201,-0.77,-0.81,0.27,0.25,0.48
4166271996,1.01,0.13,0.55,0.22,0.23
4166403423,-0.8,-0.82,0.26,0.25,0.49
4166443743,0.34,0.3,0.32,0.28,0.4
4166520754,-0.8,-0.73,0.25,0.28,0.47
4166591931,-0.77,0.37,0.21,0.57,0.22
4166636068,2.11,1.04,0.55,0.22,0.23
4166657957,0.57,-0.01,0.51,0.23,0.26
4166691224,-0.95,-0.2,0.22,0.55,0.23
4166813154,-0.29,-0.43,0.33,0.26,0.41
4166902731,2.97,2.97,0.31,0.31,0.38
4166921552,-0.12,-0.26,0.34,0.26,0.4
4166994506,-0.03,-0.01,0.29,0.28,0.43
4167041644,-0.66,-0.78,0.31,0.25,0.44
4167068924,-0.5,-0.57,0.29,0.25,0.46
4167096971,0.85,0.88,0.3,0.3,0.4
4167273702,2.17,-0.28,0.58,0.21,0.21
4167318793,0.02,1.46,0.21,0.57,0.22
4167319996,1.99,0.18,0.57,0.21,0.21
4167466838,-0.53,0.8,0.21,0.57,0.22
4167510653,-0.25,1.07,0.21,0.57,0.22
4167550578,-0.84,-0.85,0.26,0.25,0.49
4167675963,-0.73,-0.7,0.25,0.26,0.48
4167705965,-0.64,-1.04,0.48,0.23,0.29
4167900022,-0.82,-0.84,0.26,0.25,0.49
4167903727,-0.82,-0.82,0.25,0.25,0.49
4167987440,-0.81,-0.88,0.28,0.25,0.47
4168015805,-0.34,2.17,0.21,0.58,0.21
4168035588,-1.78,-1.78,0.26,0.25,0.5
4168086490,-0.33,-0.31,0.27,0.28,0.46
4168195654,0.99,0.21,0.54,0.23,0.24
4168217861,1.15,-1.76,0.58,0.21,0.21
4168221952,-0.55,-0.6,0.27,0.25,0.47
4168436541,1.77,2.67,0.22,0.55,0.23
4168612425,-0.6,-0.89,0.42,0.24,0.33
4168819879,-0.71,0.84,0.21,0.57,0.21
4168863051,-1.14,-0.58,0.22,0.53,0.25
4168905424,1.02,-0.41,0.57,0.21,0.21
4168940012,1.06,-0.37,0.57,0.21,0.21
4168973736,2.12,1.3,0.53,0.23,0.25
4169040683,-0.82,-0.84,0.26,0.25,0.49
4169063775,-1.3,-0.71,0.22,0.53,0.25
4169152145,0.48,-0.29,0.54,0.22,0.24
4169233066,-0.82,-0.82,0.25,0.25,0.49
4169282752,-0.25,-0.41,0.35,0.26,0.4
4169308866,0.28,-0.93,0.57,0.21,0.21
4169343630,-1.55,2.03,0.21,0.58,0.21
4169352682,-1.51,-1.55,0.27,0.24,0.49
4169363171,0.57,-0.47,0.56,0.22,0.22
4169521484,0.02,-0.03,0.32,0.27,0.41
4169604162,0.24,1.52,0.22,0.56,0.22
4169672936,2.61,2.23,0.43,0.25,0.32
4169808721,-0.68,-0.71,0.26,0.25,0.49
4169883039,-1.42,1.02,0.21,0.58,0.21
4170007001,-1.42,-0.15,0.21,0.57,0.22
4170060125,-0.71,2.33,0.21,0.58,0.21
4170134628,0.47,-1.01,0.57,0.21,0.21
4170283219,-0.69,0.51,0.21,0.57,0.22
4170309703,-0.6,-0.52,0.25,0.29,0.46
4170410272,0.86,-0.69,0.57,0.21,0.21
4170496928,-0.5,0.18,0.22,0.54,0.24
4170507213,1.34,-0.07,0.57,0.21,0.22
4170676183,1.36,0.57,0.53,0.23,0.24
4170695439,-0.69,0.13,0.22,0.55,0.23
4170739200,0.8,0.8,0.31,0.29,0.4
4170768954,0.39,0.39,0.31,0.29,0.4
4170788078,0.12,0.87,0.22,0.54,0.24
4170903915,-1.65,0.35,0.21,0.58,0.21
4171067017,-1.32,-0.91,0.23,0.47,0.3
4171077677,-0.22,1.53,0.21,0.57,0.21
4171176799,-0.33,-0.33,0.27,0.27,0.46
4171201817,-0.81,-0.82,0.26,0.25,0.49
4171224670,2.27,2.36,0.29,0.33,0.38
4171271542,-0.52,-0.48,0.26,0.27,0.47
4171279316,-0.14,2.33,0.21,0.58,0.21
4171574309,-1.03,-0.29,0.22,0.55,0.23
4171577104,0.54,-0.66,0.57,0.21,0.22
4171593426,1.56,-0.5,0.58,0.21,0.21
4171729273,-0.82,-0.76,0.25,0.27,0.48
4171816182,-1.23,-0.75,0.23,0.5,0.27
4171845034,1.84,1.84,0.31,0.3,0.39
4171879266,-0.86,-0.84,0.25,0.26,0.49
4171891685,-0.95,-1.01,0.28,0.25,0.48
4171998584,-0.09,0.62,0.22,0.54,0.24
4172190642,0.45,0.64,0.27,0.36,0.36
4172199233,-0.8,0.34,0.21,0.57,0.22
4172303561,-0.92,-1.21,0.42,0.24,0.34
4172309444,-0.82,-0.87,0.27,0.25,0.48
4172354426,0.11,-1.49,0.58,0.21,0.21
4172472084,-0.81,-0.82,0.26,0.25,0.49
4172499314,0.95,1.81,0.22,0.55,0.23
4172584142,-0.72,-0.72,0.26,0.25,0.49
4172609151,-0.37,-0.3,0.26,0.29,0.45
4172633408,1.05,2.03,0.22,0.56,0.23
4172669833,-1.3,-1.32,0.26,0.25,0.5
4172674866,-0.84,-0.45,0.23,0.48,0.29
4172864939,-0.48,0.71,0.21,0.57,0.22
4172898321,-0.81,-0.84,0.26,0.25,0.49
4172915139,-1.24,-0.16,0.21,0.57,0.22
4172947196,1.31,-1.3,0.58,0.21,0.21
4172965563,0.57,1.1,0.23,0.5,0.26
4172989254,0.0,0.36,0.24,0.46,0.3
4173074985,-0.17,2.67,0.21,0.58,0.21
4173100975,-0.5,-0.58,0.29,0.25,0.46
4173425439,-0.45,-0.28,0.25,0.35,0.4
4173530859,-0.8,-0.77,0.25,0.26,0.49
4173700973,1.62,-0.96,0.58,0.21,0.21
4173785422,-0.49,-0.32,0.25,0.35,0.4
4173848971,0.38,2.92,0.21,0.58,0.21
4173924736,-1.41,-0.46,0.22,0.56,0.22
4174058512,-0.81,-0.77,0.25,0.27,0.48
4174180886,-0.52,1.38,0.21,0.57,0.21
4174344180,-1.84,-1.67,0.24,0.29,0.47
4174432572,0.42,-1.02,0.57,0.21,0.21
4174462741,1.66,-0.87,0.58,0.21,0.21
4174489058,0.69,-1.27,0.58,0.21,0.21
4174491416,0.29,-0.3,0.52,0.23,0.25
4174492587,-0.51,-0.41,0.25,0.31,0.44
4174542085,-0.9,0.51,0.21,0.57,0.22
4174658190,-1.61,-1.65,0.27,0.24,0.49
4174718145,-1.17,-1.32,0.32,0.25,0.43
4174835967,-0.72,-0.71,0.25,0.26,0.49
4174883723,0.5,0.5,0.31,0.29,0.4
4174948918,-0.78,-0.79,0.26,0.25,0.49
4174972482,0.1,-0.48,0.52,0.23,0.25
4175203725,1.98,0.22,0.57,0.21,0.21
4175245801,-0.71,-0.64,0.25,0.28,0.47
4175305822,-0.54,-0.5,0.26,0.27,0.47
4175367636,1.46,-0.62,0.58,0.21,0.21
4175436066,2.64,-0.6,0.58,0.21,0.21
4175477007,-0.02,0.04,0.28,0.3,0.42
4175546451,1.2,-1.21,0.58,0.21,0.21
4175772759,-0.88,-0.87,0.25,0.25,0.49
4175808371,0.86,2.53,0.21,0.57,0.22
4175995372,-0.63,-0.68,0.27,0.25,0.48
4176087396,-0.8,-0.8,0.25,0.25,0.49
4176110595,0.3,1.75,0.21,0.57,0.22
4176288077,-0.88,-0.89,0.26,0.25,0.49
4176290590,-0.16,0.23,0.24,0.47,0.29
4176358993,-0.76,-0.6,0.25,0.34,0.41
4176408034,0.57,1.13,0.23,0.51,0.26
4176523478,-0.25,-0.82,0.53,0.23,0.25
4176524112,0.42,-0.93,0.57,0.21,0.21
4176579531,-0.82,-0.79,0.25,0.26,0.49
4176634784,-0.95,-0.87,0.25,0.28,0.47
4176660341,0.24,1.22,0.22,0.55,0.23
4177032161,-1.26,-1.27,0.26,0.25,0.5
4177043408,-0.66,-0.71,0.27,0.25,0.48
4177193680,0.97,2.66,0.21,0.57,0.21
4177214417,-0.47,-1.81,0.57,0.21,0.21
4177496237,0.99,-0.51,0.57,0.21,0.21
4177511337,-0.45,-0.49,0.28,0.26,0.47
4177565166,0.82,2.34,0.21,0.57,0.22
4177623046,0.19,-0.82,0.57,0.21,0.22
4177758178,-0.29,-0.71,0.49,0.23,0.28
4177781973,2.27,2.0,0.4,0.26,0.34
4177809642,-1.28,1.59,0.21,0.58,0.21
4177848792,-0.94,-0.58,0.23,0.46,0.3
4178012968,-1.3,2.44,0.21,0.58,0.21
4178090534,-0.82,-0.81,0.25,0.26,0.49
4178113438,-0.95,-0.96,0.26,0.25,0.49
4178202274,-0.98,-0.98,0.25,0.25,0.49
4178221700,1.55,1.48,0.33,0.29,0.38
4178409811,-0.79,-0.81,0.26,0.25,0.49
4178422625,-0.26,0.7,0.22,0.56,0.23
4178580974,-0.85,-0.85,0.25,0.25,0.49
4178691933,0.02,-0.4,0.49,0.24,0.28
4178779416,-1.45,1.2,0.21,0.58,0.21
4178798364,0.15,0.04,0.35,0.27,0.39
4178875598,-0.85,-0.89,0.27,0.25,0.48
4178878979,2.27,1.13,0.56,0.22,0.23
4178943362,1.55,-1.0,0.58,0.21,0.21
4178952599,-0.27,0.94,0.21,0.56,0.22
4179085769,1.43,1.6,0.28,0.36,0.36
4179093073,-1.03,0.42,0.21,0.57,0.22
4179193113,0.18,-1.59,0.58,0.21,0.21
4179290343,-1.59,-0.92,0.22,0.54,0.24
4179296178,-0.77,-0.77,0.25,0.25,0.49
4179339679,-0.58,0.08,0.22,0.54,0.24
4179381779,-0.07,-1.24,0.57,0.21,0.21
4179516353,0.29,1.15,0.22,0.55,0.23
4179674948,1.16,-0.91,0.58,0.21,0.21
4179889805,-0.42,1.97,0.21,0.58,0.21
4180035916,1.4,-0.22,0.57,0.21,0.21
4180095908,1.31,-0.75,0.58,0.21,0.21
4180110449,-0.01,0.09,0.27,0.31,0.41
4180159800,1.2,1.77,0.23,0.51,0.26
4180217850,-1.02,-1.07,0.27,0.25,0.48
4180244527,2.08,1.69,0.44,0.25,0.31
4180289171,0.77,0.93,0.28,0.35,0.37
4180340316,-0.42,-0.51,0.3,0.26,0.45
4180442451,0.6,0.07,0.5,0.24,0.27
4180555882,-1.07,-1.1,0.26,0.25,0.49
4180691754,-0.75,-0.77,0.26,0.25,0.49
4180730753,-0.84,0.1,0.22,0.56,0.22
4180749461,-0.9,-1.18,0.41,0.24,0.34
4180754702,0.95,-1.66,0.58,0.21,0.21
4181032576,-0.59,-0.92,0.44,0.24,0.32
4181116519,-0.56,0.64,0.21,0.57,0.22
4181143702,-0.65,-0.37,0.24,0.43,0.33
4181145755,-0.4,-0.4,0.27,0.27,0.47
4181333398,-1.13,2.47,0.21,0.58,0.21
4181356924,-1.59,2.75,0.21,0.58,0.21
4181369541,-0.48,-0.22,0.24,0.41,0.35
4181408495,3.17,2.88,0.4,0.27,0.33
4181782696,1.72,-0.76,0.58,0.21,0.21
4181784550,0.37,-0.18,0.51,0.23,0.26
4181836058,-0.84,-0.86,0.26,0.25,0.49
4181869843,2.73,-0.69,0.58,0.21,0.21
4181957411,-0.9,0.74,0.21,0.57,0.21
4182139432,-0.87,-0.85,0.25,0.26,0.49
4182287043,0.21,2.0,0.21,0.57,0.21
4182333701,2.23,0.99,0.56,0.22,0.22
4182362431,1.06,-0.12,0.57,0.22,0.22
4182412427,-0.71,-0.7,0.25,0.26,0.49
4182568415,1.81,-1.18,0.58,0.21,0.21
4182612223,2.17,0.33,0.57,0.21,0.21
4182616832,-0.7,-0.74,0.27,0.25,0.48
4182676184,-0.88,-0.86,0.25,0.26,0.49
4182769502,0.33,1.22,0.22,0.55,0.23
4182769623,-0.3,0.11,0.23,0.48,0.28
4182804422,-0.64,-0.77,0.31,0.25,0.44
4183025586,-0.09,1.73,0.21,0.57,0.21
4183084229,-0.8,-0.77,0.25,0.26,0.49
4183098708,-0.21,0.29,0.23,0.51,0.26
4183250484,-0.89,-0.9,0.26,0.25,0.49
4183528909,-0.87,-0.85,0.25,0.26,0.49
4183561471,1.46,-0.8,0.58,0.21,0.21
4183613999,0.77,1.99,0.22,0.56,0.22
4183670912,-1.23,-0.32,0.22,0.56,0.23
4183802871,-0.14,-1.2,0.57,0.21,0.22
4183954545,1.91,2.16,0.26,0.41,0.33
4183983954,1.37,-0.78,0.58,0.21,0.21
4184016576,0.34,1.14,0.22,0.54,0.24
4184055512,-0.86,-0.84,0.25,0.26,0.49
4184120652,-0.04,-1.13,0.57,0.21,0.22
4184151175,-0.77,-0.8,0.26,0.25,0.49
4184202084,-0.63,0.85,0.21,0.57,0.22
4184269064,-0.56,-0.56,0.26,0.26,0.48
4184383183,-0.78,-0.81,0.26,0.25,0.49
4184609760,-0.79,1.1,0.21,0.57,0.21
4184844164,-0.36,1.14,0.21,0.57,0.22
4184957425,-0.82,-0.81,0.25,0.26,0.49
4185040809,-0.75,-0.72,0.25,0.26,0.49
4185050265,-0.94,1.16,0.21,0.58,0.21
4185055657,-0.41,-0.41,0.27,0.27,0.47
4185132007,0.21,2.11,0.21,0.57,0.21
4185134029,-0.74,-0.76,0.26,0.25,0.49
4185135579,-1.39,1.42,0.21,0.58,0.21
4185190563,-0.33,-0.37,0.28,0.26,0.46
4185273438,-0.96,0.73,0.21,0.57,0.21
4185328818,-0.82,-0.84,0.26,0.25,0.49
4185499146,0.62,0.12,0.49,0.24,0.27
4185509374,-0.64,0.34,0.22,0.56,0.22
4185563072,-0.22,-0.33,0.32,0.26,0.42
4185585688,0.71,-1.18,0.58,0.21,0.21
4185590859,-0.74,-1.03,0.42,0.24,0.34
4185651940,-0.75,-0.76,0.26,0.25,0.49
4185724417,-0.88,0.22,0.21,0.56,0.22
4185741329,-0.41,-0.37,0.26,0.28,0.46
4185904846,0.85,1.59,0.22,0.54,0.24
4186030397,-0.43,0.01,0.23,0.5,0.27
4186061511,-0.81,-0.79,0.25,0.26,0.49
4186244509,0.81,-1.25,0.58,0.21,0.21
4186253347,-0.5,0.85,0.21,0.57,0.22
4186489337,0.95,1.12,0.28,0.36,0.37
4186489411,-0.68,2.0,0.21,0.58,0.21
4186538905,0.31,2.59,0.21,0.57,0.21
4186640350,0.87,1.91,0.22,0.56,0.22
4186708974,-0.45,-1.13,0.54,0.22,0.24
4186823096,1.16,-1.45,0.58,0.21,0.21
4186864445,0.54,1.03,0.23,0.5,0.27
4186955213,0.44,0.75,0.25,0.43,0.32
4187058305,-0.94,0.35,0.21,0.57,0.22
4187060144,0.42,-1.2,0.58,0.21,0.21
4187382747,1.24,0.57,0.51,0.23,0.26
4187413969,-0.07,-0.59,0.51,0.23,0.26
4187450057,0.33,-0.45,0.55,0.22,0.23
4187578611,0.53,1.47,0.22,0.55,0.23
4187659488,-1.31,-0.5,0.22,0.55,0.23
4187706060,1.36,1.79,0.24,0.48,0.28
4187818011,1.91,0.26,0.57,0.21,0.21
4187953419,-0.62,0.94,0.21,0.57,0.21
4187995788,-0.89,-0.84,0.25,0.27,0.48
4188033308,0.11,-1.43,0.58,0.21,0.21
4188095022,-0.96,-0.3,0.22,0.54,0.24
4188323107,2.92,0.48,0.58,0.21,0.21
4188329461,1.79,-0.03,0.57,0.21,0.21
4188382989,-1.88,-1.81,0.25,0.26,0.5
4188445429,-0.45,-0.47,0.27,0.26,0.47
4188572588,2.06,0.43,0.57,0.21,0.21
4188701931,0.16,0.17,0.3,0.28,0.42
4188718061,0.67,-0.51,0.57,0.21,0.22
4188719719,-0.53,-0.51,0.26,0.27,0.48
4188720589,-0.9,-0.86,0.25,0.26,0.49
4188723645,-0.05,0.05,0.27,0.31,0.41
4188882777,-1.49,0.85,0.21,0.58,0.21
4189032911,0.96,-0.19,0.57,0.22,0.22
4189070973,1.9,-0.52,0.58,0.21,0.21
4189199849,-0.68,-0.77,0.29,0.25,0.46
4189240769,-0.81,-0.81,0.25,0.25,0.49
4189373812,-0.17,1.93,0.21,0.57,0.21
4189448748,-1.26,1.27,0.21,0.58,0.21
4189475053,-1.44,-1.35,0.24,0.27,0.48
4189485313,-0.84,0.31,0.21,0.57,0.22
4189594789,-0.69,-0.79,0.3,0.25,0.45
4189628934,0.4,-0.09,0.49,0.24,0.27
4189673017,-0.4,-0.48,0.29,0.26,0.45
4189903114,1.04,-0.66,0.58,0.21,0.21
4189903570,-0.26,-1.59,0.57,0.21,0.21
4190026775,-0.82,-0.82,0.25,0.25,0.49
4190044324,-1.58,-1.76,0.34,0.24,0.42
4190092214,-1.33,-1.12,0.24,0.35,0.41
4190120121,-0.81,-0.87,0.28,0.25,0.48
4190123713,-0.66,-0.86,0.36,0.25,0.39
4190164448,1.67,2.17,0.23,0.5,0.26
4190172079,-1.66,1.52,0.21,0.58,0.21
4190207085,1.35,-1.59,0.58,0.21,0.21
4190355019,-0.81,-0.84,0.26,0.25,0.49
4190607147,0.06,2.17,0.21,0.57,0.21
4190625764,-1.73,1.73,0.21,0.58,0.21
4190694161,0.49,-0.23,0.54,0.22,0.24
4190774693,-0.55,-0.54,0.26,0.26,0.48
4190840232,-1.12,0.91,0.21,0.58,0.21
4191214483,1.2,1.7,0.23,0.5,0.27
4191278050,1.8,-0.03,0.57,0.21,0.21
4191350323,-0.99,-0.05,0.22,0.56,0.22
4191491926,-0.91,-0.8,0.25,0.3,0.46
4191560269,2.72,1.75,0.54,0.22,0.24
4191582295,0.3,1.05,0.22,0.54,0.24
4191601943,-0.59,1.99,0.21,0.58,0.21
4191803774,0.74,-0.95,0.58,0.21,0.21
4191809121,-0.91,-0.9,0.25,0.25,0.49
4191825747,0.36,-0.29,0.53,0.23,0.25
4191871087,-0.19,-0.67,0.5,0.23,0.26
4191998097,-1.76,-0.95,0.22,0.55,0.23
4192070310,2.08,0.33,0.57,0.21,0.21
4192103700,-1.44,1.21,0.21,0.58,0.21
4192140404,2.17,-0.29,0.58,0.21,0.21
4192165148,-0.74,-0.77,0.26,0.25,0.49
4192204784,-1.13,-1.52,0.47,0.23,0.3
4192337966,2.22,2.5,0.26,0.42,0.32
4192406678,-0.77,-0.79,0.26,0.25,0.49
4192407066,0.36,-0.19,0.51,0.23,0.26
4192445564,-0.44,0.95,0.21,0.57,0.22
4192448522,0.07,-0.97,0.57,0.21,0.22
4192504949,-1.27,-1.24,0.25,0.26,0.5
4192639084,-0.51,0.43,0.22,0.56,0.23
4192691058,-1.08,0.97,0.21,0.58,0.21
4192697246,0.06,1.65,0.21,0.57,0.22
4192767001,-0.77,-0.78,0.26,0.25,0.49
4192781863,0.71,-0.49,0.57,0.21,0.22
4192994643,1.45,-0.71,0.58,0.21,0.21
4193064537,0.4,2.3,0.21,0.57,0.21
4193224903,1.56,2.03,0.23,0.49,0.27
4193237152,-1.05,1.12,0.21,0.58,0.21
4193273252,3.12,-0.59,0.58,0.21,0.21
4193307072,2.06,0.83,0.56,0.22,0.22
4193318395,0.1,0.76,0.23,0.53,0.25
4193338956,-1.2,-1.49,0.42,0.24,0.34
4193465699,1.45,2.98,0.21,0.57,0.22
4193685101,2.48,0.71,0.57,0.21,0.21
4193688494,0.17,-0.19,0.46,0.24,0.29
4193775352,0.01,1.8,0.21,0.57,0.21
4193908690,-1.66,1.52,0.21,0.58,0.21
4194150310,-0.79,-0.78,0.25,0.26,0.49
4194164191,-1.83,-1.72,0.24,0.27,0.49
4194213797,-0.54,0.34,0.22,0.55,0.23
4194340648,1.34,-0.26,0.57,0.21,0.21
4194365901,1.64,0.7,0.55,0.22,0.23
4194370349,-0.85,-0.88,0.26,0.25,0.49
4194387370,-0.87,-0.89,0.26,0.25,0.49
4194522033,1.18,0.96,0.39,0.26,0.35
4194578980,-1.13,0.11,0.21,0.57,0.22
4194615553,-1.05,0.22,0.21,0.57,0.22
4194842638,-0.81,-0.82,0.26,0.25,0.49
4194909693,-0.51,0.82,0.21,0.57,0.22
4194936305,1.59,-1.74,0.58,0.21,0.21
4194973013,-0.72,0.38,0.21,0.56,0.22
4195019530,0.84,0.55,0.42,0.26,0.32
4195185784,2.05,-0.33,0.58,0.21,0.21
4195312630,1.02,0.3,0.53,0.23,0.25
4195348438,-0.58,0.73,0.21,0.57,0.22
4195403958,-0.7,-0.61,0.25,0.29,0.46
4195417677,-0.29,-0.37,0.3,0.26,0.44
4195418175,1.49,1.73,0.26,0.4,0.34
4195459891,-0.35,-0.38,0.28,0.26,0.46
4195489230,-0.73,-0.67,0.25,0.28,0.47
4195574869,-0.93,0.72,0.21,0.57,0.21
4195618506,-1.1,-0.03,0.21,0.57,0.22
4195818957,-0.9,-0.89,0.25,0.25,0.49
4195835698,-0.61,-0.61,0.26,0.26,0.49
4196018712,-0.4,-0.4,0.27,0.27,0.47
4196088169,-1.17,1.13,0.21,0.58,0.21
4196104333,1.82,0.16,0.57,0.21,0.21
4196209059,2.42,0.1,0.58,0.21,0.21
4196273503,-0.25,-0.38,0.33,0.26,0.41
4196281932,1.22,1.65,0.24,0.48,0.28
4196302229,-0.66,-0.63,0.25,0.27,0.48
4196425669,0.79,1.16,0.25,0.46,0.3
4196464969,0.7,0.39,0.43,0.25,0.31
4196492906,-0.88,-0.88,0.25,0.25,0.49
4196529871,0.28,1.91,0.21,0.57,0.22
4196542797,0.99,-0.62,0.57,0.21,0.21
4196605305,-0.84,-0.78,0.25,0.27,0.48
4196634256,-0.98,-0.98,0.25,0.25,0.49
4196740661,0.43,0.43,0.31,0.29,0.4
4196862242,-0.47,-1.15,0.54,0.22,0.24
4196938435,2.5,-0.84,0.58,0.21,0.21
4196962833,-0.87,-0.9,0.26,0.25,0.49
4197054597,-0.8,-0.82,0.26,0.25,0.49
4197094854,-0.67,-0.77,0.3,0.25,0.45
4197226936,0.69,1.97,0.21,0.57,0.22
4197297122,-1.59,-0.7,0.22,0.56,0.23
4197301939,-0.35,-0.63,0.42,0.24,0.33
4197384588,-0.01,-1.05,0.57,0.21,0.22
4197442691,-0.75,-0.76,0.26,0.25,0.49
4197483593,-0.11,-0.14,0.29,0.27,0.44
4197502399,-0.85,-0.62,0.24,0.39,0.37
4197668521,0.8,-0.07,0.55,0.22,0.23
4197706170,-0.24,-0.13,0.26,0.32,0.42
4197732275,-1.02,-1.04,0.26,0.25,0.49
4197739414,0.26,-0.03,0.43,0.25,0.32
4197869230,1.42,0.77,0.51,0.23,0.26
4197926115,-0.8,-0.82,0.26,0.25,0.49
4198015647,-1.02,-0.29,0.22,0.55,0.24
4198213261,0.23,0.58,0.25,0.45,0.3
4198230943,2.12,-0.77,0.58,0.21,0.21
4198326990,-1.68,0.24,0.21,0.58,0.21
4198361575,2.23,0.25,0.58,0.21,0.21
4198382072,-0.0,-0.41,0.48,0.24,0.28
4198384283,-1.52,-1.56,0.27,0.24,0.49
4198426697,1.88,-0.76,0.58,0.21,0.21
4198453021,-0.31,-1.32,0.57,0.21,0.22
4198462022,-0.51,-0.49,0.26,0.27,0.47
4198495861,-0.9,0.27,0.21,0.57,0.22
4198638321,0.66,1.72,0.22,0.56,0.22
4198665000,-0.25,-1.01,0.55,0.22,0.23
4198765301,-1.36,1.03,0.21,0.58,0.21
4198823489,-0.42,-0.42,0.27,0.26,0.47
4198839115,1.13,-1.12,0.58,0.21,0.21
4198855286,-0.05,-0.06,0.29,0.27,0.43
4198921068,0.22,-0.64,0.56,0.22,0.23
4198930172,-1.22,-0.43,0.22,0.55,0.23
4198991505,-1.02,-1.08,0.28,0.25,0.48
4199341465,-1.15,1.45,0.21,0.58,0.21
4199377257,-0.86,-0.82,0.25,0.26,0.49
4199490204,-0.93,-0.98,0.27,0.25,0.48
4199527387,0.41,-1.23,0.58,0.21,0.21
4199554564,-1.08,0.05,0.21,0.57,0.22
4199591707,-0.6,-0.61,0.26,0.26,0.48
4199657944,-0.51,-0.64,0.31,0.25,0.43
4199710834,-0.19,-0.59,0.48,0.24,0.29
4199746767,-1.71,-1.74,0.26,0.24,0.49
4199749410,-0.74,-0.75,0.26,0.25,0.49
4199915994,2.11,1.7,0.44,0.25,0.31
4199959504,1.13,2.25,0.22,0.56,0.22
4200012415,-0.82,-0.82,0.25,0.25,0.49
4200041412,-0.89,-0.84,0.25,0.27,0.48
4200088116,-0.67,-0.69,0.26,0.25,0.49
4200116363,-0.55,-0.55,0.26,0.26,0.48
4200178121,-0.27,1.0,0.21,0.57,0.22
4200232113,-1.25,2.25,0.21,0.58,0.21
4200354648,0.5,1.0,0.23,0.5,0.27
4200624010,-1.02,0.81,0.21,0.57,0.21
4200662971,-1.31,-1.3,0.25,0.25,0.5
4200802270,-0.85,-0.81,0.25,0.26,0.49
4200906337,-0.49,-1.25,0.55,0.22,0.23
4201029752,-0.41,-0.61,0.36,0.25,0.38
4201139957,0.02,-0.07,0.33,0.27,0.4
4201190277,-0.71,-0.66,0.25,0.27,0.48
4201251586,-0.85,-0.81,0.25,0.26,0.49
4201340181,0.85,2.8,0.21,0.57,0.21
4201351583,-0.74,-0.71,0.25,0.26,0.49
4201405075,-0.79,-0.8,0.26,0.25,0.49
4201462799,-0.86,-0.87,0.26,0.25,0.49
4201568106,0.58,-1.23,0.58,0.21,0.21
4201572470,-0.92,-0.91,0.25,0.25,0.49
4201597732,-0.8,-0.86,0.28,0.25,0.48
4201858738,-0.95,-1.03,0.28,0.25,0.47
4201958783,0.23,-0.84,0.57,0.21,0.22
4202190863,-0.89,-0.53,0.23,0.46,0.3
4202216689,0.02,-1.93,0.58,0.21,0.21
4202253676,-0.89,-1.04,0.33,0.25,0.43
4202272395,-0.58,-1.4,0.56,0.22,0.23
4202313126,-0.13,-1.91,0.58,0.21,0.21
4202369684,0.6,1.73,0.22,0.56,0.22
4202449564,-0.7,-0.66,0.25,0.27,0.48
4202470157,0.73,-1.43,0.58,0.21,0.21
4202546283,-0.86,-0.88,0.26,0.25,0.49
4202588088,-0.77,-0.55,0.24,0.38,0.37
4202628431,-0.79,-0.78,0.25,0.26,0.49
4202732049,0.22,0.54,0.25,0.43,0.32
4202758869,-0.76,-0.8,0.27,0.25,0.48
4202774026,-0.47,-0.5,0.27,0.26,0.47
4202792520,-0.89,-0.84,0.25,0.27,0.48
4202808023,-1.3,-0.31,0.21,0.56,0.22
4202867269,-0.58,-0.58,0.26,0.26,0.48
4202907543,0.18,-0.53,0.54,0.22,0.24
4203001345,-0.67,-0.41,0.24,0.41,0.34
4203049462,1.62,0.45,0.56,0.22,0.22
4203159050,-0.96,-0.9,0.25,0.27,0.48
4203215347,1.98,-1.76,0.58,0.21,0.21
4203226639,1.14,0.61,0.49,0.24,0.27
4203271127,0.48,0.72,0.26,0.39,0.35
4203311514,-1.23,-1.04,0.24,0.34,0.42
4203336799,-1.59,-0.28,0.21,0.57,0.22
4203370903,3.17,1.12,0.57,0.21,0.21
4203382257,-1.0,0.01,0.22,0.56,0.22
4203389920,0.66,1.4,0.22,0.54,0.24
4203447979,-0.45,-1.14,0.54,0.22,0.24
4203453793,-0.84,-0.84,0.25,0.25,0.49
4203467251,1.63,-0.33,0.58,0.21,0.21
4203472375,0.38,-1.42,0.58,0.21,0.21
4203500866,-0.56,0.33,0.22,0.55,0.23
4203558115,2.62,2.09,0.48,0.24,0.28
4203678080,-0.54,-0.61,0.28,0.25,0.46
4203708763,-0.47,-0.17,0.24,0.43,0.33
4203735144,-0.07,-0.07,0.29,0.28,0.43
4203897703,2.23,-0.28,0.58,0.21,0.21
4203921554,0.87,-0.71,0.57,0.21,0.21
4203929745,2.27,-0.9,0.58,0.21,0.21
4204148722,-0.85,-0.84,0.25,0.25,0.49
4204251587,0.39,0.34,0.33,0.28,0.39
4204296983,0.19,0.31,0.28,0.32,0.4
4204314195,1.68,-0.49,0.58,0.21,0.21
4204395194,0.04,-0.7,0.55,0.22,0.23
4204395711,-1.26,0.55,0.21,0.57,0.21
4204499980,0.25,0.3,0.29,0.3,0.41
4204597476,-0.84,0.29,0.21,0.57,0.22
4204614920,-0.87,-0.85,0.25,0.26,0.49
4204728837,0.3,2.2,0.21,0.57,0.21
4204760976,-0.34,-0.33,0.27,0.27,0.46
4204923022,1.94,2.2,0.26,0.41,0.33
4205207896,0.58,-1.38,0.58,0.21,0.21
4205227067,0.58,0.26,0.44,0.25,0.31
4205236413,2.47,-0.14,0.58,0.21,0.21
4205408166,-0.88,0.21,0.21,0.56,0.22
4205416862,-0.69,-0.51,0.25,0.36,0.4
4205448449,0.21,-0.62,0.56,0.22,0.23
4205475972,1.85,0.65,0.56,0.22,0.22
4205539430,0.71,-1.03,0.58,0.21,0.21
4205556850,0.13,-1.62,0.58,0.21,0.21
4205590831,-0.87,-0.87,0.25,0.25,0.49
4205660616,-1.41,-1.44,0.26,0.24,0.49
4205700834,-1.03,-0.8,0.24,0.39,0.37
4205918529,-0.7,-0.75,0.27,0.25,0.48
4205926084,1.33,-0.09,0.57,0.21,0.22
4206104127,1.0,0.34,0.52,0.23,0.25
4206620868,0.08,-0.29,0.47,0.24,0.29
4206644455,-0.79,-0.77,0.25,0.26,0.49
4206692298,-0.74,-0.77,0.26,0.25,0.49
4206771947,0.57,0.19,0.46,0.25,0.3
4206856770,-0.97,1.64,0.21,0.58,0.21
4206857843,-1.03,-0.98,0.25,0.26,0.49
4206928033,-1.27,0.32,0.21,0.57,0.21
4206978375,-1.41,0.84,0.21,0.58,0.21
4207117515,0.37,0.8,0.24,0.48,0.28
4207145444,0.95,-1.16,0.58,0.21,0.21
4207230250,-0.74,-0.73,0.25,0.26,0.49
4207350137,0.68,-0.57,0.57,0.21,0.22
4207399881,-0.29,-0.92,0.54,0.22,0.24
4207419389,-1.12,-0.15,0.22,0.56,0.22
4207458018,-1.11,-1.11,0.25,0.25,0.5
4207608715,-0.42,0.62,0.22,0.56,0.22
4207644382,-0.55,-1.17,0.53,0.22,0.24
4207712693,0.68,-0.3,0.56,0.22,0.22
4207858001,1.35,0.07,0.57,0.21,0.22
4207872091,-0.98,-0.35,0.22,0.54,0.24
4207955292,2.14,2.59,0.24,0.49,0.27
4208005018,-0.75,0.82,0.21,0.57,0.21
4208033247,0.48,-0.16,0.52,0.23,0.25
4208070973,-0.09,0.57,0.22,0.53,0.25
4208094018,1.85,0.2,0.57,0.21,0.21
4208245481,-0.02,0.7,0.22,0.54,0.24
4208264163,0.68,0.77,0.29,0.32,0.39
4208315932,-0.84,-0.87,0.26,0.25,0.49
4208337852,2.08,-0.36,0.58,0.21,0.21
4208358725,-1.78,1.5,0.21,0.58,0.21
4208363462,-0.46,-0.34,0.25,0.32,0.43
4208377575,-0.77,-0.81,0.27,0.25,0.48
4208666725,1.11,-1.34,0.58,0.21,0.21
4208691918,-0.82,-0.77,0.25,0.27,0.48
4208697224,-0.89,0.14,0.22,0.56,0.22
4208856820,0.37,-0.31,0.53,0.22,0.24
4208888433,-1.27,2.52,0.21,0.58,0.21
4209039686,1.11,-0.72,0.58,0.21,0.21
4209043802,-0.15,-0.15,0.28,0.27,0.44
4209106876,0.24,0.24,0.31,0.28,0.41
4209241314,0.11,-0.36,0.5,0.23,0.27
4209242419,-0.11,-0.06,0.27,0.29,0.43
4209248786,-0.2,-0.59,0.47,0.24,0.29
4209314291,0.35,0.34,0.31,0.28,0.4
4209346609,1.05,1.41,0.25,0.45,0.3
4209382341,-0.71,-0.71,0.26,0.25,0.49
4209560151,1.03,-0.58,0.57,0.21,0.21
4209717362,1.88,0.79,0.56,0.22,0.23
4209884162,-0.76,-0.71,0.25,0.27,0.48
4209952560,0.73,0.79,0.3,0.31,0.4
4210007768,-0.63,1.25,0.21,0.57,0.21
4210113770,-1.01,-1.01,0.25,0.25,0.5
4210188715,-0.77,-0.75,0.25,0.26,0.49
4210219819,2.11,1.44,0.51,0.23,0.26
4210274742,1.73,-0.28,0.58,0.21,0.21
4210339544,-0.31,-1.22,0.56,0.22,0.22
4210429094,-0.72,0.07,0.22,0.55,0.23
4210751808,-1.09,1.47,0.21,0.58,0.21
4210895034,0.77,-0.88,0.58,0.21,0.21
4210933969,-1.66,-1.6,0.25,0.26,0.49
4210968637,-0.63,-0.17,0.23,0.5,0.27
4210995470,-0.25,-0.5,0.41,0.25,0.34
4211106202,0.29,0.12,0.38,0.26,0.36
4211109453,-1.27,-0.67,0.22,0.53,0.25
4211116217,3.03,-0.21,0.58,0.21,0.21
4211159893,-0.82,-0.8,0.25,0.26,0.49
4211248122,0.15,-0.25,0.48,0.24,0.28
4211385637,-0.19,2.64,0.21,0.58,0.21
4211405339,1.23,-1.3,0.58,0.21,0.21
4211559987,1.07,-0.02,0.56,0.22,0.22
4211791373,-0.84,-0.84,0.25,0.25,0.49
4211877091,0.86,0.5,0.44,0.25,0.31
4211935322,-0.66,-0.63,0.25,0.27,0.48
4211973456,-0.52,-0.56,0.27,0.25,0.47
4212004032,1.23,-0.71,0.58,0.21,0.21
4212250620,0.39,0.43,0.3,0.3,0.4
4212312947,-0.81,-0.82,0.26,0.25,0.49
4212432760,-1.2,-0.9,0.24,0.42,0.34
4212480740,-0.1,0.15,0.25,0.4,0.35
4212517026,0.76,2.09,0.21,0.57,0.22
4212683043,0.66,1.2,0.23,0.51,0.26
4212701199,-0.82,-0.82,0.25,0.25,0.49
4213015875,0.16,0.9,0.22,0.54,0.24
4213039786,-0.71,-1.16,0.49,0.23,0.28
4213057466,-1.44,-1.37,0.25,0.27,0.49
4213118986,-0.79,-0.79,0.25,0.25,0.49
4213159674,-1.07,1.06,0.21,0.58,0.21
4213165401,-0.74,-0.73,0.25,0.26,0.49
4213202148,-0.39,-0.91,0.51,0.23,0.26
4213413316,1.7,-0.84,0.58,0.21,0.21
4213461981,-0.85,-0.85,0.25,0.25,0.49
4213513260,-0.87,-1.02,0.33,0.25,0.43
4213513434,0.97,1.27,0.25,0.42,0.32
4213558167,-0.75,-0.74,0.25,0.26,0.49
4213576227,-0.14,-1.51,0.57,0.21,0.21
4213638078,-0.56,-1.12,0.52,0.23,0.25
4213703396,-0.16,0.04,0.26,0.37,0.38
4213950427,1.79,0.6,0.56,0.22,0.22
4214054512,-1.3,0.77,0.21,0.58,0.21
4214265819,2.7,2.05,0.51,0.23,0.26
4214279148,-1.87,2.12,0.21,0.58,0.21
4214325799,-0.78,-0.78,0.25,0.25,0.49
4214450583,-1.15,-1.23,0.28,0.25,0.47
4214689421,-0.9,-0.9,0.25,0.25,0.49
4214757383,0.14,-0.54,0.54,0.22,0.24
4214785258,0.38,0.8,0.24,0.48,0.28
4214811844,-0.38,0.17,0.23,0.52,0.25
4214871646,-0.72,-0.43,0.24,0.43,0.33
4214876898,-0.79,-0.87,0.29,0.25,0.47
4214893518,-0.81,-0.81,0.25,0.25,0.49
4214992724,-0.64,-0.55,0.25,0.29,0.45
4215069194,0.05,-0.09,0.36,0.26,0.38
4215105062,-0.75,-0.78,0.26,0.25,0.49
4215140113,0.01,-0.12,0.35,0.26,0.39
4215172659,2.14,2.44,0.25,0.43,0.31
4215257267,2.17,-1.76,0.58,0.21,0.21
4215346086,-0.77,0.56,0.21,0.57,0.22
4215382708,-0.57,1.07,0.21,0.57,0.21
4215486948,-1.8,-1.83,0.26,0.24,0.49
4215506531,-0.55,-0.63,0.29,0.25,0.46
4215540619,-0.69,0.92,0.21,0.57,0.21
4215550633,0.97,2.86,0.21,0.57,0.21
4215775875,0.75,2.12,0.21,0.57,0.22
4215802168,2.14,0.87,0.56,0.22,0.22
4215855431,-1.34,-0.84,0.23,0.51,0.27
4215922658,0.02,1.41,0.21,0.57,0.22
4215941661,1.01,0.99,0.31,0.29,0.4
4215943106,-0.82,-0.82,0.25,0.25,0.49
4215952705,-0.48,-1.62,0.57,0.21,0.22
4216024617,-1.73,0.68,0.21,0.58,0.21
4216063518,-0.17,-0.16,0.28,0.28,0.45
4216086527,-1.12,0.5,0.21,0.57,0.21
4216093509,-0.94,-0.86,0.25,0.28,0.47
4216097527,0.36,1.2,0.22,0.55,0.23
4216142538,2.17,-1.58,0.58,0.21,0.21
4216204587,-1.16,1.61,0.21,0.58,0.21
4216337905,1.36,1.04,0.42,0.25,0.32
4216393500,-0.68,-0.69,0.26,0.25,0.49
4216398877,0.62,-1.09,0.58,0.21,0.21
4216460780,0.58,-1.33,0.58,0.21,0.21
4216471352,-0.99,-0.95,0.25,0.26,0.49
4216704538,-1.15,1.38,0.21,0.58,0.21
4216751888,-0.76,-0.78,0.26,0.25,0.49
4216769264,-0.16,-0.62,0.5,0.23,0.27
4216888231,2.59,1.78,0.53,0.23,0.25
4217081008,-0.6,-0.22,0.23,0.48,0.29
4217089179,-0.06,0.54,0.23,0.52,0.25
4217158358,-0.76,-0.75,0.25,0.26,0.49
4217162489,-0.89,-0.25,0.22,0.54,0.24
4217163582,1.22,-0.54,0.58,0.21,0.21
4217167328,0.8,-0.67,0.57,0.21,0.21
4217207737,-0.82,-0.84,0.26,0.25,0.49
4217305068,1.3,0.74,0.49,0.24,0.27
4217499598,1.79,1.02,0.52,0.23,0.25
4217667437,-1.46,-1.59,0.31,0.24,0.45
4217724456,0.95,0.87,0.33,0.28,0.39
4217759934,0.33,0.53,0.27,0.37,0.36
4217960996,-1.23,-0.4,0.22,0.55,0.23
4218005059,-0.81,-0.78,0.25,0.26,0.49
4218036675,1.05,-0.89,0.58,0.21,0.21
4218187867,0.84,-0.06,0.55,0.22,0.23
4218205855,1.96,-1.41,0.58,0.21,0.21
4218242690,-0.84,-0.84,0.25,0.25,0.49
4218567078,0.15,-0.13,0.43,0.25,0.32
4218587748,0.78,-0.95,0.58,0.21,0.21
4218709426,0.16,0.2,0.29,0.29,0.42
4218722664,1.23,-0.66,0.58,0.21,0.21
4218747282,2.06,1.52,0.48,0.24,0.28
4219003246,-0.41,0.11,0.23,0.52,0.26
4219016194,-0.49,0.77,0.21,0.57,0.22
4219055044,-0.34,-0.82,0.5,0.23,0.27
4219086767,-0.95,-0.77,0.24,0.35,0.41
4219126037,-0.02,-0.59,0.53,0.23,0.25
4219126153,1.14,-0.27,0.57,0.21,0.21
4219148809,-0.82,-0.8,0.25,0.26,0.49
4219164523,0.02,-0.08,0.33,0.27,0.4
4219212483,0.06,-1.2,0.57,0.21,0.21
4219233608,1.96,2.34,0.24,0.47,0.29
4219270156,0.15,-0.78,0.56,0.22,0.22
4219323722,-0.03,-0.7,0.54,0.22,0.24
4219506837,-0.84,-0.84,0.25,0.25,0.49
4219516491,-1.2,-1.16,0.25,0.26,0.49
4219634469,-1.78,-1.73,0.25,0.25,0.5
4219667568,1.27,-0.84,0.58,0.21,0.21
4219980097,-1.02,0.19,0.21,0.57,0.22
4220056378,0.61,-1.73,0.58,0.21,0.21
4220063789,0.71,-0.61,0.57,0.21,0.21
4220149347,-0.33,2.05,0.21,0.58,0.21
4220233372,-0.33,-0.37,0.28,0.26,0.46
4220240385,-0.95,-0.93,0.25,0.26,0.49
4220290774,0.13,-1.05,0.57,0.21,0.21
4220305502,-0.65,-0.94,0.42,0.24,0.34
4220311356,-0.5,-0.49,0.26,0.26,0.47
4220495759,-1.22,0.58,0.21,0.57,0.21
4220521423,1.16,1.85,0.22,0.53,0.24
4220663412,1.89,-0.78,0.58,0.21,0.21
4220674200,0.23,-0.34,0.52,0.23,0.25
4220721936,0.6,-1.38,0.58,0.21,0.21
4220751793,-0.86,-0.82,0.25,0.26,0.49
4220753267,-0.09,-1.67,0.58,0.21,0.21
4220767928,-1.3,0.06,0.21,0.57,0.22
4220800031,-0.52,0.38,0.22,0.55,0.23
4220898398,0.22,0.37,0.28,0.34,0.38
4220954882,-0.44,-0.62,0.35,0.25,0.4
4221188589,-0.52,0.34,0.22,0.55,0.23
4221212915,-0.76,-0.78,0.26,0.25,0.49
4221368533,-0.33,1.84,0.21,0.57,0.21
4221534759,0.38,-0.07,0.48,0.24,0.28
4221564991,-1.41,1.26,0.21,0.58,0.21
4221594129,-0.21,-1.01,0.56,0.22,0.23
4221656851,-0.15,0.4,0.23,0.52,0.26
4221668962,-0.66,-0.74,0.29,0.25,0.46
4221720001,-1.4,0.63,0.21,0.58,0.21
4221790380,3.02,0.81,0.58,0.21,0.21
4221854008,-1.38,1.83,0.21,0.58,0.21
4221900502,-0.1,-0.96,0.56,0.22,0.22
4221941249,-0.45,-1.98,0.58,0.21,0.21
4221959654,-0.47,-0.86,0.47,0.24,0.29
4221973016,0.62,-1.5,0.58,0.21,0.21
4222028214,-0.81,-0.76,0.25,0.27,0.48
4222086737,0.81,0.82,0.31,0.29,0.4
4222174166,0.94,0.33,0.51,0.23,0.26
4222267907,0.15,1.62,0.21,0.57,0.22
4222362831,-0.89,-0.84,0.25,0.27,0.48
4222431561,1.31,-1.23,0.58,0.21,0.21
4222536975,-0.59,1.12,0.21,0.57,0.21
4222545106,-0.73,-0.77,0.27,0.25,0.48
4222577204,-0.91,-0.1,0.22,0.55,0.23
4222740905,0.99,0.74,0.4,0.26,0.34
4222785443,-0.87,1.15,0.21,0.57,0.21
4222806304,0.03,0.79,0.22,0.54,0.24
4222815897,-0.12,1.64,0.21,0.57,0.21
4222847658,-0.36,-0.4,0.28,0.26,0.46
4222896710,0.86,0.8,0.33,0.28,0.39
4222953595,-0.49,1.12,0.21,0.57,0.21
4222961817,-0.79,-0.78,0.25,0.26,0.49
4223244199,-0.23,-0.36,0.33,0.26,0.41
4223301255,-0.89,-0.84,0.25,0.27,0.48
4223340612,-1.17,0.29,0.21,0.57,0.22
4223345373,-0.64,2.81,0.21,0.58,0.21
4223387653,-0.42,-0.44,0.27,0.26,0.47
4223399997,2.5,1.16,0.57,0.22,0.22
4223410220,-0.9,-0.85,0.25,0.27,0.48
4223413602,-1.12,-0.33,0.22,0.55,0.23
4223746574,0.73,-0.16,0.55,0.22,0.23
4223763439,-0.73,-0.8,0.28,0.25,0.47
4223764049,0.7,-0.21,0.55,0.22,0.23
4223786561,-0.22,0.44,0.22,0.53,0.24
4223913492,0.33,0.61,0.26,0.41,0.33
4223951278,0.91,-0.29,0.57,0.21,0.22
4223990868,-1.39,2.47,0.21,0.58,0.21
4224066676,-1.04,0.34,0.21,0.57,0.22
4224115839,1.13,-0.74,0.58,0.21,0.21
4224123809,-1.21,-1.3,0.29,0.25,0.47
4224330542,-0.22,-0.64,0.49,0.23,0.28
4224487971,-0.85,-0.82,0.25,0.26,0.49
4224488475,0.33,0.84,0.23,0.5,0.27
4224532506,-0.37,-0.3,0.26,0.29,0.45
4224546335,-0.92,-0.06,0.22,0.56,0.23
4224565288,1.59,-0.53,0.58,0.21,0.21
4224707626,0.38,0.18,0.39,0.26,0.35
4224728234,-0.34,0.66,0.22,0.56,0.23
4224797115,-0.61,-0.4,0.25,0.38,0.38
4224812135,1.4,-1.03,0.58,0.21,0.21
4224860363,-0.51,1.14,0.21,0.57,0.21
4224863280,-1.39,-0.47,0.22,0.56,0.22
4224929567,0.57,-0.52,0.57,0.21,0.22
4225011878,-0.61,-0.68,0.28,0.25,0.47
4225023243,-0.78,-0.26,0.23,0.52,0.26
4225093378,-0.55,-0.64,0.29,0.25,0.46
4225138094,-0.62,-0.61,0.26,0.26,0.48
4225163398,-0.44,-0.5,0.28,0.26,0.46
4225174423,-0.54,-0.47,0.25,0.29,0.46
4225202894,-0.86,-0.88,0.26,0.25,0.49
4225209826,-1.12,-1.23,0.3,0.25,0.45
4225353156,-0.82,-0.87,0.27,0.25,0.48
4225429292,1.33,1.21,0.35,0.28,0.38
4225507700,-0.85,-0.84,0.25,0.25,0.49
4225571345,0.82,-1.2,0.58,0.21,0.21
4225692102,-0.91,-0.84,0.25,0.28,0.48
4225694468,-1.1,-0.37,0.22,0.55,0.24
4225794120,-0.95,-0.76,0.24,0.36,0.4
4225867641,0.19,-0.77,0.56,0.22,0.22
4225915327,2.89,-0.99,0.58,0.21,0.21
4226163107,2.03,-1.44,0.58,0.21,0.21
4226180259,-0.03,-0.7,0.54,0.22,0.24
4226256701,-0.72,0.09,0.22,0.55,0.23
4226335147,-0.7,0.27,0.22,0.56,0.22
4226462335,-0.89,-0.88,0.25,0.25,0.49
4226561711,-0.77,-0.87,0.3,0.25,0.46
4226791036,0.08,0.26,0.27,0.36,0.38
4226795445,1.85,1.77,0.34,0.29,0.38
4226859051,1.1,-0.25,0.57,0.21,0.22
4226920149,1.36,-0.79,0.58,0.21,0.21
4226971091,1.4,-0.06,0.57,0.21,0.21
4227027374,-0.11,0.26,0.24,0.46,0.3
4227115802,0.69,1.17,0.24,0.49,0.27
4227221919,1.18,-0.69,0.58,0.21,0.21
4227253840,-0.7,-0.75,0.27,0.25,0.48
4227300365,-0.84,0.43,0.21,0.57,0.22
4227312268,2.39,-1.27,0.58,0.21,0.21
4227370967,1.52,-0.52,0.58,0.21,0.21
4227388144,1.98,1.98,0.31,0.3,0.39
4227422444,-0.04,-0.23,0.38,0.26,0.36
4227477791,-0.61,-0.48,0.25,0.32,0.43
4227490224,0.54,0.7,0.28,0.35,0.37
4227491806,-0.91,-1.5,0.53,0.22,0.25
4227573282,-0.56,0.24,0.22,0.55,0.23
4227608081,-0.79,-0.81,0.26,0.25,0.49
4227673279,-0.22,2.3,0.21,0.58,0.21
4227706654,2.66,-0.08,0.58,0.21,0.21
4227725606,-1.69,-1.74,0.27,0.24,0.49
4228007665,-0.63,-0.7,0.28,0.25,0.47
4228017915,-0.79,-0.8,0.26,0.25,0.49
4228053482,1.64,-0.04,0.57,0.21,0.21
4228081378,-0.32,1.27,0.21,0.57,0.22
4228111213,-1.41,-1.24,0.24,0.31,0.44
4228138689,-0.52,-0.81,0.42,0.24,0.33
4228256019,0.89,-1.46,0.58,0.21,0.21
4228318696,-0.38,-0.89,0.51,0.23,0.26
4228353914,-0.93,-0.6,0.24,0.45,0.31
4228357419,-0.61,0.23,0.22,0.55,0.23
4228478004,2.55,1.11,0.57,0.21,0.22
4228514324,-0.02,-1.06,0.57,0.21,0.22
4228604298,1.62,-0.24,0.58,0.21,0.21
4228672218,-0.43,0.42,0.22,0.55,0.23
4228693234,0.36,2.72,0.21,0.58,0.21
4228695445,-0.84,-0.87,0.26,0.25,0.49
4228846139,-1.2,-1.12,0.25,0.27,0.48
4228864129,-0.71,-0.73,0.26,0.25,0.49
4228881315,-1.05,-0.63,0.23,0.48,0.29
4228958963,-1.39,-0.43,0.22,0.56,0.22
4228984049,0.11,0.77,0.23,0.53,0.25
4228989625,0.09,-0.12,0.4,0.26,0.35
4228994472,-0.8,-0.7,0.25,0.3,0.46
4229021901,-0.65,0.28,0.22,0.56,0.23
4229024373,-0.86,-0.84,0.25,0.26,0.49
4229026270,2.47,-1.0,0.58,0.21,0.21
4229029324,1.37,0.06,0.57,0.21,0.22
4229267872,-1.02,1.03,0.21,0.58,0.21
4229308244,-0.75,0.46,0.21,0.57,0.22
4229384919,-0.77,-0.79,0.26,0.25,0.49
4229393037,1.11,2.62,0.21,0.57,0.22
4229455167,1.32,0.9,0.46,0.25,0.3
4229518975,-0.78,-0.81,0.26,0.25,0.49
4229565591,-0.85,-0.88,0.26,0.25,0.49
4229729456,0.35,-0.58,0.56,0.22,0.22
4229760992,0.36,-1.02,0.57,0.21,0.21
4229891109,0.71,-0.75,0.57,0.21,0.21
4229911856,0.77,0.26,0.49,0.24,0.27
4229941807,0.61,-0.73,0.57,0.21,0.21
4230005877,0.15,2.42,0.21,0.57,0.21
4230038459,-0.82,-0.79,0.25,0.26,0.49
4230051950,-0.78,-0.8,0.26,0.25,0.49
4230143796,1.0,1.01,0.31,0.29,0.4
4230209886,-0.77,-0.76,0.25,0.26,0.49
4230246994,-0.88,-0.89,0.26,0.25,0.49
4230389296,-0.9,-0.9,0.25,0.25,0.49
4230393646,-0.51,-0.51,0.26,0.26,0.48
4230414336,-0.89,-0.9,0.26,0.25,0.49
4230441485,-1.41,1.14,0.21,0.58,0.21
4230597810,0.2,0.29,0.28,0.31,0.4
4230621637,1.21,0.4,0.54,0.22,0.24
4230632701,-0.85,-0.85,0.25,0.25,0.49
4230647450,1.27,-0.33,0.57,0.21,0.21
4230691533,-0.78,-0.7,0.25,0.29,0.47
4230725414,-0.46,-1.76,0.57,0.21,0.21
4230727371,-0.25,-0.96,0.55,0.22,0.23
4230739518,-0.78,-0.8,0.26,0.25,0.49
4230845744,3.17,-1.98,0.58,0.21,0.21
4230892453,0.48,-0.5,0.56,0.22,0.22
4230898138,-0.87,-0.77,0.25,0.29,0.46
4231074056,-0.68,-0.74,0.28,0.25,0.47
4231121122,0.32,-0.06,0.46,0.24,0.29
4231143363,0.46,2.88,0.21,0.58,0.21
4231263115,-0.45,-0.48,0.27,0.26,0.47
4231384754,-0.77,-0.74,0.25,0.26,0.49
4231390516,-0.41,0.61,0.22,0.56,0.22
4231390741,-1.55,-0.07,0.21,0.57,0.21
4231468933,-1.62,-1.69,0.28,0.24,0.48
4231503949,-0.5,-0.58,0.29,0.25,0.46
4231575331,-0.45,-0.51,0.28,0.26,0.46
4231628683,0.08,-1.0,0.57,0.21,0.22
4231644896,0.74,-0.73,0.57,0.21,0.21
4231741198,0.16,-1.46,0.58,0.21,0.21
4231776347,-0.86,-0.5,0.23,0.47,0.3
4231835971,-1.03,0.86,0.21,0.57,0.21
4231882408,-0.25,0.03,0.25,0.41,0.34
4231995963,-0.9,-0.78,0.25,0.3,0.45
4232134892,0.11,-0.93,0.57,0.21,0.22
4232164637,0.29,0.62,0.25,0.44,0.31
4232184126,-0.47,2.59,0.21,0.58,0.21
4232255270,-0.81,-0.82,0.26,0.25,0.49
4232302965,-1.43,0.66,0.21,0.58,0.21
4232369605,1.08,-0.36,0.57,0.21,0.21
4232369931,-1.34,-1.37,0.26,0.24,0.49
4232370083,-0.77,-0.73,0.25,0.27,0.48
4232378807,-0.91,-0.95,0.27,0.25,0.49
4232402348,-1.5,-1.36,0.24,0.29,0.46
4232425627,0.41,0.32,0.34,0.27,0.38
4232543179,0.83,-1.01,0.58,0.21,0.21
4232732728,-1.12,-1.13,0.26,0.25,0.5
4232786108,0.68,-0.74,0.57,0.21,0.21
4232791784,-0.77,-0.8,0.26,0.25,0.49
4232797987,-0.27,-0.77,0.51,0.23,0.26
4232938051,-0.74,1.78,0.21,0.58,0.21
4233296717,-0.76,-0.81,0.27,0.25,0.48
4233308113,1.14,0.72,0.46,0.25,0.3
4233383829,0.43,1.12,0.22,0.53,0.24
4233458392,-0.78,-0.75,0.25,0.26,0.49
4233537623,-0.54,-1.2,0.54,0.22,0.24
4233581413,-0.85,-0.87,0.26,0.25,0.49
4233633398,0.4,-0.33,0.54,0.22,0.24
4233715289,-0.77,-0.74,0.25,0.26,0.49
4233716294,1.3,0.22,0.56,0.22,0.22
4233722455,-0.84,-0.88,0.27,0.25,0.48
4233774292,-0.39,-0.01,0.24,0.47,0.29
4233902611,-0.47,-1.81,0.57,0.21,0.21
4234042907,1.04,-0.0,0.56,0.22,0.22
4234091756,-0.14,-0.16,0.29,0.27,0.44
4234169862,0.17,-0.95,0.57,0.21,0.22
4234203318,1.64,-0.54,0.58,0.21,0.21
4234264844,0.08,0.69,0.23,0.52,0.25
4234452082,-0.7,-0.72,0.26,0.25,0.49
4234476464,-0.26,-0.36,0.31,0.26,0.43
4234523403,-0.84,-0.84,0.25,0.25,0.49
4234651840,0.85,1.59,0.22,0.54,0.24
4234701091,3.03,0.92,0.58,0.21,0.21
4234712904,-1.12,-1.16,0.27,0.25,0.49
4234765453,-0.56,0.88,0.21,0.57,0.22
4234795762,0.34,2.17,0.21,0.57,0.21
4234829909,-0.18,-0.18,0.28,0.27,0.45
4234950574,1.17,1.75,0.23,0.52,0.25
4235164855,0.44,1.01,0.23,0.51,0.26
4235217465,0.85,0.8,0.32,0.28,0.39
4235255992,-0.2,-0.19,0.28,0.28,0.45
4235276634,-0.44,0.07,0.23,0.52,0.26
4235349088,-0.55,-0.49,0.25,0.28,0.46
4235485065,-1.7,2.44,0.21,0.58,0.21
4235648171,-0.8,-0.82,0.26,0.25,0.49
4235738750,-0.84,-0.88,0.27,0.25,0.48
4235860183,-1.62,-1.61,0.25,0.25,0.5
4235879501,-0.62,0.13,0.22,0.55,0.23
4236051016,-0.36,-0.36,0.27,0.27,0.46
4236078838,1.41,0.27,0.56,0.22,0.22
4236095246,0.53,0.4,0.36,0.27,0.37
4236273125,1.98,0.15,0.57,0.21,0.21
4236294114,-0.1,0.37,0.23,0.5,0.27
4236306493,-0.67,-0.68,0.26,0.25,0.49
4236381781,-0.78,-0.79,0.26,0.25,0.49
4236412174,-0.36,-0.32,0.26,0.28,0.46
4236414699,-0.89,-0.89,0.25,0.25,0.49
4236514722,-1.23,1.56,0.21,0.58,0.21
4236571663,-1.02,-0.92,0.25,0.29,0.47
4236629607,0.47,-1.15,0.58,0.21,0.21
4236728758,2.27,-0.56,0.58,0.21,0.21
4236828450,2.08,-0.71,0.58,0.21,0.21
4237064537,1.76,-0.68,0.58,0.21,0.21
4237182354,-0.77,-0.77,0.25,0.25,0.49
4237294362,-1.27,1.02,0.21,0.58,0.21
4237302973,0.31,0.43,0.28,0.33,0.39
4237394671,-1.23,2.12,0.21,0.58,0.21
4237448181,-1.49,-1.51,0.26,0.24,0.5
4237549667,-0.1,0.35,0.23,0.49,0.27
4237575976,-0.52,-0.46,0.26,0.28,0.46
4237692704,-0.61,-0.08,0.23,0.52,0.26
4237758938,-0.22,-0.21,0.27,0.28,0.45
4237890612,-1.23,1.42,0.21,0.58,0.21
4238139643,0.01,-0.37,0.48,0.24,0.28
4238232738,0.44,-0.53,0.56,0.22,0.22
4238239499,1.93,-1.1,0.58,0.21,0.21
4238256918,-0.57,0.27,0.22,0.55,0.23
4238456955,0.07,2.42,0.21,0.58,0.21
4238511728,-0.82,-0.77,0.25,0.27,0.48
4238618740,2.41,-0.66,0.58,0.21,0.21
4238625973,1.96,0.9,0.55,0.22,0.23
4238639849,-0.89,-0.9,0.26,0.25,0.49
4238728244,-0.9,-0.99,0.29,0.25,0.46
4238735928,-0.74,2.39,0.21,0.58,0.21
4238879331,-1.37,-1.4,0.26,0.24,0.49
4238884365,-0.77,-0.63,0.25,0.32,0.43
4238905317,1.69,1.07,0.5,0.23,0.26
4238996187,-0.84,-0.87,0.26,0.25,0.49
4239091133,-0.78,1.92,0.21,0.58,0.21
4239175528,1.66,-0.74,0.58,0.21,0.21
4239286406,-0.62,-0.73,0.3,0.25,0.45
4239396447,-0.79,-0.77,0.25,0.26,0.49
4239696605,0.04,2.34,0.21,0.58,0.21
4239785503,0.49,-0.33,0.55,0.22,0.23
4239786468,-1.09,-1.16,0.28,0.25,0.47
4239797148,-0.88,-0.85,0.25,0.26,0.49
4239825910,0.79,2.25,0.21,0.57,0.22
4239870328,1.06,-0.7,0.58,0.21,0.21
4239881018,1.58,-0.25,0.58,0.21,0.21
4239926309,0.02,0.02,0.3,0.28,0.42
4240073128,1.51,-0.49,0.58,0.21,0.21
4240139486,1.7,1.73,0.3,0.31,0.39
4240162389,-1.27,2.61,0.21,0.58,0.21
4240290277,1.12,2.72,0.21,0.57,0.22
4240526944,-0.72,-0.73,0.26,0.25,0.49
4240586774,-0.8,-0.82,0.26,0.25,0.49
4240644936,1.41,0.33,0.56,0.22,0.22
4240757348,-0.82,-0.82,0.25,0.25,0.49
4240761128,-0.99,-1.03,0.27,0.25,0.49
4240768613,0.27,1.11,0.22,0.54,0.23
4240788527,-0.54,-0.37,0.25,0.35,0.4
4240801841,-0.26,-0.48,0.39,0.25,0.36
4240824080,1.05,1.26,0.27,0.38,0.35
4240832884,1.05,1.55,0.23,0.5,0.27
4240992154,-0.93,0.66,0.21,0.57,0.21
4241066553,-1.0,1.88,0.21,0.58,0.21
4241077718,1.25,1.24,0.31,0.29,0.39
4241218476,-0.63,-0.72,0.29,0.25,0.46
4241233464,0.98,-1.24,0.58,0.21,0.21
4241290715,2.67,2.67,0.31,0.31,0.38
4241325093,1.35,-0.81,0.58,0.21,0.21
4241355217,-0.01,0.61,0.23,0.52,0.25
4241435251,-0.79,-0.84,0.27,0.25,0.48
4241437587,-0.72,-0.82,0.3,0.25,0.46
4241475102,-0.66,-0.96,0.43,0.24,0.33
4241508462,-0.63,-0.61,0.25,0.26,0.48
4241535373,1.17,2.78,0.21,0.57,0.22
4241539495,0.11,-1.1,0.57,0.21,0.21
4241549408,0.12,2.22,0.21,0.57,0.21
4241576673,0.04,-0.51,0.52,0.23,0.25
4241624870,-1.32,0.17,0.21,0.57,0.21
4241628733,-0.2,-0.29,0.31,0.26,0.43
4241735652,0.07,-0.22,0.44,0.25,0.31
4241740209,1.28,2.16,0.22,0.55,0.23
4241859190,0.64,-1.35,0.58,0.21,0.21
4241948896,-0.79,-0.79,0.25,0.25,0.49
4241954583,-0.0,-0.2,0.39,0.26,0.35
4241970758,-1.07,-0.64,0.23,0.49,0.28
4242010621,-0.72,-0.71,0.25,0.26,0.49
4242193184,0.3,-1.08,0.57,0.21,0.21
4242444282,1.71,-1.34,0.58,0.21,0.21
4242574699,-0.32,-0.24,0.26,0.3,0.44
4242665893,1.1,0.24,0.54,0.22,0.23
4242799175,0.86,0.48,0.45,0.25,0.3
4242807664,0.35,2.03,0.21,0.57,0.22
4242852890,-0.78,-0.82,0.27,0.25,0.48
4242990067,-0.63,-0.53,0.25,0.3,0.45
4243121188,-0.79,-0.82,0.26,0.25,0.49
4243204289,-0.56,2.11,0.21,0.58,0.21
4243287349,-0.55,1.98,0.21,0.58,0.21
4243326482,-0.11,-0.69,0.53,0.23,0.25
4243465992,0.02,-1.67,0.58,0.21,0.21
4243481980,1.76,-0.52,0.58,0.21,0.21
4243491505,1.55,-1.0,0.58,0.21,0.21
4243571764,-0.18,-0.18,0.28,0.27,0.45
4243595775,-0.8,-0.6,0.24,0.37,0.39
4243624067,0.68,-1.1,0.58,0.21,0.21
4243652941,-0.62,-0.66,0.27,0.25,0.48
4243714918,0.74,-0.93,0.58,0.21,0.21
4243756166,-1.46,0.22,0.21,0.57,0.21
4243756531,-0.71,0.31,0.22,0.56,0.22
4243770332,-0.95,-0.96,0.26,0.25,0.49
4243823481,-0.51,1.3,0.21,0.57,0.21
4243849908,1.27,-0.77,0.58,0.21,0.21
4243879017,-0.41,1.94,0.21,0.58,0.21
4243946394,2.09,-0.7,0.58,0.21,0.21
4243979266,-0.5,-1.07,0.52,0.22,0.25
4244054400,-0.18,-1.63,0.57,0.21,0.21
4244070647,1.41,1.64,0.27,0.39,0.34
4244095332,1.05,-0.56,0.57,0.21,0.21
4244101139,0.68,-1.51,0.58,0.21,0.21
4244151675,-0.86,-0.8,0.25,0.27,0.48
4244250227,-1.62,0.37,0.21,0.58,0.21
4244284786,-0.97,0.48,0.21,0.57,0.22
4244417844,-0.89,0.12,0.22,0.56,0.22
4244431598,-1.81,-1.69,0.24,0.27,0.48
4244474169,-1.73,2.28,0.21,0.58,0.21
4244624277,2.83,-0.39,0.58,0.21,0.21
4244955800,0.82,0.88,0.3,0.31,0.4
4244975385,-0.07,0.84,0.22,0.55,0.23
4245042959,-0.42,-0.88,0.5,0.23,0.27
4245370350,2.16,-0.09,0.58,0.21,0.21
4245482056,-0.24,-0.28,0.29,0.26,0.45
4245482950,-0.86,-0.87,0.26,0.25,0.49
4245546857,0.24,-1.21,0.57,0.21,0.21
4245576702,-1.41,-1.31,0.24,0.28,0.48
4245742064,0.4,-0.25,0.53,0.23,0.25
4245850351,-0.87,-0.82,0.25,0.27,0.48
4245852874,0.79,-1.0,0.58,0.21,0.21
4245922310,2.17,0.44,0.57,0.21,0.21
4246029635,-1.18,1.76,0.21,0.58,0.21
4246075787,-0.56,-0.41,0.25,0.34,0.41
4246104267,-0.63,-0.58,0.25,0.27,0.47
4246145958,-0.28,-0.37,0.31,0.26,0.43
4246199688,-0.05,-0.1,0.31,0.27,0.42
4246239046,-0.73,-0.71,0.25,0.26,0.49
4246304840,-0.6,-0.64,0.27,0.25,0.48
4246483945,-0.76,0.34,0.21,0.56,0.22
4246753507,-1.12,-1.11,0.25,0.25,0.5
4246770411,-1.72,0.07,0.21,0.57,0.21
4246836600,0.81,0.18,0.51,0.23,0.25
4246854744,0.35,-0.08,0.48,0.24,0.28
4246910794,-0.74,-0.71,0.25,0.26,0.49
4246960264,1.37,0.97,0.45,0.25,0.3
4247015726,0.97,0.97,0.31,0.29,0.4
4247020731,-0.36,-0.46,0.31,0.26,0.44
4247060309,-0.73,-0.75,0.26,0.25,0.49
4247092076,0.55,0.5,0.33,0.28,0.39
4247098446,1.26,1.1,0.36,0.27,0.37
4247112438,-0.54,-1.0,0.5,0.23,0.27
4247165262,1.59,1.41,0.37,0.27,0.36
4247203258,-0.72,-0.73,0.26,0.25,0.49
4247235353,1.43,-0.36,0.58,0.21,0.21
4247287548,1.84,1.84,0.31,0.3,0.39
4247790577,-1.2,2.7,0.21,0.58,0.21
4247811575,-1.53,-0.11,0.21,0.57,0.21
4247868851,-0.14,-0.14,0.28,0.27,0.44
4247996950,-0.64,-0.62,0.25,0.26,0.48
4248128259,-0.98,-1.33,0.45,0.24,0.31
4248248688,-0.8,-0.73,0.25,0.28,0.47
4248269209,0.28,0.35,0.29,0.31,0.4
4248288950,-0.29,1.88,0.21,0.57,0.21
4248420073,-0.85,-0.84,0.25,0.25,0.49
4248422661,-1.01,-0.01,0.22,0.56,0.22
4248667785,-0.77,-0.8,0.26,0.25,0.49
4248918673,0.64,-0.46,0.57,0.21,0.22
4248979414,0.4,-0.32,0.54,0.22,0.24
4249060047,0.66,-0.59,0.57,0.21,0.22
4249061273,1.18,0.66,0.48,0.24,0.28
4249085989,2.3,-0.16,0.58,0.21,0.21
4249231691,-0.01,1.77,0.21,0.57,0.21
4249381288,-0.84,-0.84,0.25,0.25,0.49
4249591092,-0.82,-0.82,0.25,0.25,0.49
4249759461,0.4,2.48,0.21,0.57,0.21
4249779990,-1.54,1.18,0.21,0.58,0.21
4249815004,1.48,-1.34,0.58,0.21,0.21
4249865171,-0.78,-1.0,0.38,0.25,0.38
4249877240,-0.92,-0.85,0.25,0.28,0.48
4250152966,-0.62,1.3,0.21,0.57,0.21
4250251028,-0.7,-0.95,0.4,0.24,0.36
4250303195,-1.08,-1.08,0.25,0.25,0.5
4250342551,-0.8,-0.82,0.26,0.25,0.49
4250431344,2.59,0.54,0.58,0.21,0.21
4250439150,-1.09,0.71,0.21,0.57,0.21
4250515153,-1.41,-1.27,0.24,0.3,0.46
4250671172,2.27,-1.2,0.58,0.21,0.21
4250710791,-0.01,-1.2,0.57,0.21,0.21
4250789938,0.76,0.91,0.28,0.34,0.38
4250851020,-0.55,-0.6,0.27,0.25,0.47
4250929531,0.02,-0.46,0.5,0.23,0.26
4250938512,-0.85,-0.86,0.26,0.25,0.49
4250986046,1.11,1.83,0.22,0.54,0.24
4251027822,0.17,0.18,0.3,0.28,0.42
4251266470,0.31,0.2,0.35,0.27,0.38
4251416142,-0.84,-0.74,0.25,0.29,0.46
4251419663,2.48,2.22,0.39,0.27,0.34
4251429279,2.17,-0.47,0.58,0.21,0.21
4251452860,2.3,-0.51,0.58,0.21,0.21
4251496736,-0.13,-1.24,0.57,0.21,0.22
4251559276,0.11,0.54,0.24,0.48,0.28
4251559333,-1.2,1.91,0.21,0.58,0.21
4251575107,-0.84,-0.84,0.25,0.25,0.49
4251612311,-0.39,-0.92,0.52,0.23,0.26
4251655740,0.26,1.95,0.21,0.57,0.22
4251917489,0.23,0.4,0.27,0.35,0.38
4251997215,-0.96,-1.01,0.27,0.25,0.48
4252105159,-0.92,-0.84,0.25,0.28,0.47
4252148758,2.73,-1.63,0.58,0.21,0.21
4252161142,-0.75,-1.28,0.51,0.23,0.26
4252192977,-0.99,-1.0,0.26,0.25,0.49
4252236885,0.77,-0.45,0.57,0.21,0.22
4252239775,-0.77,-0.72,0.25,0.27,0.48
4252278635,1.14,-0.77,0.58,0.21,0.21
4252493496,2.17,1.98,0.37,0.27,0.36
4252534482,-0.8,0.16,0.22,0.56,0.22
4252611580,0.75,1.26,0.23,0.5,0.27
4252613030,1.21,-1.61,0.58,0.21,0.21
4252675149,-0.33,0.77,0.22,0.56,0.22
4252780540,-0.54,1.7,0.21,0.58,0.21
4252787969,-0.26,0.96,0.21,0.57,0.22
4252880806,1.73,-1.04,0.58,0.21,0.21
4252890088,-0.87,-0.77,0.25,0.29,0.46
4252945271,-0.79,-0.39,0.23,0.48,0.28
4252983166,0.97,-1.07,0.58,0.21,0.21
4253030125,0.1,0.43,0.25,0.44,0.31
4253056609,-1.28,1.31,0.21,0.58,0.21
4253105766,-0.56,-0.11,0.23,0.5,0.27
4253133475,-0.38,2.36,0.21,0.58,0.21
4253175751,-0.78,-0.8,0.26,0.25,0.49
4253458875,-1.05,-1.03,0.25,0.25,0.5
4253543341,-0.52,1.36,0.21,0.57,0.21
4253684062,-1.35,-1.44,0.29,0.24,0.47
4253743033,-1.65,-1.55,0.24,0.27,0.49
4253855217,0.81,1.8,0.22,0.56,0.23
4253868786,1.9,-1.52,0.58,0.21,0.21
4253954230,-1.07,1.91,0.21,0.58,0.21
4253980276,0.13,0.26,0.28,0.33,0.4
4254014246,0.84,-0.77,0.57,0.21,0.21
4254030033,-0.0,0.81,0.22,0.54,0.24
4254044254,0.66,1.14,0.24,0.49,0.27
4254163601,-0.85,-0.84,0.25,0.25,0.49
4254193206,1.16,0.54,0.51,0.23,0.26
4254291157,-0.77,0.96,0.21,0.57,0.21
4254556595,-0.79,-0.79,0.25,0.25,0.49
4254601014,-1.5,-1.8,0.42,0.24,0.34
4254627312,-0.29,-0.44,0.34,0.26,0.4
4254718393,0.18,-0.23,0.48,0.24,0.28
4254719559,-0.84,-0.69,0.25,0.33,0.43
4254762145,0.64,-1.25,0.58,0.21,0.21
4254995417,2.11,0.64,0.57,0.21,0.22
4254997382,1.98,0.23,0.57,0.21,0.21
4255112092,-0.4,1.16,0.21,0.57,0.22
4255202752,-0.76,-0.8,0.27,0.25,0.48
4255281904,-0.51,0.89,0.21,0.57,0.22
4255396969,-0.82,-0.87,0.27,0.25,0.48
4255439310,0.66,-0.08,0.54,0.22,0.24
4255470922,2.88,1.05,0.57,0.21,0.21
4255946083,-1.78,-1.78,0.26,0.25,0.5
4255994314,-0.02,1.79,0.21,0.57,0.21
4256111360,1.98,-0.11,0.58,0.21,0.21
4256116847,0.88,0.63,0.41,0.26,0.34
4256163050,-0.84,-0.9,0.28,0.25,0.48
4256179369,-0.71,1.18,0.21,0.57,0.21
4256233163,0.95,1.07,0.28,0.33,0.38
4256267847,1.74,1.74,0.31,0.3,0.39
4256363151,-1.25,0.11,0.21,0.57,0.22
4256363743,0.82,0.82,0.31,0.29,0.4
4256422362,-0.74,-0.73,0.25,0.26,0.49
4256557356,1.55,-0.36,0.58,0.21,0.21
4256622843,0.42,-0.68,0.57,0.21,0.22
4256675407,0.42,0.11,0.43,0.25,0.32
4256678143,-0.53,-0.54,0.26,0.26,0.48
4256757373,-0.38,-0.08,0.24,0.43,0.33
4257247464,-0.33,0.13,0.23,0.5,0.27
4257385400,-0.47,0.12,0.22,0.53,0.25
4257394453,-0.4,-0.08,0.24,0.44,0.32
4257507218,0.36,-0.48,0.55,0.22,0.23
4257588577,0.81,0.52,0.42,0.26,0.32
4257682815,-1.41,1.5,0.21,0.58,0.21
4257730913,-1.33,-1.25,0.25,0.27,0.48
4257761980,0.78,-0.48,0.57,0.21,0.22
4257769834,0.33,0.9,0.23,0.51,0.26
4257864795,0.5,2.3,0.21,0.57,0.21
4257913568,-0.94,-0.84,0.25,0.29,0.46
4258041419,0.06,-1.31,0.57,0.21,0.21
4258041814,-0.57,-0.56,0.26,0.26,0.48
4258096767,1.18,1.08,0.34,0.28,0.38
4258115708,0.69,0.52,0.37,0.27,0.36
4258161701,3.05,-0.45,0.58,0.21,0.21
4258369845,1.39,-1.02,0.58,0.21,0.21
4258399976,0.32,0.87,0.23,0.51,0.26
4258428039,-0.74,-0.72,0.25,0.26,0.49
4258496722,-0.79,-0.72,0.25,0.28,0.47
4258514130,1.05,-0.95,0.58,0.21,0.21
4258667494,1.98,1.98,0.31,0.3,0.39
4258703887,-1.16,-1.07,0.25,0.28,0.47
4258765705,0.88,1.8,0.22,0.55,0.23
4258843037,-0.64,-0.48,0.25,0.34,0.41
4258859881,-0.75,-0.71,0.25,0.27,0.48
4258925590,-0.25,-1.58,0.57,0.21,0.21
4258988790,-0.49,-0.56,0.29,0.25,0.46
4259207233,0.18,0.26,0.29,0.31,0.41
4259226169,-0.06,-0.46,0.48,0.24,0.28
4259402419,-0.19,-1.02,0.56,0.22,0.22
4259422240,-0.9,2.0,0.21,0.58,0.21
4259445178,0.99,1.21,0.27,0.38,0.35
4259559419,1.12,-1.12,0.58,0.21,0.21
4259795979,-0.25,2.22,0.21,0.58,0.21
4259979711,-0.82,-0.84,0.26,0.25,0.49
4260076805,1.16,1.16,0.31,0.29,0.4
4260108353,2.14,1.05,0.55,0.22,0.23
4260299428,0.2,-1.59,0.58,0.21,0.21
4260318706,0.95,0.15,0.54,0.22,0.24
4260360143,-0.75,-0.75,0.26,0.25,0.49
4260393721,-0.8,-0.67,0.25,0.31,0.44
4260473622,-0.71,-1.07,0.46,0.24,0.31
4260589581,-0.16,-0.81,0.54,0.22,0.24
4260657781,1.03,1.35,0.25,0.43,0.31
4260686685,-0.98,0.72,0.21,0.57,0.21
4260806564,-0.84,0.47,0.21,0.57,0.22
4260808044,0.57,0.23,0.44,0.25,0.31
4260822012,-0.77,-0.81,0.27,0.25,0.48
4260952099,0.03,-0.2,0.41,0.25,0.33
4261028517,-0.89,-0.82,0.25,0.28,0.48
4261043741,-0.75,-0.39,0.23,0.47,0.3
4261045573,-0.37,-1.59,0.57,0.21,0.21
4261147158,-0.99,-0.02,0.22,0.56,0.22
4261216431,-0.75,-0.7,0.25,0.27,0.48
4261237457,0.17,-1.43,0.58,0.21,0.21
4261273385,-0.8,-0.82,0.26,0.25,0.49
4261292892,-0.93,-1.45,0.51,0.23,0.26
4261316605,-0.37,-0.82,0.49,0.23,0.27
4261336515,-0.54,-0.81,0.41,0.24,0.34
4261380281,-0.67,-0.69,0.26,0.25,0.49
4261420325,-1.74,-1.71,0.25,0.25,0.5
4261471939,-1.44,0.54,0.21,0.58,0.21
4261478515,0.87,-1.3,0.58,0.21,0.21
4261497204,1.23,-0.14,0.57,0.21,0.22
4261561116,0.57,-0.23,0.54,0.22,0.23
4261741941,2.67,2.05,0.5,0.23,0.27
4261742467,1.25,-1.43,0.58,0.21,0.21
4261965388,2.75,1.91,0.53,0.22,0.24
4262068665,-0.81,-0.96,0.33,0.25,0.43
4262121285,3.05,-0.29,0.58,0.21,0.21
4262136455,-0.55,-0.55,0.26,0.26,0.48
4262210152,-0.19,-0.08,0.26,0.32,0.42
4262557415,0.25,1.0,0.22,0.54,0.24
4262605526,0.63,0.34,0.43,0.25,0.32
4262744023,2.67,-0.15,0.58,0.21,0.21
4262849744,0.65,-0.1,0.54,0.22,0.24
4262858440,-0.45,-0.5,0.28,0.26,0.46
4262860715,-1.18,-1.26,0.28,0.25,0.47
4262871745,-1.05,-1.14,0.29,0.25,0.46
4262902523,0.88,-0.46,0.57,0.21,0.21
4262921954,2.34,0.36,0.58,0.21,0.21
4263165266,-0.7,-0.7,0.26,0.25,0.49
4263172738,1.73,0.21,0.57,0.21,0.21
4263175476,-0.42,-0.46,0.28,0.26,0.47
4263215147,1.55,2.33,0.22,0.54,0.23
4263476909,-0.17,-0.16,0.28,0.28,0.45
4263561225,0.71,-0.29,0.56,0.22,0.22
4263591872,-0.98,2.59,0.21,0.58,0.21
4263610366,0.8,2.05,0.21,0.57,0.22
4263618688,1.35,0.03,0.57,0.21,0.22
4263631006,-0.82,1.2,0.21,0.57,0.21
4263637750,2.72,0.43,0.58,0.21,0.21
4263647233,-0.82,-0.82,0.25,0.25,0.49
4263648122,0.47,-1.18,0.58,0.21,0.21
4263676223,-0.7,-0.71,0.26,0.25,0.49
4263714852,-1.59,1.45,0.21,0.58,0.21
4263727916,-0.81,-0.86,0.27,0.25,0.48
4263738907,0.86,-0.82,0.58,0.21,0.21
4263811653,0.47,0.47,0.31,0.29,0.4
4263936275,1.92,0.52,0.57,0.21,0.22
4263965264,-0.46,1.34,0.21,0.57,0.21
4263966547,0.17,0.77,0.23,0.52,0.25
4264143483,-0.44,-1.58,0.57,0.21,0.22
4264235586,0.82,-1.31,0.58,0.21,0.21
4264293918,-0.85,-0.84,0.25,0.25,0.49
4264392483,-0.16,1.02,0.22,0.56,0.22
4264624971,0.52,-0.3,0.55,0.22,0.23
4264651374,-0.32,-0.36,0.28,0.26,0.46
4264659096,1.48,0.88,0.5,0.23,0.27
4264681933,2.5,0.11,0.58,0.21,0.21
4265154113,-0.85,-0.84,0.25,0.25,0.49
4265282380,-0.58,-0.58,0.26,0.26,0.48
4265285152,-0.75,-0.71,0.25,0.27,0.48
4265299832,0.82,0.37,0.47,0.24,0.28
4265449646,0.28,0.4,0.28,0.33,0.39
4265569404,-0.43,0.76,0.21,0.57,0.22
4265613587,-0.57,0.45,0.22,0.56,0.22
4265681306,1.15,1.58,0.24,0.48,0.28
4265755159,-0.17,-0.37,0.38,0.25,0.37
4265825667,1.44,0.81,0.5,0.23,0.26
4265864989,-0.84,-0.75,0.25,0.29,0.46
4266017182,-0.82,-0.84,0.26,0.25,0.49
4266065748,0.3,2.42,0.21,0.57,0.21
4266189146,-1.4,-1.4,0.25,0.25,0.5
4266227053,-0.47,2.09,0.21,0.58,0.21
4266236042,2.44,-0.88,0.58,0.21,0.21
4266241917,-1.71,0.31,0.21,0.58,0.21
4266376055,-0.59,-1.2,0.53,0.22,0.25
4266423169,-0.62,-0.47,0.25,0.33,0.42
4266722122,-0.67,-0.46,0.25,0.38,0.38
4266936872,-0.79,-0.8,0.26,0.25,0.49
4267006161,-0.82,-0.88,0.28,0.25,0.48
4267024127,-0.58,-0.95,0.46,0.24,0.3
4267061034,-1.5,-0.92,0.22,0.53,0.25
4267097719,-0.71,-0.64,0.25,0.28,0.47
4267196458,1.48,0.86,0.5,0.23,0.26
4267199301,-0.56,-0.57,0.26,0.26,0.48
4267349730,0.04,0.37,0.25,0.44,0.31
4267369230,-1.02,-1.02,0.25,0.25,0.5
4267412342,1.62,-0.07,0.57,0.21,0.21
4267463946,-0.33,1.66,0.21,0.57,0.21
4267557334,2.72,-0.93,0.58,0.21,0.21
4267587008,-0.91,0.14,0.21,0.56,0.22
4267624202,-0.95,-0.86,0.25,0.28,0.47
4267658380,0.67,0.54,0.36,0.27,0.37
4267665021,0.8,2.41,0.21,0.57,0.22
4267705016,-0.5,0.79,0.21,0.57,0.22
4267816052,1.34,-0.28,0.57,0.21,0.21
4267825232,-0.19,-1.69,0.58,0.21,0.21
4267834087,-1.28,-1.28,0.25,0.25,0.5
4267842464,-0.86,-0.5,0.23,0.47,0.3
4267863455,0.82,0.77,0.32,0.28,0.39
4267918914,-0.74,0.76,0.21,0.57,0.22
4267970306,-0.7,-0.73,0.26,0.25,0.49
4268087459,1.73,0.5,0.56,0.22,0.22
4268111462,-0.69,-0.84,0.33,0.25,0.42
4268139529,0.01,1.24,0.22,0.56,0.22
4268146196,-0.26,-1.5,0.57,0.21,0.21
4268331700,0.38,-1.39,0.58,0.21,0.21
4268463572,-0.18,-0.18,0.28,0.27,0.45
4268623850,-0.08,-0.13,0.3,0.27,0.43
4268635271,1.89,-0.01,0.58,0.21,0.21
4268964956,0.34,0.07,0.42,0.25,0.33
4269134558,-0.71,0.72,0.21,0.57,0.22
4269176867,-0.74,-0.71,0.25,0.26,0.49
4269177005,-1.74,-1.76,0.26,0.24,0.5
4269403387,-0.88,-0.88,0.25,0.25,0.49
4269432262,-0.77,-0.77,0.25,0.25,0.49
4269483786,1.03,0.15,0.55,0.22,0.23
4269875860,-0.67,-0.57,0.25,0.3,0.45
4269934547,2.09,-0.96,0.58,0.21,0.21
4269942668,-1.48,-0.31,0.21,0.57,0.22
4270119062,-0.89,-0.91,0.26,0.25,0.49
4270158198,-0.5,0.42,0.22,0.56,0.23
4270208921,1.13,0.35,0.53,0.23,0.24
4270224673,-0.35,0.62,0.22,0.56,0.23
4270319858,-1.52,-1.1,0.23,0.47,0.3
4270325914,-1.3,-0.13,0.21,0.57,0.22
4270454534,-0.41,2.66,0.21,0.58,0.21
4270462930,-0.81,-0.89,0.29,0.25,0.47
4270471774,-0.78,-0.77,0.25,0.26,0.49
4270483798,-0.68,-0.76,0.29,0.25,0.46
4270909995,0.85,1.03,0.27,0.36,0.37
4270923962,1.93,2.48,0.23,0.51,0.26
4270976008,0.87,-1.47,0.58,0.21,0.21
4270989643,-0.68,0.99,0.21,0.57,0.21
4270999872,-0.72,-0.78,0.28,0.25,0.48
4271142424,-0.48,-0.46,0.26,0.27,0.47
4271157145,-1.28,0.09,0.21,0.57,0.22
4271166901,0.31,0.29,0.31,0.28,0.4
4271180206,3.11,0.12,0.58,0.21,0.21
4271194621,-1.81,-1.63,0.24,0.3,0.46
4271230859,-0.18,1.79,0.21,0.57,0.21
4271372727,1.2,0.92,0.41,0.26,0.33
4271397976,1.11,0.28,0.54,0.22,0.24
4271601043,1.02,-1.26,0.58,0.21,0.21
4271789892,-0.8,-0.8,0.25,0.25,0.49
4271916856,-1.32,1.45,0.21,0.58,0.21
4271983620,1.27,-0.64,0.58,0.21,0.21
4272103104,1.59,0.22,0.57,0.21,0.22
4272156486,-1.14,-1.14,0.25,0.25,0.5
4272242920,-1.07,0.11,0.21,0.57,0.22
4272339443,-0.33,1.44,0.21,0.57,0.21
4272437710,-0.8,-0.8,0.25,0.25,0.49
4272531315,-0.42,-0.35,0.26,0.29,0.45
4272595695,2.8,-0.57,0.58,0.21,0.21
4272630913,0.51,0.27,0.41,0.26,0.33
4272662512,1.85,-0.01,0.58,0.21,0.21
4272676520,-1.14,-1.08,0.25,0.27,0.49
4272853548,-0.56,-0.66,0.3,0.25,0.45
4272956219,2.45,-0.54,0.58,0.21,0.21
4273008965,-0.98,-0.51,0.23,0.5,0.27
4273071664,0.76,0.36,0.46,0.25,0.3
4273144571,1.09,0.17,0.55,0.22,0.23
4273405892,-0.77,-0.73,0.25,0.27,0.48
4273597147,-0.07,-0.35,0.44,0.25,0.32
4273602763,0.06,-1.35,0.57,0.21,0.21
4273675873,0.76,-0.88,0.58,0.21,0.21
4273695866,-0.74,-0.74,0.26,0.25,0.49
4273702146,0.13,1.02,0.22,0.55,0.23
4273865862,-1.62,-1.61,0.25,0.25,0.5
4273873978,-0.54,0.35,0.22,0.55,0.23
4274051522,0.27,0.22,0.32,0.28,0.4
4274073514,-0.88,-0.88,0.25,0.25,0.49
4274076811,0.46,0.66,0.27,0.37,0.36
4274103601,2.62,3.11,0.23,0.5,0.26
4274106997,-0.38,2.56,0.21,0.58,0.21
4274137569,-0.06,-1.74,0.58,0.21,0.21
4274170042,1.14,0.76,0.45,0.25,0.3
4274213987,1.14,1.09,0.32,0.29,0.39
4274344281,-0.28,-0.36,0.3,0.26,0.44
4274479649,-0.79,-0.77,0.25,0.26,0.49
4274707768,2.11,-0.15,0.58,0.21,0.21
4274709381,0.5,1.31,0.22,0.54,0.24
4274752284,-1.2,-1.73,0.51,0.23,0.26
4274761773,-0.71,-0.68,0.25,0.26,0.48
4274854986,2.12,0.37,0.57,0.21,0.21
4275184152,-0.75,-0.79,0.27,0.25,0.48
4275275519,-0.84,-0.8,0.25,0.26,0.49
4275302318,-0.91,-0.89,0.25,0.26,0.49
4275389524,-0.73,-0.79,0.28,0.25,0.48
4275439023,-0.85,-0.82,0.25,0.26,0.49
4275450265,-0.71,-0.7,0.25,0.26,0.49
4275488726,0.65,0.98,0.25,0.44,0.31
4275703320,-0.78,-0.76,0.25,0.26,0.49
4275723868,1.47,-1.17,0.58,0.21,0.21
4275731597,-1.47,1.03,0.21,0.58,0.21
4276132444,1.62,1.59,0.32,0.29,0.39
4276171493,-0.24,-0.6,0.46,0.24,0.3
4276258094,-1.2,1.25,0.21,0.58,0.21
4276398848,-1.39,0.13,0.21,0.57,0.21
4276683665,-0.06,-1.3,0.57,0.21,0.21
4276805534,0.09,0.34,0.26,0.4,0.35
4276823101,-1.6,1.12,0.21,0.58,0.21
4277008043,-0.71,-0.53,0.25,0.36,0.4
4277223851,-0.84,-0.84,0.25,0.25,0.49
4277271545,-0.84,-0.67,0.25,0.34,0.41
4277393233,-1.54,1.33,0.21,0.58,0.21
4277414510,-0.55,-0.06,0.23,0.51,0.26
4277509038,-0.86,-0.81,0.25,0.27,0.48
4277837113,1.98,-0.84,0.58,0.21,0.21
4277867024,-0.77,-0.73,0.25,0.27,0.48
4278049467,1.2,1.18,0.32,0.29,0.39
4278169486,0.44,-0.25,0.53,0.23,0.24
4278306836,-1.41,2.41,0.21,0.58,0.21
4278320316,0.64,0.5,0.36,0.27,0.37
4278354569,1.09,1.34,0.26,0.4,0.34
4278458723,-1.5,-1.47,0.25,0.25,0.5
4278482422,-0.25,-0.21,0.27,0.29,0.45
4278511339,0.73,-1.13,0.58,0.21,0.21
4278584980,1.49,0.46,0.55,0.22,0.23
4278844497,0.62,1.3,0.23,0.53,0.25
4278849615,0.17,0.28,0.28,0.32,0.4
4278861981,-0.99,-0.82,0.24,0.34,0.42
4278892891,0.26,0.28,0.3,0.29,0.41
4278928586,-0.84,-0.85,0.26,0.25,0.49
4278983238,-0.67,-0.91,0.39,0.24,0.36
4279020634,-1.44,-1.45,0.26,0.25,0.5
4279022453,-0.81,-0.82,0.26,0.25,0.49
4279209684,2.41,0.37,0.58,0.21,0.21
4279221131,2.47,2.27,0.38,0.27,0.35
4279223698,-0.69,-0.73,0.27,0.25,0.48
4279241262,-0.76,-0.77,0.26,0.25,0.49
4279320646,0.86,0.01,0.55,0.22,0.23
4279394335,-0.23,-1.32,0.57,0.21,0.22
4279484921,-0.75,-0.72,0.25,0.26,0.49
4279561409,0.98,-0.01,0.56,0.22,0.23
4279569985,1.73,-0.09,0.57,0.21,0.21
4279681581,2.11,0.98,0.56,0.22,0.23
4279950172,-1.17,-1.18,0.26,0.25,0.5
4280016212,-1.36,1.4,0.21,0.58,0.21
4280152015,1.88,2.56,0.22,0.54,0.24
4280287624,0.82,0.86,0.3,0.3,0.4
4280390923,-0.27,0.06,0.24,0.44,0.32
4280484596,-0.84,-0.86,0.26,0.25,0.49
4280501571,0.77,0.77,0.31,0.29,0.4
4280584901,-0.06,-0.51,0.5,0.23,0.27
4280669757,-1.74,1.91,0.21,0.58,0.21
4280711005,0.46,-1.12,0.58,0.21,0.21
4280738114,0.1,0.15,0.29,0.29,0.42
4280752211,0.86,-0.52,0.57,0.21,0.21
4280797124,1.21,0.69,0.48,0.24,0.28
4280969214,-1.25,0.22,0.21,0.57,0.21
4281042010,0.78,-0.69,0.57,0.21,0.21
4281046420,0.55,0.04,0.49,0.24,0.27
4281062380,0.7,-0.55,0.57,0.21,0.22
4281110663,0.65,0.32,0.44,0.25,0.31
4281154579,0.82,-0.65,0.57,0.21,0.21
4281253512,-0.42,-0.48,0.28,0.26,0.46
4281318990,1.56,-0.41,0.58,0.21,0.21
4281325245,1.24,0.44,0.53,0.23,0.24
4281352225,0.32,0.41,0.29,0.31,0.4
4281377460,0.27,1.09,0.22,0.54,0.24
4281763227,-0.62,-1.16,0.52,0.23,0.26
4281792270,0.22,0.29,0.29,0.3,0.41
4281803689,0.34,-0.92,0.57,0.21,0.21
4281808840,-0.89,1.09,0.21,0.57,0.21
4281865286,0.5,-1.36,0.58,0.21,0.21
4281980776,0.11,-0.08,0.39,0.26,0.36
4282109608,-1.36,0.37,0.21,0.57,0.21
4282130043,0.06,0.22,0.27,0.34,0.39
4282275530,-0.79,-1.01,0.38,0.25,0.38
4282315288,0.17,1.58,0.21,0.57,0.22
4282334381,-0.84,-0.8,0.25,0.26,0.49
4282382142,-0.46,2.36,0.21,0.58,0.21
4282389129,2.86,0.49,0.58,0.21,0.21
4282391095,0.15,0.29,0.28,0.33,0.39
4282447633,0.13,0.27,0.27,0.33,0.39
4282482144,-0.54,-0.81,0.41,0.24,0.34
4282533527,-0.81,-0.77,0.25,0.27,0.48
4282659245,1.56,0.24,0.57,0.21,0.22
4282955839,1.69,-0.25,0.58,0.21,0.21
4282977306,-0.04,2.08,0.21,0.57,0.21
4283060301,0.41,1.31,0.22,0.55,0.23
4283090386,-0.41,-0.49,0.29,0.26,0.45
4283155008,-0.31,-0.34,0.28,0.26,0.46
4283201974,-1.12,-0.35,0.22,0.55,0.23
4283211695,-1.2,2.55,0.21,0.58,0.21
4283268144,-0.23,1.22,0.21,0.57,0.22
4283302429,0.5,0.41,0.34,0.28,0.38
4283312699,-0.66,2.69,0.21,0.58,0.21
4283339257,1.58,-0.21,0.57,0.21,0.21
4283365726,-1.27,-1.23,0.25,0.26,0.49
4283417150,-1.74,-1.55,0.24,0.31,0.45
4283551632,0.54,2.12,0.21,0.57,0.22
4283568111,-0.66,-1.07,0.48,0.23,0.29
4283656635,0.46,0.23,0.4,0.26,0.34
4284047809,-0.82,-0.74,0.25,0.28,0.47
4284085138,-1.02,-0.84,0.24,0.34,0.41
4284205368,-0.02,-1.45,0.57,0.21,0.21
4284498087,-0.6,-0.77,0.34,0.25,0.41
4284651189,-1.05,-1.18,0.31,0.25,0.44
4284678321,-1.02,-0.79,0.24,0.39,0.37
4284791770,1.01,0.75,0.41,0.26,0.34
4284813434,-0.42,2.08,0.21,0.58,0.21
4284829096,-0.67,-0.46,0.25,0.38,0.38
4284845904,-0.74,-0.71,0.25,0.26,0.49
4284911720,0.19,-0.2,0.47,0.24,0.29
4284924803,0.13,-0.36,0.5,0.23,0.26
4284969072,-1.41,-1.42,0.26,0.25,0.5
4285002084,-0.66,2.56,0.21,0.58,0.21
4285043527,0.32,0.13,0.39,0.26,0.35
4285065544,0.34,0.16,0.38,0.26,0.36
4285075538,-0.66,-0.78,0.31,0.25,0.44
4285304482,-0.82,-0.7,0.25,0.31,0.45
4285389648,0.6,0.29,0.43,0.25,0.31
4285469801,-1.56,-1.73,0.33,0.24,0.42
4285522601,0.91,1.95,0.22,0.56,0.22
4285604601,-1.5,2.02,0.21,0.58,0.21
4285745344,-0.71,-0.67,0.25,0.27,0.48
4285850813,1.1,-0.76,0.58,0.21,0.21
4285859683,-0.64,-0.7,0.28,0.25,0.47
4286061858,1.55,-0.09,0.57,0.21,0.21
4286063033,-0.84,-0.82,0.25,0.26,0.49
4286318990,-0.81,-0.86,0.27,0.25,0.48
4286370847,1.91,1.9,0.31,0.3,0.39
4286405509,-1.54,-1.84,0.42,0.24,0.34
4286450466,0.38,0.27,0.35,0.27,0.38
4286463056,-0.94,-1.05,0.3,0.25,0.45
4286865889,-0.57,1.61,0.21,0.58,0.21
4286870218,0.18,1.74,0.21,0.57,0.22
4286873017,-0.82,-0.81,0.25,0.26,0.49
4286909142,0.84,2.06,0.22,0.56,0.22
4286942126,-0.73,-0.6,0.25,0.32,0.43
4287058426,-0.17,1.87,0.21,0.57,0.21
4287112149,-0.87,-0.85,0.25,0.26,0.49
4287127543,-0.77,-0.77,0.25,0.25,0.49
4287142896,1.34,1.16,0.37,0.27,0.36
4287311513,-0.92,1.46,0.21,0.58,0.21
4287338112,1.39,-0.33,0.57,0.21,0.21
4287543332,-0.87,-0.84,0.25,0.26,0.49
4287650976,0.25,-0.26,0.5,0.23,0.26
4287905957,-0.67,-0.61,0.25,0.28,0.47
4287998773,0.66,-1.07,0.58,0.21,0.21
4288036962,-0.66,0.06,0.22,0.54,0.24
4288100799,-0.66,0.54,0.21,0.57,0.22
4288290528,-0.7,1.99,0.21,0.58,0.21
4288572819,-0.63,1.13,0.21,0.57,0.21
4288743085,-1.76,-1.81,0.27,0.24,0.49
4288748445,-1.33,2.84,0.21,0.58,0.21
4288828318,0.28,2.02,0.21,0.57,0.22
4288871502,-0.61,-1.15,0.52,0.23,0.26
4288923087,-0.77,-0.78,0.26,0.25,0.49
4288967374,0.02,0.48,0.23,0.49,0.27
4289338231,0.99,1.2,0.27,0.38,0.35
4289597006,-0.1,0.56,0.22,0.53,0.25
4289607724,-1.25,-1.17,0.25,0.27,0.48
4289676634,-1.59,1.39,0.21,0.58,0.21
4289792977,1.53,-0.27,0.58,0.21,0.21
4289920922,-0.88,-0.89,0.26,0.25,0.49
4289921315,-0.54,-0.54,0.26,0.26,0.48
4290029285,2.02,0.82,0.56,0.22,0.22
4290090302,0.96,0.84,0.35,0.28,0.38
4290218189,-0.77,-0.42,0.23,0.47,0.3
4290226288,-0.63,-0.68,0.27,0.25,0.48
4290288634,-0.86,-0.91,0.27,0.25,0.48
4290323631,0.86,0.71,0.36,0.27,0.37
4290387078,-0.95,-0.8,0.25,0.32,0.43
4290567181,-1.52,-1.07,0.23,0.48,0.29
4290579575,1.54,-1.5,0.58,0.21,0.21
4290669078,-1.3,0.64,0.21,0.57,0.21
4290839285,2.41,2.41,0.31,0.3,0.38
4290849528,-0.41,0.62,0.22,0.56,0.22
4291106174,0.13,-0.82,0.56,0.22,0.22
4291221942,-0.04,0.63,0.22,0.53,0.25
4291229804,0.71,-1.1,0.58,0.21,0.21
4291235817,0.84,1.88,0.22,0.56,0.22
4291300179,2.52,-1.31,0.58,0.21,0.21
4291367819,-1.05,-0.66,0.23,0.47,0.3
4291399695,-0.71,-0.73,0.26,0.25,0.49
4291445966,2.64,-0.11,0.58,0.21,0.21
4291565351,-0.58,0.51,0.22,0.56,0.22
4291600110,0.12,-0.28,0.48,0.24,0.28
4291750124,-0.78,-0.77,0.25,0.26,0.49
4291970601,-1.01,-0.15,0.22,0.56,0.23
4291983256,-0.39,2.34,0.21,0.58,0.21
4291999244,0.23,0.77,0.23,0.51,0.26
4292005733,0.96,1.98,0.22,0.56,0.22
4292053765,1.98,0.57,0.57,0.21,0.22
4292154969,-1.09,-1.12,0.26,0.25,0.49
4292179357,0.09,1.54,0.21,0.57,0.22
4292218083,-0.68,-0.66,0.25,0.26,0.49
4292330026,1.39,-0.41,0.58,0.21,0.21
4292346386,-0.82,-0.84,0.26,0.25,0.49
4292359809,0.16,0.18,0.3,0.28,0.42
4292525395,-0.89,-0.75,0.25,0.32,0.44
4292563026,0.68,-0.89,0.57,0.21,0.21
4292612499,0.79,0.44,0.44,0.25,0.31
4292709507,0.7,2.59,0.21,0.57,0.21
4292800712,0.86,-0.47,0.57,0.21,0.21
4292809931,0.67,-0.97,0.58,0.21,0.21
4292914487,0.78,-0.11,0.55,0.22,0.23
4292960356,0.06,-1.43,0.58,0.21,0.21
4293086442,0.24,-0.35,0.52,0.23,0.25
4293094431,-0.89,1.35,0.21,0.58,0.21
4293227845,0.22,-0.43,0.53,0.22,0.24
4293254649,2.42,2.31,0.35,0.28,0.37
4293293471,-0.38,-0.45,0.29,0.26,0.45
4293415746,-0.77,0.87,0.21,0.57,0.21
4293419884,-0.86,-0.65,0.24,0.38,0.38
4293430216,-0.96,-0.51,0.23,0.5,0.27
4293445688,-1.35,2.16,0.21,0.58,0.21
4293540065,-0.29,1.27,0.21,0.57,0.22
4293543403,-0.73,-0.91,0.35,0.25,0.4
4293704939,-0.59,-0.59,0.26,0.26,0.48
4293765835,-0.89,-0.92,0.26,0.25,0.49
4293767723,-0.76,-0.69,0.25,0.28,0.47
4293849459,-0.73,-0.74,0.26,0.25,0.49
4293918673,-0.88,-0.88,0.25,0.25,0.49
4293965487,0.97,-0.19,0.57,0.22,0.22
4293990653,-0.05,-0.66,0.53,0.22,0.24
4294020084,-0.89,-0.87,0.25,0.26,0.49
4294068603,-0.84,1.48,0.21,0.58,0.21
4294081229,-0.24,-0.69,0.5,0.23,0.27
4294144396,-0.69,0.82,0.21,0.57,0.22
4294254797,1.44,0.43,0.55,0.22,0.23
4294349169,-1.01,1.18,0.21,0.58,0.21
4294452769,-0.8,-0.79,0.25,0.26,0.49
4294602932,0.13,2.23,0.21,0.57,0.21
4294633312,-0.74,-0.85,0.3,0.25,0.45
4294656694,-0.74,-0.77,0.26,0.25,0.49
4294692063,1.2,-0.07,0.57,0.21,0.22
4294710549,1.61,-0.31,0.58,0.21,0.21
4294899228,-1.34,0.75,0.21,0.58,0.21
4294947231,-0.67,-0.75,0.29,0.25,0.46
