id,resp_a_reward,resp_b_reward,winner_model_a,winner_model_b,winner_tie,true_winner
3866013973,-0.93,0.55,0.01,0.98,0.01,1
3866095506,2.62,-1.28,1.0,0.0,0.0,0
3866185257,-0.09,0.49,0.03,0.87,0.1,1
3866194691,-1.47,1.69,0.0,1.0,0.0,1
3866272407,-0.06,-0.08,0.19,0.15,0.67,0
3866353314,1.91,2.7,0.02,0.93,0.05,1
3866434964,-0.81,-0.82,0.11,0.09,0.81,2
3866618658,0.56,0.55,0.21,0.18,0.61,2
3866942291,0.25,-0.78,0.96,0.01,0.03,0
3867011965,-1.1,-1.1,0.08,0.09,0.83,1
3867091752,2.09,-1.15,1.0,0.0,0.0,0
3867146472,-0.42,0.01,0.03,0.82,0.15,1
3867366441,-0.6,-0.6,0.11,0.1,0.79,0
3867410207,-0.75,-0.74,0.09,0.11,0.8,2
3867415492,-0.8,-0.82,0.12,0.08,0.8,2
3867441555,-0.75,-0.96,0.62,0.04,0.34,0
3867456326,-0.16,0.48,0.03,0.89,0.09,1
3867592916,0.89,1.27,0.07,0.7,0.23,1
3867622782,2.42,1.83,0.87,0.04,0.09,0
3867909372,-1.36,-0.76,0.01,0.87,0.11,1
3867935774,-0.01,2.25,0.0,1.0,0.0,1
3867973905,-1.78,1.79,0.0,1.0,0.0,1
3868070898,-0.25,0.05,0.06,0.69,0.26,0
3868094901,-0.61,-0.43,0.05,0.56,0.39,1
3868100455,1.8,2.14,0.08,0.64,0.28,1
3868169447,0.75,-0.03,0.91,0.03,0.06,0
3868385818,-0.5,1.42,0.0,0.99,0.0,1
3868484486,-1.52,-1.52,0.07,0.08,0.85,2
3868536248,-0.71,-0.32,0.03,0.79,0.18,2
3868556946,-0.76,-0.84,0.27,0.06,0.67,2
3868821465,1.92,2.12,0.11,0.43,0.46,2
3868973998,2.67,-0.86,1.0,0.0,0.0,0
3868993576,-0.79,0.9,0.01,0.99,0.01,1
3869093745,0.95,-1.18,1.0,0.0,0.0,0
3869118228,-0.82,-0.81,0.09,0.1,0.81,2
3869178556,0.55,-0.41,0.94,0.02,0.04,0
3869186518,1.45,2.2,0.02,0.92,0.06,2
3869187326,-1.65,2.55,0.0,1.0,0.0,1
3869265692,-0.9,-0.9,0.09,0.09,0.82,0
3869284113,-1.64,-1.65,0.08,0.07,0.85,2
3869324588,0.1,0.3,0.09,0.49,0.41,2
3869434592,-0.97,-1.02,0.16,0.07,0.77,2
3869454658,-1.26,-0.9,0.02,0.76,0.22,2
3869461945,-0.79,-0.96,0.52,0.04,0.44,2
3869626405,-1.16,-1.16,0.08,0.09,0.83,0
3869648745,-0.72,-0.58,0.05,0.46,0.49,1
3869668228,-0.85,-0.86,0.1,0.08,0.81,2
3869847223,0.28,-1.42,0.99,0.0,0.0,0
3869983990,2.09,-0.16,0.99,0.0,0.0,0
3870030183,-0.77,-0.77,0.1,0.09,0.81,2
3870048179,1.91,1.62,0.56,0.09,0.35,2
3870055402,0.57,-0.37,0.94,0.02,0.04,0
3870079612,0.8,0.87,0.15,0.24,0.6,1
3870102911,-0.03,0.02,0.13,0.22,0.65,2
3870181407,1.3,-0.19,0.98,0.01,0.01,0
3870251926,-0.85,-0.78,0.06,0.23,0.7,2
3870299211,2.14,0.61,0.98,0.01,0.01,0
3870510885,-0.01,1.91,0.0,0.99,0.0,1
3870588405,-0.25,-0.02,0.06,0.61,0.33,1
3870613604,-0.34,1.41,0.0,0.99,0.01,1
3870644356,-0.72,-0.75,0.15,0.08,0.78,2
3870694166,-0.8,0.91,0.01,0.99,0.01,1
3870722629,-0.3,0.36,0.03,0.89,0.08,1
3870753505,-0.14,-0.14,0.16,0.16,0.68,0
3871021520,-1.45,-1.52,0.16,0.05,0.8,2
3871238436,0.93,0.4,0.82,0.06,0.12,0
3871336659,-0.3,-0.15,0.08,0.45,0.47,1
3871379790,-0.82,-0.87,0.18,0.07,0.75,2
3871606957,-0.77,-0.8,0.14,0.08,0.78,2
3871636532,0.99,0.04,0.93,0.02,0.05,0
3871762337,-0.8,-0.89,0.29,0.06,0.65,0
3871871729,-1.42,-0.23,0.01,0.97,0.02,1
3871874983,0.66,-1.01,0.99,0.0,0.01,0
3871879174,-0.77,-0.78,0.11,0.09,0.8,2
3871937256,-0.52,-0.45,0.08,0.25,0.67,1
3871948964,-1.3,-1.23,0.05,0.2,0.74,1
3871959723,1.02,-0.35,0.97,0.01,0.02,0
3871994806,-0.74,-0.8,0.21,0.07,0.72,2
3872042871,-0.93,0.75,0.0,0.99,0.01,1
3872070554,0.39,1.61,0.01,0.97,0.02,1
3872092678,-0.76,-0.25,0.02,0.85,0.12,1
3872132261,-0.41,1.44,0.0,0.99,0.01,1
3872229174,-0.39,-0.42,0.18,0.1,0.73,2
3872324645,1.12,-0.66,0.99,0.0,0.01,0
3872376914,1.17,1.39,0.11,0.46,0.42,2
3872402333,-1.35,-1.45,0.23,0.05,0.72,2
3872450315,-0.81,-0.84,0.14,0.08,0.79,1
3872499684,1.93,-0.46,1.0,0.0,0.0,0
3872507980,-0.25,-0.48,0.62,0.06,0.33,0
3872559850,0.87,-0.34,0.96,0.01,0.03,0
3872599526,2.02,-1.59,1.0,0.0,0.0,0
3872614978,-0.6,-1.1,0.89,0.01,0.1,0
3872864003,-0.07,2.72,0.0,1.0,0.0,1
3872942736,1.09,1.34,0.1,0.51,0.38,1
3873191223,2.61,2.61,0.19,0.14,0.67,2
3873256269,-1.23,0.34,0.0,0.99,0.01,1
3873367761,1.2,-0.71,0.99,0.0,0.01,0
3873415195,1.74,-0.51,1.0,0.0,0.0,0
3873453207,-0.82,-0.74,0.06,0.27,0.67,1
3873587901,0.56,-1.48,1.0,0.0,0.0,0
3873633034,1.91,0.94,0.94,0.02,0.04,1
3873721817,1.25,0.37,0.92,0.03,0.05,0
3873759510,1.15,1.55,0.07,0.71,0.22,0
3873909199,0.06,0.05,0.19,0.17,0.65,0
3874102061,-1.81,1.41,0.0,1.0,0.0,1
3874199022,-0.88,0.16,0.01,0.96,0.03,1
3874210883,-0.75,-0.75,0.1,0.09,0.81,2
3874251392,-0.65,-0.89,0.69,0.03,0.28,0
3874269415,-1.02,-1.03,0.09,0.08,0.83,2
3874279375,-0.77,-0.77,0.1,0.09,0.81,2
3874393803,-0.62,1.2,0.0,0.99,0.01,1
3874412302,-0.74,-0.89,0.47,0.05,0.48,2
3874863773,0.68,-1.24,0.99,0.0,0.0,0
3875070530,-0.77,-0.81,0.16,0.07,0.77,2
3875191004,-0.79,-0.81,0.12,0.08,0.8,2
3875210302,-0.77,-0.66,0.06,0.37,0.58,2
3875280032,0.63,0.72,0.14,0.27,0.59,1
3875316251,1.76,-1.11,1.0,0.0,0.0,0
3875372031,0.98,-1.22,1.0,0.0,0.0,0
3875419510,0.66,-0.53,0.97,0.01,0.02,0
3875494353,-1.55,-1.55,0.07,0.08,0.85,2
3875546765,-0.18,0.07,0.07,0.62,0.31,1
3875555311,-0.71,-0.66,0.08,0.19,0.73,2
3875582441,-0.67,-0.7,0.15,0.08,0.77,2
3875711591,-0.49,-0.47,0.11,0.13,0.76,2
3875741665,0.06,0.06,0.18,0.17,0.65,1
3875751971,0.84,-1.66,1.0,0.0,0.0,0
3875773403,-0.74,-0.04,0.02,0.91,0.07,0
3875938317,1.03,-1.27,1.0,0.0,0.0,0
3876065417,-0.35,0.42,0.02,0.92,0.06,1
3876073306,2.33,-0.84,1.0,0.0,0.0,0
3876107739,-0.76,2.17,0.0,1.0,0.0,1
3876114934,-0.31,-0.34,0.18,0.11,0.72,2
3876177323,-0.33,2.69,0.0,1.0,0.0,1
3876294659,-0.74,-0.74,0.1,0.09,0.81,2
3876353636,-0.69,-0.71,0.13,0.08,0.79,2
3876386933,-0.79,-0.82,0.14,0.08,0.78,2
3876416489,-1.37,0.95,0.0,1.0,0.0,1
3876433864,1.73,1.23,0.81,0.06,0.13,2
3876496299,-0.85,-0.84,0.09,0.1,0.81,2
3876509665,-1.22,-0.73,0.02,0.83,0.15,2
3876575346,-0.84,-0.81,0.08,0.14,0.78,2
3876776064,-0.07,-1.16,0.97,0.01,0.02,0
3876779507,-0.14,-0.71,0.9,0.02,0.08,0
3876838507,-1.22,1.16,0.0,1.0,0.0,1
3876896786,-1.56,1.38,0.0,1.0,0.0,1
3876937164,-0.62,-0.29,0.04,0.74,0.22,1
3877054222,-1.44,0.07,0.0,0.99,0.01,1
3877076427,1.0,0.5,0.81,0.06,0.13,0
3877196366,1.18,0.28,0.92,0.03,0.05,0
3877201091,-0.82,-0.67,0.05,0.49,0.47,1
3877216629,0.48,1.0,0.04,0.83,0.13,1
3877321824,-1.55,-0.05,0.0,0.99,0.01,1
3877347785,2.33,-0.71,1.0,0.0,0.0,0
3877392936,-0.74,0.1,0.02,0.94,0.05,1
3877835552,-1.62,0.27,0.0,0.99,0.0,1
3878023242,-0.63,-0.51,0.06,0.4,0.54,1
3878119954,-0.98,-0.75,0.03,0.64,0.33,1
3878332688,-0.36,-1.11,0.94,0.01,0.05,0
3878377531,-0.82,-0.88,0.2,0.07,0.73,2
3878377780,1.5,-0.72,1.0,0.0,0.0,0
3878423896,1.08,0.85,0.46,0.12,0.42,1
3878479364,-0.47,-0.47,0.13,0.11,0.76,2
3878510540,1.04,0.25,0.91,0.03,0.06,2
3878522245,-0.61,-0.73,0.41,0.06,0.53,0
3878554146,-0.8,-0.82,0.12,0.08,0.8,2
3878594424,-0.82,-0.8,0.08,0.12,0.8,2
3878685339,0.61,-0.72,0.98,0.01,0.02,0
3878704968,-0.75,-1.09,0.79,0.02,0.18,0
3878769738,-1.2,-0.31,0.01,0.95,0.04,1
3878827897,-0.92,-0.65,0.03,0.69,0.28,1
3878954188,0.77,-0.1,0.92,0.03,0.05,0
3878958681,1.95,0.94,0.94,0.02,0.03,0
3878988663,1.11,-0.71,0.99,0.0,0.01,0
3879139126,-0.39,-0.39,0.14,0.12,0.74,2
3879426176,1.92,-0.48,1.0,0.0,0.0,0
3879574800,-0.76,-0.76,0.1,0.09,0.81,2
3879626737,0.85,-1.18,1.0,0.0,0.0,0
3879647605,0.42,0.12,0.6,0.09,0.31,0
3879652718,-1.64,-1.42,0.03,0.52,0.45,1
3879702089,0.32,1.42,0.01,0.96,0.03,1
3879934797,-0.77,2.56,0.0,1.0,0.0,1
3880020155,-1.47,0.31,0.0,0.99,0.01,1
3880139965,-0.56,-1.38,0.96,0.01,0.04,0
3880150353,1.2,1.45,0.1,0.51,0.38,1
3880280939,-1.02,-0.42,0.02,0.88,0.1,2
3880474664,2.27,0.56,0.98,0.01,0.01,0
3880487442,-0.12,0.21,0.06,0.7,0.24,1
3880531358,-0.23,-0.84,0.91,0.02,0.07,0
3880761571,0.89,0.75,0.34,0.14,0.53,2
3880768865,2.31,0.6,0.98,0.01,0.01,0
3880909361,-0.61,-0.68,0.26,0.07,0.67,0
3881144659,0.61,-0.94,0.99,0.0,0.01,0
3881178090,-0.22,-0.22,0.15,0.14,0.7,2
3881187809,0.9,-1.37,1.0,0.0,0.0,0
3881314129,-1.17,-0.82,0.02,0.76,0.22,1
3881424880,-0.8,-0.78,0.08,0.12,0.79,2
3881496307,-0.22,-0.59,0.81,0.03,0.16,0
3881559823,-0.87,-0.84,0.08,0.14,0.79,2
3881571249,-1.35,-1.32,0.06,0.12,0.82,2
3881638188,-0.5,-0.39,0.07,0.37,0.56,1
3881725639,-0.14,-0.99,0.95,0.01,0.04,0
3881791791,-0.76,-0.85,0.3,0.06,0.64,2
3881795118,1.2,0.03,0.95,0.02,0.03,0
3881809610,-0.5,1.11,0.01,0.98,0.01,1
3881887806,-0.47,-0.5,0.17,0.09,0.74,2
3881893749,0.52,-0.07,0.87,0.04,0.09,0
3881903898,0.4,-0.37,0.92,0.02,0.06,0
3881943687,-0.3,0.96,0.01,0.97,0.02,1
3882194213,2.61,1.6,0.96,0.02,0.02,0
3882213913,0.12,-0.94,0.97,0.01,0.03,0
3882224315,-1.43,-1.43,0.08,0.08,0.84,2
3882233111,0.69,-1.18,0.99,0.0,0.0,0
3882247537,-0.41,0.44,0.02,0.93,0.05,1
3882261043,-0.91,-0.87,0.07,0.16,0.77,2
3882367146,-0.89,0.87,0.0,0.99,0.01,1
3882446839,-1.3,-1.08,0.03,0.6,0.38,1
3882741913,-0.44,-1.91,0.99,0.0,0.01,0
3882752950,1.3,0.95,0.64,0.09,0.27,0
3882804494,0.29,-0.62,0.95,0.01,0.04,0
3882811235,1.95,-0.28,0.99,0.0,0.0,0
3882818874,2.81,-1.0,1.0,0.0,0.0,0
3882835528,1.24,1.42,0.12,0.4,0.48,2
3882966495,-0.5,-0.5,0.12,0.11,0.77,2
3883052874,1.05,0.8,0.49,0.12,0.39,2
3883053766,-0.82,-1.18,0.81,0.02,0.18,0
3883188992,-1.58,3.12,0.0,1.0,0.0,1
3883237950,0.71,-0.78,0.98,0.0,0.01,0
3883259074,-0.92,-0.97,0.17,0.07,0.77,2
3883271254,0.46,1.09,0.03,0.88,0.09,1
3883336468,0.66,0.25,0.74,0.07,0.18,0
3883350584,-0.99,-0.88,0.05,0.35,0.6,2
3883382593,-0.41,-0.62,0.61,0.05,0.34,0
3883491246,-0.89,-0.91,0.11,0.08,0.81,2
3883693531,0.03,-0.07,0.29,0.11,0.6,2
3883708960,-0.73,1.35,0.0,0.99,0.0,1
3883765113,1.25,1.3,0.16,0.21,0.63,2
3883837011,-0.82,-0.84,0.12,0.08,0.8,2
3883838580,-0.87,-0.74,0.05,0.43,0.53,2
3884031519,-0.73,-0.75,0.13,0.08,0.79,2
3884096015,-0.63,1.8,0.0,1.0,0.0,1
3884165963,-0.08,1.2,0.01,0.97,0.02,1
3884198872,0.1,-1.0,0.97,0.01,0.02,0
3884270037,0.93,-0.29,0.96,0.01,0.03,0
3884342165,-0.55,-0.86,0.78,0.03,0.19,0
3884362683,-0.08,0.81,0.02,0.93,0.05,1
3884415755,-0.58,0.74,0.01,0.97,0.02,1
3884456636,-1.59,-1.33,0.02,0.6,0.37,2
3884545318,-0.84,-0.8,0.07,0.16,0.77,2
3884577125,1.03,0.43,0.85,0.05,0.1,0
3884582929,-1.54,0.69,0.0,1.0,0.0,1
3884642925,0.11,-1.12,0.98,0.0,0.02,0
3884764694,-0.86,-0.82,0.07,0.16,0.77,2
3884819726,-1.61,-1.51,0.04,0.26,0.7,2
3884823978,-0.77,-0.74,0.08,0.14,0.78,1
3884873304,-0.81,0.11,0.01,0.95,0.04,1
3885040000,0.47,1.31,0.02,0.93,0.05,1
3885119210,-0.77,0.14,0.01,0.94,0.04,1
3885172829,0.25,0.26,0.18,0.19,0.62,2
3885194159,-0.18,-0.8,0.91,0.02,0.07,0
3885203398,-0.41,-1.41,0.97,0.0,0.02,0
3885221740,0.86,0.21,0.87,0.04,0.09,0
3885289774,-0.98,-0.34,0.02,0.89,0.09,1
3885373301,-1.47,0.38,0.0,0.99,0.0,1
3885487475,-0.61,-1.02,0.84,0.02,0.14,0
3885551064,0.12,-0.33,0.84,0.04,0.12,0
3885774247,-1.38,0.43,0.0,0.99,0.01,1
3885824331,-0.64,-1.27,0.92,0.01,0.07,0
3885863135,-0.12,-0.61,0.87,0.03,0.1,0
3885873073,-0.77,-0.69,0.06,0.27,0.67,2
3885882058,-0.07,0.94,0.02,0.95,0.04,1
3885933175,0.66,1.38,0.02,0.91,0.06,1
3885946251,-0.9,2.16,0.0,1.0,0.0,1
3885962010,0.43,0.86,0.05,0.76,0.19,0
3886112588,-0.77,-0.84,0.23,0.07,0.7,2
3886214841,-0.82,-0.73,0.06,0.3,0.64,0
3886354515,1.13,1.13,0.2,0.18,0.62,2
3886354982,-0.38,-0.37,0.13,0.13,0.74,0
3886725041,1.2,-1.34,1.0,0.0,0.0,0
3886881095,-0.92,-0.9,0.08,0.12,0.8,2
3886884537,1.84,2.47,0.03,0.88,0.08,1
3886916613,-0.55,0.59,0.01,0.96,0.03,1
3887007035,0.7,0.81,0.14,0.3,0.57,0
3887024785,1.73,0.58,0.95,0.02,0.03,0
3887055292,-0.84,-0.82,0.08,0.12,0.8,2
3887091484,0.4,0.4,0.2,0.19,0.62,1
3887096605,0.61,0.75,0.13,0.35,0.53,2
3887290539,0.96,-1.17,1.0,0.0,0.0,0
3887309819,1.02,0.56,0.78,0.07,0.16,0
3887350507,-0.61,0.95,0.01,0.98,0.01,1
3887364291,1.02,-0.96,0.99,0.0,0.0,0
3887508614,-0.94,-0.86,0.06,0.26,0.68,2
3887546380,-0.15,0.1,0.07,0.62,0.31,1
3887647165,-1.47,-1.47,0.08,0.08,0.84,2
3887702165,0.77,1.02,0.1,0.52,0.38,1
3887795609,0.71,0.33,0.7,0.08,0.22,2
3887814278,-1.56,-1.4,0.03,0.42,0.54,0
3887913599,-1.71,0.01,0.0,0.99,0.01,1
3887917660,-0.93,0.52,0.01,0.98,0.01,1
3887970466,-0.84,-0.82,0.08,0.12,0.8,2
3888015284,-0.89,-1.02,0.39,0.05,0.56,2
3888028201,1.55,-1.15,1.0,0.0,0.0,0
3888094942,-1.36,-1.39,0.1,0.06,0.83,2
3888242021,-0.79,-0.77,0.08,0.12,0.79,2
3888262946,2.12,2.31,0.12,0.4,0.48,1
3888482940,-0.82,-0.8,0.08,0.12,0.8,2
3888521134,-1.59,-1.38,0.03,0.51,0.46,2
3888541022,0.52,0.53,0.19,0.19,0.62,2
3888542809,-1.74,-1.46,0.02,0.6,0.37,2
3888687409,-0.75,-0.7,0.07,0.19,0.74,1
3888769945,0.96,-0.52,0.98,0.01,0.01,0
3888864515,0.2,1.11,0.02,0.94,0.04,1
3889003744,-1.23,-0.23,0.01,0.96,0.03,1
3889119535,-0.48,-0.79,0.78,0.03,0.19,0
3889177932,0.09,0.57,0.04,0.81,0.15,1
3889361167,-0.11,-0.0,0.1,0.34,0.56,2
3889375876,0.55,-0.54,0.96,0.01,0.03,0
3889423599,-1.09,0.68,0.0,0.99,0.01,1
3889477144,0.13,2.3,0.0,1.0,0.0,1
3889650090,0.77,-1.36,1.0,0.0,0.0,0
3889657583,-0.5,-0.31,0.06,0.57,0.38,2
3889685081,-0.25,1.97,0.0,1.0,0.0,1
3889737125,0.05,1.23,0.01,0.96,0.02,1
3889750199,-0.82,-0.84,0.12,0.08,0.8,2
3889804622,1.07,2.89,0.0,0.99,0.0,1
3889842434,-0.47,-0.48,0.14,0.1,0.76,2
3889917238,0.82,1.06,0.1,0.51,0.39,2
3889985409,1.54,1.58,0.16,0.19,0.64,2
3890210726,-0.84,-0.84,0.09,0.09,0.82,2
3890210883,1.82,-0.09,0.99,0.0,0.01,0
3890215616,-1.41,1.03,0.0,1.0,0.0,1
3890535325,-1.24,-0.16,0.01,0.96,0.03,1
3890819192,-0.05,-0.7,0.91,0.02,0.07,1
3890836868,0.18,-0.21,0.78,0.05,0.17,0
3890849941,-0.9,-0.92,0.11,0.08,0.81,2
3890936880,0.45,0.87,0.05,0.75,0.19,1
3891002211,-0.67,-0.65,0.09,0.13,0.78,2
3891030629,1.92,-0.93,1.0,0.0,0.0,0
3891104479,-0.82,-0.06,0.02,0.92,0.06,1
3891188782,0.87,2.5,0.0,0.99,0.01,1
3891210819,1.41,0.84,0.84,0.05,0.11,1
3891485973,-0.3,0.62,0.02,0.94,0.04,1
3891496936,-1.27,-0.01,0.01,0.98,0.02,1
3891558726,-0.63,0.66,0.01,0.97,0.02,1
3891610387,0.25,-0.95,0.98,0.01,0.02,0
3891661292,-1.06,-0.65,0.02,0.8,0.18,2
3891740571,-1.51,-0.25,0.01,0.98,0.02,1
3891831159,-0.7,-0.73,0.15,0.08,0.77,2
3891869887,0.75,0.4,0.66,0.09,0.25,0
3891904319,-1.1,-0.78,0.02,0.74,0.24,2
3891921847,0.72,0.19,0.84,0.05,0.11,0
3891949722,0.52,2.14,0.01,0.99,0.01,1
3892050633,-0.93,-0.71,0.04,0.63,0.34,1
3892205199,0.41,-1.0,0.98,0.0,0.01,0
3892216938,0.38,1.3,0.02,0.94,0.04,1
3892297427,-0.38,-0.43,0.22,0.09,0.69,2
3892367539,-0.78,-0.77,0.09,0.11,0.81,2
3892373157,-0.47,-0.47,0.13,0.11,0.76,1
3892409876,-0.87,1.91,0.0,1.0,0.0,1
3892418715,-0.69,-0.24,0.03,0.83,0.14,1
3892491345,0.08,-0.43,0.87,0.03,0.1,0
3892615639,-0.46,0.33,0.02,0.92,0.06,1
3892956692,-0.77,-0.76,0.09,0.11,0.8,2
3892984524,-0.96,1.08,0.0,0.99,0.0,1
3893024435,-0.89,-0.9,0.1,0.08,0.82,2
3893088397,-1.06,-0.97,0.05,0.28,0.67,0
3893174597,-0.46,-0.5,0.19,0.09,0.72,0
3893190130,-0.82,0.81,0.01,0.99,0.01,1
3893191031,-0.89,-0.89,0.09,0.09,0.82,0
3893349394,0.25,-1.41,0.99,0.0,0.01,0
3893433059,-0.84,-0.91,0.23,0.06,0.71,2
3893503887,2.08,0.04,0.99,0.0,0.0,0
3893524764,-1.3,0.17,0.0,0.98,0.01,1
3893593189,2.5,0.43,0.99,0.0,0.0,0
3893830774,0.25,-1.44,0.99,0.0,0.0,0
3893831056,-0.52,-0.71,0.58,0.05,0.37,2
3893859286,1.27,2.52,0.01,0.98,0.02,1
3893927683,0.62,0.7,0.14,0.26,0.6,1
3894118103,-0.86,0.32,0.01,0.97,0.02,1
3894145446,2.69,1.07,0.98,0.01,0.01,0
3894209729,2.41,1.23,0.97,0.01,0.02,0
3894215666,-0.77,-0.7,0.07,0.24,0.69,2
3894235760,0.41,0.79,0.06,0.72,0.22,1
3894284346,0.65,-0.25,0.93,0.02,0.05,0
3894423191,0.62,-1.55,1.0,0.0,0.0,0
3894424828,0.61,1.16,0.04,0.84,0.12,1
3894474436,-0.91,-0.88,0.07,0.14,0.79,1
3894549577,-0.3,-0.23,0.1,0.24,0.66,2
3894551747,0.77,-0.41,0.96,0.01,0.03,0
3894590449,2.12,2.39,0.1,0.54,0.37,1
3894636110,-0.59,-0.79,0.6,0.04,0.35,0
3894752320,-0.36,-0.41,0.22,0.09,0.69,2
3894820669,-1.02,0.11,0.01,0.97,0.02,1
3894947803,-0.07,-0.07,0.17,0.17,0.67,1
3894962456,-0.88,-0.88,0.09,0.09,0.82,2
3895158283,-0.58,-0.57,0.1,0.12,0.78,2
3895265279,-1.45,0.43,0.0,0.99,0.0,1
3895392234,0.66,0.77,0.13,0.3,0.57,2
3895549203,-0.72,-0.7,0.09,0.12,0.79,2
3895656231,1.76,-1.95,1.0,0.0,0.0,0
3895725239,0.58,-0.7,0.97,0.01,0.02,0
3895805384,0.18,1.45,0.01,0.97,0.02,1
3895919907,-0.69,-0.73,0.17,0.08,0.75,0
3896048011,-0.85,-0.86,0.1,0.08,0.81,2
3896232195,-0.64,-0.66,0.13,0.09,0.78,2
3896365828,1.34,2.25,0.01,0.95,0.03,1
3896502027,0.76,-0.39,0.96,0.01,0.03,0
3896523180,-0.23,-0.21,0.14,0.16,0.7,2
3896604429,0.26,1.87,0.01,0.99,0.01,1
3896821589,-0.76,-0.75,0.09,0.11,0.8,2
3896939883,2.98,3.22,0.1,0.48,0.42,2
3897141669,-0.76,1.06,0.0,0.99,0.01,1
3897304062,-0.71,1.87,0.0,1.0,0.0,1
3897310077,-0.8,-0.78,0.08,0.12,0.79,1
3897330887,-0.79,-1.4,0.92,0.01,0.07,0
3897339141,-0.7,-0.53,0.05,0.54,0.41,2
3897360597,0.57,0.12,0.79,0.06,0.15,0
3897438587,-0.39,-0.39,0.14,0.12,0.74,0
3897465532,2.23,0.5,0.98,0.01,0.01,0
3897539675,-0.12,-0.57,0.85,0.03,0.12,0
3897819959,-0.52,-0.52,0.12,0.11,0.77,2
3897899133,0.19,0.12,0.25,0.14,0.61,2
3897967985,-1.02,-0.63,0.02,0.79,0.19,1
3898011950,-1.1,-1.13,0.12,0.07,0.82,2
3898054326,-0.07,0.97,0.02,0.95,0.03,1
3898057208,-0.35,0.37,0.02,0.91,0.07,1
3898216812,-0.97,-0.84,0.05,0.42,0.53,2
3898333673,-0.86,-0.85,0.08,0.1,0.81,2
3898362763,1.23,1.16,0.26,0.14,0.6,2
3898479363,-1.66,1.35,0.0,1.0,0.0,1
3898485984,-0.25,0.54,0.02,0.92,0.06,1
3898542144,-0.89,-0.23,0.02,0.9,0.08,1
3898630851,-0.7,-0.74,0.17,0.08,0.76,2
3898917569,0.97,1.74,0.02,0.92,0.06,1
3898978250,-1.4,1.45,0.0,1.0,0.0,1
3899015371,-0.8,-0.77,0.08,0.14,0.78,2
3899166636,0.5,-1.06,0.99,0.0,0.01,0
3899394764,0.34,0.34,0.19,0.19,0.62,1
3899550777,-1.12,0.82,0.0,0.99,0.0,1
3899561426,0.07,0.44,0.06,0.72,0.22,1
3899570637,0.29,-0.76,0.96,0.01,0.03,0
3899717245,-0.84,-0.8,0.07,0.16,0.77,2
3899847434,-0.75,-0.77,0.13,0.08,0.79,2
3899851345,-0.82,-0.82,0.09,0.09,0.82,2
3899864690,-0.87,-0.84,0.08,0.14,0.79,2
3899867463,2.28,0.04,0.99,0.0,0.0,0
3899936606,0.33,-0.38,0.91,0.02,0.07,0
3900086420,0.35,-0.9,0.98,0.01,0.02,0
3900096085,2.17,2.25,0.14,0.22,0.63,1
3900113422,-1.15,-0.77,0.02,0.78,0.2,2
3900142093,0.45,0.04,0.76,0.06,0.18,0
3900269170,-0.84,-0.81,0.08,0.14,0.78,2
3900285961,2.33,0.82,0.98,0.01,0.01,0
3900515764,-0.35,-0.35,0.14,0.13,0.73,2
3900557801,1.07,-0.45,0.98,0.01,0.01,0
3900619134,1.02,3.0,0.0,0.99,0.0,1
3900666824,-1.49,-0.24,0.01,0.98,0.02,1
3900709960,0.7,1.21,0.04,0.82,0.14,2
3900716878,-0.69,-0.66,0.09,0.15,0.77,2
3900821923,-0.66,-0.71,0.2,0.07,0.73,1
3900950531,0.43,1.37,0.02,0.94,0.04,1
3901047538,-0.46,-0.46,0.13,0.11,0.76,1
3901195795,2.59,-1.45,1.0,0.0,0.0,0
3901215894,-0.82,-0.82,0.09,0.09,0.82,2
3901246876,-0.15,0.16,0.06,0.68,0.26,1
3901248975,0.38,-0.58,0.95,0.01,0.04,0
3901316519,1.06,-0.54,0.98,0.01,0.01,0
3901350971,-0.16,-0.57,0.83,0.03,0.14,1
3901478656,-0.75,-0.79,0.16,0.07,0.76,2
3901488791,2.59,-1.04,1.0,0.0,0.0,0
3901582912,-0.01,-0.9,0.95,0.01,0.04,1
3901622240,-1.41,1.52,0.0,1.0,0.0,1
3901734267,-0.14,-0.35,0.55,0.07,0.38,0
3901750992,-0.66,0.63,0.01,0.97,0.02,1
3901758385,-1.15,1.41,0.0,1.0,0.0,1
3901974127,0.48,0.22,0.52,0.11,0.37,0
3901988477,0.65,2.53,0.0,0.99,0.0,1
3902003502,-0.85,-0.89,0.15,0.07,0.78,0
3902037300,1.65,0.72,0.93,0.03,0.04,0
3902095360,-0.8,-0.14,0.02,0.9,0.08,1
3902257376,1.73,0.62,0.95,0.02,0.03,0
3902260242,-0.45,-0.71,0.71,0.04,0.25,2
3902417596,0.84,1.11,0.09,0.55,0.35,2
3902497039,-0.77,-0.74,0.08,0.14,0.78,2
3902727014,1.8,0.61,0.95,0.02,0.03,0
3902816683,0.76,-0.21,0.94,0.02,0.04,0
3902857699,-0.14,1.13,0.01,0.97,0.02,1
3902936984,-0.69,-0.71,0.13,0.08,0.79,2
3902976486,0.16,-1.03,0.98,0.01,0.02,0
3903026093,-0.21,-0.63,0.84,0.03,0.13,2
3903119903,-0.05,0.08,0.1,0.38,0.52,2
3903135295,2.05,1.25,0.92,0.03,0.05,0
3903288373,0.11,-0.8,0.95,0.01,0.04,0
3903388603,-1.9,-1.97,0.1,0.04,0.86,2
3903402974,0.66,-0.72,0.98,0.01,0.01,0
3903405335,1.85,-0.94,1.0,0.0,0.0,0
3903670404,2.56,2.61,0.16,0.18,0.66,0
3903810011,1.02,-0.31,0.97,0.01,0.02,0
3903836139,0.13,1.09,0.02,0.94,0.04,1
3903888445,0.62,-0.29,0.93,0.02,0.05,0
3904010176,-0.12,-0.07,0.12,0.22,0.66,1
3904053384,-0.59,-1.21,0.92,0.01,0.07,0
3904225542,-1.7,0.77,0.0,1.0,0.0,1
3904369221,1.18,-0.62,0.99,0.0,0.01,0
3904372114,1.45,-0.63,0.99,0.0,0.0,0
3904405473,-0.91,0.72,0.01,0.99,0.01,1
3904536460,0.52,2.7,0.0,1.0,0.0,1
3904640382,0.46,0.77,0.08,0.64,0.28,1
3904729503,1.63,-1.25,1.0,0.0,0.0,0
3904774829,-0.89,-0.87,0.08,0.12,0.8,2
3904928754,-1.25,-1.49,0.55,0.03,0.42,0
3905187083,-0.59,1.42,0.0,0.99,0.0,1
3905285713,-0.76,1.83,0.0,1.0,0.0,1
3905301372,-0.89,-0.14,0.02,0.92,0.06,1
3905407937,-2.03,2.52,0.0,1.0,0.0,1
3905433590,-0.93,-0.67,0.03,0.68,0.29,1
3905486078,-0.82,-0.77,0.07,0.18,0.75,2
3905539280,-1.2,-1.08,0.04,0.37,0.59,1
3905747779,-0.8,-0.82,0.12,0.08,0.8,2
3905793985,-0.88,-0.84,0.07,0.16,0.77,1
3905798894,2.17,-0.69,1.0,0.0,0.0,0
3905820932,2.62,-0.57,1.0,0.0,0.0,0
3905956558,1.01,-0.22,0.96,0.01,0.03,0
3905984827,-0.16,1.08,0.01,0.97,0.02,1
3906013607,1.04,1.28,0.11,0.5,0.4,1
3906090901,-0.79,-0.74,0.07,0.19,0.74,2
3906099970,-0.72,-0.71,0.09,0.11,0.8,1
3906126657,0.21,0.37,0.11,0.41,0.49,2
3906139755,0.01,1.8,0.0,0.99,0.01,1
3906204533,1.41,0.42,0.93,0.03,0.04,0
3906310501,-0.93,-0.93,0.09,0.09,0.82,2
3906487996,-0.62,-0.62,0.11,0.1,0.79,2
3906492400,-0.99,0.77,0.0,0.99,0.01,1
3906606191,0.67,0.55,0.31,0.14,0.56,2
3906744317,-1.03,-0.78,0.03,0.66,0.31,0
3906776778,1.38,-0.59,0.99,0.0,0.01,0
3906796998,-0.54,-0.54,0.12,0.11,0.78,2
3906854254,-0.33,0.5,0.02,0.93,0.05,1
3906900958,0.78,1.97,0.01,0.97,0.02,1
3907082947,-1.38,0.81,0.0,1.0,0.0,1
3907110209,0.38,1.2,0.02,0.93,0.05,1
3907173894,0.78,1.05,0.09,0.55,0.35,2
3907199575,-1.03,0.34,0.01,0.98,0.01,1
3907234051,-0.96,-0.96,0.09,0.09,0.82,0
3907352460,-1.51,0.07,0.0,0.99,0.01,1
3907367129,-0.79,-0.86,0.23,0.06,0.7,0
3907386510,-0.5,0.5,0.02,0.95,0.04,1
3907427465,0.82,-0.23,0.95,0.02,0.04,0
3907646440,-0.44,0.79,0.01,0.97,0.02,1
3907771450,-0.56,0.08,0.02,0.89,0.08,2
3908096747,-0.52,-0.52,0.12,0.11,0.77,2
3908121630,-1.02,-1.02,0.09,0.09,0.83,0
3908142614,-0.03,-0.43,0.81,0.04,0.15,0
3908291699,-0.75,-0.8,0.19,0.07,0.74,0
3908361286,-1.18,-0.54,0.02,0.89,0.09,1
3908372404,1.66,2.33,0.03,0.9,0.07,1
3908391224,1.25,0.64,0.86,0.05,0.1,0
3908393785,1.16,-0.47,0.98,0.01,0.01,0
3908500368,2.2,0.5,0.98,0.01,0.01,0
3908570488,-0.61,-0.03,0.02,0.88,0.1,1
3908700665,-0.75,-0.88,0.42,0.05,0.53,2
3908710919,-0.18,-0.95,0.94,0.01,0.05,0
3908776571,0.07,-0.84,0.95,0.01,0.04,0
3908777473,-1.05,-0.25,0.01,0.93,0.06,1
3908800157,1.73,1.66,0.25,0.12,0.63,2
3908980400,-0.77,-0.79,0.12,0.08,0.8,2
3908981544,-0.64,-0.65,0.12,0.09,0.79,2
3909055257,-1.02,-0.16,0.01,0.94,0.05,1
3909136982,-0.3,-0.99,0.93,0.01,0.06,0
3909152857,-0.61,-0.54,0.08,0.25,0.68,2
3909277365,1.64,0.92,0.9,0.04,0.07,0
3909301210,0.49,0.51,0.18,0.2,0.62,1
3909303190,-0.96,-0.85,0.05,0.36,0.59,2
3909382408,-1.52,1.46,0.0,1.0,0.0,1
3909396843,0.49,-0.3,0.92,0.02,0.06,0
3909621216,-0.71,-0.72,0.11,0.09,0.8,2
3909661573,-1.03,-1.03,0.09,0.09,0.83,2
3909679952,-0.61,-0.38,0.05,0.63,0.33,1
3909680262,-0.58,0.23,0.02,0.93,0.05,1
3909715931,0.87,0.64,0.46,0.13,0.41,0
3909932312,-0.71,-0.66,0.08,0.19,0.73,2
3910115826,-0.25,-0.35,0.33,0.08,0.59,2
3910139068,1.82,-0.06,0.99,0.0,0.01,0
3910195195,-0.37,2.28,0.0,1.0,0.0,1
3910229630,-0.91,-1.08,0.49,0.04,0.46,0
3910440746,-1.3,-1.34,0.12,0.06,0.82,2
3910446005,0.01,1.16,0.01,0.96,0.03,1
3910463705,-0.57,1.7,0.0,1.0,0.0,1
3910526259,-1.4,0.59,0.0,0.99,0.0,1
3910640262,-1.31,1.21,0.0,1.0,0.0,1
3910670151,2.22,-0.33,1.0,0.0,0.0,0
3910798047,-0.41,-0.39,0.11,0.14,0.75,2
3911083427,1.5,-1.07,1.0,0.0,0.0,0
3911296032,-0.93,-0.6,0.03,0.75,0.22,1
3911451781,-0.8,-0.79,0.09,0.11,0.81,2
3911555888,-0.04,-1.73,0.99,0.0,0.0,0
3911609117,-0.5,2.59,0.0,1.0,0.0,1
3911794098,-0.94,0.84,0.0,0.99,0.01,1
3911920702,-0.45,-0.77,0.78,0.03,0.19,0
3911967872,-0.75,-0.77,0.13,0.08,0.79,0
3912001245,1.37,0.66,0.89,0.04,0.07,2
3912088025,-0.69,-0.66,0.09,0.15,0.77,2
3912280024,-0.25,-0.1,0.08,0.44,0.48,1
3912304194,-0.54,-0.54,0.12,0.11,0.78,2
3912424494,0.63,0.08,0.85,0.05,0.11,0
3912535883,-0.79,-0.77,0.08,0.12,0.79,2
3912543292,0.38,-0.78,0.97,0.01,0.02,0
3912767999,-1.39,1.43,0.0,1.0,0.0,1
3912795143,-0.76,1.8,0.0,1.0,0.0,1
3912979586,2.22,-1.62,1.0,0.0,0.0,0
3913134254,-0.8,-0.77,0.08,0.14,0.78,2
3913231784,-1.42,-0.33,0.01,0.97,0.03,1
3913295078,2.17,-0.1,0.99,0.0,0.0,0
3913344217,0.15,-0.38,0.87,0.03,0.1,0
3913455269,-0.82,-0.82,0.09,0.09,0.82,2
3913481541,1.06,1.08,0.19,0.2,0.62,1
3913525632,1.7,-1.23,1.0,0.0,0.0,0
3913746907,-0.89,-0.91,0.11,0.08,0.81,2
3913872484,0.91,-1.63,1.0,0.0,0.0,0
3913880780,-0.14,-0.14,0.16,0.16,0.68,0
3913920705,2.44,2.09,0.66,0.07,0.27,0
3914060655,-0.18,1.45,0.01,0.99,0.01,1
3914068010,0.34,-0.9,0.98,0.01,0.02,0
3914090265,-0.97,-0.65,0.03,0.74,0.23,1
3914093550,-0.08,0.08,0.09,0.44,0.47,2
3914209865,0.67,-0.48,0.96,0.01,0.03,0
3914365523,-0.84,0.6,0.01,0.98,0.01,1
3914592135,1.77,1.66,0.29,0.11,0.6,2
3914610538,2.64,0.55,0.99,0.0,0.0,0
3914634840,-0.33,-0.33,0.14,0.13,0.73,2
3914659752,-0.8,-0.84,0.16,0.07,0.77,2
3914665906,-0.65,-0.51,0.05,0.46,0.48,2
3914682682,-0.88,-0.87,0.08,0.1,0.81,2
3914737402,0.13,2.48,0.0,1.0,0.0,1
3914767041,0.03,-0.03,0.23,0.12,0.64,1
3914908508,-0.29,-0.28,0.14,0.14,0.72,2
3914926060,-0.93,1.97,0.0,1.0,0.0,1
3914929980,1.67,1.09,0.85,0.05,0.1,0
3915087259,-0.11,-0.04,0.12,0.25,0.63,2
3915132170,-0.75,-0.71,0.08,0.16,0.76,2
3915369683,-0.91,-0.76,0.04,0.48,0.47,2
3915490352,-0.77,-0.75,0.09,0.12,0.79,1
3915508156,-0.8,-0.69,0.05,0.37,0.58,1
3915523573,-0.38,-0.71,0.79,0.03,0.18,0
3915559845,-0.89,0.99,0.0,0.99,0.0,1
3915601021,-1.67,-0.1,0.0,0.99,0.01,1
3915732009,-0.0,1.39,0.01,0.98,0.01,1
3915776807,-1.11,-1.16,0.15,0.06,0.79,2
3915874583,-0.57,-0.69,0.41,0.06,0.53,2
3915935696,-0.9,1.39,0.0,1.0,0.0,1
3916086636,-0.84,1.75,0.0,1.0,0.0,1
3916142598,-1.02,-0.98,0.07,0.15,0.78,2
3916180552,-0.76,-0.77,0.11,0.09,0.8,2
3916218166,-0.78,-0.8,0.12,0.08,0.8,1
3916220028,-1.01,-1.56,0.9,0.01,0.09,0
3916269510,-1.64,0.74,0.0,1.0,0.0,1
3916362458,-0.58,-0.56,0.1,0.13,0.77,2
3916432991,1.88,0.31,0.98,0.01,0.01,0
3916440611,-0.81,-0.82,0.11,0.09,0.81,1
3916472482,1.38,-0.59,0.99,0.0,0.01,0
3916480261,-0.27,-0.84,0.9,0.02,0.08,0
3916502192,-0.87,-0.76,0.05,0.36,0.58,2
3916534349,-1.3,0.0,0.01,0.98,0.02,1
3916574329,-1.61,-1.6,0.07,0.09,0.85,2
3916782400,0.12,0.05,0.24,0.13,0.63,2
3917021224,0.38,0.87,0.04,0.81,0.15,1
3917041522,0.55,1.23,0.03,0.9,0.07,1
3917042930,-0.29,-0.62,0.78,0.04,0.18,2
3917044065,0.55,2.61,0.0,0.99,0.0,1
3917099082,-0.3,-0.29,0.14,0.14,0.72,2
3917141657,-0.79,-0.78,0.09,0.11,0.81,2
3917170154,0.15,1.47,0.01,0.97,0.02,1
3917202653,-0.33,-0.54,0.6,0.06,0.35,2
3917241820,-0.75,-0.7,0.07,0.19,0.74,1
3917282680,-0.77,-1.05,0.73,0.03,0.24,0
3917323116,0.2,-1.0,0.98,0.01,0.02,0
3917378893,-0.21,-1.03,0.95,0.01,0.04,0
3917491293,-0.56,-0.71,0.49,0.05,0.46,2
3917639609,0.4,-1.53,1.0,0.0,0.0,0
3917860080,-1.0,1.28,0.0,1.0,0.0,1
3918026450,-0.62,-0.61,0.1,0.11,0.79,2
3918193061,2.72,-0.29,1.0,0.0,0.0,0
3918286936,1.62,0.13,0.98,0.01,0.01,0
3918334383,2.67,1.59,0.97,0.01,0.02,0
3918406813,-1.41,0.61,0.0,0.99,0.0,1
3918547915,-0.88,-0.94,0.19,0.06,0.74,2
3918567518,-1.34,0.97,0.0,1.0,0.0,1
3918612243,-0.81,-0.81,0.09,0.09,0.82,2
3918723465,0.6,0.57,0.23,0.17,0.61,2
3918764010,-0.61,2.73,0.0,1.0,0.0,1
3918795966,-0.87,-0.95,0.25,0.06,0.69,2
3918816293,-0.12,-0.12,0.16,0.16,0.68,2
3918831060,-0.79,-0.82,0.14,0.08,0.78,2
3918983932,-0.21,-0.71,0.88,0.02,0.1,0
3919112683,-0.01,-1.44,0.99,0.0,0.01,0
3919113084,0.85,-1.05,0.99,0.0,0.0,0
3919149795,-0.38,0.48,0.02,0.93,0.05,1
3919224579,0.76,1.06,0.09,0.6,0.31,2
3919297529,-0.04,0.02,0.12,0.23,0.64,2
3919349165,1.0,0.48,0.82,0.06,0.13,2
3919434968,0.48,0.46,0.21,0.17,0.61,2
3919443243,-0.85,-0.84,0.09,0.1,0.81,2
3919643001,-1.7,2.28,0.0,1.0,0.0,1
3919649658,-1.47,0.13,0.0,0.99,0.01,1
3919701810,0.33,0.93,0.03,0.87,0.1,1
3919756664,0.57,0.61,0.17,0.22,0.61,2
3919810040,-0.86,-0.84,0.08,0.12,0.8,2
3919950208,-0.84,-0.84,0.09,0.09,0.82,2
3920049937,0.71,0.72,0.19,0.2,0.61,2
3920126816,-0.88,-0.87,0.08,0.1,0.81,2
3920207499,-0.77,-0.75,0.09,0.12,0.79,2
3920223267,1.16,0.97,0.4,0.12,0.48,1
3920312398,-0.14,0.45,0.03,0.87,0.1,1
3920392478,0.44,-1.69,1.0,0.0,0.0,0
3920467789,-0.46,-0.46,0.13,0.11,0.76,0
3920477130,-0.11,-0.03,0.11,0.27,0.62,2
3920635745,2.17,-0.25,1.0,0.0,0.0,0
3920722383,0.7,-0.94,0.99,0.0,0.01,0
3920738399,-0.77,-0.78,0.11,0.09,0.8,2
3920743115,0.81,-1.02,0.99,0.0,0.01,0
3920973655,1.48,-1.52,1.0,0.0,0.0,0
3921050221,1.66,-1.21,1.0,0.0,0.0,0
3921061604,0.83,-0.7,0.98,0.01,0.01,0
3921129223,-0.84,0.08,0.01,0.95,0.04,1
3921232723,0.8,1.55,0.02,0.92,0.06,1
3921412235,-0.19,-0.16,0.13,0.18,0.69,1
3921461538,-0.79,-0.65,0.05,0.46,0.49,2
3921530703,2.86,3.11,0.1,0.5,0.4,1
3921711061,-1.52,-1.51,0.07,0.09,0.84,2
3921800141,-1.93,0.21,0.0,1.0,0.0,1
3922037349,-0.62,-0.6,0.09,0.13,0.78,2
3922140481,-1.05,-1.02,0.07,0.13,0.8,1
3922241646,0.61,1.07,0.05,0.78,0.17,1
3922293225,1.01,-1.78,1.0,0.0,0.0,0
3922362241,0.78,0.25,0.83,0.05,0.12,0
3922483515,2.14,2.55,0.06,0.73,0.2,1
3922659586,1.82,0.21,0.98,0.01,0.01,0
3922691105,0.06,1.04,0.02,0.94,0.04,1
3922827642,-0.77,-0.82,0.18,0.07,0.75,2
3922994000,-1.12,0.93,0.0,0.99,0.0,1
3923123439,-1.17,-1.17,0.08,0.09,0.83,2
3923241248,-0.67,-0.62,0.08,0.19,0.73,1
3923275523,-0.82,2.08,0.0,1.0,0.0,1
3923390938,-0.77,-0.77,0.1,0.09,0.81,2
3923420116,-0.65,-0.66,0.12,0.09,0.79,2
3923483991,0.03,0.46,0.05,0.78,0.18,1
3923514562,-0.57,-0.53,0.09,0.17,0.74,2
3923596825,-1.03,-1.24,0.55,0.03,0.41,0
3923693512,-0.7,-0.66,0.08,0.17,0.75,2
3923786288,-0.71,-0.8,0.3,0.06,0.63,2
3923800604,-1.62,0.51,0.0,1.0,0.0,1
3923896339,-1.02,0.54,0.01,0.98,0.01,1
3924046251,-0.82,-0.82,0.09,0.09,0.82,2
3924120669,-0.0,-0.77,0.93,0.01,0.05,0
3924291651,-0.13,-1.63,0.99,0.0,0.01,0
3924357135,-0.78,-0.78,0.09,0.09,0.81,2
3924495914,-0.74,-0.71,0.08,0.14,0.77,2
3924511157,-0.63,-0.63,0.11,0.1,0.79,1
3924511537,1.59,-0.47,0.99,0.0,0.0,0
3924525925,-1.2,-0.71,0.02,0.83,0.15,1
3924800120,-1.16,-0.19,0.01,0.95,0.04,1
3924881488,0.57,-0.58,0.96,0.01,0.02,0
3924930331,-1.13,-0.04,0.01,0.96,0.03,1
3924947884,-0.37,-0.78,0.84,0.03,0.14,0
3925281078,-0.08,-0.08,0.17,0.16,0.67,0
3925534792,-0.71,-0.7,0.09,0.11,0.8,2
3925564782,2.33,0.42,0.99,0.01,0.01,0
3925589711,-0.52,-0.4,0.07,0.4,0.54,0
3925606043,-1.42,-1.35,0.05,0.2,0.75,2
3925623984,2.06,-0.55,1.0,0.0,0.0,0
3925740698,-0.63,-0.62,0.1,0.11,0.79,2
3925763044,0.04,0.03,0.19,0.16,0.65,2
3925927738,-1.14,-1.07,0.06,0.21,0.73,2
3926005627,2.28,-0.89,1.0,0.0,0.0,0
3926018676,-0.45,1.17,0.01,0.99,0.01,1
3926109552,2.39,-0.22,1.0,0.0,0.0,0
3926215000,1.32,0.36,0.93,0.03,0.04,0
3926368860,-1.71,-0.06,0.0,0.99,0.01,1
3926397598,-0.87,-0.86,0.08,0.1,0.81,0
3926605373,-0.32,2.48,0.0,1.0,0.0,1
3926621962,-1.53,1.52,0.0,1.0,0.0,1
3926699182,0.17,1.28,0.01,0.96,0.03,1
3926745317,0.98,1.32,0.08,0.65,0.27,0
3927060136,-1.3,2.66,0.0,1.0,0.0,1
3927117189,0.64,0.64,0.2,0.19,0.61,1
3927121071,-1.41,-1.34,0.05,0.2,0.75,2
3927235213,-1.54,-1.66,0.23,0.04,0.73,2
3927292705,-1.45,1.45,0.0,1.0,0.0,1
3927338647,0.54,-0.25,0.92,0.03,0.06,0
3927372634,0.84,-0.21,0.95,0.02,0.04,0
3927392301,-0.89,-0.88,0.08,0.1,0.81,2
3927577134,-1.23,-1.43,0.48,0.03,0.49,0
3927792368,-0.91,-0.84,0.06,0.23,0.71,2
3927825495,0.8,0.57,0.46,0.13,0.41,2
3927888923,-0.8,-0.84,0.16,0.07,0.77,2
3927911727,0.15,-0.53,0.91,0.02,0.07,0
3927960897,1.12,-0.39,0.98,0.01,0.01,0
3928005292,-0.16,0.86,0.02,0.95,0.03,1
3928046501,2.42,-1.03,1.0,0.0,0.0,0
3928081453,-0.43,-0.65,0.64,0.05,0.32,2
3928092928,-1.46,1.55,0.0,1.0,0.0,1
3928110728,-0.78,-1.0,0.63,0.04,0.33,0
3928151060,1.32,0.05,0.96,0.01,0.02,0
3928176690,-1.35,0.86,0.0,1.0,0.0,1
3928255529,-0.76,-0.71,0.07,0.19,0.74,2
3928280292,-0.29,-1.45,0.98,0.0,0.02,0
3928298685,0.06,1.91,0.0,0.99,0.0,1
3928483276,2.66,1.6,0.96,0.01,0.02,0
3928528946,0.69,0.99,0.08,0.61,0.31,2
3928532102,-0.5,-0.5,0.12,0.11,0.77,2
3928546352,-0.79,-0.77,0.08,0.12,0.79,2
3928738806,-1.12,-1.23,0.31,0.05,0.64,0
3928806940,-0.82,0.86,0.01,0.99,0.01,1
3928925752,-1.5,1.98,0.0,1.0,0.0,1
3928930075,-0.57,-0.61,0.18,0.08,0.74,2
3928977997,-0.41,-0.0,0.04,0.8,0.16,2
3929023843,-0.71,-0.77,0.22,0.07,0.72,2
3929088879,0.46,-0.97,0.98,0.0,0.01,0
3929287124,-0.37,-0.53,0.5,0.06,0.43,2
3929383677,1.78,-0.74,1.0,0.0,0.0,0
3929410933,-0.73,-0.76,0.14,0.08,0.78,2
3929441794,-0.71,-1.12,0.84,0.02,0.14,0
3929596349,-0.29,2.53,0.0,1.0,0.0,1
3929613107,0.74,-1.72,1.0,0.0,0.0,0
3929690893,-1.16,-1.27,0.3,0.05,0.65,2
3929732235,-0.77,-0.74,0.08,0.14,0.78,2
3929748901,-0.95,-0.37,0.02,0.87,0.11,1
3929808010,-0.76,-0.77,0.11,0.09,0.8,0
3929812193,-0.99,-0.98,0.08,0.1,0.82,2
3929854020,-0.18,-0.26,0.28,0.1,0.63,2
3929932580,-1.34,-1.02,0.02,0.71,0.26,1
3929971872,-1.02,-1.02,0.09,0.09,0.83,2
3930006001,-0.85,-0.87,0.12,0.08,0.8,2
3930126732,-1.52,-1.5,0.06,0.1,0.84,2
3930132293,1.56,-0.25,0.99,0.0,0.01,0
3930171451,-0.98,-0.98,0.09,0.09,0.82,0
3930226372,-1.7,-1.65,0.05,0.14,0.81,2
3930236098,-1.6,-1.81,0.39,0.03,0.58,2
3930314771,0.63,-1.05,0.99,0.0,0.01,0
3930336590,0.22,-1.42,0.99,0.0,0.01,0
3930379932,-0.76,-0.82,0.21,0.07,0.72,2
3930676060,-0.27,-0.85,0.9,0.02,0.08,0
3930769266,-1.87,1.16,0.0,1.0,0.0,1
3930771630,-0.95,-1.06,0.33,0.05,0.62,2
3930882562,0.34,-1.08,0.99,0.0,0.01,0
3930943946,1.16,-0.9,0.99,0.0,0.0,0
3930961243,2.64,0.33,0.99,0.0,0.0,0
3930989075,1.09,0.0,0.95,0.02,0.03,0
3931024143,2.44,0.61,0.99,0.01,0.01,0
3931400861,-0.81,-0.8,0.09,0.1,0.81,2
3931418201,-0.77,-0.8,0.14,0.08,0.78,2
3931430687,2.16,2.31,0.13,0.33,0.54,2
3931611097,-0.04,-0.04,0.17,0.17,0.66,0
3931638227,1.03,-1.66,1.0,0.0,0.0,0
3931657115,-1.34,1.52,0.0,1.0,0.0,1
3931825199,-0.8,-0.79,0.09,0.11,0.81,2
3931961965,0.18,0.21,0.17,0.21,0.62,2
3932296927,-0.93,-0.92,0.08,0.1,0.82,2
3932409423,-1.37,1.66,0.0,1.0,0.0,1
3932467319,-1.71,1.34,0.0,1.0,0.0,1
3932669744,2.66,2.11,0.85,0.04,0.11,0
3932670725,-0.66,-0.69,0.15,0.08,0.77,2
3932697545,-0.59,-0.76,0.53,0.05,0.42,0
3932711533,-0.86,-0.16,0.02,0.91,0.07,1
3932788028,0.46,-1.25,0.99,0.0,0.01,0
3932821574,-1.12,-0.13,0.01,0.96,0.03,1
3932907465,0.97,0.16,0.91,0.03,0.06,0
3932917130,-0.85,-0.65,0.04,0.6,0.36,1
3933124938,1.15,-0.45,0.98,0.01,0.01,0
3933165989,1.44,0.36,0.94,0.02,0.03,0
3933325670,1.5,1.4,0.29,0.12,0.59,1
3933351710,-1.44,3.03,0.0,1.0,0.0,1
3933361704,1.03,0.36,0.88,0.04,0.08,0
3933366448,3.16,-0.49,1.0,0.0,0.0,0
3933467168,-0.28,-0.73,0.86,0.02,0.12,0
3933545762,-1.23,0.62,0.0,0.99,0.0,1
3933558703,-0.28,1.62,0.0,0.99,0.0,1
3933629971,-0.72,-0.7,0.09,0.12,0.79,2
3933657439,-0.77,-0.76,0.09,0.11,0.8,2
3933761309,-0.38,-1.61,0.98,0.0,0.01,0
3933792614,-1.14,-1.13,0.08,0.1,0.83,2
3933808307,-0.71,0.09,0.02,0.93,0.05,1
3933844503,-0.68,-0.69,0.12,0.09,0.79,2
3933864949,1.17,0.48,0.88,0.04,0.08,2
3933914412,1.56,-1.66,1.0,0.0,0.0,0
3933953474,-0.65,0.04,0.02,0.91,0.07,1
3933963514,-0.91,-0.9,0.08,0.1,0.82,1
3933994000,-0.07,0.58,0.03,0.89,0.08,1
3934157145,1.39,-1.02,1.0,0.0,0.0,0
3934163583,0.01,0.11,0.11,0.32,0.57,2
3934186342,-0.23,-0.41,0.51,0.07,0.42,1
3934210024,2.53,0.81,0.98,0.01,0.01,0
3934394978,-0.66,-0.61,0.08,0.19,0.73,2
3934728931,-0.82,-0.35,0.02,0.83,0.14,2
3934794677,-0.84,-0.82,0.08,0.12,0.8,2
3934824050,-0.6,-0.66,0.23,0.07,0.7,1
3934923287,0.51,-0.36,0.93,0.02,0.05,0
3934954953,0.79,-0.38,0.96,0.01,0.03,0
3934965551,-1.23,1.68,0.0,1.0,0.0,1
3934994485,0.5,1.0,0.04,0.81,0.14,1
3935028789,-0.48,0.66,0.01,0.96,0.03,1
3935181217,-0.82,-0.84,0.12,0.08,0.8,2
3935224870,-0.79,-0.37,0.03,0.81,0.16,1
3935331827,-0.66,-0.63,0.09,0.15,0.77,2
3935537176,1.15,-0.45,0.98,0.01,0.01,0
3935574033,-1.09,-1.09,0.08,0.09,0.83,2
3935605804,-0.82,-0.85,0.14,0.08,0.79,0
3935677669,0.94,0.57,0.68,0.09,0.23,2
3935922013,-0.52,-0.5,0.1,0.13,0.77,2
3936048196,-0.76,-0.86,0.33,0.06,0.61,2
3936073824,-0.86,-0.39,0.02,0.83,0.14,1
3936099447,-1.25,-1.27,0.1,0.07,0.83,2
3936102724,0.16,0.56,0.05,0.74,0.2,2
3936146099,2.14,1.91,0.46,0.09,0.45,0
3936148660,0.12,0.66,0.04,0.85,0.12,1
3936202165,2.17,0.82,0.97,0.02,0.02,0
3936285272,1.24,0.0,0.96,0.01,0.02,0
3936290381,0.73,0.3,0.76,0.07,0.17,0
3936341455,-0.05,2.62,0.0,1.0,0.0,1
3936360763,-1.34,0.78,0.0,1.0,0.0,1
3936569242,-1.37,-0.38,0.01,0.96,0.04,2
3936679495,3.2,3.2,0.19,0.14,0.67,2
3936869631,-0.01,0.17,0.09,0.47,0.44,0
3936903589,1.23,-0.51,0.99,0.0,0.01,0
3937016305,-0.71,-0.84,0.42,0.05,0.52,0
3937071168,1.24,-1.08,1.0,0.0,0.0,0
3937128804,0.69,-1.02,0.99,0.0,0.01,0
3937156071,2.53,0.0,1.0,0.0,0.0,0
3937172501,-0.9,-0.86,0.07,0.16,0.77,2
3937184393,-1.23,2.66,0.0,1.0,0.0,1
3937288260,0.85,-0.82,0.99,0.0,0.01,0
3937444586,2.64,-1.02,1.0,0.0,0.0,0
3937516019,0.84,1.4,0.04,0.85,0.11,1
3937532425,1.14,-0.5,0.98,0.01,0.01,0
3937535800,-1.87,0.92,0.0,1.0,0.0,1
3937614787,-0.63,-0.58,0.08,0.19,0.73,2
3937659669,-0.82,-0.82,0.09,0.09,0.82,1
3937668363,-1.2,0.45,0.0,0.99,0.01,1
3937692421,0.91,-0.21,0.95,0.02,0.03,0
3937885046,-1.28,-0.16,0.01,0.97,0.02,1
3938075538,0.74,2.2,0.01,0.98,0.01,1
3938100016,-0.84,-0.84,0.09,0.09,0.82,2
3938299948,-0.33,-0.2,0.08,0.4,0.52,1
3938360185,0.32,-0.38,0.91,0.02,0.07,0
3938391037,0.95,-0.17,0.95,0.02,0.03,0
3938548511,1.84,0.09,0.99,0.01,0.01,0
3938666375,0.49,1.58,0.01,0.96,0.03,1
3938791968,-0.76,-0.75,0.09,0.11,0.8,2
3938873653,0.36,0.38,0.18,0.2,0.62,2
3938967638,1.79,0.92,0.93,0.03,0.05,0
3939156539,1.14,-0.66,0.99,0.0,0.01,0
3939207133,-1.14,0.07,0.01,0.97,0.02,1
3939214100,-0.14,-1.23,0.97,0.0,0.02,2
3939218549,0.66,-1.14,0.99,0.0,0.01,0
3939415568,0.14,0.09,0.23,0.14,0.63,2
3939445067,1.16,1.45,0.09,0.57,0.33,2
3939446131,1.38,0.28,0.95,0.02,0.03,0
3939606262,-1.45,-2.08,0.92,0.0,0.07,0
3939618704,-1.03,-1.03,0.09,0.09,0.83,2
3939725496,1.02,-1.28,1.0,0.0,0.0,0
3940006822,-1.02,-1.02,0.09,0.09,0.83,1
3940122589,-0.45,1.54,0.0,0.99,0.0,1
3940277204,-0.32,-0.33,0.15,0.12,0.73,2
3940287339,2.03,1.12,0.94,0.02,0.04,0
3940315190,-0.41,-0.95,0.9,0.02,0.09,0
3940431352,-0.41,2.08,0.0,1.0,0.0,1
3940436765,-0.7,-1.11,0.84,0.02,0.14,2
3940444227,-1.68,2.25,0.0,1.0,0.0,1
3940448962,1.27,-0.81,0.99,0.0,0.0,0
3940568534,-0.84,-0.82,0.08,0.12,0.8,2
3940570556,0.75,-0.44,0.96,0.01,0.03,0
3940706776,1.15,0.28,0.92,0.03,0.05,0
3940812560,-0.71,0.41,0.01,0.96,0.03,1
3940887904,2.97,-0.23,1.0,0.0,0.0,0
3940973453,2.78,2.11,0.91,0.03,0.06,1
3941069646,-1.05,-1.12,0.2,0.06,0.74,2
3941077781,-0.62,-0.95,0.79,0.03,0.18,0
3941111497,-0.59,-0.45,0.06,0.46,0.48,1
3941241582,-0.38,0.56,0.02,0.94,0.04,1
3941275832,0.82,2.2,0.01,0.98,0.01,1
3941302790,2.83,1.94,0.95,0.02,0.03,0
3941328920,0.22,-0.38,0.89,0.03,0.09,0
3941339810,-1.05,-0.47,0.02,0.87,0.11,2
3941392243,2.3,1.32,0.95,0.02,0.03,0
3941434755,1.34,2.94,0.0,0.99,0.01,1
3941460572,-0.28,-0.3,0.17,0.12,0.72,0
3941524827,-0.7,-0.75,0.19,0.07,0.74,2
3941526233,-0.61,-0.85,0.69,0.04,0.28,2
3941585236,-0.02,1.52,0.01,0.98,0.01,1
3941589188,1.51,0.45,0.94,0.02,0.03,0
3941621870,0.84,1.15,0.08,0.61,0.3,1
3941799206,-0.95,-0.89,0.06,0.2,0.73,2
3941932244,0.21,0.0,0.46,0.1,0.44,2
3941938532,-1.01,-0.89,0.05,0.38,0.57,1
3942012842,1.8,1.49,0.59,0.09,0.32,0
3942155974,-0.76,-0.92,0.5,0.05,0.46,0
3942266226,-1.72,-1.68,0.05,0.12,0.83,1
3942483861,-0.79,-0.79,0.09,0.09,0.81,0
3942509615,0.5,-1.31,0.99,0.0,0.0,0
3942607831,1.08,1.06,0.22,0.17,0.61,0
3942613184,2.11,1.46,0.89,0.04,0.07,0
3942667494,-0.77,-0.76,0.09,0.11,0.8,0
3942710055,-1.69,-1.7,0.07,0.07,0.86,2
3942818200,-1.3,-1.64,0.7,0.02,0.28,2
3942818392,-1.05,0.82,0.0,0.99,0.0,1
3942840482,-0.77,-0.77,0.1,0.09,0.81,2
3942893461,2.33,-0.34,1.0,0.0,0.0,0
3942925071,-0.3,-0.84,0.89,0.02,0.09,0
3942939861,2.03,-0.71,1.0,0.0,0.0,0
3942974796,2.69,2.89,0.11,0.41,0.47,1
3942983338,0.2,0.28,0.13,0.26,0.61,2
3943042243,-0.77,-0.78,0.11,0.09,0.8,2
3943120934,-0.34,1.84,0.0,1.0,0.0,1
3943182421,-0.72,-0.78,0.21,0.07,0.72,0
3943195465,-0.71,-0.78,0.24,0.07,0.69,0
3943209847,0.75,-0.68,0.98,0.01,0.01,2
3943365149,-0.62,-0.56,0.08,0.22,0.7,2
3943638651,-1.22,1.04,0.0,1.0,0.0,1
3943716101,1.02,-0.26,0.96,0.01,0.02,0
3943725911,-0.84,-0.89,0.18,0.07,0.76,2
3943789733,-0.63,-0.71,0.28,0.07,0.65,2
3943924044,-1.46,1.1,0.0,1.0,0.0,1
3944116833,2.83,2.2,0.89,0.03,0.07,0
3944154373,-0.77,-0.82,0.18,0.07,0.75,2
3944379207,-0.8,-0.82,0.12,0.08,0.8,2
3944443012,0.36,1.23,0.02,0.93,0.05,1
3944832712,1.35,-1.27,1.0,0.0,0.0,0
3944852622,-0.6,-0.63,0.16,0.08,0.76,2
3944914832,-1.06,-1.7,0.93,0.01,0.07,0
3944975013,-0.41,-0.47,0.24,0.08,0.68,0
3945001397,-0.55,0.57,0.01,0.96,0.03,1
3945052668,-0.26,-0.54,0.71,0.05,0.25,0
3945147487,-0.94,-0.94,0.09,0.09,0.82,2
3945176907,2.36,0.47,0.99,0.01,0.01,0
3945398117,-0.45,-0.45,0.13,0.11,0.76,1
3945500605,0.9,0.08,0.91,0.03,0.06,0
3945589823,-0.75,-0.71,0.08,0.16,0.76,2
3945638220,-1.24,-1.12,0.04,0.36,0.6,0
3945651245,1.59,2.73,0.01,0.97,0.02,1
3945696629,-0.63,-0.05,0.02,0.88,0.1,1
3946037068,-0.79,-0.8,0.11,0.09,0.81,2
3946081350,1.5,0.77,0.89,0.04,0.07,0
3946245278,-0.84,-0.85,0.1,0.08,0.81,2
3946319490,2.08,-0.38,1.0,0.0,0.0,0
3946481149,-1.43,0.36,0.0,0.99,0.01,1
3946519123,2.02,-0.7,1.0,0.0,0.0,0
3946672326,-0.77,-0.6,0.04,0.55,0.41,1
3946830896,-0.81,-0.79,0.08,0.12,0.8,1
3946843605,1.03,1.95,0.02,0.95,0.04,1
3946896001,0.61,0.47,0.33,0.13,0.53,1
3947195225,0.21,0.3,0.13,0.28,0.59,2
3947217991,-0.19,1.7,0.0,0.99,0.0,1
3947240179,-0.81,-0.77,0.08,0.16,0.76,2
3947259040,2.06,0.43,0.98,0.01,0.01,0
3947313031,-1.13,0.7,0.0,0.99,0.01,1
3947327386,-0.57,-0.29,0.04,0.69,0.27,1
3947356798,1.72,0.08,0.98,0.01,0.01,0
3947359826,-1.23,1.38,0.0,1.0,0.0,1
3947393573,-0.89,-0.89,0.09,0.09,0.82,0
3947448457,1.94,-1.5,1.0,0.0,0.0,0
3947463599,0.4,-0.97,0.98,0.0,0.01,0
3947482337,-0.73,-0.5,0.04,0.63,0.32,1
3947668438,2.67,2.66,0.2,0.14,0.67,2
3947772282,1.89,2.78,0.02,0.95,0.03,1
3947778976,1.5,2.0,0.05,0.8,0.15,1
3947862004,-1.26,1.55,0.0,1.0,0.0,1
3947919892,-0.79,-0.8,0.11,0.09,0.81,2
3948000494,2.22,1.23,0.95,0.02,0.03,0
3948002108,-0.75,-0.75,0.1,0.09,0.81,2
3948097930,0.58,0.58,0.2,0.19,0.61,2
3948279307,0.68,-1.93,1.0,0.0,0.0,0
3948397250,-0.34,-1.2,0.96,0.01,0.04,0
3948495445,-0.88,-0.94,0.19,0.06,0.74,2
3948503567,1.9,0.37,0.98,0.01,0.01,0
3948545558,-0.82,-0.76,0.07,0.21,0.72,2
3948609048,-1.08,0.88,0.0,0.99,0.0,1
3948691925,-0.94,0.13,0.01,0.96,0.03,1
3948707728,0.79,0.2,0.86,0.04,0.1,0
3948830383,-1.35,-0.88,0.02,0.82,0.16,1
3948871753,-1.1,0.92,0.0,0.99,0.0,1
3948941816,0.53,1.91,0.01,0.98,0.01,1
3948949196,2.53,-0.75,1.0,0.0,0.0,0
3949048841,0.54,0.24,0.59,0.1,0.31,2
3949075763,1.97,1.98,0.18,0.16,0.66,2
3949123717,-1.68,1.04,0.0,1.0,0.0,1
3949138250,-1.2,-1.15,0.06,0.16,0.78,2
3949183563,-1.49,-0.8,0.01,0.9,0.09,1
3949233826,0.17,1.41,0.01,0.97,0.02,1
3949298235,-1.16,-1.16,0.08,0.09,0.83,2
3949362957,1.81,1.68,0.31,0.1,0.59,0
3949421872,-0.84,-0.85,0.1,0.08,0.81,2
3949455389,-0.27,0.25,0.03,0.85,0.12,1
3949491296,-0.82,-0.75,0.07,0.24,0.7,2
3949521697,-0.76,-0.82,0.21,0.07,0.72,2
3949545083,2.33,0.66,0.98,0.01,0.01,0
3949584261,0.5,1.41,0.02,0.94,0.04,1
3949585138,-0.22,1.38,0.01,0.98,0.01,1
3949676826,-0.73,-0.76,0.14,0.08,0.78,2
3949992151,-0.84,0.4,0.01,0.97,0.02,1
3950138677,2.17,-1.87,1.0,0.0,0.0,0
3950207746,-1.01,1.92,0.0,1.0,0.0,1
3950226447,-0.82,-0.77,0.07,0.18,0.75,2
3950570244,1.78,0.25,0.98,0.01,0.01,2
3950719899,1.18,-1.28,1.0,0.0,0.0,0
3950733306,0.19,2.52,0.0,1.0,0.0,1
3950742994,-0.66,0.62,0.01,0.97,0.02,1
3950955237,-0.78,-0.81,0.14,0.08,0.78,2
3951104766,3.23,3.02,0.44,0.07,0.49,0
3951167003,-0.13,-0.43,0.71,0.05,0.24,0
3951206528,-1.83,-1.74,0.04,0.21,0.75,2
3951386585,2.02,1.89,0.31,0.1,0.6,2
3951514151,1.0,1.0,0.21,0.18,0.61,1
3951523644,-1.1,-1.33,0.57,0.03,0.39,2
3951574771,-0.81,-0.79,0.08,0.12,0.8,2
3951747899,0.57,-1.0,0.99,0.0,0.01,0
3951773323,1.94,-0.33,1.0,0.0,0.0,0
3952091805,-0.47,-0.37,0.07,0.33,0.59,2
3952124164,-0.66,-0.42,0.04,0.64,0.31,2
3952189179,0.91,1.18,0.1,0.55,0.35,2
3952240738,-0.64,-0.65,0.12,0.09,0.79,2
3952301861,-0.85,-0.84,0.09,0.1,0.81,2
3952354040,-0.28,0.61,0.02,0.93,0.05,1
3952419217,0.41,0.48,0.14,0.24,0.61,0
3952425647,-0.88,-0.84,0.07,0.16,0.77,2
3952433991,0.43,-1.17,0.99,0.0,0.01,0
3952482090,2.53,1.32,0.97,0.01,0.02,0
3952534727,-0.44,-0.46,0.15,0.1,0.75,0
3952548171,0.44,-0.39,0.93,0.02,0.05,0
3952628959,1.82,-1.76,1.0,0.0,0.0,0
3952650731,-0.82,-0.95,0.41,0.05,0.54,2
3952738321,-0.8,-0.81,0.11,0.09,0.81,2
3952776404,-1.34,-1.18,0.04,0.47,0.5,1
3952782454,-0.66,-0.04,0.02,0.89,0.09,1
3952809368,-0.9,-0.72,0.04,0.57,0.39,1
3952826076,-0.85,-0.87,0.12,0.08,0.8,0
3952862062,-0.44,-1.27,0.96,0.01,0.04,0
3952973649,0.39,-1.05,0.99,0.0,0.01,0
3953104317,-0.57,-0.54,0.09,0.15,0.76,1
3953158032,1.13,-0.31,0.97,0.01,0.02,0
3953162401,-0.54,-0.58,0.19,0.08,0.73,1
3953247050,1.59,0.95,0.87,0.04,0.08,0
3953410775,-0.8,-0.77,0.08,0.14,0.78,2
3953418175,0.54,1.75,0.01,0.97,0.02,1
3953434526,1.6,-1.32,1.0,0.0,0.0,0
3953542841,-1.73,-1.13,0.01,0.87,0.12,2
3953568445,2.11,0.17,0.99,0.0,0.01,0
3953713744,-0.89,-0.85,0.07,0.16,0.77,2
3953721667,1.54,2.27,0.03,0.91,0.06,1
3953742181,-0.63,-0.6,0.09,0.15,0.76,2
3953766494,0.75,-0.63,0.98,0.01,0.02,0
3953779070,-0.88,-0.89,0.1,0.08,0.82,2
3954008459,1.42,-0.79,1.0,0.0,0.0,0
3954033445,2.62,0.0,1.0,0.0,0.0,0
3954302701,-0.8,-0.79,0.09,0.11,0.81,2
3954360710,-1.41,0.86,0.0,1.0,0.0,1
3954414812,-0.58,-0.33,0.05,0.65,0.3,2
3954418472,0.89,-0.0,0.92,0.03,0.05,0
3954436876,-0.55,-0.67,0.41,0.06,0.53,2
3954698594,-0.82,-0.81,0.09,0.1,0.81,2
3954711672,1.41,-1.01,1.0,0.0,0.0,0
3954760489,-1.02,-0.95,0.06,0.22,0.72,2
3954796032,-0.9,-0.9,0.09,0.09,0.82,2
3954924495,-1.34,-0.63,0.01,0.91,0.08,1
3954944380,-0.8,-0.77,0.08,0.14,0.78,2
3954958187,-1.02,-1.03,0.09,0.08,0.83,2
3954969113,-0.82,-0.78,0.08,0.16,0.76,2
3955128841,-1.52,-0.22,0.01,0.98,0.02,1
3955352387,-0.17,-1.45,0.99,0.0,0.01,0
3955791590,0.15,0.15,0.19,0.18,0.63,0
3955839763,0.69,-0.03,0.9,0.03,0.07,0
3955928079,-0.38,-0.71,0.79,0.03,0.18,0
3955961150,-0.82,0.14,0.01,0.95,0.04,1
3956010793,-1.25,-1.47,0.51,0.03,0.46,0
3956082157,-0.02,2.17,0.0,1.0,0.0,1
3956146085,-0.78,-0.8,0.12,0.08,0.8,0
3956244066,-0.47,-1.05,0.91,0.01,0.08,0
3956269050,-0.53,-0.52,0.11,0.12,0.77,2
3956280770,-1.17,0.83,0.0,0.99,0.0,1
3956359202,-1.11,0.37,0.01,0.98,0.01,1
3956682559,-0.29,0.37,0.03,0.89,0.08,1
3956706439,1.23,0.66,0.84,0.05,0.11,0
3956717277,0.43,0.38,0.24,0.15,0.6,2
3956739676,-0.7,-0.7,0.1,0.1,0.8,0
3956764001,0.47,-0.23,0.9,0.03,0.07,0
3956792871,0.53,0.96,0.05,0.76,0.19,1
3956888631,2.84,2.86,0.17,0.15,0.67,2
3956955543,-0.82,-0.82,0.09,0.09,0.82,2
3956977927,-0.97,0.45,0.01,0.98,0.01,1
3956996196,2.61,2.64,0.17,0.16,0.67,2
3957045672,0.01,0.62,0.03,0.87,0.09,1
3957169234,0.02,0.22,0.09,0.5,0.41,0
3957277267,-0.61,-0.56,0.08,0.19,0.72,2
3957305536,-1.0,1.47,0.0,1.0,0.0,1
3957345792,-0.84,-0.79,0.07,0.18,0.75,2
3957397382,-0.95,-0.89,0.06,0.2,0.73,1
3957433605,-0.06,1.59,0.01,0.99,0.01,1
3957449269,-0.56,-0.37,0.05,0.57,0.38,2
3957468554,-0.5,-1.97,0.99,0.0,0.01,0
3957511480,1.11,-1.52,1.0,0.0,0.0,0
3957622915,-0.5,1.1,0.01,0.98,0.01,1
3957639727,-0.75,-0.1,0.02,0.9,0.08,2
3957817208,-0.87,-0.59,0.03,0.7,0.27,2
3957833942,0.07,-1.46,0.99,0.0,0.01,0
3957983061,2.08,-0.24,1.0,0.0,0.0,0
3958105259,-0.36,-0.45,0.32,0.08,0.6,0
3958130623,-1.14,-1.27,0.35,0.05,0.61,0
3958217879,1.36,2.81,0.01,0.98,0.01,1
3958280790,-0.05,-0.14,0.28,0.11,0.61,0
3958341447,0.64,-0.17,0.92,0.03,0.06,0
3958597635,-0.96,0.57,0.01,0.98,0.01,1
3958606469,-1.55,-1.12,0.02,0.78,0.2,1
3958615315,0.56,1.79,0.01,0.97,0.02,1
3958714906,0.37,-1.2,0.99,0.0,0.01,0
3958723159,-1.56,-0.08,0.0,0.99,0.01,2
3958833080,-0.84,-0.65,0.04,0.58,0.38,1
3958921553,-0.86,-0.85,0.08,0.1,0.81,2
3959076136,-0.49,0.09,0.03,0.88,0.1,1
3959084715,-0.34,2.39,0.0,1.0,0.0,1
3959177911,-0.69,-0.69,0.1,0.1,0.8,1
3959194672,-0.82,-0.82,0.09,0.09,0.82,2
3959265721,1.32,-0.58,0.99,0.0,0.01,0
3959431212,-1.11,-1.12,0.09,0.08,0.83,0
3959475173,-1.03,0.11,0.01,0.97,0.02,1
3959539552,1.0,-0.28,0.97,0.01,0.02,0
3959549565,-0.71,-0.66,0.08,0.19,0.73,2
3959587381,0.87,2.45,0.01,0.99,0.01,1
3959637800,-0.78,-0.78,0.09,0.09,0.81,2
3959665874,-0.28,2.17,0.0,1.0,0.0,1
3959710109,1.46,1.99,0.05,0.82,0.13,2
3959727908,1.16,-0.05,0.96,0.01,0.03,0
3959821873,-0.43,0.82,0.01,0.97,0.02,1
3959956856,0.92,-1.81,1.0,0.0,0.0,0
3959982216,-0.6,0.3,0.02,0.94,0.04,1
3959986697,0.76,-0.12,0.92,0.02,0.05,0
3959988534,1.1,0.24,0.92,0.03,0.05,0
3960025839,-0.84,-0.86,0.12,0.08,0.8,2
3960050044,1.02,0.32,0.88,0.04,0.08,0
3960072693,-0.0,0.4,0.05,0.75,0.2,1
3960168993,-0.54,-0.29,0.05,0.65,0.3,0
3960203945,-0.87,-0.86,0.08,0.1,0.81,2
3960207980,-0.3,0.29,0.03,0.87,0.1,1
3960317906,-0.29,0.77,0.02,0.95,0.03,1
3960329689,-1.31,1.21,0.0,1.0,0.0,1
3960549756,-0.61,-0.61,0.11,0.1,0.79,0
3960660325,-0.79,-0.78,0.09,0.11,0.81,1
3960683314,-0.95,-0.63,0.03,0.74,0.23,1
3960734362,0.79,-0.21,0.94,0.02,0.04,0
3960739729,0.82,0.82,0.2,0.19,0.61,2
3960789574,1.22,-1.59,1.0,0.0,0.0,0
3960815121,-0.66,-0.81,0.48,0.05,0.47,0
3960997669,1.54,2.02,0.05,0.79,0.16,2
3961346105,1.84,0.07,0.99,0.01,0.01,0
3961508779,-0.91,-0.9,0.08,0.1,0.82,2
3961721975,-0.79,-0.7,0.06,0.3,0.64,2
3961913384,1.05,-0.59,0.99,0.0,0.01,0
3961956273,0.09,-1.39,0.99,0.0,0.01,0
3961997682,-1.09,-1.13,0.13,0.06,0.8,2
3962018596,0.64,0.77,0.13,0.33,0.54,1
3962114279,-0.41,-0.08,0.05,0.73,0.22,1
3962155327,-0.05,0.21,0.07,0.62,0.31,1
3962189815,-1.12,2.48,0.0,1.0,0.0,1
3962196384,-0.5,-0.56,0.24,0.08,0.68,2
3962271106,-0.67,1.13,0.0,0.99,0.01,1
3962318813,-1.12,-0.77,0.02,0.76,0.22,2
3962359791,-0.91,-1.03,0.36,0.05,0.59,2
3962425556,-0.13,0.08,0.08,0.55,0.37,2
3962426912,0.97,-0.62,0.98,0.01,0.01,0
3962495380,1.56,-0.31,0.99,0.0,0.01,0
3962565378,2.11,0.65,0.97,0.01,0.01,0
3962572625,0.66,0.64,0.22,0.17,0.61,2
3962644044,-0.07,-0.07,0.17,0.17,0.67,1
3962719269,-0.75,-1.14,0.83,0.02,0.15,0
3962739847,0.82,-0.34,0.96,0.01,0.03,0
3962769817,0.23,-1.63,1.0,0.0,0.0,0
3962769934,-0.84,-0.88,0.15,0.07,0.77,2
3962813769,-0.8,-0.8,0.09,0.09,0.82,2
3962890321,-0.84,-0.84,0.09,0.09,0.82,2
3962923793,-1.02,0.27,0.01,0.97,0.02,1
3963023130,-0.27,-0.39,0.39,0.08,0.53,0
3963051818,-0.66,0.57,0.01,0.97,0.02,1
3963176977,-0.75,-0.72,0.08,0.14,0.78,1
3963205435,-1.32,-0.53,0.01,0.93,0.06,1
3963304115,1.0,0.85,0.34,0.13,0.52,0
3963353438,0.12,-0.36,0.85,0.03,0.11,2
3963392257,-0.84,-0.86,0.12,0.08,0.8,2
3963412333,-0.56,-0.26,0.04,0.71,0.25,1
3963452079,-1.51,1.75,0.0,1.0,0.0,1
3963465971,-0.78,-0.78,0.09,0.09,0.81,2
3963469655,2.88,-0.24,1.0,0.0,0.0,0
3963538285,-0.79,-0.78,0.09,0.11,0.81,2
3963568814,0.87,0.25,0.86,0.04,0.09,0
3963594982,-0.09,-1.36,0.98,0.0,0.01,0
3963758022,1.05,0.97,0.28,0.14,0.58,2
3963920971,1.66,0.25,0.97,0.01,0.02,0
3964253771,-1.35,0.91,0.0,1.0,0.0,1
3964352885,-1.39,-1.21,0.03,0.5,0.47,2
3964468760,-0.52,-0.35,0.06,0.52,0.42,2
3964473538,-0.38,-0.36,0.12,0.14,0.74,2
3964478668,-0.64,-0.09,0.02,0.87,0.11,1
3964657336,0.82,0.66,0.36,0.13,0.5,2
3964704857,1.21,2.48,0.01,0.98,0.02,1
3964716165,-0.28,0.45,0.02,0.91,0.07,1
3964881490,-0.25,-1.31,0.97,0.0,0.02,0
3965095720,0.17,0.02,0.36,0.11,0.53,2
3965150353,-0.06,-0.22,0.42,0.09,0.49,2
3965176753,-1.0,-0.95,0.06,0.17,0.76,2
3965194531,-0.64,-0.77,0.43,0.05,0.51,0
3965208933,0.34,0.09,0.52,0.1,0.38,0
3965344630,1.12,1.36,0.11,0.5,0.4,1
3965368290,-0.78,-0.88,0.33,0.06,0.62,0
3965609605,-0.77,-0.77,0.1,0.09,0.81,2
3965615910,-0.95,-0.61,0.03,0.76,0.22,2
3965649192,0.64,0.38,0.52,0.11,0.37,0
3965842192,2.02,-0.75,1.0,0.0,0.0,0
3965915335,-0.82,1.53,0.0,1.0,0.0,1
3965979517,-0.03,-0.47,0.84,0.03,0.13,0
3966001042,-0.82,-0.77,0.07,0.18,0.75,2
3966336247,-0.86,-0.93,0.22,0.06,0.71,2
3966336558,0.39,-0.54,0.95,0.02,0.04,0
3966345766,-0.88,-0.88,0.09,0.09,0.82,1
3966575948,-1.08,1.14,0.0,1.0,0.0,1
3966588375,-0.76,-0.47,0.04,0.71,0.26,1
3966788489,0.03,2.33,0.0,1.0,0.0,1
3966885037,1.69,0.6,0.94,0.02,0.03,0
3966886010,-0.78,-0.81,0.14,0.08,0.78,2
3966912601,1.56,-0.34,0.99,0.0,0.01,0
3966963875,2.3,1.04,0.97,0.01,0.02,0
3967014880,2.59,0.21,1.0,0.0,0.0,0
3967087567,1.2,1.52,0.09,0.62,0.29,1
3967160669,0.59,0.72,0.13,0.33,0.54,2
3967197884,-0.12,-1.09,0.96,0.01,0.03,0
3967217279,1.39,0.35,0.94,0.02,0.04,0
3967238476,-0.74,-0.74,0.1,0.09,0.81,2
3967359794,-0.66,-0.69,0.15,0.08,0.77,2
3967403763,-0.77,-0.79,0.12,0.08,0.8,1
3967460464,-0.92,0.31,0.01,0.97,0.02,1
3967469673,-0.88,-0.87,0.08,0.1,0.81,2
3967506630,0.04,-0.2,0.56,0.08,0.36,0
3967523855,-0.9,-0.9,0.09,0.09,0.82,2
3967640275,-0.18,-0.2,0.18,0.13,0.69,2
3967659532,2.02,-0.82,1.0,0.0,0.0,0
3967834340,-0.07,-0.07,0.17,0.17,0.67,2
3967907300,-0.7,-0.03,0.02,0.9,0.08,1
3968003833,-0.71,-0.71,0.1,0.1,0.8,2
3968193810,0.23,1.37,0.01,0.96,0.03,1
3968313906,-0.4,1.73,0.0,1.0,0.0,1
3968362847,3.0,1.35,0.99,0.01,0.01,0
3968468141,-1.07,-1.07,0.08,0.09,0.83,0
3968485154,-0.14,-0.33,0.51,0.07,0.42,0
3968615472,1.81,-0.37,0.99,0.0,0.0,0
3968621952,0.7,1.2,0.05,0.81,0.14,1
3968790027,-0.72,-0.72,0.1,0.1,0.8,2
3968823757,-0.82,-0.85,0.14,0.08,0.79,0
3968871817,-0.95,0.45,0.01,0.98,0.01,1
3968874653,0.04,0.01,0.2,0.15,0.65,2
3968955670,0.2,-1.44,0.99,0.0,0.01,0
3969025199,-0.66,-0.68,0.13,0.09,0.78,2
3969070304,-0.7,0.61,0.01,0.97,0.02,1
3969092901,2.05,2.88,0.02,0.94,0.04,1
3969125215,-0.72,-0.71,0.09,0.11,0.8,2
3969234712,-0.85,-0.84,0.09,0.1,0.81,2
3969249987,1.92,1.49,0.75,0.07,0.19,2
3969347833,-1.73,0.84,0.0,1.0,0.0,1
3969438775,1.2,-0.85,0.99,0.0,0.0,0
3969496047,0.66,-1.84,1.0,0.0,0.0,0
3969621179,-0.97,-1.02,0.16,0.07,0.77,2
3969624812,-0.33,-0.1,0.06,0.62,0.32,2
3969625169,-0.75,-0.87,0.39,0.05,0.55,2
3969658692,0.17,-0.34,0.86,0.03,0.1,0
3969771484,-0.84,-1.02,0.54,0.04,0.42,0
3969772835,-0.17,-0.28,0.34,0.09,0.57,0
3969830490,1.46,0.6,0.92,0.03,0.05,0
3969869310,-0.91,-0.86,0.07,0.18,0.75,2
3969916747,0.33,3.2,0.0,1.0,0.0,1
3969929745,-0.79,-0.81,0.12,0.08,0.8,2
3970042624,0.07,-0.53,0.89,0.02,0.08,0
3970077300,3.19,2.42,0.94,0.02,0.04,0
3970088308,0.16,1.23,0.01,0.95,0.03,1
3970154622,-0.85,-0.85,0.09,0.09,0.82,2
3970158706,1.98,1.91,0.25,0.11,0.64,2
3970161970,-1.59,1.2,0.0,1.0,0.0,1
3970162689,-0.29,-1.02,0.94,0.01,0.05,0
3970247555,-0.29,1.33,0.01,0.99,0.01,1
3970273165,-0.07,0.33,0.05,0.76,0.19,2
3970398998,1.08,-1.51,1.0,0.0,0.0,0
3970538988,1.0,-1.24,1.0,0.0,0.0,0
3970560557,0.59,-0.7,0.97,0.01,0.02,0
3970577636,-0.84,-0.81,0.08,0.14,0.78,0
3970672226,0.57,0.55,0.22,0.17,0.61,0
3970753705,-0.71,-0.71,0.1,0.1,0.8,0
3970829632,0.63,0.63,0.2,0.19,0.61,1
3970838837,0.78,-1.09,0.99,0.0,0.0,0
3970867491,-0.76,-0.77,0.11,0.09,0.8,2
3970890226,-0.52,-0.72,0.6,0.05,0.35,2
3971028984,1.41,2.72,0.01,0.98,0.01,1
3971152966,-2.02,-2.05,0.07,0.06,0.87,2
3971153006,-1.02,-1.02,0.09,0.09,0.83,2
3971191624,3.02,2.89,0.31,0.08,0.62,0
3971228139,-1.02,-1.23,0.55,0.03,0.41,2
3971398669,0.86,1.02,0.13,0.37,0.5,1
3971415023,-1.51,2.47,0.0,1.0,0.0,1
3971456077,0.57,1.3,0.02,0.91,0.06,1
3971494381,2.2,-0.38,1.0,0.0,0.0,0
3971576426,2.64,2.61,0.21,0.13,0.66,2
3971623668,-0.28,-1.52,0.98,0.0,0.01,0
3971700372,-0.77,-0.76,0.09,0.11,0.8,2
3971708696,-0.73,-0.69,0.08,0.16,0.76,1
3971717329,-1.18,0.26,0.01,0.98,0.01,1
3971816073,-0.81,-0.72,0.06,0.3,0.64,2
3971909221,0.08,1.23,0.01,0.96,0.03,1
3972159059,0.9,0.73,0.37,0.13,0.49,1
3972215266,-0.71,-0.69,0.09,0.13,0.79,0
3972320707,0.99,-0.87,0.99,0.0,0.01,0
3972345317,0.82,-1.24,1.0,0.0,0.0,0
3972459219,-0.95,-0.88,0.06,0.23,0.71,2
3972512143,-1.17,2.41,0.0,1.0,0.0,1
3972518736,0.25,-0.98,0.98,0.01,0.02,0
3972592150,-1.45,2.22,0.0,1.0,0.0,1
3972608557,2.3,-0.41,1.0,0.0,0.0,0
3972699106,0.09,0.35,0.08,0.59,0.33,2
3972736471,-0.82,-0.84,0.12,0.08,0.8,2
3972856548,0.21,1.18,0.02,0.94,0.04,1
3972919006,1.08,-0.18,0.96,0.01,0.02,0
3972921473,-0.77,-0.76,0.09,0.11,0.8,2
3973117059,-0.9,-0.03,0.01,0.94,0.04,1
3973130271,-0.5,1.59,0.0,0.99,0.0,1
3973175497,-0.96,-0.29,0.02,0.9,0.08,1
3973183478,-0.59,-0.69,0.35,0.06,0.59,0
3973186913,-0.89,-0.85,0.07,0.16,0.77,2
3973475428,-0.52,1.22,0.0,0.99,0.01,1
3973578664,-0.89,-0.92,0.13,0.07,0.8,2
3973626014,-0.82,-0.75,0.07,0.24,0.7,2
3973642371,-1.22,1.85,0.0,1.0,0.0,1
3973711672,-1.64,0.71,0.0,1.0,0.0,1
3973855557,1.91,1.62,0.56,0.09,0.35,0
3974040591,-0.23,-1.2,0.97,0.01,0.03,2
3974064733,0.49,-1.63,1.0,0.0,0.0,0
3974091353,0.43,-0.1,0.85,0.04,0.11,2
3974208281,-0.58,-0.99,0.85,0.02,0.13,0
3974371838,0.11,0.21,0.12,0.31,0.57,1
3974402543,-0.89,-0.8,0.06,0.29,0.65,1
3974493382,1.15,1.2,0.16,0.22,0.62,1
3974743555,2.64,1.99,0.9,0.03,0.07,0
3975012757,2.67,-0.53,1.0,0.0,0.0,0
3975070922,-0.59,1.49,0.0,0.99,0.0,1
3975072344,0.06,0.92,0.02,0.93,0.05,1
3975074604,1.39,-0.59,0.99,0.0,0.01,0
3975111498,2.36,-0.89,1.0,0.0,0.0,0
3975204890,0.29,-0.3,0.88,0.03,0.09,0
3975353127,0.95,0.96,0.2,0.19,0.61,1
3975378322,-1.78,-1.52,0.02,0.56,0.42,1
3975475788,-0.78,-0.85,0.23,0.07,0.7,0
3975584249,-0.33,-0.33,0.14,0.13,0.73,0
3975772296,-1.54,1.12,0.0,1.0,0.0,1
3975833085,-0.28,-0.94,0.92,0.01,0.06,0
3975878652,-0.96,-0.96,0.09,0.09,0.82,1
3975914707,2.86,1.26,0.98,0.01,0.01,0
3976110949,0.9,-0.61,0.98,0.01,0.01,0
3976131104,-1.6,-0.08,0.0,0.99,0.01,1
3976259036,1.2,0.21,0.94,0.02,0.04,0
3976290904,0.46,1.82,0.01,0.98,0.02,1
3976364901,-0.87,0.73,0.01,0.99,0.01,1
3976467948,-0.0,-0.0,0.17,0.17,0.66,2
3976574748,-0.36,1.22,0.01,0.98,0.01,1
3976588407,0.57,0.29,0.55,0.11,0.34,0
3976769697,-0.65,-0.75,0.35,0.06,0.59,1
3976774883,0.9,1.21,0.09,0.61,0.3,1
3977012331,0.65,0.26,0.72,0.08,0.21,2
3977022178,3.03,3.02,0.2,0.13,0.67,2
3977035936,1.41,1.32,0.28,0.13,0.6,2
3977176278,0.61,1.83,0.01,0.97,0.02,1
3977287580,-1.24,0.11,0.01,0.98,0.01,1
3977354410,0.65,0.8,0.13,0.36,0.51,1
3977443851,2.02,1.45,0.85,0.05,0.1,0
3977553003,0.87,1.01,0.13,0.34,0.53,1
3977640207,1.56,-1.11,1.0,0.0,0.0,0
3977647225,0.07,0.13,0.13,0.24,0.63,0
3977970431,0.84,-0.7,0.98,0.01,0.01,0
3978442828,-0.69,-0.89,0.6,0.04,0.36,0
3978451681,-1.68,2.03,0.0,1.0,0.0,1
3978453001,0.85,-1.12,0.99,0.0,0.0,0
3978529848,-0.85,-0.87,0.12,0.08,0.8,2
3978564425,-0.88,-0.87,0.08,0.1,0.81,2
3978698006,-0.73,-0.73,0.1,0.1,0.81,0
3978727553,-1.7,0.64,0.0,1.0,0.0,1
3978759570,-0.66,-0.34,0.04,0.73,0.23,1
3978808531,-1.51,-1.27,0.03,0.59,0.39,1
3978859919,-0.59,-0.59,0.11,0.1,0.79,2
3978921591,2.48,0.18,0.99,0.0,0.0,0
3979136091,-0.91,-0.45,0.02,0.83,0.15,1
3979205518,-0.78,-0.0,0.02,0.93,0.06,2
3979226587,2.8,0.43,1.0,0.0,0.0,0
3979229598,1.51,1.13,0.68,0.08,0.24,2
3979291072,-0.74,-0.71,0.08,0.14,0.77,2
3979355118,-0.61,-0.91,0.77,0.03,0.2,0
3979358353,1.22,-1.58,1.0,0.0,0.0,0
3979368875,-0.76,-0.71,0.07,0.19,0.74,1
3979557170,-0.41,-0.49,0.3,0.08,0.63,1
3979653941,-0.84,-0.57,0.03,0.69,0.28,2
3979856543,-0.9,-0.91,0.1,0.08,0.82,2
3979861431,2.44,-1.55,1.0,0.0,0.0,0
3979978006,-0.82,-1.47,0.93,0.01,0.06,0
3980080434,-0.54,1.2,0.0,0.99,0.01,1
3980092601,-0.9,-0.85,0.07,0.18,0.75,2
3980137419,-0.01,-1.05,0.97,0.01,0.03,0
3980164740,-1.15,-1.13,0.07,0.11,0.82,2
3980251555,0.51,1.04,0.04,0.83,0.13,1
3980309181,2.11,-1.45,1.0,0.0,0.0,0
3980339795,-0.74,-0.74,0.1,0.09,0.81,2
3980724763,-0.84,-0.78,0.07,0.21,0.72,2
3980725731,-0.61,-0.62,0.12,0.09,0.78,2
3980739859,-0.81,-0.82,0.11,0.09,0.81,2
3980763097,2.83,1.54,0.98,0.01,0.01,0
3980783969,1.62,0.02,0.98,0.01,0.01,0
3980799571,1.34,1.02,0.59,0.1,0.31,0
3980876723,-0.99,-1.16,0.47,0.04,0.48,0
3980985314,1.97,0.43,0.98,0.01,0.01,0
3981003752,-0.78,-0.81,0.14,0.08,0.78,2
3981062121,-0.65,-0.69,0.17,0.08,0.75,2
3981074070,-0.64,-0.54,0.06,0.34,0.6,2
3981101588,-0.54,-1.18,0.93,0.01,0.06,0
3981129808,-0.85,-0.84,0.09,0.1,0.81,2
3981197503,-0.38,1.23,0.01,0.98,0.01,2
3981264127,-0.33,-1.24,0.96,0.01,0.03,2
3981305325,-0.14,1.16,0.01,0.97,0.02,1
3981306852,-0.65,-0.41,0.04,0.64,0.31,1
3981354072,-1.56,0.58,0.0,1.0,0.0,1
3981400223,-0.98,-1.01,0.12,0.07,0.8,2
3981415997,-0.05,-0.05,0.17,0.17,0.66,1
3981442867,-0.77,-0.7,0.07,0.24,0.69,2
3981486893,1.54,-0.28,0.99,0.0,0.01,0
3981596701,0.17,0.54,0.06,0.71,0.23,1
3981604591,1.89,2.25,0.07,0.67,0.25,0
3981612988,-0.78,-0.8,0.12,0.08,0.8,2
3981648188,-0.81,-0.8,0.09,0.1,0.81,2
3981728075,0.03,-0.66,0.92,0.02,0.06,0
3981769605,-0.87,-0.84,0.08,0.14,0.79,2
3981775487,-0.9,-0.91,0.1,0.08,0.82,2
3981845520,1.62,0.69,0.93,0.03,0.04,0
3981933519,-0.89,-0.92,0.13,0.07,0.8,0
3981938427,2.64,0.36,0.99,0.0,0.0,0
3981940182,1.88,1.63,0.49,0.09,0.41,0
3982025292,-0.65,-0.47,0.05,0.56,0.39,1
3982044934,-1.23,1.33,0.0,1.0,0.0,1
3982103788,0.59,-1.3,0.99,0.0,0.0,0
3982116212,0.4,-1.78,1.0,0.0,0.0,0
3982230546,-1.16,-1.41,0.6,0.03,0.37,2
3982251463,-1.53,0.16,0.0,0.99,0.01,1
3982289121,0.68,-0.95,0.99,0.0,0.01,0
3982350464,-0.79,0.19,0.01,0.95,0.04,2
3982383555,-0.44,1.87,0.0,1.0,0.0,1
3982413471,-0.82,-0.39,0.03,0.82,0.16,2
3982463491,-0.84,-0.82,0.08,0.12,0.8,2
3982584189,0.41,0.41,0.2,0.19,0.62,2
3982624821,-0.87,-0.87,0.09,0.09,0.82,2
3982731503,-0.88,2.31,0.0,1.0,0.0,1
3982951853,-0.66,-0.66,0.1,0.1,0.8,0
3982957420,-0.46,0.07,0.03,0.86,0.11,1
3983085875,-1.02,-1.01,0.08,0.1,0.82,1
3983373223,-1.81,-0.12,0.0,0.99,0.01,1
3983503410,0.45,-1.18,0.99,0.0,0.01,0
3983572561,-0.95,1.44,0.0,1.0,0.0,1
3983670463,1.78,0.2,0.98,0.01,0.01,0
3983719476,1.0,-0.89,0.99,0.0,0.01,0
3983723313,-0.76,-0.76,0.1,0.09,0.81,2
3983730956,1.06,2.22,0.01,0.97,0.02,1
3983732971,-0.86,-0.78,0.06,0.26,0.67,1
3983796591,2.02,0.39,0.98,0.01,0.01,0
3983797143,0.74,-1.18,0.99,0.0,0.0,0
3983905007,-0.58,0.34,0.02,0.94,0.04,1
3983972493,0.21,-0.38,0.88,0.03,0.09,0
3984087407,-0.86,-0.3,0.02,0.87,0.11,1
3984281512,-0.71,2.33,0.0,1.0,0.0,1
3984342433,-0.8,-0.71,0.06,0.3,0.64,2
3984372147,-1.14,-1.25,0.3,0.05,0.65,0
3984399025,-0.88,-0.7,0.04,0.57,0.39,2
3984492996,-0.81,-0.85,0.16,0.07,0.77,2
3984670886,0.7,-1.26,1.0,0.0,0.0,0
3984671834,0.52,-0.51,0.95,0.01,0.03,0
3984802990,-0.74,-0.7,0.08,0.16,0.76,1
3984914850,2.45,1.45,0.96,0.02,0.03,0
3985272329,1.53,-1.23,1.0,0.0,0.0,0
3985411604,-1.28,0.63,0.0,0.99,0.0,1
3985433767,-1.06,-0.49,0.02,0.87,0.11,1
3985463127,-0.07,-0.8,0.93,0.01,0.06,0
3985572735,0.58,0.66,0.14,0.26,0.6,2
3985638976,0.95,1.8,0.02,0.94,0.04,1
3985702195,-0.37,-0.63,0.7,0.04,0.26,0
3985907622,0.47,0.7,0.1,0.51,0.39,1
3985949557,-0.61,0.4,0.01,0.95,0.03,1
3985990568,-0.7,-0.89,0.58,0.04,0.38,0
3986041636,-1.49,-1.78,0.57,0.02,0.41,2
3986205078,-0.5,-0.55,0.21,0.08,0.71,2
3986390534,-0.77,-0.52,0.04,0.66,0.3,1
3986392841,1.8,-0.44,0.99,0.0,0.0,0
3986442788,-0.98,-1.5,0.89,0.01,0.1,0
3986481169,-0.81,-0.81,0.09,0.09,0.82,2
3986510316,1.3,-0.17,0.98,0.01,0.02,0
3986567022,-0.88,-0.94,0.19,0.06,0.74,2
3986610130,-0.54,-0.66,0.41,0.06,0.53,2
3986712384,-0.86,-0.86,0.09,0.09,0.82,2
3986748513,2.27,-0.91,1.0,0.0,0.0,0
3986750648,-0.48,-0.48,0.12,0.11,0.77,0
3986782632,0.04,-0.34,0.79,0.05,0.16,0
3986785702,-0.18,-0.19,0.17,0.14,0.69,2
3986909953,0.56,1.12,0.04,0.85,0.11,2
3987211678,-0.48,-0.65,0.53,0.05,0.41,0
3987237653,-1.21,0.29,0.01,0.98,0.01,1
3987369365,-1.62,-1.64,0.08,0.07,0.85,0
3987433631,-0.8,-0.81,0.11,0.09,0.81,2
3987473314,-0.8,-0.8,0.09,0.09,0.82,2
3987539661,1.01,-0.91,0.99,0.0,0.0,0
3987765570,-0.69,-0.68,0.09,0.11,0.8,2
3988036129,-0.67,-0.7,0.15,0.08,0.77,2
3988123282,-0.61,-0.52,0.07,0.31,0.62,2
3988166935,-0.87,1.04,0.0,0.99,0.0,1
3988238793,-1.34,-1.32,0.07,0.1,0.83,2
3988362818,-0.87,-0.88,0.1,0.08,0.82,2
3988407346,0.08,-0.13,0.49,0.09,0.42,0
3988417381,-0.71,-0.67,0.08,0.17,0.75,2
3988445421,0.57,2.2,0.01,0.99,0.01,1
3988455053,-0.37,2.28,0.0,1.0,0.0,1
3988511097,0.42,1.85,0.01,0.98,0.01,1
3988619764,2.17,0.27,0.99,0.01,0.01,0
3988641816,0.25,1.26,0.02,0.95,0.03,1
3988677692,0.94,1.91,0.01,0.95,0.03,1
3988742715,0.55,2.05,0.01,0.98,0.01,1
3988765144,0.82,0.63,0.4,0.13,0.46,1
3988873836,2.33,-0.32,1.0,0.0,0.0,0
3988889778,-0.58,-0.99,0.85,0.02,0.13,0
3988920895,-0.66,-0.55,0.06,0.37,0.57,1
3988926872,-0.55,-0.59,0.18,0.08,0.74,2
3988966266,0.92,-0.89,0.99,0.0,0.01,0
3989016570,1.55,0.17,0.97,0.01,0.02,0
3989086694,-0.45,-0.45,0.13,0.11,0.76,0
3989239368,1.25,-1.45,1.0,0.0,0.0,0
3989316956,1.12,1.06,0.26,0.15,0.6,1
3989382354,0.67,1.34,0.03,0.9,0.08,1
3989411992,-1.41,0.55,0.0,0.99,0.0,1
3989581753,-1.87,-1.74,0.03,0.29,0.68,2
3989664774,-1.27,1.79,0.0,1.0,0.0,1
3989686747,1.95,-0.89,1.0,0.0,0.0,0
3989706640,-1.78,0.41,0.0,1.0,0.0,1
3989744628,0.74,-1.08,0.99,0.0,0.01,0
3989865748,-0.15,-0.07,0.11,0.27,0.62,1
3989879557,-0.29,2.89,0.0,1.0,0.0,1
3989913089,-1.16,-0.15,0.01,0.96,0.03,1
3990010159,-0.82,-0.74,0.06,0.27,0.67,2
3990076747,0.8,1.78,0.01,0.95,0.03,1
3990190741,0.06,0.03,0.2,0.15,0.65,2
3990192948,-0.07,-0.19,0.34,0.1,0.56,2
3990214128,0.55,0.49,0.25,0.15,0.6,2
3990261261,0.03,0.18,0.1,0.41,0.49,2
3990347911,-0.82,-0.82,0.09,0.09,0.82,2
3990414177,-0.82,-0.79,0.08,0.14,0.78,1
3990419034,-0.54,-1.04,0.89,0.02,0.1,0
3990478981,2.61,0.76,0.99,0.01,0.01,0
3990636240,-0.34,-1.16,0.95,0.01,0.04,0
3990669092,-0.61,1.35,0.0,0.99,0.0,1
3990672084,-1.39,-0.9,0.02,0.83,0.15,1
3990750690,-0.73,-0.3,0.03,0.82,0.15,1
3990767430,-0.73,-1.26,0.9,0.01,0.09,0
3990802424,0.25,-0.25,0.85,0.04,0.11,0
3990910232,0.18,-0.39,0.88,0.03,0.09,0
3990992552,-1.09,-1.03,0.06,0.19,0.75,2
3991031338,-1.54,2.48,0.0,1.0,0.0,1
3991047248,0.48,0.89,0.06,0.74,0.2,1
3991205734,-1.02,-0.87,0.04,0.48,0.48,1
3991243349,-0.79,-0.85,0.21,0.07,0.73,0
3991284650,0.14,0.11,0.21,0.16,0.63,0
3991439863,0.55,-0.18,0.9,0.03,0.07,0
3991487194,-0.06,1.01,0.02,0.95,0.03,1
3991512627,-0.57,-0.53,0.09,0.17,0.74,2
3991559230,-0.41,-0.41,0.13,0.12,0.75,0
3991834613,-0.61,0.09,0.02,0.91,0.07,1
3991849396,-0.78,-0.77,0.09,0.11,0.81,2
3991857184,2.92,2.16,0.93,0.02,0.04,0
3991859105,-1.44,-1.27,0.03,0.47,0.5,2
3991923410,-0.78,-1.59,0.96,0.0,0.04,0
3991984273,2.34,1.97,0.69,0.07,0.25,2
3992225746,0.85,1.41,0.04,0.85,0.11,2
3992240341,0.22,-0.53,0.92,0.02,0.06,0
3992243396,0.96,0.52,0.76,0.07,0.17,0
3992318704,-0.77,-0.77,0.1,0.09,0.81,2
3992423487,-0.33,0.38,0.02,0.91,0.07,1
3992426424,-0.22,1.94,0.0,1.0,0.0,1
3992521976,-0.78,-0.71,0.07,0.24,0.69,2
3992572532,-0.63,-0.39,0.04,0.64,0.31,1
3992744682,-0.84,0.13,0.01,0.95,0.04,1
3992781114,-1.15,1.27,0.0,1.0,0.0,1
3992834663,-0.87,-0.84,0.08,0.14,0.79,2
3993099210,-0.23,-0.28,0.21,0.1,0.69,2
3993303899,0.44,0.37,0.26,0.14,0.6,0
3993360637,-0.66,-0.7,0.17,0.08,0.75,2
3993417491,-0.87,-0.86,0.08,0.1,0.81,2
3993419737,-0.59,0.73,0.01,0.97,0.02,1
3993487547,-0.4,0.64,0.02,0.95,0.03,1
3993541281,-0.82,-0.54,0.03,0.7,0.27,2
3993612995,-0.33,2.91,0.0,1.0,0.0,1
3993698323,1.02,-1.51,1.0,0.0,0.0,0
3993824009,0.17,-1.09,0.98,0.0,0.01,0
3994338332,1.3,0.97,0.61,0.1,0.3,0
3994457159,-0.5,-0.51,0.13,0.1,0.77,2
3994519349,-0.77,-0.73,0.08,0.16,0.76,2
3994526572,-1.05,-1.09,0.14,0.07,0.8,2
3994530070,2.75,1.12,0.98,0.01,0.01,0
3994560416,-1.67,-1.84,0.29,0.03,0.67,0
3994835941,-0.91,-0.9,0.08,0.1,0.82,2
3995007200,0.29,0.44,0.11,0.38,0.51,1
3995069044,0.37,-0.63,0.96,0.01,0.03,0
3995076333,-0.88,-0.5,0.03,0.79,0.19,1
3995192144,-0.89,0.3,0.01,0.97,0.02,1
3995239933,-1.15,-0.76,0.02,0.78,0.19,2
3995508668,-0.6,2.62,0.0,1.0,0.0,1
3995519255,-1.08,-1.08,0.08,0.09,0.83,1
3995549356,2.53,1.03,0.98,0.01,0.01,0
3995558207,-1.73,-1.8,0.12,0.04,0.84,2
3995597196,0.18,-0.06,0.53,0.09,0.38,0
3995600877,0.61,0.61,0.2,0.19,0.61,1
3995663791,-0.05,-0.05,0.17,0.17,0.66,0
3995697623,-1.11,-1.13,0.1,0.07,0.83,0
3995719532,-0.12,-0.25,0.37,0.09,0.54,0
3995730392,0.6,0.4,0.42,0.13,0.46,2
3995841927,-0.62,0.26,0.02,0.94,0.05,1
3996107371,-0.99,-0.61,0.02,0.78,0.19,1
3996185937,-1.43,1.23,0.0,1.0,0.0,1
3996312991,-1.23,-1.21,0.07,0.11,0.82,1
3996347550,2.83,3.05,0.11,0.45,0.45,0
3996367494,-1.09,-0.45,0.02,0.89,0.09,1
3996526840,-0.82,-0.84,0.12,0.08,0.8,2
3996720556,-1.35,-1.45,0.23,0.05,0.72,2
3996745675,0.84,-0.81,0.99,0.0,0.01,0
3996761873,0.87,-0.33,0.96,0.01,0.03,0
3996893806,-0.96,1.9,0.0,1.0,0.0,1
3996977195,0.42,-0.2,0.88,0.03,0.09,0
3997125594,-0.77,-0.77,0.1,0.09,0.81,2
3997263184,-0.71,0.63,0.01,0.97,0.02,1
3997422005,-0.84,-0.81,0.08,0.14,0.78,2
3997436006,-0.82,-0.78,0.08,0.16,0.76,1
3997451225,2.27,-0.61,1.0,0.0,0.0,0
3997458227,-0.92,-0.89,0.07,0.14,0.79,0
3997498305,0.48,-0.63,0.96,0.01,0.03,0
3997542386,1.23,1.22,0.21,0.17,0.62,1
3997720190,-0.89,-0.89,0.09,0.09,0.82,2
3997818216,-0.76,-0.79,0.14,0.08,0.78,0
3997849396,-0.5,2.7,0.0,1.0,0.0,1
3997948945,-0.81,-0.78,0.08,0.14,0.78,2
3997975100,1.78,-1.04,1.0,0.0,0.0,0
3998277847,0.27,-0.19,0.83,0.04,0.13,0
3998294288,1.98,-0.04,0.99,0.0,0.0,0
3998298488,-0.85,1.22,0.0,0.99,0.0,1
3998315076,0.43,0.4,0.22,0.17,0.61,2
3998315566,-1.12,-1.2,0.22,0.05,0.72,0
3998368533,0.94,0.79,0.35,0.14,0.52,0
3998545442,-0.77,-0.22,0.02,0.87,0.11,1
3998747582,2.92,-0.93,1.0,0.0,0.0,0
3998756786,-0.84,-0.82,0.08,0.12,0.8,2
3998793248,-0.94,-1.39,0.86,0.01,0.13,0
3998798695,1.91,2.83,0.01,0.95,0.03,1
3998813275,2.14,-0.07,0.99,0.0,0.0,0
3998876102,-0.82,-0.89,0.23,0.06,0.71,0
3998901040,0.99,-0.33,0.97,0.01,0.02,0
3998983395,0.93,-1.47,1.0,0.0,0.0,0
3998998104,-0.88,-0.54,0.03,0.76,0.22,1
3999083150,0.91,-1.15,1.0,0.0,0.0,0
3999183671,1.07,-0.98,0.99,0.0,0.0,0
3999218138,-1.41,2.41,0.0,1.0,0.0,1
3999343615,1.23,1.22,0.21,0.17,0.62,2
3999378338,-0.86,-0.93,0.22,0.06,0.71,0
3999423869,-0.4,-1.37,0.97,0.0,0.03,0
3999429660,-1.31,0.55,0.0,0.99,0.0,1
3999503462,-0.45,-0.44,0.12,0.12,0.76,0
3999522079,-0.52,-0.76,0.69,0.04,0.27,1
3999563883,-0.82,-0.8,0.08,0.12,0.8,2
3999649677,0.92,0.21,0.89,0.04,0.07,0
3999886257,-0.86,-0.84,0.08,0.12,0.8,2
3999999343,2.66,-1.34,1.0,0.0,0.0,0
4000085659,0.27,0.13,0.33,0.12,0.54,2
4000225240,-1.17,0.33,0.01,0.98,0.01,1
4000236844,1.92,-0.54,1.0,0.0,0.0,0
4000321061,0.74,1.78,0.01,0.96,0.03,1
4000365162,-0.74,-0.68,0.07,0.21,0.72,2
4000424711,2.59,-1.1,1.0,0.0,0.0,0
4000453938,0.06,1.92,0.0,0.99,0.0,1
4000456708,1.05,-1.13,1.0,0.0,0.0,0
4000515759,2.12,0.33,0.99,0.01,0.01,0
4000549255,1.05,-1.74,1.0,0.0,0.0,0
4000625619,-0.64,1.67,0.0,1.0,0.0,1
4000670568,-0.82,-0.79,0.08,0.14,0.78,2
4000694022,2.17,1.46,0.91,0.03,0.06,0
4000758287,-0.46,-0.6,0.46,0.06,0.48,0
4000776283,-0.57,-0.56,0.1,0.12,0.78,2
4000813413,-0.75,-0.82,0.24,0.07,0.7,0
4000873603,-0.78,-0.77,0.09,0.11,0.81,2
4000879154,-0.73,-1.02,0.75,0.03,0.22,0
4000894741,0.44,-0.92,0.98,0.01,0.01,0
4000980142,2.44,0.43,0.99,0.0,0.0,0
4001032366,0.8,2.48,0.0,0.99,0.01,1
4001219931,-1.34,0.05,0.01,0.98,0.01,1
4001268944,0.73,-0.15,0.92,0.02,0.05,0
4001468334,0.8,1.41,0.03,0.87,0.1,1
4001519027,-0.82,-0.38,0.03,0.82,0.15,1
4001547867,-0.75,-0.84,0.3,0.06,0.64,2
4001737262,0.27,-0.98,0.98,0.01,0.02,0
4001795693,-1.16,1.21,0.0,1.0,0.0,1
4001881675,-0.84,-0.88,0.15,0.07,0.77,2
4001976690,-0.77,1.34,0.0,0.99,0.0,1
4002367608,-0.14,-0.11,0.13,0.19,0.68,1
4002469366,-0.79,-0.81,0.12,0.08,0.8,2
4002669907,0.44,-1.56,1.0,0.0,0.0,0
4002679868,1.92,-0.71,1.0,0.0,0.0,0
4002712599,-0.77,0.02,0.02,0.93,0.05,1
4002746959,-0.16,0.34,0.04,0.84,0.13,1
4002855601,1.15,0.19,0.93,0.02,0.04,0
4002961410,-1.16,1.6,0.0,1.0,0.0,1
4002975472,0.79,0.42,0.69,0.09,0.23,0
4003061970,-0.88,0.55,0.01,0.98,0.01,1
4003187453,-0.41,-0.5,0.32,0.08,0.6,0
4003192630,-0.79,-0.79,0.09,0.09,0.81,2
4003464890,0.37,-0.68,0.96,0.01,0.03,0
4003493188,-0.77,-0.78,0.11,0.09,0.8,1
4003528784,-0.53,1.62,0.0,1.0,0.0,1
4003585133,-0.61,-0.5,0.06,0.37,0.56,2
4003640073,-0.95,-0.98,0.13,0.07,0.8,2
4003641301,1.26,1.52,0.1,0.53,0.37,1
4003764783,-0.44,-0.79,0.8,0.03,0.17,2
4003847029,0.24,-0.22,0.83,0.04,0.12,0
4003852226,-1.28,0.37,0.0,0.99,0.01,1
4003870179,0.14,0.82,0.03,0.9,0.08,1
4004024340,0.66,-0.71,0.98,0.01,0.02,2
4004049078,-0.24,-0.01,0.06,0.61,0.33,2
4004077415,-1.07,-0.33,0.01,0.92,0.07,2
4004085286,-0.4,-0.41,0.15,0.11,0.75,2
4004090640,1.17,0.61,0.83,0.05,0.11,0
4004142025,-0.09,0.58,0.03,0.89,0.08,1
4004328370,0.58,2.17,0.01,0.99,0.01,1
4004396843,-0.87,-0.86,0.08,0.1,0.81,2
4004533732,0.18,2.42,0.0,1.0,0.0,1
4004878626,2.0,1.48,0.82,0.05,0.12,0
4004987712,-0.25,-0.95,0.93,0.01,0.06,0
4005045149,-0.84,-0.87,0.13,0.07,0.79,2
4005252449,-0.84,-0.84,0.09,0.09,0.82,2
4005256169,-0.42,-0.42,0.13,0.12,0.75,2
4005272466,-0.8,-0.8,0.09,0.09,0.82,0
4005355288,-1.14,1.04,0.0,1.0,0.0,1
4005436126,0.01,-0.65,0.91,0.02,0.07,0
4005468679,0.02,-0.57,0.89,0.02,0.08,0
4005576827,-1.37,-1.15,0.03,0.58,0.39,0
4005594557,2.27,-0.31,1.0,0.0,0.0,0
4005699514,-0.77,-0.77,0.1,0.09,0.81,2
4005773718,-0.07,-1.59,0.99,0.0,0.01,0
4005802418,0.35,0.89,0.04,0.84,0.12,1
4005807981,0.88,0.8,0.28,0.15,0.57,2
4005892008,0.71,1.91,0.01,0.97,0.02,1
4006203826,-0.82,-0.8,0.08,0.12,0.8,2
4006332954,-0.63,-0.53,0.06,0.34,0.6,1
4006346066,-1.23,-1.13,0.05,0.3,0.65,2
4006442934,-0.77,-0.77,0.1,0.09,0.81,2
4006668635,-1.12,-1.09,0.07,0.13,0.81,1
4006800035,2.55,-1.42,1.0,0.0,0.0,0
4006820224,0.09,0.19,0.12,0.31,0.57,2
4006990848,2.83,-2.06,1.0,0.0,0.0,0
4007023518,0.34,1.05,0.03,0.91,0.07,1
4007062657,-0.36,-0.25,0.08,0.35,0.57,0
4007075745,2.98,1.21,0.99,0.01,0.01,0
4007178889,-0.45,0.26,0.02,0.91,0.07,2
4007232805,-0.59,-0.67,0.29,0.07,0.64,2
4007339725,1.17,0.2,0.93,0.02,0.04,0
4007385592,1.51,0.67,0.91,0.03,0.05,0
4007468768,-0.12,-1.52,0.99,0.0,0.01,0
4007492024,-0.53,-0.56,0.16,0.09,0.75,0
4007499048,-0.93,-0.87,0.06,0.2,0.73,2
4007503917,-0.65,-0.45,0.05,0.59,0.36,1
4007550214,1.04,1.31,0.1,0.55,0.36,2
4007719626,-0.96,-0.37,0.02,0.88,0.1,1
4007735149,1.45,-1.68,1.0,0.0,0.0,0
4007787260,-1.34,0.95,0.0,1.0,0.0,1
4007981314,-1.4,-0.71,0.01,0.9,0.09,1
4008003607,-1.83,1.96,0.0,1.0,0.0,1
4008034811,1.94,1.94,0.19,0.15,0.66,2
4008049965,-0.48,-0.55,0.27,0.08,0.66,2
4008087677,-0.77,-0.76,0.09,0.11,0.8,2
4008175429,-1.23,-0.42,0.01,0.93,0.06,1
4008175949,-0.76,-0.86,0.33,0.06,0.61,1
4008212089,-0.44,0.88,0.01,0.97,0.02,2
4008218131,-0.95,-0.54,0.02,0.8,0.17,2
4008378539,2.3,2.11,0.39,0.09,0.52,0
4008413081,-1.24,2.89,0.0,1.0,0.0,1
4008679042,-0.97,-0.97,0.09,0.09,0.82,0
4008723344,1.42,-1.48,1.0,0.0,0.0,0
4008727757,-0.78,1.27,0.0,0.99,0.0,1
4008818765,-1.4,0.49,0.0,0.99,0.0,1
4008825945,-1.27,0.86,0.0,1.0,0.0,1
4008879913,-0.92,-0.2,0.02,0.92,0.07,1
4008893503,-0.13,0.41,0.03,0.85,0.11,2
4008896378,1.26,0.75,0.81,0.06,0.13,0
4008960266,-0.64,-0.66,0.13,0.09,0.78,2
4009024859,1.92,2.39,0.05,0.78,0.16,1
4009085793,1.02,2.23,0.01,0.97,0.02,1
4009253819,2.27,-1.2,1.0,0.0,0.0,0
4009262990,0.62,0.62,0.2,0.19,0.61,1
4009315793,0.48,0.43,0.24,0.16,0.6,2
4009594178,-0.56,-0.62,0.23,0.07,0.69,0
4009699348,1.26,0.38,0.92,0.03,0.05,0
4009727518,1.39,2.36,0.01,0.96,0.03,1
4009780989,-0.86,-0.87,0.1,0.08,0.81,2
4009783042,0.41,0.02,0.74,0.06,0.19,0
4009800075,1.72,0.82,0.93,0.03,0.04,2
4009851342,-0.28,-0.86,0.9,0.02,0.08,0
4009851880,1.15,-0.27,0.97,0.01,0.02,0
4009893826,-0.66,-0.77,0.38,0.06,0.57,0
4009973007,1.68,2.31,0.03,0.88,0.09,1
4010083959,-0.65,-0.65,0.11,0.1,0.79,1
4010232094,-0.47,0.21,0.02,0.9,0.08,1
4010267685,1.26,1.27,0.19,0.18,0.63,2
4010298246,-0.48,-0.56,0.3,0.07,0.63,2
4010450665,2.3,-1.23,1.0,0.0,0.0,0
4010557691,0.33,1.89,0.01,0.98,0.01,1
4010594889,-0.96,-0.94,0.08,0.12,0.81,0
4010613621,2.47,1.64,0.94,0.02,0.04,0
4010631296,-1.43,2.41,0.0,1.0,0.0,1
4010663177,0.85,-0.03,0.92,0.03,0.05,0
4010878028,0.29,-1.12,0.99,0.0,0.01,0
4010946242,0.24,-0.95,0.98,0.01,0.02,0
4011111059,1.56,1.84,0.1,0.56,0.35,1
4011115811,-0.78,2.22,0.0,1.0,0.0,1
4011168801,-0.82,1.59,0.0,1.0,0.0,1
4011184932,-0.71,-0.84,0.42,0.05,0.52,0
4011447475,-0.66,-0.76,0.35,0.06,0.6,2
4011531113,-1.16,-0.46,0.01,0.91,0.08,1
4011730578,-0.73,-0.74,0.11,0.09,0.8,2
4011773200,-0.82,-0.81,0.09,0.1,0.81,2
4011773717,-0.76,-0.2,0.02,0.87,0.11,1
4011961784,-0.07,0.58,0.03,0.89,0.08,1
4012187058,-0.21,-0.11,0.1,0.31,0.59,0
4012279407,-0.81,-0.8,0.09,0.1,0.81,2
4012297893,1.71,-0.91,1.0,0.0,0.0,0
4012344998,1.01,0.81,0.42,0.13,0.46,2
4012398100,0.2,0.64,0.05,0.78,0.17,1
4012446560,0.68,2.52,0.0,0.99,0.0,1
4012591092,-1.22,2.53,0.0,1.0,0.0,1
4012622545,2.42,0.03,1.0,0.0,0.0,0
4012657541,-0.84,-0.79,0.07,0.18,0.75,1
4012673950,-0.91,-0.87,0.07,0.16,0.77,2
4012758407,-0.81,-0.81,0.09,0.09,0.82,2
4012769267,0.11,-0.28,0.79,0.05,0.16,0
4012902005,-1.45,-1.84,0.73,0.01,0.25,0
4012979469,-0.87,-0.88,0.1,0.08,0.82,2
4013130581,-0.68,-0.72,0.17,0.08,0.75,2
4013209546,0.42,0.51,0.13,0.27,0.6,0
4013251001,-0.86,-0.84,0.08,0.12,0.8,2
4013470565,-0.66,0.67,0.01,0.97,0.02,1
4013496082,-0.89,-0.88,0.08,0.1,0.81,1
4013514821,0.01,-0.58,0.9,0.02,0.08,0
4013563204,-1.02,-0.46,0.02,0.87,0.11,1
4013752355,-0.88,-0.85,0.08,0.14,0.79,2
4013797416,0.37,0.19,0.39,0.12,0.49,2
4013887601,-0.68,-0.2,0.03,0.84,0.13,1
4013932298,-0.54,-0.51,0.1,0.15,0.75,2
4013962283,-0.25,0.22,0.04,0.83,0.14,1
4014105111,-0.28,-1.43,0.98,0.0,0.02,0
4014219776,1.47,-0.16,0.98,0.01,0.01,0
4014303892,0.57,-1.56,1.0,0.0,0.0,0
4014312207,2.16,-0.13,1.0,0.0,0.0,0
4014316347,-0.57,-0.59,0.14,0.09,0.77,2
4014391119,-0.03,-0.67,0.91,0.02,0.07,0
4014425653,2.89,0.88,0.99,0.01,0.0,0
4014498943,0.2,0.21,0.18,0.19,0.62,1
4014554115,-0.63,-0.68,0.2,0.07,0.73,2
4014630119,1.02,-1.09,1.0,0.0,0.0,0
4014677265,-0.72,-0.71,0.09,0.11,0.8,2
4014722691,1.87,1.87,0.19,0.15,0.66,2
4014785240,-0.18,-0.18,0.16,0.15,0.69,2
4014875999,0.05,0.69,0.03,0.88,0.09,1
4015003223,0.63,2.8,0.0,1.0,0.0,1
4015028684,-0.29,-1.21,0.96,0.01,0.03,0
4015063875,-0.82,-0.82,0.09,0.09,0.82,2
4015119819,-0.8,-1.0,0.59,0.04,0.37,0
4015141681,0.06,-1.18,0.98,0.0,0.01,2
4015225805,-1.54,-1.48,0.05,0.16,0.79,2
4015239339,-1.95,2.44,0.0,1.0,0.0,1
4015249480,-0.42,-0.25,0.06,0.51,0.42,1
4015348406,0.57,-0.1,0.89,0.03,0.08,0
4015406609,-1.38,-1.23,0.04,0.43,0.53,1
4015491904,1.05,0.22,0.91,0.03,0.06,0
4015552582,-0.08,0.52,0.03,0.87,0.1,1
4015598659,0.82,-0.54,0.97,0.01,0.02,0
4015636736,0.12,-1.63,1.0,0.0,0.0,0
4015660924,-0.89,-0.52,0.03,0.78,0.19,1
4015710648,-0.17,1.3,0.01,0.98,0.01,1
4015718485,0.46,0.65,0.11,0.44,0.45,1
4015725594,0.53,-1.16,0.99,0.0,0.01,0
4015824844,0.5,-1.34,0.99,0.0,0.0,0
4015830479,-0.82,-1.38,0.91,0.01,0.08,0
4015878960,-0.2,-0.48,0.69,0.05,0.25,0
4015912363,2.05,0.86,0.96,0.02,0.02,0
4016009979,1.88,2.55,0.03,0.9,0.07,1
4016133108,-0.64,1.18,0.0,0.99,0.01,1
4016159538,0.17,-0.68,0.94,0.01,0.04,0
4016219044,-0.73,-0.75,0.13,0.08,0.79,2
4016236749,-0.74,-0.82,0.27,0.06,0.67,0
4016248861,2.34,0.02,1.0,0.0,0.0,0
4016417702,-0.85,-0.84,0.09,0.1,0.81,2
4016443948,2.06,-0.08,0.99,0.0,0.0,0
4016447995,-0.89,-0.94,0.17,0.07,0.76,2
4016448592,-0.72,-0.77,0.19,0.07,0.74,2
4016670916,0.61,-0.56,0.97,0.01,0.02,0
4016693631,-1.65,-0.1,0.0,0.99,0.01,1
4016731540,-1.01,-0.76,0.03,0.67,0.3,2
4016838048,0.05,0.05,0.18,0.17,0.65,2
4016851112,-0.08,-0.07,0.16,0.18,0.67,2
4016853978,-0.89,-0.88,0.08,0.1,0.81,2
4016974857,-0.84,-0.85,0.1,0.08,0.81,2
4017018701,0.61,-0.66,0.97,0.01,0.02,0
4017085499,1.54,-0.7,1.0,0.0,0.0,0
4017092489,-1.2,-0.36,0.01,0.94,0.05,1
4017096085,-1.04,-1.91,0.97,0.0,0.03,0
4017232365,-0.61,-0.01,0.02,0.88,0.09,1
4017239892,1.13,1.27,0.13,0.33,0.54,0
4017248815,-1.23,-1.02,0.03,0.59,0.38,2
4017281056,-0.76,-0.8,0.16,0.07,0.76,2
4017374629,-0.73,-0.73,0.1,0.1,0.81,1
4017400010,2.94,2.94,0.19,0.14,0.67,2
4017605730,-0.74,-0.77,0.14,0.08,0.78,2
4017634675,0.9,2.14,0.01,0.97,0.02,1
4017723252,-1.76,-1.83,0.11,0.04,0.84,0
4017763487,0.54,2.16,0.01,0.99,0.01,1
4017787669,-0.77,-0.71,0.07,0.21,0.72,2
4017811696,1.85,0.91,0.94,0.03,0.04,0
4017886266,-1.73,0.21,0.0,0.99,0.0,1
4017902155,-0.51,-0.5,0.11,0.12,0.77,2
4017917269,0.62,0.47,0.34,0.13,0.52,2
4017971385,-0.24,-1.04,0.95,0.01,0.04,0
4017994468,1.83,1.34,0.8,0.06,0.14,0
4018033084,2.91,1.53,0.98,0.01,0.01,0
4018093826,-0.84,-0.85,0.1,0.08,0.81,2
4018241837,-1.16,1.11,0.0,1.0,0.0,1
4018342662,0.93,0.73,0.42,0.13,0.45,2
4018690722,0.94,1.28,0.08,0.65,0.27,2
4018977601,-0.82,-0.77,0.07,0.18,0.75,1
4019012785,1.84,-0.13,0.99,0.0,0.01,0
4019101855,-0.11,-0.03,0.11,0.27,0.62,2
4019103307,-0.59,-0.54,0.08,0.19,0.72,2
4019176938,-1.16,-1.22,0.17,0.06,0.77,2
4019311167,-1.13,-0.43,0.01,0.91,0.08,1
4019318365,-0.86,-0.86,0.09,0.09,0.82,2
4019437410,-1.63,-1.5,0.04,0.33,0.63,1
4019467778,-1.06,1.3,0.0,1.0,0.0,1
4019483640,0.94,-0.81,0.99,0.0,0.01,0
4019488000,-1.71,-1.7,0.06,0.09,0.85,2
4019522693,-1.62,-1.52,0.04,0.26,0.7,1
4019531249,0.53,-0.65,0.97,0.01,0.02,0
4019579001,1.21,-1.83,1.0,0.0,0.0,0
4019633666,-0.46,-0.46,0.13,0.11,0.76,1
4019682186,1.08,2.78,0.0,0.99,0.01,1
4020067556,-0.99,-0.91,0.06,0.25,0.69,1
4020098776,-0.89,-0.9,0.1,0.08,0.82,2
4020176547,-1.0,0.32,0.01,0.98,0.02,1
4020295879,-0.25,-0.21,0.12,0.18,0.7,2
4020325248,-0.54,-0.54,0.12,0.11,0.78,2
4020401080,-0.82,-0.82,0.09,0.09,0.82,2
4020450965,0.05,0.52,0.04,0.81,0.15,1
4020459961,-0.28,-1.41,0.98,0.0,0.02,0
4020460520,-0.54,1.04,0.01,0.98,0.01,1
4020469098,0.38,2.73,0.0,1.0,0.0,1
4020518018,-0.91,-0.44,0.02,0.83,0.14,1
4020564669,-1.18,0.18,0.01,0.98,0.01,2
4020622060,-0.7,0.09,0.02,0.93,0.06,1
4020733595,-0.58,0.71,0.01,0.97,0.02,1
4020874722,-1.13,1.7,0.0,1.0,0.0,1
4021054230,-1.42,1.11,0.0,1.0,0.0,1
4021106162,-0.69,0.29,0.01,0.95,0.04,1
4021149554,0.31,0.23,0.26,0.14,0.6,0
4021191436,0.1,-0.62,0.92,0.02,0.06,0
4021307945,-0.6,-0.6,0.11,0.1,0.79,0
4021310047,3.17,1.45,0.99,0.01,0.01,0
4021320326,-0.71,-0.71,0.1,0.1,0.8,2
4021321623,-0.67,-0.69,0.13,0.09,0.78,2
4021372385,1.13,3.06,0.0,0.99,0.0,1
4021404739,-1.11,-0.2,0.01,0.95,0.04,1
4021614693,0.88,-0.84,0.99,0.0,0.01,0
4021704239,-1.0,-1.03,0.12,0.07,0.81,1
4021767421,-0.05,-0.3,0.61,0.07,0.33,0
4021806364,-0.74,-1.54,0.96,0.0,0.04,0
4022194358,1.73,-0.69,1.0,0.0,0.0,0
4022260863,0.23,0.22,0.2,0.18,0.62,1
4022342052,1.52,1.93,0.07,0.72,0.21,1
4022548344,0.33,-0.3,0.89,0.03,0.08,0
4022629933,1.89,0.89,0.94,0.02,0.03,0
4022717901,1.17,1.17,0.2,0.18,0.62,1
4022822111,-0.81,-0.77,0.08,0.16,0.76,2
4022943638,-1.66,0.87,0.0,1.0,0.0,1
4022979802,0.81,0.48,0.63,0.1,0.27,2
4022989820,0.62,0.34,0.55,0.11,0.34,2
4023242890,-1.36,-0.5,0.01,0.94,0.05,1
4023251369,-0.84,-0.85,0.1,0.08,0.81,2
4023340550,2.17,2.66,0.05,0.8,0.15,2
4023729341,1.2,2.17,0.01,0.96,0.03,1
4023741540,-1.01,0.61,0.0,0.99,0.01,1
4023755124,-0.33,1.66,0.0,0.99,0.0,1
4023760894,1.79,0.55,0.96,0.02,0.02,0
4023763904,0.19,-0.08,0.58,0.08,0.33,0
4023937558,0.87,-0.09,0.93,0.02,0.04,0
4023940727,-1.12,-1.08,0.06,0.15,0.79,2
4023978273,0.17,-0.54,0.92,0.02,0.06,0
4024056014,-0.71,-0.74,0.15,0.08,0.77,2
4024097265,-0.41,-0.41,0.13,0.12,0.75,2
4024108785,-0.54,1.23,0.0,0.99,0.01,1
4024154027,-0.01,-0.26,0.6,0.07,0.33,0
4024195991,0.42,1.59,0.01,0.96,0.02,1
4024237410,0.09,-1.93,1.0,0.0,0.0,0
4024341376,-0.05,-0.89,0.95,0.01,0.04,0
4024341692,-0.96,-0.94,0.08,0.12,0.81,2
4024372711,-0.78,-0.84,0.21,0.07,0.73,2
4024490030,2.02,2.08,0.15,0.2,0.65,0
4024571839,-0.61,-0.77,0.51,0.05,0.44,0
4024613330,-0.84,0.22,0.01,0.96,0.03,1
4024697011,-1.64,0.29,0.0,0.99,0.0,1
4024724414,0.77,0.36,0.74,0.08,0.19,0
4024774632,1.31,-1.05,1.0,0.0,0.0,0
4024807200,-0.39,0.9,0.01,0.97,0.02,1
4024864786,0.85,-0.81,0.99,0.0,0.01,0
4024881409,0.74,-1.0,0.99,0.0,0.01,0
4024915844,1.73,0.46,0.96,0.02,0.02,0
4024917088,2.64,2.61,0.21,0.13,0.66,2
4024971578,-0.81,-0.47,0.03,0.76,0.21,1
4024996249,0.15,-0.48,0.9,0.02,0.08,0
4025045873,-0.58,-0.69,0.38,0.06,0.56,0
4025139490,-0.82,-0.58,0.04,0.65,0.31,1
4025158881,-0.78,-0.77,0.09,0.11,0.81,1
4025289693,-0.77,-0.76,0.09,0.11,0.8,2
4025326741,1.75,1.97,0.11,0.46,0.43,1
4025338122,-0.78,-0.78,0.09,0.09,0.81,2
4025386765,-0.82,-0.75,0.07,0.24,0.7,1
4025550374,-0.82,-0.74,0.06,0.27,0.67,2
4025690192,-0.55,-0.57,0.14,0.09,0.77,2
4025748760,1.12,1.2,0.15,0.24,0.61,2
4025769759,-1.1,-1.09,0.08,0.1,0.83,2
4025801894,0.38,0.29,0.27,0.14,0.59,1
4025864970,-0.9,-1.07,0.5,0.04,0.46,2
4025912894,-0.42,-1.88,0.99,0.0,0.01,0
4025927066,-0.04,-0.04,0.17,0.17,0.66,2
4025943309,1.01,1.84,0.02,0.94,0.04,1
4026215365,-0.84,-0.66,0.04,0.57,0.39,1
4026281212,-0.62,-1.37,0.95,0.01,0.05,2
4026306087,-0.82,-0.84,0.12,0.08,0.8,2
4026357172,0.97,0.97,0.21,0.18,0.61,1
4026361783,2.27,-1.47,1.0,0.0,0.0,0
4026531671,-0.13,-0.15,0.18,0.14,0.68,2
4026542400,-0.84,-0.85,0.1,0.08,0.81,2
4026585193,-0.43,-0.5,0.27,0.08,0.65,2
4026686601,-0.41,-0.98,0.9,0.01,0.08,0
4026779554,-1.3,2.8,0.0,1.0,0.0,1
4026808802,-0.21,-1.63,0.99,0.0,0.01,0
4026988128,1.52,1.01,0.81,0.06,0.13,2
4027053701,-1.38,0.38,0.0,0.99,0.01,1
4027134404,-1.59,0.34,0.0,0.99,0.0,1
4027248348,-0.25,-0.66,0.83,0.03,0.14,2
4027366976,-0.85,-0.75,0.06,0.33,0.61,1
4027400670,-0.39,-1.05,0.93,0.01,0.06,2
4027462640,0.44,-0.14,0.87,0.04,0.1,0
4027513727,2.55,-1.48,1.0,0.0,0.0,0
4027563085,-0.6,1.99,0.0,1.0,0.0,1
4027592933,-1.33,1.22,0.0,1.0,0.0,1
4027704531,-1.2,-0.72,0.02,0.83,0.15,1
4027719926,-0.7,-0.61,0.06,0.3,0.63,2
4027737883,-0.73,-0.71,0.09,0.12,0.79,0
4027748155,-0.14,0.61,0.02,0.91,0.06,1
4027810214,-0.25,0.7,0.02,0.94,0.04,1
4028034456,-0.95,1.05,0.0,0.99,0.0,1
4028194012,-1.24,0.65,0.0,0.99,0.0,1
4028248955,1.61,-0.72,1.0,0.0,0.0,0
4028334587,1.59,-0.51,0.99,0.0,0.0,0
4028376357,0.51,-0.31,0.92,0.02,0.05,0
4028412225,0.73,0.02,0.89,0.03,0.07,0
4028481835,-0.77,1.31,0.0,0.99,0.0,1
4028539127,-0.85,-0.85,0.09,0.09,0.82,2
4028540971,-1.34,-1.31,0.06,0.12,0.82,2
4028554838,0.73,-0.77,0.98,0.0,0.01,0
4028619202,-1.02,-1.0,0.07,0.11,0.81,2
4028631814,1.73,1.0,0.9,0.04,0.06,0
4028748234,0.67,1.8,0.01,0.96,0.02,1
4028959811,0.07,2.16,0.0,0.99,0.0,1
4028972966,1.55,0.03,0.98,0.01,0.01,0
4029017906,-1.14,-0.34,0.01,0.93,0.06,1
4029024774,-0.11,0.93,0.02,0.95,0.03,1
4029062077,0.57,-0.47,0.95,0.01,0.03,0
4029064209,-0.17,2.59,0.0,1.0,0.0,1
4029307024,-0.84,-0.8,0.07,0.16,0.77,2
4029366729,0.45,-1.02,0.99,0.0,0.01,0
4029464228,-0.85,-0.46,0.03,0.79,0.18,1
4029658139,-1.13,-0.46,0.01,0.9,0.08,1
4029698906,1.4,0.47,0.93,0.03,0.05,0
4029743570,0.37,-1.23,0.99,0.0,0.01,0
4029890776,-1.2,1.52,0.0,1.0,0.0,1
4029961621,1.56,3.08,0.0,0.99,0.01,1
4030058169,-0.08,-1.06,0.96,0.01,0.03,0
4030075439,0.18,0.07,0.29,0.12,0.59,1
4030282971,-0.27,-1.12,0.95,0.01,0.04,0
4030318643,0.54,-0.92,0.98,0.0,0.01,0
4030332498,-1.66,-1.26,0.02,0.75,0.23,1
4030361188,-0.51,-0.78,0.73,0.04,0.23,0
4030388553,-0.23,1.98,0.0,1.0,0.0,1
4030396756,0.87,-1.39,1.0,0.0,0.0,0
4030406118,-1.3,0.04,0.01,0.98,0.01,1
4030417457,-0.68,-0.7,0.13,0.09,0.78,2
4030425181,-1.33,0.71,0.0,0.99,0.0,1
4030457696,1.45,0.88,0.84,0.05,0.11,0
4030526497,-0.74,-0.61,0.05,0.43,0.52,1
4030579381,-1.23,-0.95,0.03,0.68,0.29,2
4030597862,-0.66,-1.22,0.91,0.01,0.08,0
4030688076,0.1,-0.84,0.96,0.01,0.03,0
4030745270,-1.06,0.67,0.0,0.99,0.01,1
4030863991,-0.37,-0.31,0.1,0.21,0.69,2
4030864886,-1.8,-1.9,0.15,0.04,0.81,0
4031012388,-0.87,-0.87,0.09,0.09,0.82,2
4031110408,2.16,2.0,0.35,0.09,0.56,0
4031124548,0.05,2.45,0.0,1.0,0.0,1
4031409491,0.27,1.02,0.03,0.91,0.06,1
4031410331,1.67,0.33,0.97,0.01,0.02,0
4031412216,-0.54,-0.34,0.05,0.59,0.36,1
4031581584,-0.95,-0.95,0.09,0.09,0.82,1
4031624262,-1.83,2.08,0.0,1.0,0.0,1
4031638883,-1.74,2.09,0.0,1.0,0.0,1
4031663832,-0.96,-0.13,0.01,0.94,0.05,1
4031710026,1.1,-1.23,1.0,0.0,0.0,0
4031839669,-0.62,-0.54,0.07,0.28,0.65,1
4031875701,-0.84,-0.84,0.09,0.09,0.82,2
4031920788,-0.19,-0.01,0.08,0.5,0.42,1
4031956754,-0.01,-1.72,1.0,0.0,0.0,0
4032119842,-0.11,-0.03,0.11,0.27,0.62,2
4032199532,-0.87,-0.84,0.08,0.14,0.79,2
4032277381,-0.15,2.17,0.0,1.0,0.0,1
4032308884,-0.82,0.06,0.01,0.94,0.04,1
4032338330,-1.26,-0.79,0.02,0.82,0.16,1
4032390084,-0.82,-0.89,0.23,0.06,0.71,0
4032443830,1.54,0.25,0.96,0.01,0.02,0
4032450293,-0.85,-0.82,0.08,0.14,0.78,1
4032660161,2.05,-0.59,1.0,0.0,0.0,0
4032671083,3.08,3.28,0.12,0.4,0.48,0
4032675014,-1.37,0.66,0.0,0.99,0.0,1
4032700662,-1.73,1.78,0.0,1.0,0.0,1
4032872008,0.71,1.25,0.04,0.84,0.12,1
4032881709,-0.66,-1.04,0.82,0.02,0.15,2
4033013357,-0.66,-0.57,0.07,0.31,0.63,1
4033037614,1.43,0.87,0.83,0.05,0.11,2
4033197234,1.11,1.42,0.09,0.61,0.31,1
4033334160,-0.88,-0.89,0.1,0.08,0.82,2
4033427755,1.35,1.83,0.06,0.78,0.16,0
4033436124,2.61,2.92,0.08,0.6,0.32,1
4033630453,0.6,0.62,0.18,0.2,0.61,2
4033773005,-0.19,-1.14,0.96,0.01,0.03,0
4034212441,0.64,0.45,0.4,0.13,0.47,0
4034388587,-0.55,-0.06,0.03,0.85,0.12,1
4034641889,-0.91,-0.84,0.06,0.23,0.71,0
4034864381,-0.64,-0.18,0.03,0.83,0.14,1
4035086022,-0.44,1.84,0.0,1.0,0.0,1
4035202742,-0.42,-1.41,0.97,0.0,0.02,0
4035218664,1.34,-0.33,0.98,0.01,0.01,0
4035236076,1.62,-1.26,1.0,0.0,0.0,0
4035305068,1.82,-0.38,0.99,0.0,0.0,0
4035465604,-0.61,-0.16,0.03,0.83,0.14,2
4035474230,0.53,-1.91,1.0,0.0,0.0,0
4035494350,1.78,0.54,0.96,0.02,0.02,0
4035714797,-0.91,-0.9,0.08,0.1,0.82,2
4035783812,-0.74,-0.7,0.08,0.16,0.76,2
4035830377,-0.82,-0.86,0.16,0.07,0.77,2
4035872072,-0.73,-0.77,0.17,0.07,0.76,2
4035954597,-0.34,-0.33,0.13,0.14,0.73,2
4035957379,1.43,-0.13,0.98,0.01,0.01,0
4035999133,-0.84,-0.84,0.09,0.09,0.82,2
4036073207,-0.77,-0.17,0.02,0.88,0.09,1
4036240631,-0.82,-0.78,0.08,0.16,0.76,2
4036539444,0.95,3.2,0.0,1.0,0.0,1
4036605122,-0.71,-0.72,0.11,0.09,0.8,2
4036653586,0.44,-0.11,0.86,0.04,0.1,1
4036770933,-0.54,-0.54,0.12,0.11,0.78,2
4036839940,-0.61,-0.66,0.2,0.07,0.72,2
4036862906,2.52,2.52,0.19,0.14,0.67,2
4036996259,1.92,0.54,0.97,0.01,0.02,0
4037165975,-1.52,0.62,0.0,1.0,0.0,1
4037248871,0.72,0.98,0.1,0.54,0.36,1
4037310255,0.82,-1.02,0.99,0.0,0.01,0
4037326245,-1.76,0.54,0.0,1.0,0.0,1
4037337112,-1.0,-0.4,0.02,0.88,0.1,1
4037348203,-0.62,0.46,0.01,0.96,0.03,1
4037351516,1.66,-0.01,0.98,0.01,0.01,0
4037367727,-0.66,-0.64,0.09,0.13,0.78,2
4037414914,0.23,0.23,0.19,0.19,0.62,2
4037472079,-0.12,-0.58,0.86,0.03,0.12,2
4037510503,0.94,0.16,0.9,0.03,0.06,0
4037512865,-0.57,-1.07,0.89,0.01,0.1,0
4037514923,-1.51,-1.22,0.02,0.66,0.32,0
4037720854,1.12,-0.81,0.99,0.0,0.01,0
4037771306,-1.34,0.15,0.0,0.98,0.01,1
4037796431,-0.22,0.03,0.06,0.63,0.31,1
4037821596,-0.25,-1.03,0.94,0.01,0.05,0
4037838768,-1.27,-1.25,0.07,0.11,0.83,2
4037854465,0.87,1.74,0.02,0.94,0.04,1
4037896784,1.47,1.5,0.17,0.19,0.64,2
4037956605,-1.55,-1.04,0.01,0.84,0.15,1
4038071414,-0.98,-1.0,0.11,0.07,0.82,2
4038129922,-0.73,-0.81,0.27,0.06,0.67,2
4038205525,2.89,0.75,0.99,0.0,0.0,0
4038232582,0.53,1.26,0.02,0.91,0.06,1
4038403069,-1.05,1.2,0.0,1.0,0.0,1
4038542157,-1.83,0.89,0.0,1.0,0.0,1
4038698837,-1.52,-0.28,0.01,0.98,0.02,1
4038814053,-0.56,-0.69,0.44,0.06,0.51,0
4038996585,1.72,-0.09,0.99,0.01,0.01,1
4039023591,-0.8,-0.77,0.08,0.14,0.78,2
4039037544,0.49,-0.72,0.97,0.01,0.02,0
4039097308,0.15,1.72,0.01,0.98,0.01,1
4039157492,1.16,2.91,0.0,0.99,0.01,1
4039352019,-0.45,-0.52,0.27,0.08,0.65,2
4039389316,-0.7,-0.71,0.11,0.09,0.8,2
4039433387,-1.09,-0.8,0.03,0.71,0.27,2
4039589152,1.74,1.07,0.88,0.04,0.07,0
4039606892,-0.78,-0.78,0.09,0.09,0.81,2
4039622179,-0.99,-0.82,0.04,0.54,0.43,1
4039764984,-0.82,-0.89,0.23,0.06,0.71,0
4039797566,-0.41,-0.45,0.19,0.09,0.72,0
4039889294,0.47,-0.2,0.89,0.03,0.08,1
4039932605,-0.28,-0.57,0.73,0.04,0.23,0
4039958432,-0.77,-0.75,0.09,0.12,0.79,2
4040011663,-0.79,-0.79,0.09,0.09,0.81,1
4040034207,2.3,-0.61,1.0,0.0,0.0,0
4040098191,-0.94,-0.92,0.08,0.12,0.81,2
4040142607,2.28,0.44,0.99,0.01,0.01,0
4040232529,-0.54,-0.04,0.03,0.85,0.12,1
4040237800,2.12,0.81,0.96,0.02,0.02,0
4040265181,1.47,-1.13,1.0,0.0,0.0,0
4040265713,-0.85,-0.88,0.13,0.07,0.79,2
4040442048,0.71,1.24,0.04,0.83,0.13,0
4040574899,-1.4,-1.14,0.03,0.64,0.34,1
4040576313,-0.89,-0.89,0.09,0.09,0.82,2
4040627823,-0.67,-0.65,0.09,0.13,0.78,2
4040697626,-0.82,-0.82,0.09,0.09,0.82,2
4040852986,-1.02,1.11,0.0,0.99,0.0,1
4040887697,0.74,2.06,0.01,0.98,0.02,1
4040895591,1.28,0.61,0.88,0.04,0.08,0
4041124492,0.48,0.59,0.13,0.3,0.57,2
4041140657,-0.12,-0.38,0.64,0.06,0.3,0
4041145397,-0.78,-0.77,0.09,0.11,0.81,2
4041154848,-0.53,0.45,0.02,0.95,0.04,1
4041185419,-0.79,-0.78,0.09,0.11,0.81,2
4041236291,-0.64,-0.66,0.13,0.09,0.78,2
4041315135,-1.51,-1.48,0.06,0.11,0.83,2
4041395609,-1.4,-1.48,0.18,0.05,0.77,2
4041396983,-0.21,1.34,0.01,0.98,0.01,1
4041430665,-0.43,1.78,0.0,1.0,0.0,1
4041523237,-0.77,-0.8,0.14,0.08,0.78,2
4041561419,-1.06,-1.1,0.14,0.07,0.8,2
4041767324,0.04,0.05,0.17,0.18,0.65,0
4041802842,0.96,1.01,0.17,0.22,0.61,2
4041814344,-0.16,-0.04,0.1,0.36,0.55,0
4041819482,0.52,0.46,0.25,0.15,0.6,1
4041828630,-0.89,-0.82,0.06,0.23,0.7,2
4041977436,-0.84,-0.86,0.12,0.08,0.8,2
4041986216,-0.08,1.23,0.01,0.97,0.02,1
4042048905,-0.02,-1.73,1.0,0.0,0.0,0
4042303215,1.2,1.59,0.07,0.7,0.23,1
4042362085,-0.54,-0.47,0.08,0.25,0.67,2
4042415580,-1.42,-1.05,0.02,0.75,0.23,2
4042492519,-0.81,-0.82,0.11,0.09,0.81,2
4042569872,0.86,2.67,0.0,0.99,0.0,1
4042573683,-0.71,-0.7,0.09,0.11,0.8,2
4042591504,-0.84,-0.84,0.09,0.09,0.82,2
4042687081,-0.12,-0.42,0.71,0.05,0.24,0
4042796973,-0.66,1.41,0.0,0.99,0.0,1
4042871858,-0.07,1.92,0.0,0.99,0.0,1
4042976296,0.71,1.83,0.01,0.96,0.02,1
4043057480,1.93,-1.32,1.0,0.0,0.0,0
4043308662,1.99,0.23,0.99,0.01,0.01,0
4043341650,-0.41,-1.0,0.91,0.01,0.08,0
4043432553,-0.87,-0.87,0.09,0.09,0.82,2
4043530256,-0.76,-0.8,0.16,0.07,0.76,0
4043553788,-1.62,2.81,0.0,1.0,0.0,1
4043563905,-1.07,0.56,0.0,0.99,0.01,1
4043641914,-1.12,-1.12,0.08,0.09,0.83,0
4043725627,-0.73,0.5,0.01,0.97,0.02,1
4043756146,-1.7,2.61,0.0,1.0,0.0,1
4043811582,1.08,0.66,0.73,0.08,0.19,0
4043814928,1.02,-1.63,1.0,0.0,0.0,0
4043855521,-0.72,0.88,0.01,0.98,0.01,1
4043893939,0.46,0.46,0.2,0.19,0.62,2
4043914898,0.98,-0.1,0.95,0.02,0.04,0
4043916584,1.1,-0.82,0.99,0.0,0.01,0
4043963436,-1.47,0.16,0.0,0.99,0.01,1
4043979272,-0.77,-0.72,0.07,0.19,0.74,2
4044100027,2.27,-0.41,1.0,0.0,0.0,0
4044304990,-0.92,-0.76,0.04,0.51,0.45,2
4044358946,-1.73,0.89,0.0,1.0,0.0,1
4044366093,1.35,1.35,0.2,0.17,0.63,0
4044402455,-0.38,1.89,0.0,1.0,0.0,1
4044415496,2.53,-1.32,1.0,0.0,0.0,0
4044433720,-0.13,-1.05,0.96,0.01,0.03,0
4044446007,1.97,-0.61,1.0,0.0,0.0,0
4044500451,-0.21,-0.19,0.14,0.17,0.7,1
4044549037,-1.24,-0.25,0.01,0.96,0.03,1
4044607359,2.45,0.21,0.99,0.0,0.0,0
4044771762,-0.94,-0.92,0.08,0.12,0.81,2
4044795105,0.72,-0.4,0.96,0.01,0.03,0
4044854606,1.89,-0.15,0.99,0.0,0.0,0
4044965592,-0.87,-0.92,0.17,0.07,0.76,2
4045059583,2.25,-0.73,1.0,0.0,0.0,0
4045120520,-0.37,-0.37,0.14,0.12,0.74,2
4045170499,-0.76,-0.84,0.27,0.06,0.67,2
4045179456,-0.87,-0.88,0.1,0.08,0.82,2
4045200368,-0.79,0.87,0.01,0.99,0.01,1
4045247242,-0.65,-0.64,0.1,0.11,0.79,2
4045273718,0.14,2.09,0.0,0.99,0.0,1
4045282563,1.71,-1.84,1.0,0.0,0.0,0
4045386444,-1.14,0.76,0.0,0.99,0.0,1
4045543655,1.37,2.56,0.01,0.97,0.02,1
4045548167,2.23,0.63,0.98,0.01,0.01,0
4045609987,-0.38,0.75,0.01,0.96,0.03,1
4045668856,-1.3,-1.27,0.06,0.12,0.82,2
4045880660,-1.02,-0.98,0.07,0.15,0.78,2
4046037320,0.73,-1.51,1.0,0.0,0.0,0
4046213780,-0.55,-0.61,0.23,0.07,0.69,2
4046303274,-0.17,1.11,0.01,0.97,0.02,1
4046343687,-0.75,-0.73,0.09,0.12,0.79,2
4046356889,-0.74,-0.55,0.04,0.58,0.37,1
4046380392,2.22,1.82,0.72,0.07,0.21,2
4046405804,-1.45,-1.45,0.08,0.08,0.84,2
4046460269,-1.42,0.35,0.0,0.99,0.01,1
4046522289,0.75,-0.58,0.97,0.01,0.02,0
4046527902,0.77,-1.07,0.99,0.0,0.01,0
4046788336,0.57,0.37,0.42,0.12,0.46,0
4046891963,0.7,-1.28,1.0,0.0,0.0,0
4046915852,-1.14,-1.41,0.64,0.03,0.34,2
4046946008,-0.32,-0.54,0.61,0.05,0.33,0
4047203188,1.85,-1.22,1.0,0.0,0.0,0
4047310096,0.07,0.81,0.03,0.91,0.07,2
4047381155,0.95,0.46,0.8,0.06,0.14,0
4047417165,-0.5,-0.02,0.03,0.84,0.13,1
4047558886,0.7,0.47,0.47,0.12,0.41,2
4047574803,0.43,0.13,0.6,0.09,0.31,2
4047655767,-0.84,1.05,0.0,0.99,0.0,1
4047726749,-0.66,-0.64,0.09,0.13,0.78,2
4047759157,-0.58,-0.69,0.38,0.06,0.56,2
4047792589,2.66,0.74,0.99,0.01,0.01,0
4047907447,0.41,-0.85,0.98,0.01,0.02,0
4047933439,-0.69,-0.71,0.13,0.08,0.79,2
4047985431,-0.61,-0.98,0.82,0.02,0.16,0
4048018319,-1.45,0.55,0.0,0.99,0.0,1
4048193911,0.66,0.94,0.09,0.58,0.33,2
4048233779,-1.15,-0.91,0.03,0.64,0.33,0
4048240841,-1.53,0.4,0.0,0.99,0.0,1
4048461804,-0.09,2.09,0.0,1.0,0.0,1
4048515968,0.57,0.34,0.47,0.12,0.41,2
4048519243,0.59,-0.02,0.87,0.04,0.09,0
4048538949,0.55,0.48,0.26,0.15,0.59,2
4048607986,2.14,-1.45,1.0,0.0,0.0,0
4048682603,-1.43,-1.2,0.03,0.59,0.39,2
4048739775,2.64,2.61,0.21,0.13,0.66,2
4048768709,-0.78,-0.77,0.09,0.11,0.81,2
4048769350,2.12,-1.76,1.0,0.0,0.0,0
4048845646,-0.62,-0.59,0.09,0.15,0.76,1
4048981921,-0.35,-0.4,0.22,0.09,0.69,2
4048986281,-1.13,0.09,0.01,0.97,0.02,1
4049161728,0.93,0.67,0.51,0.12,0.37,0
4049178333,-0.73,-0.84,0.37,0.06,0.58,0
4049361187,-0.84,-0.22,0.02,0.89,0.09,1
4049731998,-0.95,0.47,0.01,0.98,0.01,1
4049828196,-0.41,-0.27,0.07,0.44,0.49,2
4050059646,0.73,-1.52,1.0,0.0,0.0,0
4050061319,0.86,1.08,0.11,0.47,0.42,0
4050068177,-0.84,-0.8,0.07,0.16,0.77,2
4050137843,-1.18,-1.02,0.04,0.49,0.47,1
4050178287,-0.54,1.36,0.0,0.99,0.0,1
4050184875,2.91,0.04,1.0,0.0,0.0,0
4050344002,0.26,-1.84,1.0,0.0,0.0,0
4050433326,-0.89,-0.89,0.09,0.09,0.82,2
4050469206,0.1,0.13,0.16,0.21,0.63,2
4050474617,0.61,0.07,0.84,0.05,0.11,0
4050512472,-0.73,-0.74,0.11,0.09,0.8,2
4050521717,-0.67,-0.96,0.76,0.03,0.22,0
4050666589,-0.65,-1.12,0.88,0.02,0.11,0
4050835277,0.75,0.23,0.83,0.05,0.12,0
4050835697,0.73,-1.03,0.99,0.0,0.01,0
4051013480,-0.8,-0.84,0.16,0.07,0.77,2
4051143214,0.96,0.36,0.85,0.05,0.1,0
4051224269,-0.73,-0.7,0.08,0.14,0.77,2
4051272853,1.5,-1.8,1.0,0.0,0.0,0
4051273578,-0.84,-0.81,0.08,0.14,0.78,2
4051295897,0.27,0.45,0.11,0.44,0.46,1
4051336090,1.18,-1.06,1.0,0.0,0.0,0
4051351230,-0.42,-1.37,0.97,0.0,0.03,0
4051387333,-0.89,-0.04,0.01,0.94,0.05,1
4051474676,-0.59,-0.89,0.77,0.03,0.2,0
4051511627,-0.05,0.03,0.12,0.27,0.61,2
4051591662,-1.44,-1.37,0.05,0.19,0.76,1
4051687690,-0.82,-0.81,0.09,0.1,0.81,2
4051756036,-1.0,-0.68,0.03,0.74,0.23,2
4051770283,-0.77,-0.76,0.09,0.11,0.8,2
4051863306,-0.27,-0.62,0.8,0.03,0.17,2
4051914203,0.61,-0.72,0.98,0.01,0.02,0
4051974491,-1.66,2.09,0.0,1.0,0.0,1
4052060304,-1.42,0.95,0.0,1.0,0.0,1
4052129507,1.16,1.52,0.08,0.67,0.25,2
4052351480,-0.41,-0.26,0.07,0.47,0.46,1
4052401770,-0.41,-0.52,0.38,0.07,0.55,2
4052479220,-0.98,-0.98,0.09,0.09,0.82,0
4052483883,-1.05,0.59,0.0,0.99,0.01,1
4052496374,-0.57,0.76,0.01,0.97,0.02,1
4052505155,-0.59,-0.32,0.04,0.67,0.28,1
4052506220,-1.16,1.04,0.0,1.0,0.0,1
4052512507,-0.71,-0.82,0.37,0.06,0.57,0
4052570912,-0.47,-0.47,0.13,0.11,0.76,2
4052820478,-0.33,-0.33,0.14,0.13,0.73,1
4052995312,0.42,-0.03,0.81,0.05,0.14,0
4053039316,1.41,2.03,0.03,0.87,0.09,1
4053137844,0.87,-0.74,0.99,0.0,0.01,0
4053174311,-0.25,-0.25,0.15,0.14,0.71,2
4053213331,0.45,1.27,0.02,0.93,0.05,1
4053234109,-0.13,-1.05,0.96,0.01,0.03,0
4053274200,1.07,-0.46,0.98,0.01,0.01,0
4053344098,-0.75,-0.73,0.09,0.12,0.79,2
4053421986,0.95,-0.84,0.99,0.0,0.01,0
4053465269,2.91,2.67,0.48,0.07,0.45,2
4053489776,-0.01,0.82,0.02,0.92,0.05,1
4053508717,1.05,-0.61,0.99,0.0,0.01,0
4053620078,-0.73,-0.74,0.11,0.09,0.8,2
4053718229,1.62,0.16,0.97,0.01,0.02,0
4053754921,-1.62,1.62,0.0,1.0,0.0,1
4053765656,-1.12,-1.45,0.73,0.02,0.25,2
4053788084,0.6,0.63,0.17,0.21,0.61,1
4053798785,1.13,2.59,0.01,0.98,0.01,1
4053803884,0.43,-0.22,0.89,0.03,0.08,0
4053827366,-0.77,-0.77,0.1,0.09,0.81,2
4054067019,-0.73,-0.8,0.24,0.07,0.69,2
4054127885,-0.84,-0.84,0.09,0.09,0.82,2
4054186639,-0.51,0.77,0.01,0.97,0.02,1
4054528390,-1.27,0.25,0.0,0.99,0.01,1
4054598029,-0.78,-0.78,0.09,0.09,0.81,1
4054987426,-0.81,-0.73,0.06,0.27,0.67,1
4055019143,-0.37,-0.37,0.14,0.12,0.74,1
4055024634,-1.26,-1.2,0.06,0.18,0.76,2
4055034459,-0.68,-0.75,0.25,0.07,0.69,1
4055046483,-0.71,-0.73,0.13,0.08,0.79,2
4055091140,2.22,-1.45,1.0,0.0,0.0,0
4055094999,-0.4,1.77,0.0,1.0,0.0,1
4055103591,-0.77,-0.77,0.1,0.09,0.81,2
4055153883,1.87,2.3,0.06,0.75,0.19,2
4055368131,-1.18,1.41,0.0,1.0,0.0,1
4055439633,-0.5,-0.42,0.08,0.28,0.64,0
4055451894,-1.83,1.32,0.0,1.0,0.0,1
4055792717,-0.41,-0.33,0.09,0.27,0.64,1
4055929525,-0.64,-0.64,0.11,0.1,0.79,2
4055948609,-0.46,-0.46,0.13,0.11,0.76,1
4055993547,-0.79,-0.81,0.12,0.08,0.8,2
4056209120,-1.37,1.8,0.0,1.0,0.0,1
4056233941,-0.75,-1.26,0.89,0.01,0.1,0
4056235366,-0.07,-0.08,0.18,0.15,0.67,0
4056818558,0.66,-1.64,1.0,0.0,0.0,0
4056822588,-0.75,-0.77,0.13,0.08,0.79,2
4056837920,-0.35,-0.35,0.14,0.13,0.73,2
4057036105,-0.94,-0.94,0.09,0.09,0.82,2
4057101709,1.88,0.22,0.98,0.01,0.01,0
4057168440,2.48,0.26,0.99,0.0,0.0,0
4057316162,2.12,1.49,0.88,0.04,0.08,0
4057323709,-1.3,-1.3,0.08,0.08,0.84,0
4057381636,-1.34,1.66,0.0,1.0,0.0,1
4057409591,-0.58,-0.56,0.1,0.13,0.77,2
4057409656,-0.21,-0.76,0.89,0.02,0.09,0
4057421976,-0.64,0.68,0.01,0.97,0.02,1
4057457413,0.04,-0.99,0.97,0.01,0.03,0
4057464953,0.77,0.55,0.45,0.13,0.43,0
4057537896,-0.91,-0.89,0.08,0.12,0.8,2
4057549293,-0.15,0.35,0.04,0.84,0.13,1
4057605417,1.91,-1.36,1.0,0.0,0.0,0
4057607946,-0.74,-0.74,0.1,0.09,0.81,1
4057675455,-0.16,-1.03,0.95,0.01,0.04,2
4057799304,0.14,0.11,0.21,0.16,0.63,2
4057834944,-1.72,0.04,0.0,0.99,0.01,1
4057872650,1.62,-1.41,1.0,0.0,0.0,0
4058056382,-0.98,-0.21,0.01,0.93,0.06,1
4058180980,0.58,0.5,0.27,0.14,0.59,2
4058351985,-0.53,-0.53,0.12,0.11,0.78,2
4058368941,-1.12,2.59,0.0,1.0,0.0,1
4058502059,0.04,0.18,0.1,0.39,0.5,2
4058593594,0.25,1.05,0.02,0.92,0.05,1
4058634282,-0.82,-0.82,0.09,0.09,0.82,2
4058763114,0.17,-0.84,0.96,0.01,0.03,0
4059060632,1.69,1.11,0.85,0.05,0.1,0
4059079489,2.5,-0.71,1.0,0.0,0.0,0
4059085234,-0.47,-0.99,0.89,0.02,0.09,0
4059098498,-0.93,-0.73,0.04,0.6,0.37,1
4059145203,2.06,-1.72,1.0,0.0,0.0,0
4059162348,0.95,-1.72,1.0,0.0,0.0,0
4059291501,-0.18,0.72,0.02,0.93,0.05,1
4059350452,2.48,1.33,0.97,0.01,0.02,0
4059421911,0.07,-0.03,0.29,0.11,0.6,2
4059485874,-1.34,1.12,0.0,1.0,0.0,1
4059528552,1.3,2.06,0.02,0.92,0.06,1
4059672628,-0.95,0.64,0.01,0.99,0.01,1
4059688838,-0.67,-0.61,0.08,0.22,0.71,2
4059719747,1.32,1.38,0.15,0.22,0.63,2
4059781493,-0.69,-0.66,0.09,0.15,0.77,2
4060086226,-0.47,-0.47,0.13,0.11,0.76,2
4060273501,-1.1,0.43,0.01,0.98,0.01,1
4060365805,0.61,-0.87,0.98,0.0,0.01,0
4060437195,0.53,1.38,0.02,0.93,0.05,1
4060584450,1.07,0.38,0.88,0.04,0.08,0
4060612801,-0.93,-1.02,0.27,0.06,0.67,2
4060843990,-0.41,0.47,0.02,0.94,0.05,1
4060869737,1.45,-0.87,1.0,0.0,0.0,0
4060881132,-1.51,2.48,0.0,1.0,0.0,1
4060895689,-1.32,0.17,0.0,0.98,0.01,1
4061057284,1.14,0.43,0.88,0.04,0.08,0
4061113429,2.48,0.45,0.99,0.0,0.0,0
4061186081,-0.82,-0.84,0.12,0.08,0.8,2
4061196990,-0.64,-0.75,0.38,0.06,0.56,2
4061197664,1.34,0.74,0.85,0.05,0.1,0
4061215531,-0.81,-0.81,0.09,0.09,0.82,2
4061215878,-1.43,-1.4,0.06,0.11,0.82,2
4061250274,2.0,-1.59,1.0,0.0,0.0,0
4061254967,-0.82,-0.82,0.09,0.09,0.82,2
4061306673,1.6,2.03,0.06,0.74,0.19,1
4061397569,-0.13,-1.55,0.99,0.0,0.01,0
4061494428,-1.62,1.2,0.0,1.0,0.0,1
4061544551,0.17,0.23,0.15,0.24,0.62,2
4061569249,-0.45,-0.84,0.83,0.02,0.15,0
4061822979,-0.73,-0.71,0.09,0.12,0.79,2
4061955800,-1.84,-1.9,0.1,0.05,0.86,0
4061971615,2.61,2.62,0.18,0.15,0.67,2
4062081712,-0.89,-0.2,0.02,0.91,0.07,1
4062094580,-0.89,-0.82,0.06,0.23,0.7,1
4062341948,2.05,3.03,0.01,0.96,0.03,1
4062605905,-0.88,-0.84,0.07,0.16,0.77,2
4062610043,0.13,3.0,0.0,1.0,0.0,1
4062867867,-1.18,-0.05,0.01,0.97,0.02,1
4062915826,0.09,0.23,0.11,0.38,0.51,2
4063042700,-1.37,0.3,0.0,0.99,0.01,1
4063049298,-0.71,-0.7,0.09,0.11,0.8,0
4063054660,0.72,0.26,0.79,0.06,0.15,0
4063173127,-0.85,-0.81,0.07,0.16,0.77,1
4063211447,-0.85,-0.75,0.06,0.33,0.61,1
4063391506,-0.58,1.01,0.01,0.98,0.01,1
4063440163,-0.84,-1.22,0.82,0.02,0.16,1
4063536986,-0.75,-0.95,0.6,0.04,0.36,2
4063566496,0.21,0.19,0.21,0.17,0.62,2
4063596813,-1.21,0.13,0.01,0.98,0.02,1
4063666428,0.72,0.88,0.12,0.38,0.5,1
4063927795,-0.99,-0.28,0.02,0.91,0.07,0
4063955308,-0.49,-0.57,0.3,0.07,0.63,0
4064022794,-0.19,-0.25,0.23,0.1,0.67,1
4064066664,1.15,-0.08,0.96,0.01,0.03,0
4064153250,2.67,-0.46,1.0,0.0,0.0,0
4064229124,-0.24,-0.19,0.11,0.2,0.69,2
4064290570,-0.81,-0.65,0.05,0.52,0.44,1
4064308844,-1.61,0.99,0.0,1.0,0.0,1
4064333383,0.01,0.05,0.14,0.21,0.65,2
4064381909,-1.06,-0.8,0.03,0.67,0.3,1
4064452739,-0.56,-0.52,0.09,0.17,0.74,2
4064505549,-1.16,0.63,0.0,0.99,0.01,1
4064542548,-0.47,-0.41,0.09,0.22,0.69,2
4064600277,-0.95,1.88,0.0,1.0,0.0,1
4064626202,-0.89,-0.86,0.08,0.14,0.79,1
4064809354,-1.58,0.16,0.0,0.99,0.01,2
4064861548,-0.62,-0.57,0.08,0.19,0.73,1
4064909021,-0.77,-0.77,0.1,0.09,0.81,2
4065118456,2.78,0.68,0.99,0.0,0.0,0
4065135259,-0.56,-0.01,0.03,0.87,0.11,1
4065177322,-0.7,-0.72,0.13,0.08,0.79,0
4065387649,-0.98,-0.77,0.03,0.61,0.36,1
4065691466,-1.32,-1.01,0.02,0.71,0.27,1
4065726967,0.33,0.44,0.13,0.3,0.57,2
4065825171,0.57,-0.13,0.89,0.03,0.07,0
4065907330,0.34,-1.45,0.99,0.0,0.0,0
4065933547,-0.89,-0.89,0.09,0.09,0.82,2
4065969167,-1.15,-1.27,0.32,0.05,0.63,2
4066025469,-0.78,-0.74,0.08,0.16,0.76,0
4066102115,-0.85,2.05,0.0,1.0,0.0,1
4066251065,-1.12,-1.27,0.39,0.04,0.56,2
4066273229,0.62,-0.44,0.95,0.01,0.03,0
4066310512,-1.28,0.81,0.0,0.99,0.0,1
4066544432,-0.66,-1.25,0.92,0.01,0.07,0
4066623788,0.91,0.84,0.27,0.15,0.58,0
4066664576,-0.53,-0.54,0.13,0.1,0.77,2
4066676192,1.82,0.91,0.93,0.03,0.04,0
4066711865,-0.37,-0.37,0.14,0.12,0.74,2
4066714085,-1.84,-1.83,0.06,0.08,0.86,2
4066917963,-0.29,-1.24,0.97,0.01,0.03,0
4066925330,0.48,-1.04,0.99,0.0,0.01,0
4066946516,-0.35,-0.66,0.77,0.04,0.2,0
4066966573,-0.63,-0.55,0.07,0.28,0.65,2
4066970778,1.88,-0.61,1.0,0.0,0.0,0
4067277995,-0.72,-0.69,0.08,0.14,0.77,1
4067435535,1.84,2.7,0.02,0.94,0.04,1
4067497396,-0.34,-0.6,0.69,0.05,0.27,0
4067564939,1.09,0.9,0.4,0.13,0.48,0
4067822142,2.14,1.51,0.88,0.04,0.08,0
4067923097,-0.51,-0.54,0.17,0.09,0.75,2
4067924463,-0.54,-0.42,0.06,0.4,0.54,2
4067924655,-0.89,-0.49,0.03,0.8,0.18,1
4067948264,-0.51,-0.86,0.81,0.03,0.17,0
4067951191,-0.82,-0.85,0.14,0.08,0.79,2
4067980952,0.09,-0.02,0.3,0.11,0.59,1
4068011808,0.0,1.17,0.01,0.96,0.02,1
4068048209,0.41,1.3,0.02,0.94,0.04,1
4068113258,-0.84,-0.84,0.09,0.09,0.82,2
4068133411,1.44,-0.45,0.99,0.0,0.01,0
4068191778,-0.84,2.2,0.0,1.0,0.0,1
4068237004,-0.81,2.08,0.0,1.0,0.0,1
4068318584,-0.87,-0.8,0.06,0.23,0.7,1
4068382780,-1.8,-0.3,0.0,0.99,0.01,1
4068405144,-0.34,-0.94,0.91,0.01,0.07,0
4068453355,-1.3,-1.36,0.16,0.05,0.79,0
4068462598,-0.6,-0.87,0.73,0.03,0.23,0
4068467107,-0.59,-0.61,0.14,0.09,0.77,2
4068538780,0.08,0.08,0.18,0.18,0.64,0
4068615668,-1.3,0.84,0.0,1.0,0.0,1
4068621652,-0.86,-0.93,0.22,0.06,0.71,0
4068626656,-0.81,-0.82,0.11,0.09,0.81,2
4068649282,-0.78,0.54,0.01,0.97,0.02,1
4068697946,-0.86,-0.85,0.08,0.1,0.81,2
4068819961,-0.94,-0.93,0.08,0.1,0.82,2
4069118411,-0.63,-0.77,0.46,0.05,0.49,2
4069154160,-0.69,-0.74,0.19,0.07,0.73,2
4069259515,-1.84,0.95,0.0,1.0,0.0,1
4069451437,-0.71,-0.73,0.13,0.08,0.79,2
4069464511,-0.57,-0.33,0.05,0.64,0.31,1
4069512933,1.85,-0.85,1.0,0.0,0.0,0
4069681727,1.78,-1.13,1.0,0.0,0.0,0
4069693724,-1.26,-1.27,0.09,0.07,0.84,2
4069772273,-0.36,0.49,0.02,0.93,0.05,1
4069775959,0.55,-0.88,0.98,0.0,0.01,0
4069810402,2.27,0.7,0.98,0.01,0.01,0
4069846970,0.63,0.01,0.87,0.04,0.09,0
4070030042,-0.69,-0.69,0.1,0.1,0.8,0
4070087005,0.33,0.49,0.11,0.39,0.49,2
4070127844,-0.81,-0.8,0.09,0.1,0.81,2
4070148345,-0.77,-0.77,0.1,0.09,0.81,2
4070292061,1.15,-0.62,0.99,0.0,0.01,0
4070317979,-0.47,-0.41,0.09,0.22,0.69,1
4070378210,-0.65,-0.69,0.17,0.08,0.75,2
4070381359,-0.8,-0.84,0.16,0.07,0.77,2
4070389371,-0.88,-1.15,0.7,0.03,0.27,0
4070397160,-1.12,-1.31,0.48,0.04,0.48,0
4070397178,-0.86,-0.89,0.13,0.07,0.79,0
4070575319,-0.21,-1.45,0.98,0.0,0.01,0
4070638075,0.33,-0.58,0.94,0.01,0.04,0
4070660949,-0.44,-0.59,0.49,0.06,0.45,2
4070854847,0.61,1.46,0.02,0.94,0.04,1
4070915413,-0.58,-0.82,0.69,0.04,0.27,0
4070986027,0.1,-1.54,0.99,0.0,0.0,0
4071104243,-0.77,-0.77,0.1,0.09,0.81,2
4071119475,-0.84,-0.84,0.09,0.09,0.82,2
4071131918,0.05,0.97,0.02,0.94,0.04,1
4071205860,-0.14,-0.12,0.14,0.18,0.68,1
4071302322,0.16,-0.81,0.96,0.01,0.03,0
4071324754,-1.15,0.37,0.01,0.98,0.01,1
4071354424,-0.75,-0.0,0.02,0.92,0.06,1
4071399303,-1.44,-1.23,0.03,0.55,0.42,2
4071412508,2.33,0.28,0.99,0.0,0.0,0
4071414373,-0.86,-0.51,0.03,0.76,0.21,1
4071463415,0.78,0.06,0.89,0.03,0.07,0
4071485143,-0.71,-0.86,0.48,0.05,0.48,2
4071564983,0.25,-0.21,0.83,0.04,0.12,0
4071848956,-0.77,-0.75,0.09,0.12,0.79,2
4071858930,3.02,3.02,0.19,0.14,0.67,0
4071963515,0.41,-0.88,0.98,0.01,0.02,0
4072063393,-0.64,-0.62,0.09,0.13,0.78,2
4072067885,-0.61,-0.56,0.08,0.19,0.72,2
4072120154,-1.52,-1.13,0.02,0.76,0.23,1
4072215550,-0.78,-0.78,0.09,0.09,0.81,2
4072278251,-0.06,-0.37,0.71,0.05,0.23,0
4072383551,0.4,-1.39,0.99,0.0,0.0,0
4072399741,0.11,1.88,0.0,0.99,0.01,1
4072429268,2.47,-0.89,1.0,0.0,0.0,0
4072436549,-0.87,-0.85,0.08,0.12,0.8,2
4072472007,-1.6,-1.6,0.07,0.08,0.85,2
4072472324,-0.89,-0.87,0.08,0.12,0.8,1
4072554069,-0.73,-0.78,0.19,0.07,0.74,2
4073067681,-0.77,-0.76,0.09,0.11,0.8,2
4073106694,-1.11,-1.14,0.12,0.07,0.82,0
4073120635,2.44,-0.39,1.0,0.0,0.0,0
4073150371,-1.76,-1.52,0.03,0.53,0.45,2
4073271189,0.38,-0.1,0.83,0.05,0.12,0
4073321243,-0.56,-0.64,0.29,0.07,0.64,2
4073529170,-1.2,2.03,0.0,1.0,0.0,1
4073612080,0.66,-1.16,0.99,0.0,0.0,0
4073878241,1.2,0.68,0.81,0.06,0.13,0
4073900039,-0.82,-0.85,0.14,0.08,0.79,2
4074013397,-1.05,-1.05,0.09,0.09,0.83,0
4074145000,-0.36,-0.12,0.06,0.63,0.31,1
4074153625,2.7,0.86,0.99,0.01,0.01,0
4074258871,-0.89,-0.82,0.06,0.23,0.7,2
4074418385,-0.0,-1.03,0.97,0.01,0.03,0
4074558345,-0.82,-0.84,0.12,0.08,0.8,2
4074564166,-0.76,-0.77,0.11,0.09,0.8,2
4074601120,0.72,-1.04,0.99,0.0,0.01,0
4074652656,-0.48,0.19,0.02,0.9,0.08,1
4074714225,-0.06,0.7,0.02,0.91,0.06,1
4074834643,-0.32,1.51,0.0,0.99,0.01,1
4074946800,0.37,-0.6,0.95,0.01,0.04,0
4074949495,-0.88,-0.69,0.04,0.58,0.38,1
4075061105,-0.95,-0.06,0.01,0.95,0.04,1
4075075044,2.5,-0.23,1.0,0.0,0.0,0
4075143499,-0.68,-1.62,0.97,0.0,0.02,0
4075232777,-0.63,-0.66,0.15,0.08,0.76,2
4075360414,-1.69,-0.44,0.0,0.98,0.02,1
4075426844,-0.38,-0.45,0.27,0.08,0.65,2
4075431898,0.01,2.45,0.0,1.0,0.0,1
4075466007,-0.94,-1.01,0.21,0.06,0.73,2
4075592658,0.83,0.08,0.9,0.03,0.07,0
4075625241,0.81,-1.13,0.99,0.0,0.0,0
4075637719,-0.82,-0.74,0.06,0.27,0.67,1
4075780465,-1.16,-1.16,0.08,0.09,0.83,1
4075783992,-0.87,-0.87,0.09,0.09,0.82,0
4075842465,-1.02,-0.08,0.01,0.95,0.04,1
4075912059,-1.35,2.41,0.0,1.0,0.0,1
4075973488,-0.81,-0.82,0.11,0.09,0.81,2
4076008993,-1.48,0.3,0.0,0.99,0.01,1
4076009104,-0.18,-0.13,0.12,0.21,0.67,1
4076174668,-0.52,1.8,0.0,1.0,0.0,1
4076187205,-1.4,1.3,0.0,1.0,0.0,1
4076196775,-0.72,0.84,0.01,0.98,0.01,1
4076256883,-0.82,-0.84,0.12,0.08,0.8,2
4076376295,-0.91,-1.2,0.72,0.02,0.25,2
4076376538,-1.47,1.35,0.0,1.0,0.0,1
4076386318,1.17,0.46,0.88,0.04,0.08,0
4076577978,-1.08,2.12,0.0,1.0,0.0,1
4076601828,-0.45,-1.12,0.93,0.01,0.06,0
4076618505,1.34,-0.34,0.98,0.01,0.01,0
4076774888,0.53,-1.41,1.0,0.0,0.0,0
4076800112,0.96,0.57,0.7,0.08,0.21,0
4076800711,-0.01,-0.85,0.95,0.01,0.04,0
4077013702,-0.29,0.03,0.05,0.71,0.24,2
4077065687,0.64,0.68,0.17,0.22,0.61,0
4077100781,0.8,1.34,0.04,0.84,0.12,1
4077124495,-0.76,-0.73,0.08,0.14,0.78,2
4077131721,-0.77,-0.8,0.14,0.08,0.78,2
4077185203,-0.84,-0.84,0.09,0.09,0.82,2
4077413874,0.72,-0.92,0.99,0.0,0.01,0
4077499245,0.76,0.44,0.62,0.1,0.28,0
4077499967,2.56,1.25,0.97,0.01,0.01,0
4077678318,-0.82,2.02,0.0,1.0,0.0,1
4077714913,-1.49,0.62,0.0,1.0,0.0,1
4077730080,0.11,0.12,0.18,0.19,0.64,1
4077739421,-0.79,-0.56,0.04,0.64,0.32,1
4077762699,-0.5,-0.81,0.78,0.03,0.19,2
4077821307,-0.57,-0.76,0.58,0.05,0.37,2
4077898943,0.66,3.16,0.0,1.0,0.0,1
4077920554,0.3,-0.29,0.88,0.03,0.09,0
4077921339,0.22,0.24,0.17,0.2,0.62,1
4077941669,-0.56,1.85,0.0,1.0,0.0,1
4077971495,-1.02,0.34,0.01,0.98,0.02,1
4078009998,2.88,-0.72,1.0,0.0,0.0,0
4078309963,-0.77,-0.7,0.07,0.24,0.69,1
4078350528,1.21,1.21,0.2,0.18,0.62,1
4078358760,0.87,-1.22,1.0,0.0,0.0,0
4078370911,1.04,-0.77,0.99,0.0,0.01,0
4078380089,-0.52,-0.58,0.24,0.08,0.69,2
4078492268,-0.84,0.41,0.01,0.97,0.02,1
4078503906,2.22,1.06,0.96,0.02,0.02,0
4078525141,-0.96,-0.95,0.08,0.1,0.82,1
4078726534,-0.19,0.15,0.05,0.72,0.23,1
4078793729,-0.43,0.18,0.03,0.88,0.09,1
4078852249,2.12,0.65,0.97,0.01,0.01,0
4078984638,0.95,-0.58,0.98,0.01,0.01,0
4079034566,1.61,1.81,0.12,0.43,0.46,0
4079039865,0.92,-0.57,0.98,0.01,0.01,0
4079124970,0.06,-0.22,0.63,0.07,0.3,2
4079125667,-0.49,-1.15,0.93,0.01,0.06,0
4079157109,1.27,-1.64,1.0,0.0,0.0,0
4079188326,-0.27,0.8,0.02,0.95,0.03,1
4079331824,-0.84,-0.87,0.13,0.07,0.79,2
4079570273,-0.22,2.88,0.0,1.0,0.0,1
4079584112,-0.1,-0.03,0.12,0.25,0.63,2
4079697941,-0.3,0.34,0.03,0.89,0.09,0
4079746714,1.56,-0.52,0.99,0.0,0.0,0
4079795737,-1.27,0.23,0.0,0.98,0.01,1
4079806567,-0.7,-0.14,0.02,0.87,0.1,1
4079965318,-1.27,-1.13,0.04,0.42,0.54,2
4079996357,-0.11,2.12,0.0,1.0,0.0,0
4080278135,-0.67,0.07,0.02,0.92,0.06,1
4080374441,1.24,-1.24,1.0,0.0,0.0,0
4080538406,-0.28,-0.28,0.15,0.14,0.72,0
4080556155,0.7,-1.15,0.99,0.0,0.0,0
4080562510,-0.79,-0.81,0.12,0.08,0.8,2
4080672836,0.1,0.62,0.04,0.84,0.13,1
4080725843,-1.7,-1.01,0.01,0.9,0.09,1
4080772194,-0.16,-0.23,0.25,0.1,0.65,0
4080966544,0.25,1.66,0.01,0.98,0.01,1
4081002165,-0.67,-0.65,0.09,0.13,0.78,2
4081003227,-0.95,-0.95,0.09,0.09,0.82,2
4081010539,-1.2,-1.2,0.08,0.09,0.83,2
4081014185,-0.12,2.3,0.0,1.0,0.0,1
4081195569,1.34,1.84,0.05,0.8,0.15,1
4081196767,-0.77,0.28,0.01,0.96,0.03,1
4081376472,-0.5,-0.17,0.04,0.74,0.22,1
4081516440,-0.47,-1.11,0.92,0.01,0.06,0
4081623959,-0.41,-1.56,0.98,0.0,0.02,0
4081740913,-0.75,-0.87,0.39,0.05,0.55,0
4081786027,2.31,2.05,0.51,0.08,0.4,0
4081834430,0.5,0.7,0.11,0.45,0.44,1
4081980820,-0.58,-0.59,0.12,0.1,0.78,2
4082059339,-0.89,-0.89,0.09,0.09,0.82,2
4082093551,-0.67,-0.65,0.09,0.13,0.78,2
4082162907,1.62,0.86,0.9,0.04,0.06,0
4082226582,0.2,-0.79,0.96,0.01,0.03,0
4082445992,-0.35,-0.26,0.09,0.29,0.62,2
4082472423,-0.96,-1.27,0.74,0.02,0.24,2
4082533476,2.53,2.17,0.68,0.06,0.26,2
4082552010,-0.5,-0.61,0.38,0.06,0.55,2
4082559011,-0.62,-0.46,0.05,0.51,0.43,1
4082560358,-0.56,-0.59,0.16,0.08,0.75,2
4082687341,-0.87,-0.81,0.07,0.21,0.73,2
4082725784,-0.72,0.82,0.01,0.98,0.01,1
4082726233,-0.66,0.25,0.01,0.94,0.04,1
4082822557,0.19,-0.53,0.92,0.02,0.06,0
4082972737,0.28,-0.17,0.82,0.05,0.13,0
4083088339,1.56,1.27,0.55,0.1,0.35,0
4083114455,-0.18,-0.18,0.16,0.15,0.69,2
4083114958,0.85,0.28,0.85,0.05,0.11,2
4083166084,-0.75,0.08,0.02,0.93,0.05,1
4083182360,-1.0,-0.81,0.04,0.58,0.39,2
4083202175,-0.85,-0.82,0.08,0.14,0.78,2
4083236962,-1.14,-1.18,0.13,0.06,0.8,2
4083355146,-0.71,-0.76,0.19,0.07,0.74,2
4083368950,0.81,0.46,0.66,0.09,0.25,2
4083374067,1.02,1.2,0.12,0.4,0.48,2
4083508337,1.75,1.77,0.18,0.17,0.65,2
4083568916,-0.78,-0.82,0.16,0.07,0.77,2
4083764040,-0.58,-0.52,0.08,0.22,0.7,1
4083782894,-0.01,-1.34,0.99,0.0,0.01,0
4083823658,0.65,-0.61,0.97,0.01,0.02,0
4083891437,-0.67,-0.55,0.06,0.4,0.54,2
4083942348,-1.42,2.86,0.0,1.0,0.0,1
4084068108,1.26,0.71,0.83,0.06,0.11,2
4084232581,1.13,-1.12,1.0,0.0,0.0,0
4084265915,1.4,-0.5,0.99,0.0,0.01,0
4084335541,-1.24,1.02,0.0,1.0,0.0,1
4084385399,-0.85,-0.85,0.09,0.09,0.82,2
4084397960,0.85,-0.73,0.99,0.0,0.01,0
4084487286,1.41,0.03,0.97,0.01,0.02,0
4084628546,1.89,1.08,0.92,0.03,0.05,0
4084863508,1.05,1.77,0.02,0.91,0.07,1
4084937968,-0.73,-0.67,0.07,0.21,0.71,2
4084942674,-1.4,-1.93,0.88,0.01,0.11,0
4084981409,0.31,2.17,0.0,0.99,0.0,1
4084989836,-0.77,-0.73,0.08,0.16,0.76,2
4085125900,-0.89,-0.91,0.11,0.08,0.81,2
4085272835,-0.95,0.85,0.0,0.99,0.01,1
4085480576,-0.08,-0.16,0.27,0.11,0.63,2
4085672815,-0.85,0.43,0.01,0.97,0.02,1
4085769270,-1.43,0.87,0.0,1.0,0.0,1
4085773173,-0.87,0.31,0.01,0.97,0.02,1
4085797943,3.17,2.48,0.92,0.03,0.06,0
4085952889,-1.28,-1.17,0.04,0.33,0.63,1
4085995498,1.56,-0.86,1.0,0.0,0.0,0
4086036816,-0.12,0.68,0.02,0.92,0.06,1
4086099926,-0.2,-0.28,0.28,0.09,0.63,1
4086108665,-0.45,1.23,0.01,0.99,0.01,1
4086183252,1.94,1.18,0.91,0.03,0.05,0
4086234554,-0.57,-0.74,0.53,0.05,0.42,2
4086236987,-0.82,-0.84,0.12,0.08,0.8,2
4086373713,-1.44,-1.18,0.03,0.63,0.34,2
4086401818,2.17,0.57,0.98,0.01,0.01,0
4086753916,1.35,2.61,0.01,0.98,0.02,1
4086880504,-0.21,1.62,0.0,0.99,0.01,1
4086889425,-0.06,0.86,0.02,0.94,0.04,1
4086955482,1.26,-0.29,0.98,0.01,0.01,2
4087065530,-1.69,-0.27,0.0,0.98,0.01,1
4087098854,-0.71,-0.72,0.11,0.09,0.8,2
4087104834,-0.87,0.52,0.01,0.98,0.01,1
4087357623,0.56,2.17,0.01,0.99,0.01,1
4087397394,2.31,-1.0,1.0,0.0,0.0,0
4087636840,-0.87,-0.85,0.08,0.12,0.8,2
4087693311,2.34,0.12,0.99,0.0,0.0,0
4087834693,-0.66,-0.65,0.1,0.11,0.79,0
4087875964,0.52,-0.99,0.99,0.0,0.01,0
4087926491,-0.57,-0.57,0.11,0.11,0.78,2
4087986740,-0.9,-0.84,0.07,0.2,0.73,1
4088043430,0.11,0.14,0.16,0.21,0.63,2
4088072943,-0.87,-0.88,0.1,0.08,0.82,2
4088157285,-0.27,-1.34,0.97,0.0,0.02,0
4088281180,-0.82,-0.84,0.12,0.08,0.8,2
4088288439,-1.03,-1.05,0.11,0.07,0.82,2
4088505362,0.37,-0.15,0.85,0.04,0.11,0
4088517313,-0.88,-0.86,0.08,0.12,0.8,2
4088659010,-0.74,0.82,0.01,0.98,0.01,1
4088662247,1.94,2.08,0.13,0.32,0.55,1
4088719450,-0.91,-0.84,0.06,0.23,0.71,2
4088724607,0.78,0.99,0.11,0.46,0.43,1
4088780445,0.29,0.32,0.17,0.21,0.62,2
4089013414,-0.82,-0.84,0.12,0.08,0.8,2
4089120875,0.9,-0.55,0.98,0.01,0.01,0
4089251620,-1.31,2.67,0.0,1.0,0.0,1
4089495568,-1.72,0.82,0.0,1.0,0.0,1
4089945587,-0.22,0.54,0.02,0.91,0.06,1
4090010102,3.03,-0.49,1.0,0.0,0.0,0
4090062295,-1.13,0.19,0.01,0.98,0.02,1
4090092668,1.15,0.81,0.62,0.1,0.28,2
4090260143,-0.84,-0.82,0.08,0.12,0.8,2
4090314053,-1.38,-1.63,0.53,0.03,0.44,2
4090440655,2.0,0.41,0.98,0.01,0.01,1
4090473547,0.44,-1.12,0.99,0.0,0.01,0
4090534886,-1.34,0.2,0.0,0.99,0.01,1
4090566617,-0.13,-1.23,0.97,0.0,0.02,2
4090632724,-0.06,0.91,0.02,0.94,0.04,1
4090810850,0.34,0.9,0.04,0.85,0.11,1
4090896502,-1.66,-1.66,0.07,0.08,0.85,2
4090933992,-0.82,-0.81,0.09,0.1,0.81,1
4090984037,-0.92,-0.79,0.05,0.42,0.53,2
4091041232,0.38,0.32,0.25,0.15,0.6,2
4091095561,-0.13,0.65,0.02,0.92,0.06,1
4091096198,-1.28,0.89,0.0,1.0,0.0,1
4091115902,1.27,-0.54,0.99,0.0,0.01,0
4091135078,0.2,0.22,0.17,0.2,0.62,2
4091196013,-0.84,-0.82,0.08,0.12,0.8,2
4091197782,-0.61,-0.63,0.14,0.09,0.77,2
4091209556,1.74,1.45,0.56,0.09,0.35,2
4091277407,0.34,1.76,0.01,0.98,0.01,1
4091336545,-0.46,1.01,0.01,0.98,0.01,1
4091694775,-0.61,-0.2,0.03,0.81,0.16,1
4091717985,-0.79,-0.7,0.06,0.3,0.64,1
4091728499,-0.95,-0.95,0.09,0.09,0.82,1
4091795952,-0.75,-0.74,0.09,0.11,0.8,2
4091880241,-0.61,-0.61,0.11,0.1,0.79,2
4091912992,-1.03,-0.98,0.06,0.17,0.76,1
4091932308,0.48,-0.58,0.96,0.01,0.03,0
4092025142,0.2,-0.45,0.9,0.02,0.07,0
4092222587,-2.05,0.24,0.0,1.0,0.0,1
4092307011,0.81,-1.58,1.0,0.0,0.0,0
4092369049,-0.9,-0.49,0.03,0.8,0.17,1
4092404815,-0.38,-0.61,0.64,0.05,0.31,2
4092412559,-1.0,-1.0,0.09,0.09,0.82,2
4092504655,2.78,2.88,0.14,0.24,0.62,2
4092550162,1.23,-0.04,0.96,0.01,0.02,0
4092672341,-1.54,-0.67,0.01,0.94,0.05,1
4092785683,-0.1,-0.55,0.85,0.03,0.12,0
4092788359,1.05,-0.12,0.96,0.02,0.03,0
4092912288,-0.68,-0.18,0.03,0.85,0.12,1
4093033360,-0.86,-0.84,0.08,0.12,0.8,2
4093060432,1.12,-0.11,0.96,0.01,0.03,0
4093103379,-0.37,-0.37,0.14,0.12,0.74,0
4093105365,-1.17,-0.86,0.02,0.72,0.26,1
4093529631,-0.78,-0.82,0.16,0.07,0.77,0
4093550403,0.96,1.43,0.05,0.79,0.16,1
4093660961,-1.13,-1.01,0.05,0.37,0.58,2
4093666973,0.87,2.84,0.0,0.99,0.0,1
4093693593,1.27,-0.18,0.97,0.01,0.02,0
4093721585,-0.84,-0.61,0.04,0.64,0.32,1
4093729393,-0.8,-0.8,0.09,0.09,0.82,2
4093749582,-1.2,-1.41,0.51,0.03,0.46,2
4093789209,0.01,2.72,0.0,1.0,0.0,1
4093808504,-1.42,0.37,0.0,0.99,0.01,1
4093808630,-0.46,-0.71,0.7,0.04,0.26,0
4093864547,-0.28,-0.14,0.08,0.42,0.5,2
4093937346,1.24,1.12,0.31,0.13,0.56,0
4094043850,2.44,2.22,0.45,0.08,0.47,0
4094198877,-0.05,2.22,0.0,1.0,0.0,1
4094228206,1.54,0.13,0.97,0.01,0.02,0
4094258397,2.12,-1.3,1.0,0.0,0.0,0
4094422797,0.37,1.68,0.01,0.97,0.02,1
4094498349,-0.94,-0.11,0.01,0.94,0.05,0
4094540335,-1.01,-1.01,0.09,0.09,0.83,0
4094547137,-0.93,-0.94,0.1,0.08,0.82,2
4094548618,0.39,-1.04,0.99,0.0,0.01,0
4094552948,-0.56,-0.27,0.04,0.7,0.26,1
4094555127,-0.82,-0.84,0.12,0.08,0.8,1
4094654247,0.7,-1.36,1.0,0.0,0.0,0
4094696013,-0.84,-0.8,0.07,0.16,0.77,2
4094731783,1.99,-0.95,1.0,0.0,0.0,0
4094904805,-1.69,1.85,0.0,1.0,0.0,1
4095168073,-0.85,-0.79,0.07,0.21,0.73,1
4095242985,0.18,-0.15,0.69,0.07,0.24,0
4095312914,-0.67,-0.36,0.04,0.72,0.24,1
4095327252,-0.89,0.64,0.01,0.98,0.01,1
4095335222,-0.77,-0.77,0.1,0.09,0.81,2
4095397360,-0.82,-0.84,0.12,0.08,0.8,2
4095403192,-0.11,-0.63,0.88,0.02,0.1,0
4095499838,-1.33,-0.6,0.01,0.91,0.07,1
4095811089,-0.45,-0.77,0.78,0.03,0.19,2
4095813678,-0.29,1.4,0.01,0.99,0.01,1
4095827278,0.45,-0.38,0.93,0.02,0.05,0
4095832338,1.92,3.0,0.01,0.97,0.02,1
4095888653,-0.39,-0.57,0.55,0.06,0.39,0
4095943559,-0.87,-0.95,0.25,0.06,0.69,0
4095962422,1.07,1.8,0.02,0.91,0.06,1
4096038293,-1.2,1.44,0.0,1.0,0.0,1
4096219285,-0.75,-0.74,0.09,0.11,0.8,1
4096328722,1.94,1.94,0.19,0.15,0.66,2
4096360913,0.52,0.17,0.67,0.08,0.25,0
4096539808,-0.61,-0.5,0.06,0.37,0.56,2
4096560698,0.58,0.0,0.86,0.04,0.1,0
4096573801,-0.81,-0.82,0.11,0.09,0.81,2
4096600816,-0.41,-0.34,0.09,0.24,0.67,2
4096699897,-0.77,-1.55,0.96,0.01,0.04,0
4096719548,0.37,-0.6,0.95,0.01,0.04,0
4096724379,-0.43,-0.46,0.17,0.09,0.73,2
4096743503,1.4,-0.89,1.0,0.0,0.0,0
4096794633,0.12,-0.48,0.89,0.03,0.08,0
4096901104,-0.84,-0.84,0.09,0.09,0.82,1
4096916085,-0.78,-0.77,0.09,0.11,0.81,2
4097093071,-0.36,1.13,0.01,0.98,0.01,1
4097135081,-0.91,-0.86,0.07,0.18,0.75,2
4097165609,-0.35,-0.62,0.71,0.04,0.25,0
4097194276,0.51,0.89,0.06,0.72,0.22,1
4097384790,2.34,-0.46,1.0,0.0,0.0,0
4097394737,-0.44,0.21,0.02,0.89,0.08,1
4097497577,-0.71,-0.71,0.1,0.1,0.8,0
4097565880,-0.88,-0.92,0.15,0.07,0.78,2
4097595534,0.54,0.51,0.22,0.17,0.61,2
4097780779,0.1,2.89,0.0,1.0,0.0,1
4097865015,-0.01,-0.01,0.17,0.17,0.66,2
4097914243,0.68,-1.16,0.99,0.0,0.0,0
4098069257,-0.59,1.79,0.0,1.0,0.0,1
4098139581,-0.58,-0.38,0.05,0.59,0.36,2
4098148081,1.99,0.99,0.94,0.02,0.03,0
4098301496,-1.07,0.76,0.0,0.99,0.01,1
4098428963,0.0,0.03,0.15,0.2,0.65,2
4098483367,0.54,-0.88,0.98,0.0,0.01,0
4098613415,-0.84,-0.71,0.05,0.43,0.52,2
4098751925,-1.87,0.02,0.0,0.99,0.0,1
4099092030,-1.43,-1.44,0.08,0.07,0.84,2
4099097746,0.91,0.39,0.82,0.06,0.13,2
4099342173,-0.04,-0.07,0.2,0.14,0.66,2
4099367257,-1.66,-1.66,0.07,0.08,0.85,2
4099374315,-0.24,-0.4,0.47,0.07,0.46,2
4099420773,0.94,0.76,0.39,0.13,0.48,0
4099631286,0.94,-1.62,1.0,0.0,0.0,0
4099636883,-0.66,1.48,0.0,1.0,0.0,1
4099772054,2.03,1.49,0.84,0.05,0.11,0
4099810323,-1.09,0.45,0.01,0.98,0.01,1
4099816455,-0.81,-0.77,0.08,0.16,0.76,2
4099941913,0.78,-0.4,0.96,0.01,0.03,0
4099998699,-0.84,-0.81,0.08,0.14,0.78,2
4100033736,-0.03,1.59,0.01,0.99,0.01,1
4100115352,-1.9,1.24,0.0,1.0,0.0,1
4100456962,-0.51,-0.51,0.12,0.11,0.77,0
4100476656,-0.3,-0.82,0.89,0.02,0.09,0
4100548089,-0.96,-0.82,0.04,0.45,0.51,1
4100552897,-0.32,-0.52,0.57,0.06,0.37,0
4100726823,-1.1,-1.1,0.08,0.09,0.83,0
4100759070,-0.95,-0.02,0.01,0.95,0.04,1
4100807282,0.66,1.88,0.01,0.97,0.02,1
4100868572,-0.81,-0.37,0.03,0.82,0.15,1
4100873686,-0.86,-0.84,0.08,0.12,0.8,2
4100888320,-0.79,-0.81,0.12,0.08,0.8,2
4101012217,-1.31,0.61,0.0,0.99,0.0,1
4101016216,-0.03,0.57,0.03,0.87,0.1,1
4101209982,0.86,1.24,0.07,0.7,0.23,1
4101281465,-1.02,0.25,0.01,0.97,0.02,1
4101374004,-1.62,-1.62,0.07,0.08,0.85,2
4101748463,0.84,0.52,0.61,0.1,0.29,0
4101846822,0.26,0.33,0.14,0.24,0.61,0
4102024572,-0.78,-0.82,0.16,0.07,0.77,2
4102034882,1.07,-0.6,0.99,0.0,0.01,0
4102068466,-0.79,-0.77,0.08,0.12,0.79,1
4102128365,-0.1,-0.1,0.16,0.16,0.67,0
4102192667,-0.9,2.22,0.0,1.0,0.0,1
4102326018,-0.68,-0.65,0.09,0.15,0.77,2
4102359692,-1.35,-0.8,0.01,0.86,0.13,1
4102378551,-0.87,-0.5,0.03,0.78,0.19,1
4102433799,2.23,2.17,0.24,0.11,0.65,2
4102438679,1.68,0.02,0.98,0.01,0.01,0
4102514202,-0.5,-0.52,0.15,0.09,0.76,0
4102651200,-0.5,0.34,0.02,0.93,0.05,1
4102693162,-0.59,-0.58,0.1,0.11,0.78,0
4102737657,-1.43,-1.4,0.06,0.11,0.82,2
4102811066,-0.72,-0.19,0.02,0.86,0.12,1
4102812675,-1.3,2.27,0.0,1.0,0.0,1
4102846412,-0.54,-0.5,0.09,0.17,0.74,2
4102918499,-0.81,-0.84,0.14,0.08,0.79,2
4102945508,0.62,0.62,0.2,0.19,0.61,2
4102995253,-0.9,-0.95,0.17,0.07,0.76,2
4103012153,1.13,-0.95,0.99,0.0,0.0,0
4103178520,-1.39,2.55,0.0,1.0,0.0,1
4103317086,-0.54,-0.54,0.12,0.11,0.78,2
4103337351,1.18,1.25,0.15,0.23,0.62,2
4103556507,0.03,0.2,0.1,0.45,0.46,1
4103627700,0.35,-0.23,0.87,0.03,0.09,0
4103674443,-1.3,-0.03,0.01,0.98,0.02,1
4103698096,-0.74,-0.77,0.14,0.08,0.78,2
4103792382,-0.71,-0.72,0.11,0.09,0.8,2
4103865666,-0.84,-0.86,0.12,0.08,0.8,2
4103949290,-0.28,-0.28,0.15,0.14,0.72,0
4103967893,-1.32,1.81,0.0,1.0,0.0,1
4103989287,-0.87,-0.87,0.09,0.09,0.82,2
4104012231,0.44,0.51,0.14,0.24,0.61,2
4104260430,-0.37,-1.18,0.95,0.01,0.04,0
4104391452,0.15,0.15,0.19,0.18,0.63,2
4104569613,0.06,-0.52,0.89,0.02,0.08,0
4104600530,-0.73,-0.12,0.02,0.89,0.09,2
4104671898,-0.91,-1.0,0.27,0.06,0.67,2
4104783814,-1.03,0.82,0.0,0.99,0.01,1
4104796310,-1.27,-0.05,0.01,0.97,0.02,1
4104822338,-0.02,-0.95,0.96,0.01,0.03,0
4104842016,-0.75,-0.72,0.08,0.14,0.78,2
4104847949,-0.8,-0.84,0.16,0.07,0.77,2
4104987757,-0.68,-1.15,0.88,0.01,0.11,0
4105092067,0.22,0.04,0.41,0.11,0.48,0
4105246080,-1.76,0.52,0.0,1.0,0.0,1
4105253362,-0.66,-0.12,0.02,0.87,0.11,1
4105271336,1.07,0.11,0.93,0.02,0.04,0
4105386524,-0.9,-0.85,0.07,0.18,0.75,2
4105424726,1.51,-1.53,1.0,0.0,0.0,0
4105429804,-0.63,0.42,0.01,0.96,0.03,1
4105482687,0.58,2.05,0.01,0.98,0.01,1
4105625659,-0.52,1.61,0.0,0.99,0.0,1
4105649286,-0.27,-0.21,0.11,0.22,0.68,2
4105711032,-1.02,-1.04,0.11,0.07,0.82,2
4105714602,-0.8,1.13,0.0,0.99,0.0,1
4105963822,-0.1,0.87,0.02,0.94,0.04,1
4106014474,1.41,-0.5,0.99,0.0,0.01,0
4106054289,0.04,2.64,0.0,1.0,0.0,1
4106154680,-0.47,-0.46,0.12,0.12,0.76,2
4106369395,0.88,-0.54,0.98,0.01,0.02,0
4106386335,-0.89,-0.88,0.08,0.1,0.81,2
4106479562,-1.3,-0.19,0.01,0.97,0.03,1
4106551309,0.9,0.61,0.56,0.11,0.33,0
4106757710,-1.0,0.9,0.0,0.99,0.0,1
4106838621,-0.82,-0.79,0.08,0.14,0.78,2
4107108018,2.06,0.28,0.99,0.01,0.01,0
4107206748,0.51,0.79,0.08,0.6,0.32,1
4107388705,-0.3,-0.25,0.11,0.19,0.7,2
4107398402,-1.72,0.93,0.0,1.0,0.0,1
4107488050,0.79,-0.26,0.95,0.02,0.04,1
4107517082,-1.21,0.03,0.01,0.97,0.02,1
4107537042,3.03,-1.68,1.0,0.0,0.0,0
4107619765,-0.89,-0.89,0.09,0.09,0.82,2
4107801829,0.78,-0.49,0.97,0.01,0.02,0
4107915054,-1.23,1.3,0.0,1.0,0.0,1
4107925110,-0.71,-0.71,0.1,0.1,0.8,1
4108015523,0.76,-0.97,0.99,0.0,0.01,0
4108073171,-0.39,-0.89,0.88,0.02,0.1,0
4108135172,-0.96,-0.99,0.13,0.07,0.8,2
4108143800,2.31,-0.11,1.0,0.0,0.0,0
4108171981,0.63,0.64,0.19,0.2,0.61,2
4108404014,0.62,-0.2,0.92,0.03,0.06,0
4108438223,0.46,-1.0,0.99,0.0,0.01,0
4108489858,-0.51,-0.56,0.21,0.08,0.71,0
4108583237,-0.07,-0.09,0.19,0.14,0.67,2
4108636212,-0.17,0.98,0.01,0.96,0.03,1
4108684618,-1.81,1.96,0.0,1.0,0.0,1
4108698624,0.56,0.63,0.15,0.25,0.61,2
4108745700,0.62,-0.53,0.96,0.01,0.03,0
4108794998,-0.13,-0.35,0.57,0.07,0.36,2
4108837346,0.18,-0.13,0.66,0.07,0.27,2
4108843698,1.48,1.01,0.78,0.07,0.15,0
4108911575,-0.57,-0.54,0.09,0.15,0.76,1
4108925044,-0.99,0.23,0.01,0.97,0.02,1
4109034876,-1.51,1.0,0.0,1.0,0.0,1
4109051050,-0.79,0.94,0.0,0.99,0.01,1
4109184216,-0.23,0.38,0.03,0.88,0.09,1
4109222940,-1.08,-1.2,0.34,0.05,0.61,0
4109223974,1.96,-0.52,1.0,0.0,0.0,0
4109494475,-1.48,-1.02,0.02,0.81,0.17,2
4109534513,-0.82,-0.84,0.12,0.08,0.8,1
4109574720,-0.01,0.89,0.02,0.93,0.05,1
4109588332,-0.75,2.11,0.0,1.0,0.0,1
4109605714,-0.66,-0.97,0.77,0.03,0.2,0
4109711883,-0.65,-1.6,0.97,0.0,0.02,0
4109918573,0.29,-1.31,0.99,0.0,0.01,0
4109942794,-0.66,-0.78,0.4,0.06,0.54,0
4109967894,0.09,2.42,0.0,1.0,0.0,1
4110214004,2.05,-1.83,1.0,0.0,0.0,0
4110243756,-0.16,-0.2,0.2,0.12,0.69,2
4110374894,-0.88,-0.79,0.06,0.29,0.65,2
4110439388,3.17,2.91,0.52,0.07,0.41,1
4110463091,-0.06,0.58,0.03,0.88,0.09,1
4110556646,1.18,1.1,0.27,0.14,0.59,2
4110616793,1.24,0.07,0.95,0.02,0.03,0
4110680169,-0.21,0.08,0.06,0.67,0.27,1
4110719422,0.82,-1.27,1.0,0.0,0.0,0
4110731096,-0.51,-0.29,0.05,0.61,0.34,1
4110788775,-0.22,0.7,0.02,0.94,0.04,1
4111007555,-0.05,0.82,0.02,0.93,0.05,1
4111031334,1.11,1.31,0.12,0.43,0.45,1
4111092301,1.24,2.59,0.01,0.98,0.01,2
4111275186,-0.92,-0.09,0.01,0.94,0.05,1
4111510164,-1.05,-1.32,0.66,0.03,0.31,2
4111530926,-1.15,-1.05,0.05,0.31,0.64,0
4111595641,0.25,-1.35,0.99,0.0,0.01,0
4111622453,-0.79,-0.93,0.44,0.05,0.51,1
4111797815,-0.72,-0.68,0.08,0.17,0.75,2
4111887193,-0.66,-0.8,0.46,0.05,0.49,2
4112045435,-1.45,0.56,0.0,0.99,0.0,1
4112324019,-0.33,-0.33,0.14,0.13,0.73,2
4112349114,0.66,-0.25,0.93,0.02,0.05,0
4112400012,-0.49,0.48,0.02,0.95,0.04,1
4112596914,0.02,-0.95,0.96,0.01,0.03,0
4112601377,2.56,-0.21,1.0,0.0,0.0,0
4112666704,-0.06,-1.05,0.96,0.01,0.03,0
4112837100,-0.99,-0.96,0.07,0.13,0.8,0
4112996790,1.85,-0.91,1.0,0.0,0.0,0
4113027609,1.94,1.16,0.92,0.03,0.05,0
4113098387,-0.45,0.26,0.02,0.91,0.07,1
4113151185,-1.83,-0.82,0.01,0.96,0.04,1
4113352990,1.12,1.2,0.15,0.24,0.61,0
4113356199,-0.54,-0.48,0.08,0.22,0.7,2
4113534165,-1.47,-1.7,0.47,0.03,0.5,2
4113618432,1.16,-1.27,1.0,0.0,0.0,0
4113646048,0.39,1.8,0.01,0.98,0.01,1
4113656197,3.0,0.74,0.99,0.0,0.0,0
4113698135,-0.69,-0.63,0.07,0.22,0.71,2
4113734497,2.05,-1.42,1.0,0.0,0.0,0
4113767482,-0.14,-0.29,0.42,0.08,0.5,0
4113779533,1.91,-0.25,0.99,0.0,0.0,0
4113854293,1.28,-0.13,0.97,0.01,0.02,0
4113979630,-0.78,-0.19,0.02,0.88,0.1,1
4114068816,-0.5,1.55,0.0,0.99,0.0,1
4114090318,1.49,-1.35,1.0,0.0,0.0,0
4114149162,-0.57,1.16,0.0,0.99,0.01,1
4114179339,1.62,1.07,0.84,0.05,0.11,0
4114230697,-1.27,-1.38,0.27,0.05,0.68,2
4114264723,-0.2,-1.31,0.98,0.0,0.02,0
4114348953,-0.6,-0.77,0.53,0.05,0.42,2
4114449848,-0.13,1.06,0.01,0.96,0.02,1
4114599565,-0.91,-0.81,0.05,0.33,0.62,2
4114681906,0.04,1.23,0.01,0.96,0.02,1
4114759879,-0.76,-0.77,0.11,0.09,0.8,2
4114766683,-1.78,2.73,0.0,1.0,0.0,1
4114831581,-0.77,-0.77,0.1,0.09,0.81,2
4114870092,-1.16,2.59,0.0,1.0,0.0,1
4114932932,2.8,-0.14,1.0,0.0,0.0,0
4115102298,1.73,-0.33,0.99,0.0,0.0,0
4115105884,-0.74,-0.84,0.33,0.06,0.61,2
4115127058,-0.41,-0.41,0.13,0.12,0.75,2
4115176872,-0.4,-1.28,0.96,0.01,0.03,0
4115304967,-1.02,-0.74,0.03,0.7,0.27,1
4115361724,-0.21,-0.1,0.09,0.34,0.57,1
4115508178,-0.87,-0.87,0.09,0.09,0.82,2
4115648217,1.36,1.66,0.09,0.59,0.32,1
4115696626,2.12,2.45,0.08,0.63,0.29,1
4115739129,-0.12,1.47,0.01,0.98,0.01,1
4115776009,0.21,0.1,0.29,0.12,0.58,0
4115851147,0.81,0.82,0.19,0.2,0.61,2
4116134745,-0.73,-0.71,0.09,0.12,0.79,2
4116197018,-0.87,-0.87,0.09,0.09,0.82,2
4116284588,-0.76,-0.32,0.03,0.82,0.15,1
4116355423,0.77,0.54,0.47,0.12,0.41,2
4116435187,0.84,2.42,0.01,0.99,0.01,1
4116483260,-0.55,0.87,0.01,0.98,0.01,1
4116513754,-0.61,-0.69,0.29,0.07,0.65,0
4116639638,-0.77,-0.75,0.09,0.12,0.79,2
4116684181,-0.7,-0.12,0.02,0.88,0.1,1
4116783115,0.82,-0.85,0.99,0.0,0.01,0
4116825232,-0.19,-0.3,0.35,0.09,0.57,1
4116856726,-0.82,-0.81,0.09,0.1,0.81,2
4117050068,1.48,1.11,0.67,0.09,0.25,2
4117063982,-0.81,-0.77,0.08,0.16,0.76,0
4117226385,-1.71,1.3,0.0,1.0,0.0,1
4117226597,-0.57,-0.08,0.03,0.85,0.12,1
4117283513,1.04,1.88,0.02,0.94,0.04,1
4117427035,1.82,-0.1,0.99,0.0,0.01,0
4117476760,0.09,1.46,0.01,0.98,0.02,1
4117581194,-0.74,-0.77,0.14,0.08,0.78,2
4117589633,-0.48,-1.8,0.99,0.0,0.01,0
4117670614,-1.1,0.95,0.0,0.99,0.0,1
4117694850,-0.76,-0.77,0.11,0.09,0.8,2
4117750753,1.61,-0.61,0.99,0.0,0.0,0
4117754350,2.83,0.03,1.0,0.0,0.0,0
4117758636,-0.79,-0.78,0.09,0.11,0.81,2
4117846084,1.17,-0.36,0.98,0.01,0.01,0
4117861351,0.92,-0.05,0.93,0.02,0.04,0
4117977656,0.29,1.05,0.02,0.92,0.06,2
4118217043,1.39,2.05,0.03,0.89,0.08,1
4118286669,-0.77,-0.76,0.09,0.11,0.8,2
4118304709,1.66,-1.12,1.0,0.0,0.0,0
4118374483,-0.8,-0.8,0.09,0.09,0.82,2
4118424631,-0.89,-0.86,0.08,0.14,0.79,1
4118544763,-0.99,1.15,0.0,0.99,0.0,1
4118665458,-0.85,-0.82,0.08,0.14,0.78,2
4118695428,-0.71,-0.26,0.03,0.83,0.15,1
4118786843,-0.32,0.19,0.03,0.85,0.12,1
4118856695,-0.69,-0.05,0.02,0.9,0.08,1
4118911991,0.77,-1.63,1.0,0.0,0.0,0
4118946065,0.4,-0.3,0.9,0.03,0.07,2
4118954991,1.52,-1.74,1.0,0.0,0.0,0
4119023883,-0.94,-1.12,0.51,0.04,0.45,0
4119064431,-1.7,1.66,0.0,1.0,0.0,1
4119202219,-0.62,-0.66,0.18,0.08,0.74,2
4119218456,-0.81,-0.76,0.07,0.18,0.74,2
4119318788,-1.33,-1.23,0.05,0.29,0.66,2
4119516251,0.44,0.46,0.18,0.2,0.62,0
4119571986,1.81,3.05,0.01,0.98,0.01,1
4119728891,-0.66,-0.74,0.28,0.07,0.65,2
4119871729,0.09,-0.93,0.96,0.01,0.03,0
4120053204,-0.19,-0.19,0.16,0.15,0.69,2
4120106093,-0.9,-1.17,0.7,0.03,0.28,0
4120106148,-0.28,-0.28,0.15,0.14,0.72,1
4120217174,-0.37,0.44,0.02,0.93,0.05,1
4120365540,1.77,-1.06,1.0,0.0,0.0,0
4120549802,-1.06,-1.05,0.08,0.1,0.82,2
4120631279,-0.98,2.31,0.0,1.0,0.0,1
4120702809,-0.84,-0.79,0.07,0.18,0.75,2
4120734066,-0.84,-0.82,0.08,0.12,0.8,2
4120802048,1.54,0.05,0.98,0.01,0.01,0
4120859604,-0.17,0.21,0.05,0.75,0.2,1
4120866439,-1.05,-0.04,0.01,0.96,0.03,1
4120965643,-0.76,-0.73,0.08,0.14,0.78,0
4120973398,-0.65,0.77,0.01,0.98,0.01,1
4121028686,1.12,-0.39,0.98,0.01,0.01,0
4121049913,-0.62,1.15,0.0,0.99,0.01,1
4121163290,-0.19,-0.21,0.17,0.13,0.7,2
4121175672,-0.08,-0.82,0.93,0.01,0.05,0
4121255919,-1.62,0.08,0.0,0.99,0.01,1
4121269481,-0.17,0.32,0.04,0.83,0.13,1
4121315843,-0.68,-0.66,0.09,0.13,0.78,2
4121342747,-0.62,-1.03,0.84,0.02,0.14,0
4121373088,-1.26,1.59,0.0,1.0,0.0,1
4121537886,-0.77,-0.74,0.08,0.14,0.78,2
4121651943,-0.87,-0.85,0.08,0.12,0.8,2
4121719051,1.32,-0.27,0.98,0.01,0.01,0
4121735287,1.42,-1.46,1.0,0.0,0.0,0
4121838459,0.68,-0.29,0.94,0.02,0.04,0
4121920275,-1.34,-1.47,0.3,0.04,0.66,0
4121969664,1.52,2.05,0.05,0.82,0.13,1
4121982145,0.19,1.23,0.02,0.95,0.03,1
4122082885,1.82,-1.64,1.0,0.0,0.0,0
4122162081,-0.03,0.04,0.12,0.25,0.63,2
4122205000,0.23,0.81,0.03,0.86,0.1,1
4122574820,1.6,-0.68,1.0,0.0,0.0,0
4122634548,-0.81,-0.81,0.09,0.09,0.82,2
4122708799,-0.66,-0.32,0.04,0.75,0.21,2
4122709252,-0.5,2.48,0.0,1.0,0.0,1
4123020590,-0.73,-0.82,0.3,0.06,0.64,0
4123077977,-0.7,0.93,0.01,0.99,0.01,1
4123092383,-1.33,2.83,0.0,1.0,0.0,1
4123099103,1.23,-1.41,1.0,0.0,0.0,0
4123099272,-0.97,-0.71,0.03,0.68,0.29,1
4123179092,0.75,0.71,0.24,0.16,0.6,2
4123270995,-0.87,-0.69,0.04,0.57,0.39,1
4123448778,-1.8,1.83,0.0,1.0,0.0,1
4123649389,0.7,-0.19,0.93,0.02,0.05,0
4123668526,-0.68,-0.67,0.09,0.11,0.8,2
4123697601,1.27,2.08,0.02,0.93,0.05,1
4123732069,-1.04,1.58,0.0,1.0,0.0,1
4123746080,-0.94,1.12,0.0,0.99,0.0,1
4123793861,1.23,-0.65,0.99,0.0,0.01,0
4123823913,-0.14,1.41,0.01,0.98,0.01,1
4123964154,-1.05,-0.94,0.05,0.35,0.6,0
4124033072,0.76,0.77,0.19,0.2,0.61,1
4124286259,-0.84,-0.84,0.09,0.09,0.82,2
4124343614,-0.45,-1.22,0.95,0.01,0.04,0
4124382311,1.71,0.84,0.92,0.03,0.05,0
4124384200,-0.61,-0.41,0.05,0.59,0.36,2
4124430166,-0.39,-0.38,0.13,0.13,0.74,2
4124521528,-0.34,2.72,0.0,1.0,0.0,1
4124641753,-1.58,-0.15,0.0,0.98,0.01,1
4124644292,-0.08,0.46,0.03,0.85,0.11,1
4124791570,-0.78,-0.59,0.04,0.59,0.37,0
4124992462,0.71,-1.39,1.0,0.0,0.0,0
4125029023,1.82,0.39,0.97,0.01,0.02,0
4125061563,-0.33,-0.3,0.12,0.16,0.72,1
4125066637,-1.45,0.59,0.0,0.99,0.0,1
4125075530,-1.49,-0.66,0.01,0.93,0.06,1
4125084697,0.15,0.15,0.19,0.18,0.63,0
4125104329,-0.8,-0.82,0.12,0.08,0.8,2
4125195101,0.2,-0.27,0.84,0.04,0.12,0
4125252649,0.78,1.62,0.02,0.94,0.04,1
4125484124,0.6,0.45,0.34,0.13,0.52,0
4125594232,-0.54,0.2,0.02,0.92,0.06,2
4125661075,-0.4,0.2,0.03,0.88,0.09,2
4125944554,-0.66,-0.18,0.03,0.84,0.13,1
4125998331,0.13,0.16,0.16,0.21,0.63,0
4126005064,2.45,0.24,0.99,0.0,0.0,0
4126006585,-1.25,1.75,0.0,1.0,0.0,1
4126109433,-0.44,1.68,0.0,0.99,0.0,1
4126281991,-0.61,-0.5,0.06,0.37,0.56,2
4126410932,-0.89,-0.84,0.07,0.18,0.75,2
4126481629,-0.69,-0.54,0.05,0.49,0.46,2
4126503902,0.07,-1.26,0.99,0.0,0.01,0
4126612761,0.01,2.97,0.0,1.0,0.0,1
4126761898,-0.74,-0.73,0.09,0.11,0.8,2
4126794935,-0.89,-0.54,0.03,0.76,0.21,1
4127035740,1.55,0.42,0.95,0.02,0.03,0
4127100823,-0.76,-0.82,0.21,0.07,0.72,2
4127194932,1.6,0.79,0.91,0.03,0.06,0
4127375792,-0.75,-0.82,0.24,0.07,0.7,2
4127402581,-0.82,0.77,0.01,0.98,0.01,1
4127459475,-0.5,-0.97,0.87,0.02,0.11,0
4127523028,-0.84,-0.74,0.06,0.33,0.61,2
4127535314,0.28,2.31,0.0,0.99,0.0,1
4127597432,0.68,-0.68,0.98,0.01,0.02,0
4127711303,-0.86,0.56,0.01,0.98,0.01,1
4127745008,-0.57,-0.2,0.04,0.78,0.19,1
4127980058,-0.69,-0.71,0.13,0.08,0.79,2
4127984183,-1.23,-0.14,0.01,0.97,0.03,1
4127989386,-1.93,0.76,0.0,1.0,0.0,1
4128018884,-0.19,-0.71,0.88,0.02,0.09,0
4128085873,-1.06,-0.95,0.05,0.35,0.6,1
4128193727,1.04,0.44,0.85,0.05,0.1,0
4128289626,0.95,-0.35,0.97,0.01,0.02,0
4128359480,-1.62,-1.4,0.03,0.52,0.45,2
4128604898,0.68,0.01,0.88,0.04,0.08,0
4128655203,-1.17,0.27,0.01,0.98,0.01,1
4128692796,-0.71,1.28,0.0,0.99,0.0,1
4128721971,-0.82,-0.88,0.2,0.07,0.73,2
4128746334,2.97,1.81,0.97,0.01,0.01,0
4128761484,-0.34,-0.34,0.14,0.13,0.73,2
4128769631,-0.88,-0.84,0.07,0.16,0.77,2
4128839620,2.2,1.08,0.96,0.02,0.02,0
4128953041,-0.82,-0.75,0.07,0.24,0.7,2
4129127269,1.03,-0.95,0.99,0.0,0.0,0
4129500606,-0.93,-0.87,0.06,0.2,0.73,2
4129570490,-0.67,0.12,0.02,0.93,0.06,1
4129600660,0.56,1.0,0.05,0.77,0.18,1
4129765973,-0.36,-0.66,0.75,0.04,0.21,0
4129795093,1.09,0.68,0.72,0.08,0.2,0
4130069713,-0.54,-1.04,0.89,0.02,0.1,0
4130156980,-1.13,-0.49,0.02,0.89,0.09,1
4130164025,-0.33,-0.34,0.15,0.12,0.73,0
4130261941,0.47,-0.47,0.94,0.02,0.04,0
4130328444,1.3,-0.84,0.99,0.0,0.0,0
4130351079,0.78,0.95,0.12,0.39,0.49,2
4130402713,-0.75,-0.76,0.11,0.09,0.8,2
4130418750,-1.03,-1.21,0.49,0.04,0.48,1
4130444697,0.24,-0.14,0.76,0.06,0.18,0
4130489037,-0.9,-0.89,0.08,0.1,0.81,2
4130590499,-0.35,-1.15,0.95,0.01,0.04,0
4130620953,-0.31,0.4,0.02,0.91,0.07,1
4130649904,0.57,-0.17,0.9,0.03,0.07,0
4130660098,-0.84,-0.81,0.08,0.14,0.78,0
4130752406,-0.78,-0.76,0.08,0.12,0.79,2
4130974375,-0.04,-1.31,0.98,0.0,0.01,0
4130977833,0.15,1.54,0.01,0.98,0.01,1
4130989758,-0.75,-0.82,0.24,0.07,0.7,0
4130990586,-0.78,-1.95,0.99,0.0,0.01,0
4131135985,-0.04,-1.3,0.98,0.0,0.01,0
4131215878,-0.37,1.37,0.0,0.99,0.01,1
4131345014,-0.88,-0.89,0.1,0.08,0.82,1
4131378465,-1.17,-1.05,0.04,0.37,0.59,1
4131504049,-0.54,0.57,0.01,0.96,0.03,1
4131605067,-0.89,-0.89,0.09,0.09,0.82,2
4131647075,-1.53,-0.31,0.01,0.98,0.02,1
4131712886,0.39,-0.48,0.94,0.02,0.05,0
4131751766,1.08,0.96,0.31,0.13,0.55,1
4131770726,-1.47,-0.17,0.01,0.98,0.02,1
4131884646,-0.61,-0.59,0.09,0.13,0.78,2
4131908326,0.15,0.38,0.09,0.54,0.37,1
4132252590,2.66,0.54,0.99,0.0,0.0,0
4132714299,-0.76,-0.77,0.11,0.09,0.8,2
4132714818,3.05,1.33,0.99,0.01,0.01,0
4132779342,-0.76,-0.71,0.07,0.19,0.74,2
4132901423,-1.27,2.23,0.0,1.0,0.0,1
4132906941,0.78,-0.92,0.99,0.0,0.01,0
4132909425,-0.7,-0.84,0.45,0.05,0.5,0
4132922382,0.55,-1.12,0.99,0.0,0.01,0
4132965176,-0.92,-0.56,0.03,0.77,0.2,1
4132995526,0.88,-0.85,0.99,0.0,0.01,0
4132997135,-0.33,-0.78,0.86,0.02,0.12,0
4133023437,-0.3,-0.3,0.15,0.13,0.72,0
4133103340,1.01,1.13,0.14,0.3,0.56,2
4133162476,-1.25,-1.03,0.03,0.61,0.37,2
4133230887,-1.13,-0.99,0.04,0.44,0.52,1
4133332508,-0.82,-0.63,0.04,0.59,0.37,1
4133561971,-0.77,-0.55,0.04,0.62,0.34,1
4133685563,0.2,-0.38,0.88,0.03,0.09,0
4133848483,-1.44,1.63,0.0,1.0,0.0,1
4133862104,1.49,-0.32,0.99,0.0,0.01,0
4133874409,0.0,0.32,0.06,0.68,0.26,0
4134007184,0.29,-1.28,0.99,0.0,0.01,0
4134011954,0.24,-0.95,0.98,0.01,0.02,0
4134035947,1.37,0.74,0.86,0.05,0.09,0
4134182999,-0.87,1.22,0.0,0.99,0.0,1
4134219738,1.17,0.12,0.94,0.02,0.04,0
4134258891,0.84,0.08,0.9,0.03,0.07,1
4134334285,-0.45,-0.65,0.6,0.05,0.35,0
4134427534,2.14,-0.17,1.0,0.0,0.0,0
4134650539,-1.71,1.05,0.0,1.0,0.0,1
4134667226,0.2,-0.18,0.76,0.06,0.18,0
4134691583,2.33,0.05,0.99,0.0,0.0,0
4134720014,1.52,1.55,0.17,0.19,0.64,2
4134755282,-0.99,-1.88,0.97,0.0,0.03,0
4134805500,-0.66,0.11,0.02,0.92,0.06,1
4134824796,1.73,1.8,0.15,0.22,0.64,0
4134879267,-0.76,-0.71,0.07,0.19,0.74,2
4135176728,-0.71,-0.78,0.24,0.07,0.69,2
4135218559,3.08,1.85,0.98,0.01,0.01,0
4135510849,-0.79,-0.8,0.11,0.09,0.81,2
4135529116,-0.89,-0.87,0.08,0.12,0.8,2
4135626469,0.08,1.23,0.01,0.96,0.03,1
4135713978,0.32,1.58,0.01,0.97,0.02,1
4135761275,-0.89,-0.89,0.09,0.09,0.82,2
4135766767,-0.61,-0.56,0.08,0.19,0.72,2
4135784562,0.44,-0.82,0.98,0.01,0.02,0
4135834094,-0.97,-0.97,0.09,0.09,0.82,2
4135871705,-0.98,1.92,0.0,1.0,0.0,1
4135911914,0.81,1.82,0.01,0.96,0.03,1
4136025247,-0.33,1.3,0.01,0.99,0.01,1
4136029347,-1.67,1.41,0.0,1.0,0.0,1
4136042924,2.22,2.39,0.12,0.37,0.51,0
4136079906,-0.74,-1.03,0.75,0.03,0.23,0
4136129928,0.71,-1.33,1.0,0.0,0.0,0
4136163860,-1.71,0.41,0.0,1.0,0.0,1
4136203848,-0.79,-0.75,0.08,0.16,0.76,1
4136258766,-0.37,-0.37,0.14,0.12,0.74,2
4136277994,-0.82,-0.82,0.09,0.09,0.82,2
4136468669,-1.2,-1.2,0.08,0.09,0.83,2
4136579783,-0.91,-0.91,0.09,0.09,0.82,2
4136587469,0.37,1.42,0.01,0.95,0.03,1
4136666407,-1.08,1.52,0.0,1.0,0.0,1
4136709444,1.04,-0.79,0.99,0.0,0.01,0
4136729998,-0.72,-0.73,0.11,0.09,0.8,2
4136785023,0.04,0.07,0.15,0.2,0.64,2
4136853169,1.11,-0.72,0.99,0.0,0.01,0
4136913504,-0.81,-0.82,0.11,0.09,0.81,2
4136972964,1.14,0.6,0.83,0.06,0.12,0
4137281042,-0.66,-0.8,0.46,0.05,0.49,0
4137293684,-1.69,2.11,0.0,1.0,0.0,1
4137302876,1.69,1.53,0.34,0.11,0.55,2
4137313476,-0.04,1.88,0.0,0.99,0.0,1
4137375897,1.91,1.11,0.92,0.03,0.05,0
4137405734,-0.0,0.6,0.03,0.87,0.1,1
4137441083,0.96,-1.5,1.0,0.0,0.0,0
4137472241,0.92,0.94,0.19,0.2,0.61,2
4137481105,-0.78,-0.8,0.12,0.08,0.8,2
4137592403,-0.57,-0.56,0.1,0.12,0.78,2
4137735612,-0.06,1.27,0.01,0.97,0.02,1
4137915882,-0.61,1.36,0.0,0.99,0.0,1
4137996970,-0.36,-0.1,0.06,0.65,0.29,1
4138006393,-0.73,-0.72,0.09,0.11,0.8,2
4138042189,0.1,2.08,0.0,0.99,0.0,1
4138179183,-0.74,1.73,0.0,1.0,0.0,1
4138182991,-0.81,-0.95,0.43,0.05,0.52,2
4138225869,-0.91,-0.9,0.08,0.1,0.82,2
4138368225,-1.65,0.02,0.0,0.99,0.01,1
4138400912,0.54,0.62,0.14,0.26,0.6,1
4138405412,-0.67,-0.68,0.12,0.09,0.79,2
4138422942,-1.39,0.11,0.0,0.99,0.01,1
4138616575,-1.09,0.22,0.01,0.98,0.02,1
4138739624,-0.94,-0.93,0.08,0.1,0.82,1
4138876538,-1.52,1.55,0.0,1.0,0.0,1
4138889838,1.48,1.55,0.15,0.22,0.63,2
4139064981,1.7,1.48,0.44,0.1,0.46,0
4139067879,-0.48,-0.23,0.05,0.65,0.3,0
4139140271,-0.65,-0.67,0.13,0.09,0.78,2
4139178952,0.84,-0.41,0.97,0.01,0.02,0
4139191738,-1.55,1.35,0.0,1.0,0.0,1
4139256941,0.71,0.53,0.39,0.13,0.48,2
4139605189,1.04,1.49,0.06,0.76,0.18,1
4139612279,0.66,1.61,0.02,0.95,0.04,1
4139631758,0.68,-0.84,0.98,0.0,0.01,0
4139642500,-0.89,-0.41,0.02,0.84,0.14,1
4139851842,-0.32,2.7,0.0,1.0,0.0,1
4139906326,-1.47,-1.46,0.07,0.09,0.84,2
4139914835,-0.36,0.88,0.01,0.97,0.02,1
4139960622,3.09,2.8,0.57,0.06,0.37,0
4140005530,-0.79,-0.81,0.12,0.08,0.8,2
4140079955,-0.58,0.79,0.01,0.98,0.02,1
4140200102,0.04,-0.24,0.64,0.07,0.29,0
4140393062,-0.81,-0.77,0.08,0.16,0.76,2
4140403334,-0.82,1.55,0.0,1.0,0.0,1
4140412752,1.62,1.62,0.19,0.16,0.64,2
4140547518,-0.81,-0.76,0.07,0.18,0.74,0
4140583498,0.09,-0.29,0.78,0.05,0.17,0
4140736007,-0.04,-0.11,0.25,0.11,0.64,0
4140781624,-0.8,-0.79,0.09,0.11,0.81,1
4140855493,-0.84,-0.82,0.08,0.12,0.8,2
4140919239,-0.8,0.16,0.01,0.95,0.04,1
4140956092,1.93,2.47,0.04,0.83,0.12,2
4141231081,-1.3,1.78,0.0,1.0,0.0,1
4141240228,0.51,0.02,0.83,0.05,0.12,0
4141355079,1.34,-0.1,0.97,0.01,0.02,0
4141357125,-0.27,-1.02,0.94,0.01,0.05,0
4141416656,0.78,0.02,0.9,0.03,0.07,0
4141418273,-0.64,-0.67,0.15,0.08,0.76,2
4141449051,-0.81,-0.95,0.43,0.05,0.52,2
4141607749,-1.3,-1.38,0.2,0.05,0.75,2
4141826723,-0.65,-0.32,0.04,0.74,0.22,1
4142060969,-0.89,-0.88,0.08,0.1,0.81,2
4142102782,0.13,2.2,0.0,0.99,0.0,1
4142243865,0.47,-0.39,0.93,0.02,0.05,2
4142344572,-0.89,-0.92,0.13,0.07,0.8,0
4142522243,0.82,0.86,0.17,0.22,0.61,2
4142528753,-0.84,-0.84,0.09,0.09,0.82,2
4142554835,-0.81,2.41,0.0,1.0,0.0,1
4142653457,-0.71,-0.17,0.02,0.86,0.11,1
4142692117,-0.81,-0.89,0.26,0.06,0.68,0
4142742635,-0.96,0.34,0.01,0.97,0.02,1
4143081279,0.14,-1.73,1.0,0.0,0.0,0
4143105715,-0.75,-0.78,0.14,0.08,0.78,2
4143181863,0.81,0.28,0.83,0.05,0.12,0
4143194920,-1.3,2.12,0.0,1.0,0.0,1
4143415875,-0.5,0.16,0.02,0.9,0.08,1
4143543088,-0.21,0.42,0.03,0.88,0.09,1
4143596807,0.62,1.26,0.03,0.88,0.08,1
4143638029,0.69,0.52,0.37,0.13,0.5,0
4143671482,0.15,0.67,0.04,0.83,0.13,1
4143673319,1.46,-0.39,0.99,0.0,0.01,0
4143835830,-0.23,-0.59,0.8,0.04,0.16,0
4143970976,-0.61,-0.69,0.29,0.07,0.65,2
4143998942,-0.72,-0.77,0.19,0.07,0.74,0
4144092616,-0.89,-0.9,0.1,0.08,0.82,2
4144115042,0.63,1.27,0.03,0.88,0.09,1
4144153945,-0.42,0.0,0.04,0.81,0.15,1
4144166469,-0.49,2.14,0.0,1.0,0.0,1
4144301009,0.68,-1.67,1.0,0.0,0.0,0
4144436775,-0.85,-0.85,0.09,0.09,0.82,2
4144488171,1.63,2.47,0.02,0.94,0.04,1
4144590311,0.57,0.4,0.37,0.13,0.5,2
4144624674,-0.06,0.14,0.08,0.52,0.4,1
4144749065,-0.54,-0.72,0.56,0.05,0.39,0
4144770144,-1.43,-1.43,0.08,0.08,0.84,2
4144770386,2.16,-1.78,1.0,0.0,0.0,0
4144838203,2.3,2.34,0.16,0.18,0.67,2
4144909849,2.52,-0.89,1.0,0.0,0.0,0
4145137073,-0.71,-0.66,0.08,0.19,0.73,0
4145172423,1.41,-1.53,1.0,0.0,0.0,0
4145173669,-0.84,-0.88,0.15,0.07,0.77,2
4145287130,-0.62,1.16,0.0,0.99,0.01,1
4145443448,-0.62,-0.52,0.06,0.34,0.59,2
4145449233,-1.78,1.3,0.0,1.0,0.0,1
4145549851,-0.8,-1.8,0.98,0.0,0.02,0
4145630811,1.33,1.27,0.25,0.14,0.61,2
4145652418,0.57,-0.21,0.91,0.03,0.06,0
4145755863,0.08,-0.08,0.39,0.1,0.51,0
4145815259,-0.71,-0.16,0.02,0.87,0.11,1
4145950187,-0.13,-0.13,0.16,0.16,0.68,2
4145979616,0.54,2.61,0.0,0.99,0.0,1
4145998733,0.08,-1.25,0.98,0.0,0.01,0
4146007563,-1.1,-0.7,0.02,0.79,0.19,2
4146235611,0.8,2.11,0.01,0.98,0.02,1
4146467431,0.59,2.05,0.01,0.98,0.01,1
4146485262,1.77,-0.06,0.99,0.01,0.01,0
4146538646,1.04,1.03,0.21,0.17,0.61,0
4146558305,-1.34,-0.62,0.01,0.91,0.08,1
4146647855,-0.89,-0.91,0.11,0.08,0.81,2
4146759700,1.59,1.6,0.19,0.17,0.64,0
4146944399,1.08,-0.28,0.97,0.01,0.02,0
4146949489,-0.84,-0.84,0.09,0.09,0.82,2
4147001923,-1.59,-1.44,0.03,0.39,0.57,2
4147020545,-0.64,-0.61,0.09,0.15,0.76,2
4147197812,1.43,0.15,0.96,0.01,0.02,0
4147367459,-0.61,0.59,0.01,0.97,0.02,1
4147384765,-0.88,-0.82,0.07,0.21,0.73,1
4147390701,-0.64,2.39,0.0,1.0,0.0,1
4147391374,-0.95,-1.7,0.95,0.0,0.05,0
4147521786,-0.63,-0.36,0.04,0.68,0.28,1
4147573552,0.64,1.78,0.01,0.97,0.02,1
4147659756,0.14,0.39,0.08,0.57,0.34,1
4147890415,-1.45,1.84,0.0,1.0,0.0,1
4147944636,1.07,-0.95,0.99,0.0,0.0,0
4147987911,0.23,-0.88,0.97,0.01,0.02,0
4148107077,1.81,2.08,0.1,0.54,0.36,1
4148235796,0.38,0.16,0.46,0.11,0.43,2
4148246014,-0.38,1.08,0.01,0.98,0.01,1
4148311732,2.7,0.55,0.99,0.0,0.0,0
4148423248,-0.23,0.99,0.01,0.97,0.02,1
4148561516,0.73,-1.07,0.99,0.0,0.01,0
4148660315,1.11,-0.31,0.97,0.01,0.02,0
4148749202,-0.64,-0.68,0.17,0.08,0.75,0
4148767296,-1.34,1.67,0.0,1.0,0.0,1
4148827122,0.88,2.31,0.01,0.98,0.01,1
4148999458,0.41,-0.66,0.96,0.01,0.03,0
4149158452,0.48,0.09,0.73,0.07,0.2,0
4149160149,2.44,-0.57,1.0,0.0,0.0,0
4149177705,0.64,0.76,0.13,0.31,0.55,1
4149209343,-0.03,-0.5,0.86,0.03,0.11,0
4149235469,-0.95,-0.95,0.09,0.09,0.82,0
4149246139,-0.74,1.24,0.0,0.99,0.0,1
4149263032,-0.85,-0.87,0.12,0.08,0.8,2
4149319564,-0.82,-0.87,0.18,0.07,0.75,0
4149374031,-0.7,-0.77,0.24,0.07,0.69,2
4149503140,-0.25,0.25,0.03,0.84,0.12,1
4149651911,0.35,-0.63,0.95,0.01,0.03,0
4149845323,-0.84,-0.77,0.06,0.24,0.7,2
4149853853,0.64,-0.65,0.97,0.01,0.02,0
4149876820,0.92,-0.28,0.96,0.01,0.03,1
4149895746,-1.58,-1.54,0.05,0.12,0.82,2
4149904144,-1.04,1.65,0.0,1.0,0.0,1
4149928153,-0.77,-0.79,0.12,0.08,0.8,2
4150063517,1.01,0.36,0.87,0.04,0.09,0
4150082300,-0.29,-0.33,0.2,0.1,0.7,2
4150125228,0.11,-0.06,0.41,0.1,0.49,0
4150142900,0.88,0.61,0.53,0.12,0.36,0
4150178952,-1.05,-1.44,0.81,0.01,0.17,0
4150194940,-1.23,-1.06,0.04,0.51,0.46,1
4150225591,0.09,1.9,0.0,0.99,0.01,1
4150273346,0.94,-0.75,0.99,0.0,0.01,0
4150279810,0.11,1.28,0.01,0.96,0.02,1
4150307014,0.85,-0.41,0.97,0.01,0.02,0
4150317813,1.2,1.2,0.2,0.18,0.62,2
4150364603,-0.55,0.16,0.02,0.91,0.07,1
4150561937,-1.59,1.8,0.0,1.0,0.0,1
4150646111,1.43,0.95,0.79,0.06,0.15,2
4150696140,-0.77,0.61,0.01,0.98,0.01,1
4150922843,-1.31,-1.24,0.05,0.2,0.74,2
4150994705,-1.74,-1.76,0.08,0.07,0.86,2
4151119741,2.67,3.11,0.05,0.76,0.18,1
4151396289,0.73,-1.11,0.99,0.0,0.0,0
4151433309,0.99,-0.03,0.94,0.02,0.04,0
4151439713,-1.09,1.5,0.0,1.0,0.0,1
4151554296,-0.17,-1.16,0.97,0.01,0.03,0
4151555151,-0.54,-0.66,0.41,0.06,0.53,0
4151780367,0.23,-1.21,0.99,0.0,0.01,0
4151956227,-0.31,-0.29,0.13,0.15,0.72,2
4152076785,0.6,-1.12,0.99,0.0,0.01,0
4152103771,1.17,0.57,0.85,0.05,0.1,2
4152239760,-0.94,-1.27,0.77,0.02,0.21,2
4152346354,2.7,1.18,0.98,0.01,0.01,0
4152583604,0.76,0.32,0.77,0.07,0.16,0
4152599050,-0.78,-0.78,0.09,0.09,0.81,2
4152637034,-0.12,1.3,0.01,0.98,0.01,1
4152708184,-0.61,-0.36,0.04,0.65,0.3,1
4152892528,-0.38,0.47,0.02,0.93,0.05,1
4152975921,-0.05,-0.86,0.94,0.01,0.05,0
4153054549,-0.85,-0.85,0.09,0.09,0.82,2
4153322261,-0.71,2.89,0.0,1.0,0.0,1
4153460417,-1.41,2.31,0.0,1.0,0.0,1
4153518401,-0.36,-0.33,0.11,0.16,0.73,2
4153519215,0.76,-0.64,0.98,0.01,0.02,0
4153588410,-0.89,-0.93,0.15,0.07,0.78,2
4153593539,-0.85,-0.84,0.09,0.1,0.81,2
4153644606,1.91,1.91,0.19,0.15,0.66,0
4153665781,-0.72,0.21,0.01,0.95,0.04,1
4153724253,-0.59,-0.62,0.16,0.08,0.76,2
4153746062,-0.65,1.63,0.0,1.0,0.0,1
4153792459,-0.78,-0.82,0.16,0.07,0.77,2
4153796147,0.23,0.11,0.31,0.12,0.57,2
4153850017,-1.1,-1.31,0.53,0.03,0.43,0
4153935234,1.77,0.66,0.95,0.02,0.03,0
4154605379,1.7,-0.52,0.99,0.0,0.0,0
4154627784,1.8,0.92,0.93,0.03,0.04,0
4154713182,-0.19,-0.28,0.3,0.09,0.61,2
4154720652,1.55,-1.41,1.0,0.0,0.0,0
4154789780,-0.25,-0.25,0.15,0.14,0.71,2
4154827103,0.94,1.02,0.15,0.25,0.6,2
4154907220,3.05,-0.97,1.0,0.0,0.0,0
4154950014,-1.6,-1.25,0.02,0.71,0.27,1
4155045444,-0.37,-0.33,0.11,0.17,0.72,1
4155081458,-0.24,-0.24,0.15,0.14,0.71,2
4155322269,-0.87,-0.88,0.1,0.08,0.82,2
4155457363,-0.79,-0.85,0.21,0.07,0.73,2
4155480157,-0.65,-0.66,0.12,0.09,0.79,2
4155607772,-1.26,-1.28,0.1,0.07,0.83,0
4155614089,-0.78,-0.8,0.12,0.08,0.8,2
4155738270,-0.74,-0.71,0.08,0.14,0.77,2
4155815570,-0.6,-0.51,0.07,0.31,0.62,1
4155821431,1.28,2.8,0.01,0.99,0.01,1
4155964869,-0.87,-0.84,0.08,0.14,0.79,2
4156167210,-0.51,-0.61,0.36,0.07,0.58,0
4156200449,1.92,-1.73,1.0,0.0,0.0,0
4156241840,0.16,-1.25,0.99,0.0,0.01,0
4156246813,-1.59,-0.7,0.01,0.94,0.05,1
4156247061,-0.85,-0.82,0.08,0.14,0.78,2
4156426946,-1.33,-1.54,0.47,0.03,0.5,2
4156446558,-1.02,0.7,0.0,0.99,0.01,1
4156516667,-0.78,-0.71,0.07,0.24,0.69,1
4156751029,0.59,-0.82,0.98,0.01,0.01,0
4156808632,0.05,-1.31,0.99,0.0,0.01,0
4156819718,-1.12,-1.2,0.22,0.05,0.72,1
4156835026,2.23,1.38,0.94,0.02,0.04,1
4156877995,1.67,-0.55,0.99,0.0,0.0,0
4156903170,1.21,-1.48,1.0,0.0,0.0,0
4156944609,-0.66,-0.71,0.2,0.07,0.73,2
4156975367,-0.62,0.37,0.01,0.95,0.04,1
4157042518,-0.87,-0.89,0.12,0.08,0.81,2
4157065930,-0.6,1.69,0.0,1.0,0.0,1
4157121856,1.2,0.12,0.95,0.02,0.03,0
4157202179,-1.22,-0.88,0.02,0.74,0.23,0
4157271433,0.06,0.06,0.18,0.17,0.65,1
4157328519,-0.44,-0.7,0.71,0.04,0.25,1
4157351619,-0.56,-0.53,0.09,0.15,0.76,0
4157468989,-0.52,1.54,0.0,0.99,0.0,1
4157553702,2.23,-0.75,1.0,0.0,0.0,0
4157596697,-1.25,-0.27,0.01,0.96,0.03,1
4157850840,-0.37,-0.32,0.1,0.19,0.7,1
4157862922,-1.34,1.6,0.0,1.0,0.0,1
4158162820,0.2,2.22,0.0,0.99,0.0,1
4158216844,-0.82,-0.82,0.09,0.09,0.82,2
4158319044,-0.15,0.07,0.07,0.58,0.35,0
4158320246,-0.9,-0.91,0.1,0.08,0.82,2
4158384386,1.02,-0.92,0.99,0.0,0.0,0
4158443445,0.64,-0.16,0.91,0.03,0.06,0
4158451273,-0.81,-0.79,0.08,0.12,0.8,0
4158482969,0.14,-1.49,0.99,0.0,0.01,0
4158741913,-0.77,-0.76,0.09,0.11,0.8,2
4158743498,0.59,-1.47,1.0,0.0,0.0,0
4158847343,1.87,-0.79,1.0,0.0,0.0,0
4158871941,-0.25,1.33,0.01,0.98,0.01,2
4158956064,2.28,2.7,0.06,0.74,0.2,1
4159132124,1.98,1.85,0.31,0.1,0.59,0
4159212573,-1.74,2.36,0.0,1.0,0.0,1
4159245152,1.76,1.16,0.86,0.05,0.09,0
4159252230,-0.88,-0.93,0.17,0.07,0.76,2
4159309891,-0.64,-0.48,0.05,0.51,0.43,0
4159507048,-0.87,-0.85,0.08,0.12,0.8,2
4159676266,-0.21,-0.68,0.87,0.02,0.11,0
4159678504,2.55,2.62,0.15,0.21,0.65,2
4159762343,2.39,1.9,0.8,0.05,0.14,0
4159862376,0.55,0.1,0.8,0.06,0.15,2
4159871276,2.94,2.41,0.84,0.04,0.12,0
4159921574,-0.38,-0.42,0.2,0.09,0.71,2
4159948020,0.07,-0.15,0.51,0.09,0.4,2
4160041844,-0.79,1.03,0.0,0.99,0.01,1
4160043630,-0.53,-0.43,0.07,0.34,0.59,2
4160080732,0.72,-0.17,0.93,0.02,0.05,0
4160195396,0.84,-1.23,1.0,0.0,0.0,0
4160207478,-0.11,-0.64,0.88,0.02,0.09,0
4160326571,-0.58,-0.57,0.1,0.12,0.78,1
4160406211,2.16,-0.8,1.0,0.0,0.0,0
4160558878,-1.39,-1.4,0.09,0.07,0.84,2
4160567278,0.59,2.02,0.01,0.98,0.01,1
4160677320,-1.28,0.16,0.01,0.98,0.01,1
4160779326,-1.45,0.85,0.0,1.0,0.0,1
4160818915,-0.79,0.18,0.01,0.95,0.04,1
4161222090,2.59,0.16,1.0,0.0,0.0,0
4161257562,-0.03,-0.79,0.93,0.01,0.05,0
4161326752,-1.35,-1.41,0.15,0.05,0.79,0
4161333523,-0.57,-1.47,0.97,0.0,0.03,0
4161345695,0.57,-1.11,0.99,0.0,0.01,0
4161443903,-0.62,1.43,0.0,0.99,0.0,1
4161645561,2.53,1.01,0.98,0.01,0.01,0
4161759410,-0.84,-0.84,0.09,0.09,0.82,0
4161839611,1.33,2.89,0.0,0.99,0.01,1
4161847157,-0.27,-1.05,0.95,0.01,0.05,0
4161848152,-0.38,1.33,0.01,0.99,0.01,1
4161852052,0.64,1.41,0.02,0.92,0.05,1
4161900564,-1.0,-0.85,0.04,0.48,0.48,2
4161922183,-0.54,-0.96,0.85,0.02,0.13,0
4162051164,-0.97,-0.08,0.01,0.95,0.04,1
4162117496,-0.77,-0.77,0.1,0.09,0.81,2
4162252188,2.3,1.96,0.64,0.07,0.28,2
4162272312,-0.34,-0.44,0.35,0.08,0.58,0
4162350830,-0.84,-0.84,0.09,0.09,0.82,2
4162408060,-0.45,-0.36,0.08,0.3,0.62,2
4162445817,0.57,-0.84,0.98,0.01,0.01,0
4162449054,-0.85,-0.84,0.09,0.1,0.81,2
4162459939,-0.66,-0.55,0.06,0.37,0.57,1
4162528555,0.85,-0.31,0.96,0.01,0.03,0
4162616489,-0.87,-0.82,0.07,0.18,0.75,2
4162672809,0.93,0.14,0.91,0.03,0.06,0
4162768760,1.99,-0.45,1.0,0.0,0.0,0
4162802966,0.25,0.18,0.25,0.14,0.6,0
4162823459,-0.4,0.1,0.03,0.85,0.12,1
4162842140,-0.1,-1.2,0.97,0.0,0.02,0
4162857843,-1.67,2.55,0.0,1.0,0.0,1
4162967201,0.44,0.23,0.44,0.12,0.45,0
4162977085,2.55,-0.76,1.0,0.0,0.0,0
4162979002,-0.79,-0.8,0.11,0.09,0.81,2
4163070523,-1.67,-1.7,0.09,0.06,0.85,2
4163224880,-1.3,-0.08,0.01,0.97,0.02,2
4163413237,-0.58,-0.6,0.14,0.09,0.77,2
4163446392,-0.88,-0.86,0.08,0.12,0.8,2
4163483123,1.4,1.3,0.29,0.12,0.59,0
4163549039,-0.6,-0.03,0.02,0.88,0.1,1
4163730433,1.27,1.66,0.07,0.7,0.23,1
4163825007,1.35,1.35,0.2,0.17,0.63,0
4163853717,0.92,-0.64,0.98,0.01,0.01,0
4163995818,-1.65,0.77,0.0,1.0,0.0,1
4164019995,-0.65,-0.77,0.4,0.06,0.54,1
4164020584,0.39,-0.63,0.96,0.01,0.03,0
4164053465,-0.77,-0.77,0.1,0.09,0.81,2
4164180430,-1.36,1.55,0.0,1.0,0.0,1
4164190091,-0.22,-0.27,0.21,0.1,0.68,2
4164360491,-0.88,-0.89,0.1,0.08,0.82,2
4164366962,2.06,2.97,0.01,0.95,0.03,1
4164422800,-0.8,-0.87,0.23,0.06,0.7,2
4164639546,1.85,3.08,0.01,0.98,0.01,1
4164946281,2.89,3.12,0.11,0.46,0.43,2
4164988558,0.2,-1.27,0.99,0.0,0.01,0
4165049322,1.61,-0.89,1.0,0.0,0.0,0
4165104544,-0.84,-0.78,0.07,0.21,0.72,2
4165192940,1.8,-1.24,1.0,0.0,0.0,0
4165271952,-1.03,1.24,0.0,1.0,0.0,2
4165400724,-0.41,-0.51,0.36,0.07,0.57,0
4165598458,0.72,0.62,0.29,0.14,0.57,2
4165613284,-0.86,-0.82,0.07,0.16,0.77,2
4165744583,0.19,1.05,0.02,0.93,0.05,1
4165765810,-0.88,-0.86,0.08,0.12,0.8,2
4165816512,-0.56,-0.56,0.11,0.11,0.78,0
4165843200,-1.21,-1.13,0.05,0.24,0.71,1
4165888321,-0.7,-0.37,0.03,0.75,0.22,2
4165941804,2.56,2.08,0.8,0.05,0.15,0
4165947662,-0.68,-0.56,0.06,0.4,0.54,2
4165975140,-0.59,-0.59,0.11,0.1,0.79,2
4165982499,-0.81,-0.84,0.14,0.08,0.79,2
4165983842,-0.72,-0.77,0.19,0.07,0.74,2
4166047617,-1.31,0.07,0.01,0.98,0.01,1
4166070957,-0.22,-0.23,0.16,0.14,0.7,2
4166109946,1.77,-1.46,1.0,0.0,0.0,0
4166154475,-0.61,-0.6,0.1,0.11,0.79,2
4166166502,-1.02,-1.12,0.29,0.05,0.66,2
4166166911,1.05,0.14,0.93,0.03,0.05,0
4166206527,-0.93,0.62,0.01,0.98,0.01,1
4166258201,-0.77,-0.8,0.14,0.08,0.78,2
4166271996,0.41,-0.21,0.88,0.03,0.09,2
4166403423,-0.84,-0.88,0.15,0.07,0.77,2
4166443743,0.4,0.35,0.24,0.15,0.61,2
4166520754,-0.81,-0.74,0.07,0.24,0.7,2
4166591931,-0.81,0.57,0.01,0.98,0.01,1
4166636068,1.3,0.67,0.86,0.05,0.09,0
4166657957,-0.33,-0.33,0.14,0.13,0.73,0
4166691224,-0.95,-0.2,0.01,0.92,0.06,1
4166813154,-0.37,-0.46,0.32,0.08,0.6,2
4166902731,2.89,2.89,0.19,0.14,0.67,0
4166921552,-0.27,-0.47,0.56,0.06,0.38,2
4166994506,-0.01,0.02,0.15,0.2,0.65,2
4167041644,-0.66,-0.77,0.38,0.06,0.57,0
4167068924,-0.53,-0.59,0.24,0.08,0.69,1
4167096971,1.03,1.05,0.19,0.2,0.61,2
4167273702,2.25,-0.33,1.0,0.0,0.0,0
4167318793,0.26,2.11,0.0,0.99,0.0,1
4167319996,2.08,0.01,0.99,0.0,0.0,0
4167466838,-0.53,0.89,0.01,0.98,0.01,1
4167510653,-0.33,1.35,0.01,0.99,0.01,1
4167550578,-0.84,-0.86,0.12,0.08,0.8,1
4167675963,-0.76,-0.73,0.08,0.14,0.78,2
4167705965,-0.43,-1.02,0.91,0.01,0.08,2
4167900022,-0.81,-0.84,0.14,0.08,0.79,2
4167903727,-0.81,-0.81,0.09,0.09,0.82,2
4167987440,-0.84,-0.89,0.18,0.07,0.76,2
4168015805,-0.29,1.58,0.0,0.99,0.0,1
4168035588,-1.81,-1.81,0.06,0.08,0.86,2
4168086490,-0.3,-0.28,0.13,0.15,0.72,2
4168195654,1.06,0.25,0.91,0.03,0.06,1
4168217861,1.32,-1.76,1.0,0.0,0.0,0
4168221952,-0.59,-0.62,0.16,0.08,0.76,2
4168436541,1.76,2.75,0.01,0.96,0.03,1
4168612425,-0.68,-0.93,0.7,0.03,0.27,0
4168819879,-0.71,0.88,0.01,0.98,0.01,1
4168863051,-1.18,-0.51,0.01,0.9,0.09,2
4168905424,1.06,-0.23,0.97,0.01,0.02,0
4168940012,1.12,-0.42,0.98,0.01,0.01,0
4168973736,2.12,1.18,0.94,0.02,0.03,2
4169040683,-0.84,-0.84,0.09,0.09,0.82,2
4169063775,-1.3,-0.71,0.01,0.87,0.11,1
4169152145,0.51,-0.3,0.92,0.02,0.05,0
4169233066,-0.82,-0.84,0.12,0.08,0.8,2
4169282752,-0.25,-0.42,0.5,0.07,0.43,0
4169308866,0.35,-0.91,0.98,0.01,0.02,0
4169343630,-1.64,2.02,0.0,1.0,0.0,1
4169352682,-1.58,-1.62,0.1,0.06,0.84,2
4169363171,0.65,-0.48,0.96,0.01,0.03,0
4169521484,0.04,-0.01,0.22,0.13,0.65,2
4169604162,0.29,0.7,0.05,0.75,0.2,1
4169672936,2.62,2.25,0.69,0.06,0.25,0
4169808721,-0.7,-0.74,0.17,0.08,0.76,0
4169883039,-1.44,1.05,0.0,1.0,0.0,1
4170007001,-1.46,-0.29,0.01,0.97,0.02,1
4170060125,-0.86,2.45,0.0,1.0,0.0,1
4170134628,0.47,-1.02,0.99,0.0,0.01,0
4170283219,-0.66,0.07,0.02,0.92,0.07,1
4170309703,-0.59,-0.52,0.08,0.25,0.68,2
4170410272,0.99,-0.64,0.99,0.0,0.01,0
4170496928,-0.58,0.16,0.02,0.92,0.06,1
4170507213,1.42,-0.15,0.98,0.01,0.01,0
4170676183,1.21,0.58,0.86,0.05,0.09,0
4170695439,-0.72,0.17,0.01,0.94,0.04,1
4170739200,1.17,1.17,0.2,0.18,0.62,2
4170768954,0.11,0.11,0.18,0.18,0.64,0
4170788078,0.09,0.88,0.02,0.92,0.06,1
4170903915,-1.69,0.36,0.0,1.0,0.0,1
4171067017,-1.34,-0.91,0.02,0.8,0.18,1
4171077677,-0.29,1.55,0.0,0.99,0.01,1
4171176799,-0.68,-0.68,0.1,0.1,0.8,1
4171201817,-0.82,-0.82,0.09,0.09,0.82,2
4171224670,2.33,2.42,0.14,0.24,0.62,2
4171271542,-0.5,-0.47,0.1,0.15,0.75,2
4171279316,-0.3,2.34,0.0,1.0,0.0,1
4171574309,-1.04,-0.19,0.01,0.94,0.05,2
4171577104,0.57,-0.7,0.97,0.01,0.02,0
4171593426,1.54,-0.54,0.99,0.0,0.0,0
4171729273,-0.82,-0.77,0.07,0.18,0.75,1
4171816182,-1.23,-0.73,0.02,0.84,0.15,1
4171845034,1.26,1.26,0.2,0.17,0.63,0
4171879266,-0.85,-0.84,0.09,0.1,0.81,2
4171891685,-0.93,-1.01,0.24,0.06,0.7,2
4171998584,0.14,0.68,0.04,0.85,0.12,1
4172190642,0.75,0.97,0.11,0.48,0.42,2
4172199233,-0.89,0.2,0.01,0.96,0.03,1
4172303561,-0.99,-1.08,0.26,0.06,0.68,2
4172309444,-0.84,-0.87,0.13,0.07,0.79,2
4172354426,0.1,-1.59,0.99,0.0,0.0,0
4172472084,-0.81,-0.81,0.09,0.09,0.82,2
4172499314,0.89,1.83,0.02,0.95,0.03,1
4172584142,-0.73,-0.72,0.09,0.11,0.8,2
4172609151,-0.37,-0.29,0.09,0.27,0.64,1
4172633408,1.25,2.23,0.01,0.96,0.03,2
4172669833,-1.34,-1.35,0.09,0.07,0.84,2
4172674866,-0.89,-0.58,0.03,0.73,0.24,2
4172864939,-0.84,0.33,0.01,0.97,0.02,1
4172898321,-0.84,-0.85,0.1,0.08,0.81,2
4172915139,-1.25,-0.29,0.01,0.95,0.04,1
4172947196,1.37,-1.39,1.0,0.0,0.0,0
4172965563,0.61,1.12,0.04,0.82,0.14,2
4172989254,-0.05,0.3,0.06,0.71,0.23,1
4173074985,-0.22,2.8,0.0,1.0,0.0,1
4173100975,-0.5,-0.58,0.3,0.07,0.63,0
4173425439,-0.44,-0.25,0.06,0.56,0.38,1
4173530859,-0.78,-0.77,0.09,0.11,0.81,2
4173700973,1.8,-1.05,1.0,0.0,0.0,0
4173785422,-0.47,-0.29,0.06,0.54,0.4,2
4173848971,0.45,3.02,0.0,1.0,0.0,1
4173924736,-1.48,-0.47,0.01,0.96,0.03,2
4174058512,-0.81,-0.78,0.08,0.14,0.78,2
4174180886,-0.45,1.47,0.0,0.99,0.0,1
4174344180,-1.9,-1.7,0.03,0.42,0.55,2
4174432572,0.44,-1.04,0.99,0.0,0.01,0
4174462741,1.7,-0.94,1.0,0.0,0.0,0
4174489058,0.76,-1.27,1.0,0.0,0.0,0
4174491416,0.36,-0.29,0.89,0.03,0.08,0
4174492587,-0.59,-0.54,0.08,0.19,0.72,1
4174542085,-0.92,0.52,0.01,0.98,0.01,1
4174658190,-1.65,-1.7,0.1,0.05,0.84,2
4174718145,-1.11,-1.11,0.08,0.09,0.83,0
4174835967,-0.71,-0.71,0.1,0.1,0.8,2
4174883723,-0.07,-0.07,0.17,0.17,0.67,2
4174948918,-0.79,-0.8,0.11,0.09,0.81,2
4174972482,0.21,-0.47,0.91,0.02,0.07,0
4175203725,2.03,0.22,0.99,0.01,0.01,0
4175245801,-0.69,-0.63,0.07,0.22,0.71,2
4175305822,-0.5,-0.44,0.09,0.22,0.69,2
4175367636,1.58,-0.61,0.99,0.0,0.0,0
4175436066,2.84,-0.53,1.0,0.0,0.0,0
4175477007,0.01,0.08,0.12,0.25,0.62,2
4175546451,1.3,-1.23,1.0,0.0,0.0,0
4175772759,-0.87,-0.87,0.09,0.09,0.82,2
4175808371,0.92,2.64,0.0,0.99,0.01,1
4175995372,-0.68,-0.72,0.17,0.08,0.75,2
4176087396,-0.81,-0.8,0.09,0.1,0.81,2
4176110595,0.35,1.69,0.01,0.98,0.02,1
4176288077,-0.88,-0.89,0.1,0.08,0.82,2
4176290590,-0.16,0.31,0.04,0.82,0.14,1
4176358993,-0.75,-0.59,0.05,0.52,0.43,1
4176408034,-0.02,0.54,0.03,0.86,0.11,1
4176523478,-0.25,-0.82,0.9,0.02,0.08,2
4176524112,0.18,-1.0,0.98,0.01,0.02,0
4176579531,-0.82,-0.78,0.08,0.16,0.76,2
4176634784,-0.94,-0.94,0.09,0.09,0.82,2
4176660341,0.22,1.23,0.02,0.95,0.03,1
4177032161,-1.27,-1.28,0.09,0.07,0.84,2
4177043408,-0.69,-0.72,0.15,0.08,0.77,0
4177193680,0.92,2.72,0.0,0.99,0.0,1
4177214417,-0.46,-1.87,0.99,0.0,0.01,0
4177496237,1.26,-0.5,0.99,0.0,0.01,0
4177511337,-0.47,-0.5,0.17,0.09,0.74,2
4177565166,0.52,2.33,0.0,0.99,0.01,1
4177623046,0.28,-0.82,0.97,0.01,0.02,0
4177758178,-0.29,-0.71,0.84,0.03,0.13,2
4177781973,1.42,1.42,0.2,0.17,0.63,0
4177809642,-1.41,1.65,0.0,1.0,0.0,1
4177848792,-0.96,-0.58,0.03,0.78,0.19,2
4178012968,-1.24,2.55,0.0,1.0,0.0,1
4178090534,-0.82,-0.82,0.09,0.09,0.82,2
4178113438,-0.94,-0.95,0.1,0.08,0.82,2
4178202274,-0.99,-0.99,0.09,0.09,0.82,0
4178221700,1.48,1.72,0.11,0.5,0.4,1
4178409811,-0.8,-0.81,0.11,0.09,0.81,2
4178422625,-0.32,0.73,0.02,0.95,0.03,1
4178580974,-0.85,-0.85,0.09,0.09,0.82,2
4178691933,0.04,-0.44,0.86,0.03,0.11,0
4178779416,-1.48,1.28,0.0,1.0,0.0,1
4178798364,0.34,0.18,0.36,0.12,0.52,0
4178875598,-0.86,-0.89,0.13,0.07,0.79,1
4178878979,2.27,1.02,0.97,0.02,0.02,0
4178943362,1.59,-1.03,1.0,0.0,0.0,0
4178952599,-0.29,1.05,0.01,0.97,0.02,1
4179085769,1.63,1.79,0.13,0.36,0.52,2
4179093073,-1.09,0.46,0.01,0.98,0.01,1
4179193113,0.26,-1.7,1.0,0.0,0.0,0
4179290343,-1.63,-1.02,0.01,0.87,0.11,1
4179296178,-0.76,-0.76,0.1,0.09,0.81,0
4179339679,-0.56,0.17,0.02,0.91,0.07,2
4179381779,-0.19,-1.08,0.96,0.01,0.03,0
4179516353,-0.04,1.05,0.01,0.96,0.03,1
4179674948,1.09,-0.98,0.99,0.0,0.0,0
4179889805,-0.61,2.02,0.0,1.0,0.0,1
4180035916,1.0,-0.42,0.97,0.01,0.02,0
4180095908,1.4,-0.87,1.0,0.0,0.0,0
4180110449,0.06,0.14,0.12,0.27,0.6,1
4180159800,1.03,1.9,0.02,0.94,0.04,1
4180217850,-1.03,-1.18,0.42,0.04,0.54,1
4180244527,2.16,1.82,0.64,0.08,0.28,0
4180289171,0.82,1.0,0.12,0.41,0.47,2
4180340316,-0.45,-0.51,0.24,0.08,0.68,2
4180442451,0.33,0.2,0.32,0.13,0.55,0
4180555882,-1.22,-1.22,0.08,0.08,0.83,0
4180691754,-0.76,-0.77,0.11,0.09,0.8,2
4180730753,-0.84,0.13,0.01,0.95,0.04,1
4180749461,-0.91,-1.23,0.76,0.02,0.22,2
4180754702,1.02,-1.67,1.0,0.0,0.0,0
4181032576,-0.65,-0.91,0.72,0.03,0.25,0
4181116519,-0.35,0.44,0.02,0.92,0.06,1
4181143702,-0.66,-0.44,0.04,0.62,0.34,1
4181145755,-0.41,-0.41,0.13,0.12,0.75,2
4181333398,-1.17,2.53,0.0,1.0,0.0,1
4181356924,-1.63,2.83,0.0,1.0,0.0,1
4181369541,-0.5,-0.21,0.05,0.69,0.26,2
4181408495,3.03,2.25,0.94,0.02,0.04,0
4181782696,1.67,-0.79,1.0,0.0,0.0,0
4181784550,0.33,-0.08,0.78,0.06,0.17,0
4181836058,-0.84,-0.86,0.12,0.08,0.8,2
4181869843,2.75,-0.67,1.0,0.0,0.0,0
4181957411,-0.84,0.84,0.01,0.99,0.01,1
4182139432,-0.87,-0.85,0.08,0.12,0.8,2
4182287043,0.07,1.3,0.01,0.97,0.02,1
4182333701,2.39,1.07,0.97,0.01,0.02,0
4182362431,0.82,-0.25,0.95,0.02,0.03,0
4182412427,-0.7,-0.71,0.11,0.09,0.8,2
4182568415,1.96,-1.2,1.0,0.0,0.0,0
4182612223,2.17,0.28,0.99,0.01,0.01,0
4182616832,-0.7,-0.75,0.19,0.07,0.74,2
4182676184,-0.89,-0.87,0.08,0.12,0.8,2
4182769502,0.25,1.12,0.02,0.93,0.05,1
4182769623,-0.31,0.08,0.04,0.78,0.18,1
4182804422,-0.61,-0.77,0.51,0.05,0.44,2
4183025586,-0.16,1.84,0.0,0.99,0.0,1
4183084229,-0.82,-0.78,0.08,0.16,0.76,2
4183098708,-0.16,0.43,0.03,0.87,0.1,2
4183250484,-0.89,-0.89,0.09,0.09,0.82,2
4183528909,-0.88,-0.86,0.08,0.12,0.8,2
4183561471,1.6,-0.81,1.0,0.0,0.0,0
4183613999,0.77,2.11,0.01,0.98,0.01,1
4183670912,-1.23,-0.2,0.01,0.96,0.03,1
4183802871,-0.02,-1.12,0.97,0.01,0.02,0
4183954545,1.53,1.68,0.13,0.34,0.53,1
4183983954,1.47,-0.76,1.0,0.0,0.0,0
4184016576,-0.48,0.44,0.02,0.94,0.04,1
4184055512,-0.87,-0.84,0.08,0.14,0.79,2
4184120652,-0.03,-1.16,0.98,0.0,0.02,0
4184151175,-0.77,-0.8,0.14,0.08,0.78,2
4184202084,-0.65,0.95,0.01,0.98,0.01,1
4184269064,-0.54,-0.54,0.12,0.11,0.78,2
4184383183,-0.77,-0.8,0.14,0.08,0.78,2
4184609760,-0.68,1.01,0.01,0.99,0.01,1
4184844164,-0.57,1.05,0.01,0.99,0.01,1
4184957425,-0.82,-0.81,0.09,0.1,0.81,2
4185040809,-0.76,-0.72,0.08,0.16,0.76,2
4185050265,-1.0,1.12,0.0,0.99,0.0,1
4185055657,-0.54,-0.54,0.12,0.11,0.78,2
4185132007,0.02,2.08,0.0,0.99,0.0,1
4185134029,-0.74,-0.75,0.11,0.09,0.8,2
4185135579,-1.42,1.59,0.0,1.0,0.0,1
4185190563,-0.38,-0.38,0.14,0.12,0.74,1
4185273438,-0.98,0.77,0.0,0.99,0.01,1
4185328818,-0.82,-0.84,0.12,0.08,0.8,2
4185499146,0.76,0.14,0.87,0.04,0.09,0
4185509374,-0.67,0.38,0.01,0.96,0.03,1
4185563072,-0.2,-0.31,0.35,0.08,0.57,2
4185585688,0.73,-1.22,0.99,0.0,0.0,0
4185590859,-0.77,-1.05,0.73,0.03,0.24,0
4185651940,-0.77,-0.77,0.1,0.09,0.81,0
4185724417,-0.91,0.17,0.01,0.96,0.03,1
4185741329,-0.38,-0.37,0.13,0.13,0.74,2
4185904846,0.8,1.64,0.02,0.94,0.04,1
4186030397,-0.44,0.02,0.03,0.83,0.13,1
4186061511,-0.81,-0.8,0.09,0.1,0.81,2
4186244509,1.11,-1.4,1.0,0.0,0.0,0
4186253347,-0.48,0.98,0.01,0.98,0.01,1
4186489337,1.05,1.24,0.12,0.42,0.46,2
4186489411,-0.26,1.98,0.0,1.0,0.0,1
4186538905,0.33,2.61,0.0,1.0,0.0,1
4186640350,0.75,1.91,0.01,0.97,0.02,1
4186708974,-0.43,-1.2,0.95,0.01,0.04,0
4186823096,1.13,-1.42,1.0,0.0,0.0,0
4186864445,0.56,1.05,0.05,0.81,0.15,1
4186955213,0.21,0.7,0.04,0.81,0.14,1
4187058305,-1.05,0.1,0.01,0.97,0.02,1
4187060144,0.46,-1.16,0.99,0.0,0.01,0
4187382747,0.85,0.22,0.87,0.04,0.09,0
4187413969,-0.04,-0.59,0.89,0.02,0.09,0
4187450057,0.32,-0.41,0.91,0.02,0.06,0
4187578611,0.56,1.59,0.01,0.96,0.03,1
4187659488,-1.32,-0.65,0.01,0.9,0.09,1
4187706060,1.38,1.76,0.07,0.69,0.23,2
4187818011,1.98,0.15,0.99,0.01,0.01,0
4187953419,-0.72,0.73,0.01,0.98,0.01,1
4187995788,-0.9,-0.84,0.07,0.2,0.73,1
4188033308,-0.13,-1.45,0.99,0.0,0.01,0
4188095022,-0.97,-0.26,0.02,0.91,0.07,1
4188323107,3.0,0.4,1.0,0.0,0.0,0
4188329461,1.78,-0.09,0.99,0.0,0.01,0
4188382989,-1.88,-1.81,0.04,0.16,0.8,1
4188445429,-0.47,-0.43,0.1,0.17,0.73,1
4188572588,1.52,0.34,0.95,0.02,0.03,0
4188701931,0.2,0.2,0.19,0.19,0.62,2
4188718061,0.82,-0.51,0.97,0.01,0.02,0
4188719719,-0.48,-0.44,0.1,0.17,0.73,2
4188720589,-0.89,-0.86,0.08,0.14,0.79,2
4188723645,-0.07,0.12,0.08,0.5,0.41,1
4188882777,-1.52,0.88,0.0,1.0,0.0,1
4189032911,1.12,-0.16,0.96,0.01,0.02,0
4189070973,2.06,-0.54,1.0,0.0,0.0,0
4189199849,-0.68,-0.78,0.34,0.06,0.6,0
4189240769,-0.78,-0.78,0.09,0.09,0.81,2
4189373812,-0.33,2.11,0.0,1.0,0.0,1
4189448748,-1.28,1.37,0.0,1.0,0.0,1
4189475053,-1.5,-1.41,0.05,0.24,0.71,2
4189485313,-0.99,0.29,0.01,0.97,0.02,1
4189594789,-0.68,-0.78,0.34,0.06,0.6,2
4189628934,0.39,-0.16,0.86,0.04,0.1,0
4189673017,-0.52,-0.58,0.24,0.08,0.69,2
4189903114,1.23,-0.66,0.99,0.0,0.01,0
4189903570,-0.36,-1.62,0.99,0.0,0.01,0
4190026775,-0.82,-0.82,0.09,0.09,0.82,2
4190044324,-1.67,-1.81,0.24,0.04,0.72,0
4190092214,-1.32,-1.11,0.03,0.57,0.4,1
4190120121,-0.84,-0.92,0.25,0.06,0.69,0
4190123713,-0.6,-0.86,0.72,0.03,0.25,0
4190164448,1.66,2.17,0.05,0.81,0.14,1
4190172079,-1.69,1.59,0.0,1.0,0.0,1
4190207085,1.3,-1.61,1.0,0.0,0.0,0
4190355019,-0.81,-0.84,0.14,0.08,0.79,2
4190607147,0.15,2.23,0.0,0.99,0.0,1
4190625764,-1.76,1.97,0.0,1.0,0.0,1
4190694161,0.48,-0.23,0.9,0.03,0.07,0
4190774693,-0.55,-0.55,0.11,0.11,0.78,2
4190840232,-1.18,1.01,0.0,1.0,0.0,1
4191214483,1.21,1.76,0.04,0.84,0.12,2
4191278050,1.91,0.03,0.99,0.0,0.01,0
4191350323,-0.99,-0.05,0.01,0.95,0.04,1
4191491926,-0.93,-0.84,0.06,0.29,0.65,1
4191560269,2.05,1.67,0.69,0.07,0.24,0
4191582295,0.32,0.88,0.04,0.85,0.11,1
4191601943,-0.7,1.97,0.0,1.0,0.0,1
4191803774,0.82,-0.98,0.99,0.0,0.01,0
4191809121,-0.93,-0.92,0.08,0.1,0.82,2
4191825747,0.33,-0.42,0.92,0.02,0.06,0
4191871087,-0.15,-0.68,0.89,0.02,0.09,0
4191998097,-1.76,-0.84,0.01,0.95,0.05,1
4192070310,2.16,0.48,0.98,0.01,0.01,0
4192103700,-1.5,1.11,0.0,1.0,0.0,1
4192140404,1.71,-0.36,0.99,0.0,0.0,0
4192165148,-0.76,-0.78,0.12,0.08,0.79,2
4192204784,-1.35,-1.53,0.4,0.04,0.56,0
4192337966,1.5,1.92,0.06,0.73,0.2,1
4192406678,-0.77,-0.79,0.12,0.08,0.8,2
4192407066,0.11,-0.33,0.83,0.04,0.13,0
4192445564,-0.46,1.06,0.01,0.98,0.01,1
4192448522,0.03,-1.02,0.97,0.01,0.02,0
4192504949,-1.32,-1.3,0.07,0.1,0.83,2
4192639084,-0.43,0.31,0.02,0.91,0.07,2
4192691058,-1.11,1.05,0.0,1.0,0.0,1
4192697246,0.15,1.65,0.01,0.98,0.01,1
4192767001,-0.77,-0.78,0.11,0.09,0.8,2
4192781863,0.75,-0.53,0.97,0.01,0.02,0
4192994643,1.54,-0.74,1.0,0.0,0.0,0
4193064537,-0.31,1.78,0.0,0.99,0.0,1
4193224903,1.81,2.09,0.09,0.56,0.35,2
4193237152,-1.16,1.02,0.0,1.0,0.0,1
4193273252,3.19,-0.6,1.0,0.0,0.0,0
4193307072,2.05,0.73,0.96,0.02,0.02,0
4193318395,-0.0,0.66,0.03,0.89,0.08,1
4193338956,-1.16,-1.45,0.66,0.02,0.31,2
4193465699,1.02,2.88,0.0,0.99,0.0,1
4193685101,2.61,0.81,0.99,0.01,0.01,0
4193688494,0.26,-0.17,0.81,0.05,0.14,0
4193775352,-0.05,1.96,0.0,0.99,0.0,1
4193908690,-1.7,1.56,0.0,1.0,0.0,1
4194150310,-0.79,-0.78,0.09,0.11,0.81,2
4194164191,-1.88,-1.76,0.04,0.26,0.7,2
4194213797,-0.57,0.34,0.02,0.94,0.04,1
4194340648,1.48,-0.06,0.98,0.01,0.01,0
4194365901,1.34,0.4,0.93,0.03,0.04,2
4194370349,-0.85,-0.88,0.13,0.07,0.79,2
4194387370,-0.89,-0.91,0.11,0.08,0.81,2
4194522033,1.27,0.89,0.68,0.09,0.23,0
4194578980,-1.16,0.1,0.01,0.97,0.02,1
4194615553,-1.0,0.09,0.01,0.96,0.03,1
4194842638,-0.81,-0.82,0.11,0.09,0.81,2
4194909693,-0.49,0.9,0.01,0.98,0.02,2
4194936305,1.58,-1.74,1.0,0.0,0.0,0
4194973013,-0.75,0.54,0.01,0.97,0.02,1
4195019530,0.84,0.56,0.55,0.11,0.34,2
4195185784,2.05,-0.07,0.99,0.0,0.0,0
4195312630,0.37,-0.13,0.84,0.04,0.12,0
4195348438,-0.62,0.74,0.01,0.98,0.02,1
4195403958,-0.71,-0.62,0.06,0.3,0.63,1
4195417677,-0.37,-0.43,0.24,0.09,0.67,2
4195418175,1.48,1.52,0.17,0.2,0.64,2
4195459891,-0.34,-0.37,0.18,0.1,0.72,0
4195489230,-0.74,-0.67,0.07,0.24,0.69,1
4195574869,-0.95,0.74,0.0,0.99,0.01,1
4195618506,-1.13,-0.07,0.01,0.96,0.03,1
4195818957,-0.95,-0.89,0.06,0.2,0.73,2
4195835698,-0.71,-0.71,0.1,0.1,0.8,2
4196018712,-0.27,-0.27,0.15,0.14,0.71,0
4196088169,-1.16,1.35,0.0,1.0,0.0,1
4196104333,1.84,0.17,0.98,0.01,0.01,0
4196209059,2.52,0.2,1.0,0.0,0.0,0
4196273503,-0.28,-0.39,0.36,0.08,0.56,2
4196281932,1.2,1.65,0.06,0.76,0.18,1
4196302229,-0.66,-0.62,0.08,0.17,0.75,1
4196425669,0.95,1.4,0.06,0.77,0.17,2
4196464969,0.63,0.28,0.66,0.09,0.25,0
4196492906,-0.89,-0.89,0.09,0.09,0.82,2
4196529871,0.36,1.07,0.03,0.91,0.07,1
4196542797,1.02,-0.64,0.99,0.0,0.01,0
4196605305,-0.84,-0.79,0.07,0.18,0.75,2
4196634256,-0.93,-0.93,0.09,0.09,0.82,2
4196740661,0.09,0.09,0.18,0.18,0.64,0
4196862242,-0.5,-1.04,0.9,0.01,0.09,0
4196938435,2.16,-0.84,1.0,0.0,0.0,0
4196962833,-0.88,-0.92,0.15,0.07,0.78,2
4197054597,-0.8,-0.82,0.12,0.08,0.8,2
4197094854,-0.7,-0.77,0.24,0.07,0.69,2
4197226936,0.63,1.87,0.01,0.97,0.02,1
4197297122,-1.59,-0.72,0.01,0.94,0.05,1
4197301939,-0.33,-0.64,0.76,0.04,0.2,2
4197384588,0.38,-0.9,0.98,0.01,0.02,0
4197442691,-0.74,-0.76,0.13,0.08,0.79,2
4197483593,-0.11,-0.13,0.18,0.14,0.68,2
4197502399,-0.89,-0.64,0.03,0.67,0.3,1
4197668521,0.85,-0.11,0.93,0.02,0.04,0
4197706170,-0.21,-0.09,0.09,0.36,0.55,1
4197732275,-0.84,-0.84,0.09,0.09,0.82,0
4197739414,0.26,-0.02,0.59,0.08,0.33,0
4197869230,1.8,1.23,0.85,0.05,0.1,1
4197926115,-0.79,-0.82,0.14,0.08,0.78,2
4198015647,-1.09,-0.4,0.01,0.91,0.08,1
4198213261,0.31,0.71,0.06,0.74,0.21,2
4198230943,2.05,-0.95,1.0,0.0,0.0,0
4198326990,-1.71,0.11,0.0,0.99,0.0,1
4198361575,2.28,0.16,0.99,0.0,0.0,0
4198382072,-0.17,-0.62,0.85,0.03,0.12,0
4198384283,-1.52,-1.59,0.14,0.05,0.81,2
4198426697,1.92,-0.77,1.0,0.0,0.0,0
4198453021,-0.4,-1.34,0.97,0.01,0.03,0
4198462022,-0.63,-0.63,0.11,0.1,0.79,2
4198495861,-1.02,0.26,0.01,0.97,0.02,1
4198638321,0.75,1.84,0.01,0.96,0.03,1
4198665000,-0.31,-1.05,0.94,0.01,0.05,0
4198765301,-1.39,0.98,0.0,1.0,0.0,1
4198823489,-0.41,-0.4,0.12,0.13,0.75,2
4198839115,1.05,-1.21,1.0,0.0,0.0,0
4198855286,-0.08,-0.09,0.18,0.15,0.67,2
4198921068,-0.36,-0.7,0.79,0.03,0.17,0
4198930172,-1.23,-0.39,0.01,0.94,0.05,2
4198991505,-1.08,-1.12,0.14,0.07,0.8,1
4199341465,-1.16,1.61,0.0,1.0,0.0,1
4199377257,-0.86,-0.82,0.07,0.16,0.77,2
4199490204,-0.95,-1.01,0.19,0.06,0.75,0
4199527387,0.45,-1.23,0.99,0.0,0.01,0
4199554564,-1.13,0.2,0.01,0.98,0.02,1
4199591707,-0.55,-0.5,0.09,0.19,0.72,2
4199657944,-0.51,-0.65,0.46,0.06,0.48,0
4199710834,-0.14,-0.58,0.85,0.03,0.12,0
4199746767,-1.76,-1.8,0.09,0.05,0.86,0
4199749410,-0.74,-0.76,0.13,0.08,0.79,2
4199915994,1.98,1.6,0.69,0.07,0.24,2
4199959504,1.23,2.39,0.01,0.97,0.02,1
4200012415,-0.82,-0.82,0.09,0.09,0.82,2
4200041412,-0.9,-0.84,0.07,0.2,0.73,1
4200088116,-0.66,-0.68,0.13,0.09,0.78,2
4200116363,-0.51,-0.53,0.15,0.09,0.76,2
4200178121,-0.16,1.08,0.01,0.97,0.02,1
4200232113,-1.28,2.25,0.0,1.0,0.0,1
4200354648,0.27,0.99,0.03,0.91,0.07,0
4200624010,-1.11,0.79,0.0,0.99,0.0,1
4200662971,-1.31,-1.31,0.08,0.08,0.84,1
4200802270,-0.87,-0.82,0.07,0.18,0.75,1
4200906337,-0.51,-1.27,0.95,0.01,0.04,2
4201029752,-0.41,-0.61,0.59,0.05,0.35,2
4201139957,0.1,0.02,0.26,0.12,0.62,2
4201190277,-0.72,-0.67,0.08,0.19,0.74,2
4201251586,-0.85,-0.81,0.07,0.16,0.77,2
4201340181,0.77,2.75,0.0,0.99,0.0,1
4201351583,-0.74,-0.71,0.08,0.14,0.77,2
4201405075,-0.74,-0.75,0.11,0.09,0.8,2
4201462799,-0.87,-0.88,0.1,0.08,0.82,2
4201568106,0.59,-1.23,0.99,0.0,0.0,0
4201572470,-0.89,-0.92,0.13,0.07,0.8,2
4201597732,-0.8,-0.87,0.23,0.06,0.7,0
4201858738,-0.96,-1.05,0.27,0.06,0.68,2
4201958783,0.22,-0.84,0.97,0.01,0.03,0
4202190863,-0.89,-0.61,0.03,0.7,0.27,1
4202216689,-0.08,-1.97,1.0,0.0,0.0,0
4202253676,-0.91,-1.05,0.42,0.05,0.54,2
4202272395,-0.57,-1.42,0.96,0.01,0.03,0
4202313126,-0.09,-1.91,1.0,0.0,0.0,0
4202369684,0.53,1.0,0.05,0.79,0.16,1
4202449564,-0.71,-0.69,0.09,0.13,0.79,2
4202470157,0.76,-1.5,1.0,0.0,0.0,0
4202546283,-0.86,-0.85,0.08,0.1,0.81,2
4202588088,-0.77,-0.51,0.04,0.67,0.29,1
4202628431,-0.77,-0.76,0.09,0.11,0.8,2
4202732049,0.32,0.56,0.09,0.54,0.37,2
4202758869,-0.77,-0.81,0.16,0.07,0.77,2
4202774026,-0.66,-0.72,0.22,0.07,0.71,2
4202792520,-0.89,-0.84,0.07,0.18,0.75,2
4202808023,-1.3,-0.31,0.01,0.96,0.03,1
4202867269,-0.58,-0.58,0.11,0.1,0.78,2
4202907543,0.27,-0.49,0.92,0.02,0.06,0
4203001345,-0.67,-0.39,0.04,0.69,0.27,1
4203049462,0.89,0.6,0.56,0.11,0.33,0
4203159050,-0.97,-0.91,0.06,0.2,0.74,2
4203215347,2.05,-1.78,1.0,0.0,0.0,0
4203226639,1.16,0.62,0.83,0.06,0.12,0
4203271127,0.6,0.89,0.08,0.6,0.31,2
4203311514,-1.27,-1.11,0.04,0.48,0.49,1
4203336799,-1.62,-0.29,0.0,0.98,0.02,1
4203370903,3.17,1.43,0.99,0.01,0.01,0
4203382257,-1.06,-0.26,0.01,0.93,0.06,1
4203389920,0.52,1.21,0.03,0.9,0.07,1
4203447979,-0.48,-1.16,0.93,0.01,0.06,0
4203453793,-0.85,-0.84,0.09,0.1,0.81,2
4203467251,1.59,-0.32,0.99,0.0,0.01,0
4203472375,0.47,-1.46,1.0,0.0,0.0,0
4203500866,-0.03,-0.03,0.17,0.17,0.66,1
4203558115,2.39,2.2,0.4,0.09,0.52,1
4203678080,-0.56,-0.63,0.26,0.07,0.67,2
4203708763,-0.51,-0.33,0.06,0.55,0.4,1
4203735144,-0.15,-0.15,0.16,0.16,0.68,0
4203897703,1.87,-0.32,0.99,0.0,0.0,0
4203921554,0.95,-0.71,0.99,0.0,0.01,0
4203929745,2.31,-0.91,1.0,0.0,0.0,0
4204148722,-0.86,-0.84,0.08,0.12,0.8,2
4204251587,0.38,0.13,0.51,0.1,0.38,0
4204296983,0.29,0.41,0.12,0.32,0.56,2
4204314195,1.69,-0.62,1.0,0.0,0.0,0
4204395194,0.11,-0.76,0.95,0.01,0.04,1
4204395711,-1.3,0.54,0.0,0.99,0.01,1
4204499980,0.3,0.48,0.11,0.43,0.46,1
4204597476,-0.8,0.3,0.01,0.96,0.03,1
4204614920,-0.88,-0.85,0.08,0.14,0.79,2
4204728837,0.17,2.09,0.0,0.99,0.0,1
4204760976,-0.35,-0.34,0.13,0.14,0.73,2
4204923022,1.97,2.3,0.08,0.63,0.29,1
4205207896,0.71,-1.37,1.0,0.0,0.0,0
4205227067,0.61,0.25,0.68,0.08,0.24,0
4205236413,2.45,-0.25,1.0,0.0,0.0,0
4205408166,-0.98,0.11,0.01,0.96,0.03,1
4205416862,-0.68,-0.51,0.05,0.54,0.41,2
4205448449,0.37,-0.51,0.94,0.02,0.04,0
4205475972,0.34,0.24,0.28,0.13,0.59,0
4205539430,0.71,-1.03,0.99,0.0,0.01,0
4205556850,0.08,-1.7,1.0,0.0,0.0,0
4205590831,-0.88,-0.88,0.09,0.09,0.82,2
4205660616,-1.41,-1.45,0.11,0.06,0.83,2
4205700834,-1.0,-0.81,0.04,0.58,0.39,2
4205918529,-0.7,-0.74,0.17,0.08,0.76,2
4205926084,1.47,-0.16,0.98,0.01,0.01,0
4206104127,1.05,0.36,0.88,0.04,0.08,0
4206620868,0.03,-0.25,0.64,0.07,0.29,0
4206644455,-0.73,-0.73,0.1,0.1,0.81,2
4206692298,-0.74,-0.77,0.14,0.08,0.78,2
4206771947,0.6,0.2,0.74,0.07,0.19,2
4206856770,-0.92,1.84,0.0,1.0,0.0,1
4206857843,-1.05,-1.01,0.07,0.15,0.78,1
4206928033,-1.27,0.42,0.0,0.99,0.01,1
4206978375,-1.45,0.77,0.0,1.0,0.0,2
4207117515,0.26,0.8,0.04,0.84,0.12,1
4207145444,0.97,-1.16,1.0,0.0,0.0,0
4207230250,-0.74,-0.74,0.1,0.09,0.81,2
4207350137,0.49,-0.75,0.97,0.01,0.02,1
4207399881,-0.32,-0.96,0.92,0.01,0.07,0
4207419389,-1.13,-0.02,0.01,0.97,0.03,1
4207458018,-1.17,-1.17,0.08,0.09,0.83,2
4207608715,-0.33,0.94,0.01,0.97,0.02,1
4207644382,-0.51,-1.27,0.95,0.01,0.04,0
4207712693,0.71,-0.32,0.95,0.02,0.04,0
4207858001,1.39,0.06,0.97,0.01,0.02,0
4207872091,-0.97,-0.33,0.02,0.89,0.09,1
4207955292,2.12,2.61,0.05,0.8,0.15,1
4208005018,-0.81,0.75,0.01,0.98,0.01,1
4208033247,0.46,-0.13,0.87,0.04,0.09,0
4208070973,0.25,0.25,0.19,0.19,0.62,1
4208094018,1.89,0.2,0.98,0.01,0.01,0
4208245481,0.06,0.92,0.02,0.93,0.05,1
4208264163,0.66,0.74,0.14,0.26,0.6,2
4208315932,-0.84,-0.88,0.15,0.07,0.77,0
4208337852,2.02,-0.54,1.0,0.0,0.0,0
4208358725,-1.83,1.49,0.0,1.0,0.0,1
4208363462,-0.84,-0.84,0.09,0.09,0.82,2
4208377575,-0.76,-0.82,0.21,0.07,0.72,1
4208666725,1.21,-1.4,1.0,0.0,0.0,0
4208691918,-0.81,-0.74,0.07,0.24,0.7,2
4208697224,-0.9,0.19,0.01,0.96,0.03,1
4208856820,0.5,-0.25,0.91,0.03,0.06,0
4208888433,-1.39,2.53,0.0,1.0,0.0,1
4209039686,1.2,-0.76,0.99,0.0,0.0,0
4209043802,-0.26,-0.26,0.15,0.14,0.71,0
4209106876,0.49,0.49,0.2,0.19,0.62,0
4209241314,0.11,-0.35,0.84,0.04,0.12,2
4209242419,-0.06,0.01,0.12,0.25,0.63,2
4209248786,-0.15,-0.58,0.84,0.03,0.13,2
4209314291,0.56,0.55,0.21,0.18,0.61,2
4209346609,0.92,1.34,0.06,0.74,0.2,1
4209382341,-0.71,-0.73,0.13,0.08,0.79,0
4209560151,1.16,-0.6,0.99,0.0,0.01,0
4209717362,1.84,0.67,0.95,0.02,0.03,0
4209884162,-0.77,-0.71,0.07,0.21,0.72,2
4209952560,0.67,0.75,0.14,0.26,0.6,0
4210007768,-0.59,1.41,0.0,0.99,0.0,1
4210113770,-0.98,-0.98,0.09,0.09,0.82,2
4210188715,-0.77,-0.75,0.09,0.12,0.79,2
4210219819,2.22,1.52,0.91,0.03,0.06,0
4210274742,1.82,-0.44,1.0,0.0,0.0,0
4210339544,-0.27,-1.26,0.97,0.01,0.03,0
4210429094,-0.41,0.22,0.03,0.89,0.09,1
4210751808,-1.2,1.47,0.0,1.0,0.0,1
4210895034,0.89,-0.91,0.99,0.0,0.01,0
4210933969,-1.68,-1.61,0.05,0.17,0.78,2
4210968637,-0.64,-0.14,0.03,0.85,0.12,1
4210995470,-0.14,-0.5,0.79,0.04,0.17,2
4211106202,0.35,0.14,0.44,0.11,0.45,2
4211109453,-1.39,-0.73,0.01,0.89,0.09,1
4211116217,3.03,-0.46,1.0,0.0,0.0,0
4211159893,-0.82,-0.81,0.09,0.1,0.81,2
4211248122,0.21,-0.25,0.84,0.04,0.12,2
4211385637,-0.29,2.48,0.0,1.0,0.0,1
4211405339,1.32,-1.37,1.0,0.0,0.0,0
4211559987,1.0,-0.16,0.95,0.02,0.03,0
4211791373,-0.84,-0.84,0.09,0.09,0.82,2
4211877091,0.88,0.41,0.79,0.06,0.15,0
4211935322,-0.67,-0.67,0.1,0.1,0.8,0
4211973456,-0.52,-0.57,0.21,0.08,0.71,0
4212004032,1.45,-0.8,1.0,0.0,0.0,0
4212250620,0.43,0.45,0.18,0.2,0.62,2
4212312947,-0.8,-0.82,0.12,0.08,0.8,2
4212432760,-1.13,-0.84,0.03,0.7,0.27,0
4212480740,-0.05,0.23,0.07,0.64,0.29,1
4212517026,0.75,2.14,0.01,0.98,0.01,1
4212683043,0.61,1.22,0.03,0.87,0.09,1
4212701199,-0.82,-0.82,0.09,0.09,0.82,2
4213015875,0.1,0.97,0.02,0.93,0.05,1
4213039786,-1.26,-1.21,0.06,0.16,0.78,0
4213057466,-1.45,-1.38,0.05,0.19,0.76,2
4213118986,-0.78,-0.78,0.09,0.09,0.81,2
4213159674,-1.02,1.12,0.0,0.99,0.0,1
4213165401,-0.75,-0.73,0.09,0.12,0.79,2
4213202148,-0.39,-0.82,0.85,0.02,0.13,0
4213413316,1.74,-0.9,1.0,0.0,0.0,0
4213461981,-0.86,-0.85,0.08,0.1,0.81,2
4213513260,-0.95,-1.15,0.55,0.04,0.41,0
4213513434,0.98,1.21,0.11,0.48,0.41,1
4213558167,-0.75,-0.74,0.09,0.11,0.8,2
4213576227,-0.19,-1.52,0.99,0.0,0.01,0
4213638078,-0.49,-1.08,0.91,0.01,0.08,0
4213703396,-0.12,0.24,0.05,0.73,0.22,1
4213950427,1.72,0.14,0.98,0.01,0.01,0
4214054512,-1.32,0.85,0.0,1.0,0.0,1
4214265819,0.85,0.19,0.88,0.04,0.08,0
4214279148,-1.87,2.23,0.0,1.0,0.0,1
4214325799,-0.79,-0.78,0.09,0.11,0.81,2
4214450583,-1.17,-1.26,0.24,0.05,0.7,2
4214689421,-0.91,-0.91,0.09,0.09,0.82,2
4214757383,0.17,-0.58,0.92,0.02,0.06,0
4214785258,0.45,0.84,0.06,0.73,0.21,1
4214811844,-0.38,0.21,0.03,0.88,0.1,0
4214871646,-0.77,-0.48,0.04,0.71,0.26,1
4214876898,-0.8,-0.88,0.26,0.06,0.68,0
4214893518,-0.82,-0.82,0.09,0.09,0.82,2
4214992724,-0.71,-0.66,0.08,0.19,0.73,0
4215069194,0.06,-0.12,0.44,0.09,0.47,2
4215105062,-0.75,-0.78,0.14,0.08,0.78,2
4215140113,0.02,-0.15,0.42,0.09,0.48,2
4215172659,0.9,1.16,0.1,0.54,0.37,0
4215257267,2.28,-1.8,1.0,0.0,0.0,0
4215346086,-0.76,0.6,0.01,0.98,0.02,1
4215382708,-0.61,1.18,0.0,0.99,0.01,1
4215486948,-1.83,-1.87,0.08,0.05,0.86,0
4215506531,-0.6,-0.66,0.23,0.07,0.7,2
4215540619,-0.7,0.12,0.02,0.93,0.05,1
4215550633,0.96,2.84,0.0,0.99,0.0,1
4215775875,0.24,2.0,0.0,0.99,0.01,1
4215802168,2.17,0.84,0.97,0.02,0.02,0
4215855431,-1.32,-0.84,0.02,0.83,0.16,1
4215922658,0.05,1.47,0.01,0.98,0.01,1
4215941661,0.95,1.05,0.14,0.27,0.58,1
4215943106,-0.84,-0.82,0.08,0.12,0.8,2
4215952705,-0.46,-1.66,0.98,0.0,0.01,0
4216024617,-1.78,0.73,0.0,1.0,0.0,1
4216063518,-0.16,-0.14,0.14,0.18,0.68,1
4216086527,-1.28,0.37,0.0,0.99,0.01,1
4216093509,-0.94,-0.87,0.06,0.23,0.71,2
4216097527,0.37,1.24,0.02,0.94,0.04,1
4216142538,2.17,-1.65,1.0,0.0,0.0,0
4216204587,-1.2,1.68,0.0,1.0,0.0,1
4216337905,1.49,1.16,0.61,0.09,0.3,2
4216393500,-0.68,-0.69,0.12,0.09,0.79,2
4216398877,0.62,-1.17,0.99,0.0,0.01,0
4216460780,0.61,-1.34,1.0,0.0,0.0,0
4216471352,-1.0,-0.9,0.05,0.32,0.63,2
4216704538,-1.2,1.3,0.0,1.0,0.0,1
4216751888,-0.77,-0.78,0.11,0.09,0.8,2
4216769264,-0.18,-0.6,0.84,0.03,0.13,0
4216888231,2.61,1.77,0.94,0.02,0.04,0
4217081008,-0.57,-0.28,0.04,0.7,0.26,2
4217089179,0.93,0.53,0.72,0.08,0.2,1
4217158358,-0.76,-0.76,0.1,0.09,0.81,2
4217162489,-0.89,-0.25,0.02,0.89,0.09,1
4217163582,1.23,-0.62,0.99,0.0,0.01,0
4217167328,0.84,-0.72,0.98,0.0,0.01,0
4217207737,-0.82,-0.86,0.16,0.07,0.77,2
4217305068,1.37,0.8,0.84,0.05,0.11,0
4217499598,2.03,1.23,0.92,0.03,0.05,2
4217667437,-1.48,-1.61,0.27,0.04,0.69,2
4217724456,1.08,0.99,0.28,0.14,0.58,0
4217759934,0.43,0.66,0.1,0.52,0.39,2
4217960996,-1.27,-0.41,0.01,0.94,0.05,1
4218005059,-0.82,-0.78,0.08,0.16,0.76,2
4218036675,1.05,-0.71,0.99,0.0,0.01,0
4218187867,0.96,-0.12,0.95,0.02,0.04,0
4218205855,1.82,-1.51,1.0,0.0,0.0,0
4218242690,-0.75,-0.89,0.45,0.05,0.51,2
4218567078,0.1,-0.16,0.59,0.08,0.33,0
4218587748,0.93,-0.96,0.99,0.0,0.0,0
4218709426,0.22,0.27,0.15,0.23,0.62,0
4218722664,1.38,-0.73,0.99,0.0,0.0,0
4218747282,2.22,1.67,0.85,0.05,0.11,0
4219003246,-0.47,0.09,0.03,0.87,0.1,1
4219016194,-0.52,0.8,0.01,0.97,0.02,1
4219055044,-0.45,-0.92,0.87,0.02,0.11,2
4219086767,-0.95,-0.77,0.04,0.56,0.4,1
4219126037,-0.35,-0.9,0.9,0.02,0.09,0
4219126153,1.2,-0.28,0.98,0.01,0.02,0
4219148809,-0.82,-0.79,0.08,0.14,0.78,2
4219164523,0.01,-0.49,0.87,0.03,0.1,1
4219212483,0.21,-1.2,0.99,0.0,0.01,0
4219233608,2.31,2.25,0.24,0.11,0.65,1
4219270156,0.17,-0.78,0.95,0.01,0.03,0
4219323722,-0.13,-0.79,0.92,0.02,0.06,0
4219506837,-0.84,-0.85,0.1,0.08,0.81,2
4219516491,-1.23,-1.2,0.06,0.12,0.81,2
4219634469,-1.78,-1.73,0.05,0.13,0.82,2
4219667568,-0.89,-1.39,0.89,0.01,0.1,0
4219980097,-0.27,-0.27,0.15,0.14,0.71,1
4220056378,0.53,-1.8,1.0,0.0,0.0,0
4220063789,0.68,-0.65,0.98,0.01,0.02,0
4220149347,-0.54,2.12,0.0,1.0,0.0,1
4220233372,-0.23,-0.28,0.21,0.1,0.69,2
4220240385,-0.95,-0.95,0.09,0.09,0.82,2
4220290774,0.29,-0.95,0.98,0.01,0.02,0
4220305502,-0.73,-1.04,0.77,0.02,0.21,0
4220311356,-0.78,-0.77,0.09,0.11,0.81,2
4220495759,-1.26,0.8,0.0,0.99,0.0,1
4220521423,1.28,1.99,0.03,0.91,0.07,1
4220663412,2.05,-0.74,1.0,0.0,0.0,0
4220674200,0.13,-0.47,0.89,0.03,0.08,0
4220721936,0.75,-1.41,1.0,0.0,0.0,0
4220751793,-0.84,-0.82,0.08,0.12,0.8,2
4220753267,-0.01,-1.67,0.99,0.0,0.0,0
4220767928,-1.31,0.04,0.01,0.98,0.01,1
4220800031,-0.53,0.38,0.02,0.94,0.04,1
4220898398,0.17,0.07,0.28,0.12,0.6,0
4220954882,-0.45,-0.61,0.51,0.06,0.43,0
4221188589,-0.5,0.33,0.02,0.93,0.05,1
4221212915,-0.77,-0.79,0.12,0.08,0.8,2
4221368533,-0.54,1.55,0.0,0.99,0.0,1
4221534759,0.41,-0.05,0.82,0.05,0.13,0
4221564991,-1.41,1.34,0.0,1.0,0.0,1
4221594129,-0.21,-1.08,0.96,0.01,0.04,0
4221656851,-0.32,0.3,0.03,0.88,0.09,1
4221668962,-0.66,-0.64,0.09,0.13,0.78,2
4221720001,-1.4,0.61,0.0,0.99,0.0,1
4221790380,3.0,0.61,1.0,0.0,0.0,0
4221854008,-1.39,1.75,0.0,1.0,0.0,1
4221900502,-0.14,-0.97,0.95,0.01,0.04,0
4221941249,-0.45,-1.98,0.99,0.0,0.01,0
4221959654,-0.43,-0.81,0.82,0.03,0.15,0
4221973016,0.68,-1.59,1.0,0.0,0.0,0
4222028214,-0.81,-0.77,0.08,0.16,0.76,1
4222086737,0.94,0.95,0.2,0.19,0.61,2
4222174166,0.99,0.33,0.87,0.04,0.08,0
4222267907,0.11,1.64,0.01,0.98,0.01,1
4222362831,-0.89,-0.84,0.07,0.18,0.75,0
4222431561,1.43,-1.25,1.0,0.0,0.0,0
4222536975,-0.59,1.09,0.01,0.99,0.01,1
4222545106,-0.74,-0.77,0.14,0.08,0.78,0
4222577204,-0.95,-0.11,0.01,0.94,0.05,1
4222740905,1.28,0.92,0.65,0.09,0.26,0
4222785443,-0.95,1.2,0.0,1.0,0.0,1
4222806304,0.13,0.93,0.02,0.92,0.06,1
4222815897,-0.09,1.76,0.0,0.99,0.01,1
4222847658,-0.3,-0.35,0.22,0.1,0.69,0
4222896710,0.47,0.39,0.27,0.14,0.59,1
4222953595,-0.51,1.2,0.01,0.99,0.01,1
4222961817,-0.79,-0.78,0.09,0.11,0.81,2
4223244199,-0.26,-0.38,0.39,0.08,0.53,0
4223301255,-0.87,-0.84,0.08,0.14,0.79,1
4223340612,-1.2,0.32,0.01,0.98,0.01,1
4223345373,-0.61,2.83,0.0,1.0,0.0,1
4223387653,-0.71,-0.73,0.13,0.08,0.79,1
4223399997,2.64,1.41,0.97,0.01,0.02,0
4223410220,-0.96,-0.96,0.09,0.09,0.82,2
4223413602,-1.1,-0.37,0.01,0.92,0.07,1
4223746574,0.63,-0.15,0.91,0.03,0.06,0
4223763439,-0.73,-0.8,0.24,0.07,0.69,0
4223764049,0.86,-0.19,0.95,0.02,0.04,0
4223786561,-0.19,0.58,0.02,0.92,0.06,1
4223913492,0.35,0.64,0.08,0.62,0.3,2
4223951278,0.9,-0.33,0.96,0.01,0.02,0
4223990868,-1.4,2.53,0.0,1.0,0.0,1
4224066676,-1.08,0.34,0.01,0.98,0.01,1
4224115839,1.3,-0.77,0.99,0.0,0.0,0
4224123809,-1.23,-1.32,0.24,0.05,0.71,2
4224330542,-0.29,0.61,0.02,0.94,0.04,0
4224487971,-0.88,-0.84,0.07,0.16,0.77,0
4224488475,0.27,0.77,0.04,0.82,0.14,1
4224532506,-0.37,-0.29,0.09,0.27,0.64,0
4224546335,-0.86,0.02,0.01,0.94,0.04,1
4224565288,1.0,-0.95,0.99,0.0,0.0,0
4224707626,0.42,0.27,0.35,0.13,0.53,2
4224728234,-0.38,0.77,0.01,0.96,0.03,1
4224797115,-0.61,-0.36,0.04,0.65,0.3,2
4224812135,1.52,-1.02,1.0,0.0,0.0,0
4224860363,-0.61,1.16,0.0,0.99,0.01,1
4224863280,-1.11,-1.11,0.08,0.09,0.83,1
4224929567,0.6,-0.6,0.97,0.01,0.02,0
4225011878,-0.67,-0.74,0.25,0.07,0.68,0
4225023243,-0.77,-0.26,0.02,0.85,0.12,1
4225093378,-0.59,-0.68,0.32,0.06,0.62,2
4225138094,-0.71,-0.74,0.15,0.08,0.77,2
4225163398,-0.16,-0.2,0.2,0.12,0.69,2
4225174423,-0.53,-0.44,0.07,0.31,0.62,2
4225202894,-0.85,-0.88,0.13,0.07,0.79,2
4225209826,-1.22,-1.27,0.14,0.06,0.8,0
4225353156,-0.81,-0.88,0.23,0.06,0.71,0
4225429292,1.49,1.35,0.32,0.11,0.57,1
4225507700,-0.85,-0.84,0.09,0.1,0.81,2
4225571345,0.86,-1.21,1.0,0.0,0.0,0
4225692102,-0.91,-0.84,0.06,0.23,0.71,2
4225694468,-1.22,-0.32,0.01,0.95,0.04,1
4225794120,-0.96,-0.77,0.04,0.58,0.38,1
4225867641,0.13,-0.78,0.95,0.01,0.04,0
4225915327,2.97,-1.07,1.0,0.0,0.0,0
4226163107,2.12,-1.46,1.0,0.0,0.0,0
4226180259,0.04,-0.69,0.93,0.02,0.06,0
4226256701,-0.78,0.15,0.01,0.95,0.04,1
4226335147,-0.71,0.31,0.01,0.95,0.03,1
4226462335,-0.94,-0.96,0.11,0.08,0.81,2
4226561711,-0.77,-0.87,0.33,0.06,0.61,0
4226791036,0.1,0.19,0.12,0.29,0.59,2
4226795445,1.79,1.67,0.3,0.11,0.6,1
4226859051,1.03,-0.21,0.96,0.01,0.03,0
4226920149,1.3,-0.88,1.0,0.0,0.0,0
4226971091,1.55,-0.07,0.98,0.01,0.01,0
4227027374,-0.45,0.05,0.03,0.85,0.12,1
4227115802,0.7,1.24,0.04,0.84,0.12,1
4227221919,1.18,-0.73,0.99,0.0,0.01,0
4227253840,-0.69,-0.75,0.22,0.07,0.71,2
4227300365,-0.84,0.49,0.01,0.98,0.02,1
4227312268,2.42,-1.27,1.0,0.0,0.0,0
4227370967,1.44,-0.67,0.99,0.0,0.0,0
4227388144,1.2,1.2,0.2,0.18,0.62,0
4227422444,-0.03,-0.25,0.54,0.08,0.38,2
4227477791,-0.7,-0.57,0.05,0.43,0.51,1
4227490224,-0.15,0.22,0.05,0.74,0.21,1
4227491806,-0.34,-1.41,0.98,0.0,0.02,0
4227573282,-0.59,0.22,0.02,0.93,0.05,1
4227608081,-0.75,-0.75,0.1,0.09,0.81,2
4227673279,-0.48,2.36,0.0,1.0,0.0,1
4227706654,2.75,-0.23,1.0,0.0,0.0,0
4227725606,-1.73,-1.76,0.08,0.06,0.86,2
4228007665,-0.64,-0.71,0.25,0.07,0.68,2
4228017915,-0.79,-0.79,0.09,0.09,0.81,2
4228053482,1.36,-0.11,0.98,0.01,0.02,0
4228081378,-0.36,1.31,0.01,0.99,0.01,1
4228111213,-1.43,-1.27,0.03,0.45,0.51,0
4228138689,-0.41,-0.81,0.83,0.03,0.14,2
4228256019,1.0,-1.48,1.0,0.0,0.0,0
4228318696,-0.38,-0.9,0.89,0.02,0.09,0
4228353914,-0.96,-0.44,0.02,0.85,0.13,1
4228357419,-0.66,0.25,0.01,0.94,0.04,1
4228478004,2.62,1.08,0.98,0.01,0.01,0
4228514324,0.03,-1.06,0.97,0.01,0.02,0
4228604298,1.79,-0.38,0.99,0.0,0.0,0
4228672218,-0.38,0.51,0.02,0.94,0.05,1
4228693234,0.26,2.81,0.0,1.0,0.0,1
4228695445,-0.84,-0.88,0.15,0.07,0.77,2
4228846139,-1.2,-1.13,0.06,0.21,0.73,1
4228864129,-0.72,-0.72,0.1,0.1,0.8,0
4228881315,-1.06,-0.6,0.02,0.82,0.16,1
4228958963,-1.41,-0.44,0.01,0.95,0.04,1
4228984049,0.05,0.77,0.03,0.9,0.07,1
4228989625,0.21,0.02,0.43,0.1,0.47,0
4228994472,-0.82,-0.74,0.06,0.27,0.67,2
4229021901,-0.66,0.29,0.01,0.95,0.04,1
4229024373,-0.86,-0.85,0.08,0.1,0.81,2
4229026270,2.62,-1.02,1.0,0.0,0.0,0
4229029324,1.42,0.04,0.97,0.01,0.02,0
4229267872,-1.16,1.09,0.0,1.0,0.0,1
4229308244,-0.92,0.42,0.01,0.98,0.02,1
4229384919,-0.78,-0.8,0.12,0.08,0.8,2
4229393037,0.5,2.62,0.0,1.0,0.0,1
4229455167,0.36,0.31,0.24,0.15,0.61,0
4229518975,-0.78,-0.8,0.12,0.08,0.8,2
4229565591,-0.85,-0.86,0.1,0.08,0.81,2
4229729456,0.3,-0.66,0.95,0.01,0.04,0
4229760992,0.4,-1.05,0.99,0.0,0.01,0
4229891109,0.81,-0.78,0.99,0.0,0.01,0
4229911856,0.7,0.06,0.88,0.04,0.09,0
4229941807,0.68,-0.75,0.98,0.01,0.01,0
4230005877,-0.01,2.53,0.0,1.0,0.0,1
4230038459,-0.91,-0.86,0.07,0.18,0.75,2
4230051950,-0.78,-0.8,0.12,0.08,0.8,2
4230143796,1.17,0.95,0.44,0.12,0.44,0
4230209886,-0.76,-0.76,0.1,0.09,0.81,2
4230246994,-0.89,-0.89,0.09,0.09,0.82,2
4230389296,-0.91,-0.91,0.09,0.09,0.82,2
4230393646,-0.51,-0.51,0.12,0.11,0.77,2
4230414336,-0.89,-0.89,0.09,0.09,0.82,2
4230441485,-1.45,1.1,0.0,1.0,0.0,1
4230597810,0.25,0.31,0.15,0.23,0.62,0
4230621637,1.27,0.41,0.92,0.03,0.05,0
4230632701,-0.84,-0.85,0.1,0.08,0.81,2
4230647450,0.82,-0.23,0.95,0.02,0.04,0
4230691533,-0.78,-0.7,0.06,0.27,0.67,1
4230725414,-0.39,-1.73,0.99,0.0,0.01,0
4230727371,-0.29,-1.02,0.94,0.01,0.05,0
4230739518,-0.79,-0.81,0.12,0.08,0.8,2
4230845744,3.19,-1.98,1.0,0.0,0.0,0
4230892453,0.49,-0.6,0.96,0.01,0.03,0
4230898138,-0.87,-0.77,0.05,0.33,0.62,1
4231074056,-0.66,-0.73,0.25,0.07,0.68,2
4231121122,0.32,-0.1,0.79,0.05,0.16,0
4231143363,0.59,2.94,0.0,1.0,0.0,1
4231263115,-0.45,-0.48,0.17,0.09,0.74,2
4231384754,-0.75,-0.7,0.07,0.19,0.74,0
4231390516,-0.48,0.64,0.01,0.96,0.03,1
4231390741,-1.6,-0.04,0.0,0.99,0.01,1
4231468933,-1.63,-1.7,0.13,0.04,0.83,2
4231503949,-0.47,-0.56,0.33,0.07,0.6,2
4231575331,-0.47,-0.52,0.21,0.08,0.7,2
4231628683,0.23,-0.96,0.98,0.01,0.02,0
4231644896,0.95,-0.71,0.99,0.0,0.01,0
4231741198,0.26,-1.52,0.99,0.0,0.0,0
4231776347,-0.82,-0.54,0.03,0.7,0.27,2
4231835971,-1.07,0.79,0.0,0.99,0.01,1
4231882408,-0.31,-0.32,0.15,0.12,0.72,2
4231995963,-0.91,-0.79,0.05,0.39,0.56,2
4232134892,0.08,-0.92,0.96,0.01,0.03,0
4232164637,0.3,0.65,0.06,0.69,0.24,2
4232184126,-0.61,2.52,0.0,1.0,0.0,1
4232255270,-0.82,-0.82,0.09,0.09,0.82,2
4232302965,-1.45,0.7,0.0,1.0,0.0,1
4232369605,1.08,-0.44,0.98,0.01,0.01,0
4232369931,-1.37,-1.37,0.08,0.08,0.84,2
4232370083,-0.77,-0.71,0.07,0.21,0.72,1
4232378807,-0.92,-0.95,0.13,0.07,0.8,2
4232402348,-1.48,-1.34,0.04,0.39,0.58,1
4232425627,0.46,0.36,0.28,0.13,0.58,0
4232543179,0.75,-0.93,0.99,0.0,0.01,0
4232732728,-0.97,-0.97,0.09,0.09,0.82,1
4232786108,0.54,-0.84,0.98,0.01,0.01,0
4232791784,-0.78,-0.81,0.14,0.08,0.78,2
4232797987,-0.31,-0.77,0.86,0.02,0.11,0
4232938051,-0.94,1.67,0.0,1.0,0.0,1
4233296717,-0.74,-0.81,0.24,0.07,0.7,0
4233308113,1.13,0.64,0.8,0.06,0.14,0
4233383829,0.38,1.1,0.03,0.91,0.06,1
4233458392,-0.77,-0.75,0.09,0.12,0.79,2
4233537623,-0.52,-1.2,0.93,0.01,0.06,0
4233581413,-0.85,-0.87,0.12,0.08,0.8,2
4233633398,0.34,-0.4,0.91,0.02,0.06,0
4233715289,-0.77,-0.74,0.08,0.14,0.78,2
4233716294,1.53,0.19,0.97,0.01,0.02,0
4233722455,-0.84,-0.89,0.18,0.07,0.76,2
4233774292,-0.36,0.07,0.04,0.81,0.15,2
4233902611,-0.53,-1.87,0.99,0.0,0.01,0
4234042907,1.01,-0.08,0.95,0.02,0.03,0
4234091756,-0.2,-0.22,0.17,0.13,0.7,2
4234169862,0.31,-0.99,0.98,0.01,0.01,0
4234203318,0.31,-0.61,0.95,0.01,0.04,0
4234264844,0.11,0.71,0.03,0.87,0.1,2
4234452082,-0.71,-0.74,0.15,0.08,0.77,2
4234476464,-0.24,-0.36,0.38,0.08,0.54,0
4234523403,-0.84,-0.82,0.08,0.12,0.8,2
4234651840,0.42,1.59,0.01,0.96,0.02,1
4234701091,2.59,0.5,0.99,0.0,0.0,0
4234712904,-1.14,-1.2,0.17,0.06,0.77,2
4234765453,-0.66,0.94,0.01,0.98,0.01,1
4234795762,0.36,2.12,0.0,0.99,0.01,1
4234829909,-0.34,-0.34,0.14,0.13,0.73,1
4234950574,1.17,1.64,0.06,0.78,0.17,1
4235164855,0.38,0.76,0.06,0.72,0.22,1
4235217465,1.0,0.93,0.27,0.15,0.58,2
4235255992,-0.23,-0.21,0.14,0.16,0.7,0
4235276634,-0.45,0.18,0.02,0.89,0.09,1
4235349088,-0.54,-0.49,0.09,0.19,0.72,2
4235485065,-1.71,2.56,0.0,1.0,0.0,1
4235648171,-0.8,-0.82,0.12,0.08,0.8,2
4235738750,-0.84,-0.88,0.15,0.07,0.77,2
4235860183,-1.63,-1.63,0.07,0.08,0.85,1
4235879501,-0.68,0.05,0.02,0.92,0.07,1
4236051016,-0.38,-0.38,0.14,0.12,0.74,2
4236078838,1.48,0.26,0.96,0.02,0.03,1
4236095246,0.54,0.38,0.36,0.13,0.51,0
4236273125,2.06,0.12,0.99,0.0,0.01,0
4236294114,-0.13,0.38,0.04,0.84,0.12,1
4236306493,-0.66,-0.67,0.12,0.09,0.79,2
4236381781,-0.79,-0.81,0.12,0.08,0.8,2
4236412174,-0.35,-0.3,0.1,0.19,0.7,2
4236414699,-0.9,-0.89,0.08,0.1,0.81,2
4236514722,-1.28,1.56,0.0,1.0,0.0,1
4236571663,-1.02,-0.92,0.05,0.32,0.63,2
4236629607,0.4,-1.21,0.99,0.0,0.01,0
4236728758,2.06,-0.73,1.0,0.0,0.0,0
4236828450,2.05,-0.82,1.0,0.0,0.0,0
4237064537,1.41,-0.5,0.99,0.0,0.01,0
4237182354,-0.77,-0.77,0.1,0.09,0.81,2
4237294362,-1.37,0.79,0.0,1.0,0.0,1
4237302973,0.02,0.08,0.13,0.24,0.64,2
4237394671,-1.24,2.16,0.0,1.0,0.0,1
4237448181,-1.46,-1.48,0.09,0.07,0.84,2
4237549667,-0.15,0.34,0.04,0.83,0.13,1
4237575976,-0.53,-0.47,0.08,0.22,0.69,0
4237692704,-0.38,0.01,0.04,0.78,0.18,1
4237758938,-0.21,-0.21,0.15,0.15,0.7,2
4237890612,-1.32,0.82,0.0,1.0,0.0,1
4238139643,-0.54,-0.54,0.12,0.11,0.78,0
4238232738,0.42,-0.6,0.96,0.01,0.03,0
4238239499,2.02,-1.15,1.0,0.0,0.0,0
4238256918,-0.57,0.27,0.02,0.93,0.05,1
4238456955,-0.2,2.62,0.0,1.0,0.0,1
4238511728,-0.84,-0.79,0.07,0.18,0.75,2
4238618740,2.42,-0.78,1.0,0.0,0.0,0
4238625973,2.05,1.0,0.95,0.02,0.03,0
4238639849,-0.89,-0.9,0.1,0.08,0.82,2
4238728244,-1.21,-1.28,0.19,0.05,0.76,1
4238735928,-0.77,2.42,0.0,1.0,0.0,1
4238879331,-1.39,-1.41,0.09,0.07,0.84,2
4238884365,-0.8,-0.63,0.04,0.55,0.41,2
4238905317,1.73,1.06,0.88,0.04,0.07,0
4238996187,-0.84,-0.86,0.12,0.08,0.8,2
4239091133,-0.98,1.93,0.0,1.0,0.0,1
4239175528,1.63,-0.77,1.0,0.0,0.0,0
4239286406,-0.63,-0.74,0.38,0.06,0.56,2
4239396447,-0.8,-0.77,0.08,0.14,0.78,2
4239696605,-0.05,2.52,0.0,1.0,0.0,1
4239785503,0.55,-0.38,0.94,0.02,0.04,0
4239786468,-1.12,-1.21,0.25,0.05,0.7,2
4239797148,-0.88,-0.85,0.08,0.14,0.79,2
4239825910,1.02,2.17,0.01,0.97,0.02,1
4239870328,1.2,-0.66,0.99,0.0,0.01,0
4239881018,0.61,-0.24,0.92,0.02,0.05,0
4239926309,-0.27,-0.27,0.15,0.14,0.71,0
4240073128,1.53,-0.48,0.99,0.0,0.01,0
4240139486,1.12,1.0,0.31,0.13,0.56,1
4240162389,-1.33,2.67,0.0,1.0,0.0,1
4240290277,1.27,2.83,0.0,0.99,0.01,1
4240526944,-0.72,-0.73,0.11,0.09,0.8,2
4240586774,-0.79,-0.82,0.14,0.08,0.78,2
4240644936,1.4,0.18,0.96,0.02,0.03,0
4240757348,-0.82,-0.81,0.09,0.1,0.81,2
4240761128,-1.03,-1.08,0.16,0.06,0.78,2
4240768613,0.26,1.18,0.02,0.94,0.04,1
4240788527,-0.5,-0.33,0.06,0.52,0.42,0
4240801841,-0.28,-0.95,0.93,0.01,0.06,2
4240824080,1.14,1.34,0.12,0.43,0.45,2
4240832884,1.16,1.7,0.04,0.83,0.12,2
4240992154,-0.97,0.82,0.0,0.99,0.01,1
4241066553,-1.1,1.68,0.0,1.0,0.0,2
4241077718,1.14,1.14,0.2,0.18,0.62,1
4241218476,-0.66,-0.77,0.38,0.06,0.57,2
4241233464,0.92,-1.32,1.0,0.0,0.0,0
4241290715,2.39,2.39,0.19,0.15,0.67,0
4241325093,1.42,-0.95,1.0,0.0,0.0,0
4241355217,-0.07,0.58,0.03,0.89,0.08,1
4241435251,-0.8,-0.82,0.12,0.08,0.8,2
4241437587,-0.35,-0.35,0.14,0.13,0.73,0
4241475102,-0.65,-1.01,0.81,0.02,0.17,0
4241508462,-0.61,-0.6,0.1,0.11,0.79,2
4241535373,1.04,2.81,0.0,0.99,0.01,1
4241539495,-0.19,-1.17,0.97,0.01,0.03,0
4241549408,0.0,2.16,0.0,1.0,0.0,1
4241576673,0.09,-0.51,0.89,0.02,0.08,0
4241624870,-1.35,0.2,0.0,0.99,0.01,1
4241628733,-0.21,-0.28,0.25,0.1,0.65,2
4241735652,-0.01,-0.29,0.65,0.06,0.28,1
4241740209,1.45,2.34,0.02,0.95,0.04,1
4241859190,0.59,-1.4,1.0,0.0,0.0,0
4241948896,-0.77,-0.79,0.12,0.08,0.8,2
4241954583,-0.01,-0.23,0.54,0.08,0.38,0
4241970758,-1.12,-0.61,0.02,0.84,0.14,1
4242010621,-0.73,-0.73,0.1,0.1,0.81,2
4242193184,0.51,-1.08,0.99,0.0,0.01,0
4242444282,1.91,-1.44,1.0,0.0,0.0,0
4242574699,-0.3,-0.21,0.09,0.29,0.62,2
4242665893,1.16,0.36,0.91,0.03,0.06,0
4242799175,0.88,0.5,0.69,0.08,0.22,0
4242807664,0.12,2.03,0.0,0.99,0.0,1
4242852890,-0.79,-0.84,0.18,0.07,0.75,0
4242990067,-0.63,-0.53,0.06,0.34,0.6,1
4243121188,-0.8,-0.9,0.32,0.06,0.62,0
4243204289,-0.62,2.08,0.0,1.0,0.0,1
4243287349,-0.51,2.08,0.0,1.0,0.0,1
4243326482,-0.08,-0.68,0.9,0.02,0.08,0
4243465992,-0.67,-0.67,0.1,0.1,0.8,0
4243481980,1.83,-0.52,1.0,0.0,0.0,0
4243491505,1.28,-1.02,1.0,0.0,0.0,0
4243571764,-0.02,-0.02,0.17,0.17,0.66,1
4243595775,-0.62,-0.62,0.11,0.1,0.79,2
4243624067,0.37,-1.23,0.99,0.0,0.01,0
4243652941,-0.63,-0.68,0.2,0.07,0.73,2
4243714918,0.84,-1.0,0.99,0.0,0.01,0
4243756166,-1.49,0.11,0.0,0.99,0.01,1
4243756531,-0.66,0.33,0.01,0.95,0.04,1
4243770332,-0.96,-1.0,0.14,0.07,0.79,2
4243823481,-0.5,1.41,0.0,0.99,0.0,1
4243849908,1.05,-0.87,0.99,0.0,0.0,0
4243879017,-0.56,1.98,0.0,1.0,0.0,1
4243946394,2.25,-0.78,1.0,0.0,0.0,0
4243979266,-0.47,-1.03,0.9,0.01,0.08,0
4244054400,-0.38,-1.64,0.99,0.0,0.01,0
4244070647,1.6,1.62,0.18,0.18,0.64,1
4244095332,1.04,-0.5,0.98,0.01,0.01,0
4244101139,0.44,-1.65,1.0,0.0,0.0,0
4244151675,-0.89,-0.8,0.06,0.29,0.65,1
4244250227,-1.69,0.54,0.0,1.0,0.0,1
4244284786,-0.96,0.52,0.01,0.98,0.01,1
4244417844,-0.91,0.23,0.01,0.97,0.02,1
4244431598,-1.83,-1.72,0.04,0.25,0.71,2
4244474169,-1.73,2.33,0.0,1.0,0.0,1
4244624277,2.81,-0.78,1.0,0.0,0.0,0
4244955800,1.12,1.12,0.2,0.18,0.62,1
4244975385,-0.2,0.69,0.02,0.93,0.05,1
4245042959,-0.3,-0.82,0.89,0.02,0.09,1
4245370350,1.52,-0.25,0.99,0.01,0.01,0
4245482056,-0.17,-0.21,0.2,0.11,0.69,2
4245482950,-0.86,-0.91,0.17,0.07,0.76,0
4245546857,0.11,-1.21,0.98,0.0,0.01,0
4245576702,-1.44,-1.36,0.05,0.22,0.73,2
4245742064,0.49,-0.23,0.9,0.03,0.07,0
4245850351,-0.82,-0.8,0.08,0.12,0.8,0
4245852874,0.83,-1.05,0.99,0.0,0.0,0
4245922310,2.33,0.52,0.99,0.01,0.01,0
4246029635,-1.25,1.93,0.0,1.0,0.0,2
4246075787,-0.53,-0.35,0.06,0.55,0.4,1
4246104267,-0.64,-0.6,0.08,0.17,0.75,2
4246145958,-0.3,-0.39,0.31,0.08,0.61,2
4246199688,-0.01,-0.18,0.43,0.09,0.48,0
4246239046,-0.74,-0.73,0.09,0.11,0.8,2
4246304840,-0.63,-0.66,0.15,0.08,0.76,2
4246483945,-0.77,0.37,0.01,0.96,0.03,1
4246753507,-1.09,-1.02,0.06,0.22,0.72,2
4246770411,-1.74,-0.17,0.0,0.99,0.01,1
4246836600,0.29,-0.02,0.63,0.08,0.29,0
4246854744,0.94,0.22,0.89,0.04,0.07,0
4246910794,-0.74,-0.73,0.09,0.11,0.8,2
4246960264,1.45,1.06,0.69,0.08,0.22,0
4247015726,0.85,0.85,0.2,0.19,0.61,0
4247020731,-0.37,-0.48,0.38,0.07,0.55,2
4247060309,-0.73,-0.75,0.13,0.08,0.79,2
4247092076,0.51,0.41,0.29,0.14,0.58,0
4247098446,1.45,1.26,0.39,0.11,0.5,0
4247112438,-0.55,-1.01,0.87,0.02,0.11,0
4247165262,1.7,1.48,0.44,0.1,0.46,1
4247203258,-0.74,-0.75,0.11,0.09,0.8,2
4247235353,1.5,-0.33,0.99,0.0,0.01,0
4247287548,1.07,1.07,0.2,0.18,0.62,2
4247790577,-1.23,2.08,0.0,1.0,0.0,1
4247811575,-1.55,0.05,0.0,0.99,0.01,1
4247868851,-0.15,-0.15,0.16,0.16,0.68,2
4247996950,-0.54,-0.52,0.1,0.13,0.77,2
4248128259,-1.37,-1.33,0.06,0.13,0.81,2
4248248688,-0.82,-0.74,0.06,0.27,0.67,1
4248269209,0.38,0.41,0.17,0.21,0.62,1
4248288950,-0.47,1.96,0.0,1.0,0.0,1
4248420073,-0.86,-0.85,0.08,0.1,0.81,2
4248422661,-1.03,-0.01,0.01,0.96,0.03,1
4248667785,-0.79,-0.82,0.14,0.08,0.78,2
4248918673,0.58,-0.61,0.97,0.01,0.02,0
4248979414,0.52,-0.27,0.92,0.02,0.06,0
4249060047,0.04,-0.54,0.89,0.02,0.08,0
4249061273,1.04,0.73,0.58,0.11,0.31,0
4249085989,2.42,-0.25,1.0,0.0,0.0,0
4249231691,-0.1,1.8,0.0,0.99,0.0,1
4249381288,-0.82,-0.84,0.12,0.08,0.8,2
4249591092,-0.82,-0.82,0.09,0.09,0.82,2
4249759461,0.29,2.47,0.0,1.0,0.0,1
4249779990,-1.6,1.14,0.0,1.0,0.0,1
4249815004,1.59,-1.39,1.0,0.0,0.0,0
4249865171,-0.82,-1.05,0.64,0.03,0.32,2
4249877240,-0.93,-0.85,0.06,0.26,0.68,2
4250152966,-0.77,1.34,0.0,0.99,0.0,1
4250251028,-1.1,-1.1,0.08,0.09,0.83,0
4250303195,-1.04,-1.04,0.09,0.09,0.83,2
4250342551,-0.8,-0.82,0.12,0.08,0.8,1
4250431344,2.61,0.55,0.99,0.0,0.0,0
4250439150,-1.14,0.68,0.0,0.99,0.01,1
4250515153,-1.45,-1.34,0.04,0.31,0.65,2
4250671172,2.48,-1.2,1.0,0.0,0.0,0
4250710791,-0.04,-1.23,0.98,0.0,0.02,0
4250789938,0.82,0.92,0.14,0.28,0.58,2
4250851020,-0.55,-0.61,0.23,0.07,0.69,1
4250929531,0.18,-0.37,0.87,0.03,0.09,0
4250938512,-0.86,-0.86,0.09,0.09,0.82,0
4250986046,1.27,1.98,0.03,0.91,0.07,2
4251027822,-0.24,-0.24,0.15,0.14,0.71,0
4251266470,0.4,0.29,0.29,0.13,0.57,2
4251416142,-0.82,-0.84,0.12,0.08,0.8,1
4251419663,2.16,1.94,0.44,0.09,0.47,1
4251429279,2.23,-0.49,1.0,0.0,0.0,0
4251452860,2.48,-0.53,1.0,0.0,0.0,0
4251496736,-0.13,-1.27,0.98,0.0,0.02,0
4251559276,0.1,0.54,0.05,0.78,0.17,1
4251559333,-1.2,2.05,0.0,1.0,0.0,1
4251575107,-0.85,-0.84,0.09,0.1,0.81,2
4251612311,-0.38,-0.96,0.91,0.01,0.08,0
4251655740,0.09,1.98,0.0,0.99,0.0,1
4251917489,0.28,0.47,0.1,0.45,0.44,2
4251997215,-1.06,-1.12,0.18,0.06,0.76,0
4252105159,-0.92,-0.85,0.06,0.23,0.71,1
4252148758,2.73,-1.65,1.0,0.0,0.0,0
4252161142,-0.72,-1.32,0.92,0.01,0.07,0
4252192977,-1.02,-1.02,0.09,0.09,0.83,2
4252236885,0.86,-0.21,0.95,0.02,0.04,0
4252239775,-0.77,-0.72,0.07,0.19,0.74,2
4252278635,1.2,-0.63,0.99,0.0,0.01,0
4252493496,1.38,1.12,0.51,0.11,0.39,0
4252534482,-0.67,-0.67,0.1,0.1,0.8,1
4252611580,0.88,1.31,0.06,0.75,0.19,1
4252613030,1.27,-1.61,1.0,0.0,0.0,0
4252675149,-0.51,0.84,0.01,0.97,0.02,1
4252780540,-0.64,1.72,0.0,1.0,0.0,1
4252787969,-0.21,0.95,0.01,0.96,0.03,1
4252880806,1.74,-1.14,1.0,0.0,0.0,0
4252890088,-0.86,-0.78,0.06,0.26,0.67,1
4252945271,-0.81,-0.44,0.03,0.78,0.19,1
4252983166,1.0,-1.15,1.0,0.0,0.0,0
4253030125,-0.02,0.23,0.07,0.6,0.33,2
4253056609,-1.34,1.44,0.0,1.0,0.0,1
4253105766,-0.59,-0.19,0.03,0.8,0.17,2
4253133475,-0.56,2.39,0.0,1.0,0.0,1
4253175751,-0.78,-0.81,0.14,0.08,0.78,2
4253458875,-0.92,-0.9,0.08,0.12,0.8,2
4253543341,-0.54,1.44,0.0,0.99,0.0,1
4253684062,-1.37,-1.45,0.19,0.05,0.76,0
4253743033,-1.69,-1.56,0.04,0.32,0.64,2
4253855217,1.02,1.77,0.02,0.92,0.06,1
4253868786,2.05,-1.52,1.0,0.0,0.0,0
4253954230,-1.24,2.17,0.0,1.0,0.0,1
4253980276,0.17,0.28,0.12,0.32,0.56,1
4254014246,0.82,-0.84,0.99,0.0,0.01,0
4254030033,-0.26,0.97,0.01,0.97,0.02,1
4254044254,0.45,0.88,0.05,0.76,0.19,1
4254163601,-0.85,-0.84,0.09,0.1,0.81,2
4254193206,0.62,0.08,0.84,0.05,0.11,0
4254291157,-0.74,1.1,0.0,0.99,0.01,1
4254556595,-0.79,-0.79,0.09,0.09,0.81,2
4254601014,-1.54,-1.83,0.55,0.02,0.43,0
4254627312,-0.32,-0.45,0.42,0.07,0.5,2
4254718393,0.23,-0.17,0.78,0.05,0.16,0
4254719559,-0.94,-0.76,0.04,0.56,0.4,2
4254762145,0.46,-1.26,0.99,0.0,0.01,0
4254995417,2.08,0.82,0.96,0.02,0.02,0
4254997382,1.85,-0.32,0.99,0.0,0.0,0
4255112092,-0.34,0.43,0.02,0.92,0.06,1
4255202752,-0.77,-0.8,0.14,0.08,0.78,2
4255281904,-0.55,0.85,0.01,0.98,0.01,1
4255396969,-0.82,-0.88,0.2,0.07,0.73,2
4255439310,0.72,-0.2,0.93,0.02,0.05,0
4255470922,2.97,1.13,0.99,0.01,0.01,0
4255946083,-1.8,-1.8,0.06,0.08,0.86,2
4255994314,-0.02,1.34,0.01,0.98,0.02,1
4256111360,2.03,-0.16,0.99,0.0,0.0,0
4256116847,0.7,0.42,0.55,0.11,0.34,0
4256163050,-0.85,-0.9,0.17,0.07,0.76,2
4256179369,-0.7,1.33,0.0,0.99,0.0,1
4256233163,1.02,1.2,0.12,0.4,0.48,2
4256267847,1.59,1.59,0.19,0.16,0.64,2
4256363151,-1.32,-0.03,0.01,0.98,0.02,1
4256363743,0.73,0.73,0.2,0.19,0.61,2
4256422362,-0.74,-0.72,0.09,0.12,0.79,2
4256557356,1.65,-0.38,0.99,0.0,0.0,0
4256622843,0.56,-0.82,0.98,0.01,0.01,0
4256675407,-0.1,-0.51,0.83,0.03,0.14,0
4256678143,-0.52,-0.54,0.15,0.09,0.76,2
4256757373,-0.28,0.23,0.03,0.85,0.12,1
4257247464,-0.5,-0.5,0.12,0.11,0.77,1
4257385400,-0.46,0.05,0.03,0.85,0.12,1
4257394453,-0.38,-0.07,0.05,0.71,0.24,1
4257507218,0.46,-0.5,0.95,0.02,0.04,0
4257588577,0.94,0.61,0.62,0.1,0.28,0
4257682815,-1.52,2.14,0.0,1.0,0.0,1
4257730913,-1.34,-1.27,0.05,0.2,0.75,2
4257761980,0.89,-0.54,0.98,0.01,0.02,0
4257769834,0.59,0.55,0.23,0.16,0.6,1
4257864795,0.68,2.39,0.0,0.99,0.01,1
4257913568,-0.95,-0.82,0.05,0.42,0.53,1
4258041419,0.1,-1.3,0.99,0.0,0.01,0
4258041814,-0.54,-0.53,0.11,0.12,0.78,2
4258096767,1.3,1.23,0.26,0.14,0.6,2
4258115708,0.82,0.63,0.4,0.13,0.46,2
4258161701,3.05,-0.41,1.0,0.0,0.0,0
4258369845,1.79,-1.02,1.0,0.0,0.0,0
4258399976,0.08,0.43,0.06,0.7,0.24,1
4258428039,-0.75,-0.72,0.08,0.14,0.78,2
4258496722,-0.79,-0.71,0.06,0.27,0.67,1
4258514130,1.07,-1.0,0.99,0.0,0.0,0
4258667494,1.2,1.2,0.2,0.18,0.62,0
4258703887,-1.2,-1.12,0.05,0.24,0.71,1
4258765705,0.86,1.84,0.01,0.95,0.03,1
4258843037,-0.66,-0.48,0.05,0.56,0.39,2
4258859881,-0.76,-0.72,0.08,0.16,0.76,2
4258925590,-0.27,-1.63,0.99,0.0,0.01,0
4258988790,-0.37,-0.49,0.41,0.07,0.52,0
4259207233,0.27,0.37,0.13,0.29,0.59,2
4259226169,0.06,-0.5,0.88,0.03,0.09,0
4259402419,-0.16,-1.05,0.96,0.01,0.04,0
4259422240,-1.02,1.97,0.0,1.0,0.0,1
4259445178,1.58,1.83,0.1,0.51,0.38,1
4259559419,0.62,-1.12,0.99,0.0,0.01,0
4259795979,-0.16,2.25,0.0,1.0,0.0,1
4259979711,-0.81,-0.84,0.14,0.08,0.79,2
4260076805,1.24,1.24,0.2,0.17,0.62,2
4260108353,2.23,1.17,0.96,0.02,0.03,2
4260299428,0.18,-1.61,1.0,0.0,0.0,0
4260318706,0.97,0.13,0.91,0.03,0.06,0
4260360143,-0.76,-0.75,0.09,0.11,0.8,2
4260393721,-0.78,-0.66,0.05,0.4,0.55,1
4260473622,-0.7,-1.09,0.83,0.02,0.15,0
4260589581,-0.18,-0.96,0.94,0.01,0.05,0
4260657781,0.72,1.05,0.08,0.65,0.28,2
4260686685,-0.99,0.71,0.0,0.99,0.01,1
4260806564,-0.56,0.44,0.01,0.95,0.04,1
4260808044,0.52,0.16,0.69,0.08,0.24,0
4260822012,-0.77,-0.81,0.16,0.07,0.77,1
4260952099,-0.13,-0.19,0.23,0.11,0.66,2
4261028517,-0.89,-0.84,0.07,0.18,0.75,1
4261043741,-0.79,-0.28,0.02,0.85,0.13,1
4261045573,-0.6,-1.64,0.98,0.0,0.02,0
4261147158,-1.03,0.01,0.01,0.96,0.03,1
4261216431,-0.76,-0.7,0.07,0.21,0.72,1
4261237457,0.16,-1.49,0.99,0.0,0.01,0
4261273385,-0.8,-0.82,0.12,0.08,0.8,2
4261292892,-0.79,-1.41,0.92,0.01,0.07,0
4261316605,-0.33,-0.84,0.88,0.02,0.1,0
4261336515,-0.54,-0.81,0.73,0.03,0.23,0
4261380281,-0.7,-0.71,0.11,0.09,0.8,2
4261420325,-1.74,-1.7,0.05,0.12,0.83,1
4261471939,-1.52,0.64,0.0,1.0,0.0,1
4261478515,0.85,-1.32,1.0,0.0,0.0,0
4261497204,1.28,-0.21,0.98,0.01,0.01,0
4261561116,0.73,-0.23,0.94,0.02,0.04,0
4261741941,2.78,2.2,0.87,0.04,0.09,0
4261742467,1.39,-1.46,1.0,0.0,0.0,0
4261965388,2.66,2.53,0.31,0.08,0.61,0
4262068665,-0.86,-0.86,0.09,0.09,0.82,0
4262121285,3.06,-0.28,1.0,0.0,0.0,0
4262136455,-0.52,-0.52,0.12,0.11,0.77,2
4262210152,0.02,0.15,0.11,0.38,0.52,2
4262557415,0.22,1.03,0.02,0.92,0.05,2
4262605526,0.63,0.3,0.63,0.09,0.27,2
4262744023,2.69,-0.42,1.0,0.0,0.0,0
4262849744,0.71,-0.13,0.92,0.03,0.06,0
4262858440,-0.37,-0.43,0.24,0.09,0.67,2
4262860715,-1.03,-1.12,0.26,0.05,0.69,2
4262871745,-1.13,-1.2,0.2,0.06,0.75,0
4262902523,0.88,-0.49,0.97,0.01,0.02,0
4262921954,2.27,-0.01,0.99,0.0,0.0,0
4263165266,-0.7,-0.69,0.09,0.11,0.8,2
4263172738,1.87,0.14,0.98,0.01,0.01,0
4263175476,-0.44,-0.49,0.22,0.08,0.7,0
4263215147,1.62,1.8,0.12,0.39,0.49,1
4263476909,-0.08,-0.06,0.15,0.19,0.67,2
4263561225,0.89,-0.41,0.97,0.01,0.02,0
4263591872,-1.06,2.56,0.0,1.0,0.0,1
4263610366,0.71,1.67,0.02,0.95,0.03,0
4263618688,1.39,0.04,0.97,0.01,0.02,0
4263631006,-0.87,1.3,0.0,1.0,0.0,1
4263637750,2.8,0.33,1.0,0.0,0.0,0
4263647233,-0.79,-0.8,0.11,0.09,0.81,2
4263648122,0.28,-1.2,0.99,0.0,0.01,2
4263676223,-0.77,-0.72,0.07,0.19,0.74,2
4263714852,-1.59,1.47,0.0,1.0,0.0,1
4263727916,-0.82,-0.87,0.18,0.07,0.75,2
4263738907,0.51,-0.91,0.98,0.0,0.01,0
4263811653,0.52,0.52,0.2,0.19,0.62,2
4263936275,1.98,0.56,0.97,0.01,0.02,0
4263965264,-0.5,1.26,0.0,0.99,0.01,1
4263966547,0.12,0.78,0.03,0.89,0.08,1
4264143483,-0.44,-1.59,0.98,0.0,0.02,0
4264235586,0.86,-1.35,1.0,0.0,0.0,0
4264293918,-0.91,-0.92,0.1,0.08,0.82,2
4264392483,-0.18,1.1,0.01,0.97,0.02,1
4264624971,0.57,-0.28,0.93,0.02,0.05,0
4264651374,-0.3,-0.34,0.2,0.1,0.7,2
4264659096,1.59,0.93,0.88,0.04,0.08,0
4264681933,1.15,-0.32,0.98,0.01,0.02,0
4265154113,-0.87,-0.84,0.08,0.14,0.79,2
4265282380,-0.57,-0.57,0.11,0.11,0.78,2
4265285152,-0.77,-0.74,0.08,0.14,0.78,2
4265299832,0.86,0.35,0.82,0.06,0.13,0
4265449646,0.32,0.47,0.12,0.37,0.51,2
4265569404,-0.52,0.7,0.01,0.97,0.02,1
4265613587,-0.72,0.43,0.01,0.96,0.02,1
4265681306,0.92,1.18,0.1,0.53,0.37,2
4265755159,-0.26,-0.43,0.5,0.07,0.43,0
4265825667,1.51,0.88,0.86,0.05,0.09,0
4265864989,-0.85,-0.74,0.05,0.36,0.58,2
4266017182,-0.82,-0.85,0.14,0.08,0.79,2
4266065748,0.29,2.11,0.0,0.99,0.01,1
4266189146,-1.37,-1.35,0.07,0.1,0.83,2
4266227053,-0.52,2.22,0.0,1.0,0.0,1
4266236042,2.47,-0.89,1.0,0.0,0.0,0
4266241917,-1.7,0.33,0.0,1.0,0.0,1
4266376055,-0.54,-1.23,0.94,0.01,0.06,0
4266423169,-0.61,-0.45,0.05,0.51,0.44,1
4266722122,-0.66,-0.41,0.04,0.65,0.3,1
4266936872,-0.78,-0.8,0.12,0.08,0.8,2
4267006161,-0.82,-0.89,0.23,0.06,0.71,2
4267024127,-0.7,-1.03,0.79,0.02,0.19,0
4267061034,-1.52,-0.92,0.01,0.87,0.12,1
4267097719,-0.8,-0.72,0.06,0.27,0.67,2
4267196458,1.53,0.89,0.87,0.05,0.09,0
4267199301,-0.57,-0.57,0.11,0.11,0.78,2
4267349730,-0.04,0.36,0.05,0.76,0.19,2
4267369230,-0.88,-0.88,0.09,0.09,0.82,2
4267412342,1.7,-0.25,0.99,0.0,0.01,0
4267463946,-0.8,0.95,0.0,0.99,0.01,1
4267557334,2.81,-1.01,1.0,0.0,0.0,0
4267587008,-0.91,0.15,0.01,0.96,0.03,1
4267624202,-0.97,-0.94,0.07,0.13,0.79,1
4267658380,0.68,0.6,0.27,0.14,0.58,2
4267665021,1.05,2.52,0.01,0.98,0.01,1
4267705016,-0.46,0.77,0.01,0.97,0.02,1
4267816052,1.33,-0.22,0.98,0.01,0.01,0
4267825232,-0.2,-1.68,0.99,0.0,0.01,0
4267834087,-1.38,-1.34,0.06,0.13,0.81,2
4267842464,-0.88,-0.53,0.03,0.76,0.21,2
4267863455,0.97,0.9,0.27,0.15,0.58,0
4267918914,-0.77,0.69,0.01,0.98,0.01,1
4267970306,-0.7,-0.74,0.17,0.08,0.76,2
4268087459,1.97,0.6,0.97,0.01,0.02,0
4268111462,-0.69,-0.84,0.48,0.05,0.47,0
4268139529,-0.13,1.1,0.01,0.97,0.02,1
4268146196,-0.21,-1.51,0.99,0.0,0.01,0
4268331700,0.35,-1.37,0.99,0.0,0.0,0
4268463572,-0.34,-0.34,0.14,0.13,0.73,2
4268623850,-0.32,-0.37,0.22,0.09,0.69,2
4268635271,1.93,-0.06,0.99,0.0,0.0,0
4268964956,0.1,-0.19,0.64,0.07,0.29,2
4269134558,-0.74,0.82,0.01,0.98,0.01,1
4269176867,-0.77,-0.73,0.08,0.16,0.76,2
4269177005,-1.76,-1.78,0.08,0.07,0.86,2
4269403387,-0.9,-0.9,0.09,0.09,0.82,2
4269432262,-0.84,-0.79,0.07,0.18,0.75,2
4269483786,1.3,0.03,0.96,0.01,0.02,0
4269875860,-0.66,-0.56,0.06,0.34,0.6,1
4269934547,2.11,-1.0,1.0,0.0,0.0,0
4269942668,-1.48,-0.16,0.01,0.98,0.02,1
4270119062,-0.93,-0.96,0.13,0.07,0.8,0
4270158198,-0.5,0.44,0.02,0.94,0.04,1
4270208921,1.09,0.29,0.91,0.03,0.06,0
4270224673,-0.38,0.12,0.03,0.85,0.12,1
4270319858,-1.46,-1.02,0.02,0.8,0.18,1
4270325914,-1.3,-0.07,0.01,0.97,0.02,1
4270454534,-0.41,2.72,0.0,1.0,0.0,1
4270462930,-0.95,-0.95,0.09,0.09,0.82,2
4270471774,-0.79,-0.78,0.09,0.11,0.81,2
4270483798,-0.68,-0.76,0.28,0.06,0.66,0
4270909995,0.9,1.04,0.13,0.34,0.53,0
4270923962,1.7,2.48,0.02,0.93,0.05,1
4270976008,1.06,-1.53,1.0,0.0,0.0,0
4270989643,-0.67,1.21,0.0,0.99,0.0,1
4270999872,-0.72,-0.77,0.19,0.07,0.74,2
4271142424,-0.48,-0.47,0.12,0.12,0.76,2
4271157145,-1.34,-0.08,0.01,0.98,0.02,1
4271166901,0.38,0.37,0.2,0.18,0.62,2
4271180206,3.16,0.03,1.0,0.0,0.0,0
4271194621,-1.83,-1.64,0.03,0.42,0.55,1
4271230859,-0.26,1.83,0.0,0.99,0.0,1
4271372727,1.34,1.02,0.59,0.1,0.31,2
4271397976,1.13,0.25,0.92,0.03,0.05,0
4271601043,1.1,-1.25,1.0,0.0,0.0,0
4271789892,-0.82,-0.8,0.08,0.12,0.8,2
4271916856,-1.32,1.52,0.0,1.0,0.0,1
4271983620,1.45,-0.68,0.99,0.0,0.0,0
4272103104,1.64,0.2,0.97,0.01,0.02,0
4272156486,-1.18,-1.18,0.08,0.09,0.83,0
4272242920,-1.16,-0.42,0.01,0.92,0.07,1
4272339443,-0.27,1.48,0.0,0.99,0.01,1
4272437710,-0.82,-0.81,0.09,0.1,0.81,2
4272531315,-0.43,-0.36,0.09,0.24,0.67,1
4272595695,2.83,-0.48,1.0,0.0,0.0,0
4272630913,0.6,0.31,0.57,0.1,0.33,0
4272662512,1.53,-0.47,0.99,0.0,0.01,0
4272676520,-1.23,-1.17,0.06,0.18,0.76,0
4272853548,-0.52,-0.66,0.46,0.06,0.48,2
4272956219,2.12,-0.54,1.0,0.0,0.0,0
4273008965,-0.95,-0.54,0.02,0.8,0.17,2
4273071664,1.16,0.71,0.77,0.07,0.16,2
4273144571,0.97,0.06,0.93,0.03,0.05,0
4273405892,-0.78,-0.74,0.08,0.16,0.76,2
4273597147,-0.03,-0.32,0.67,0.06,0.27,1
4273602763,0.18,-1.3,0.99,0.0,0.01,0
4273675873,0.75,-0.41,0.96,0.01,0.03,0
4273695866,-0.77,-0.77,0.1,0.09,0.81,0
4273702146,0.12,1.07,0.02,0.94,0.04,1
4273865862,-1.62,-1.62,0.07,0.08,0.85,2
4273873978,-0.7,-0.03,0.02,0.9,0.08,1
4274051522,-0.11,0.03,0.09,0.4,0.5,0
4274073514,-0.89,-0.88,0.08,0.1,0.81,2
4274076811,0.48,0.69,0.1,0.47,0.42,0
4274103601,2.92,2.92,0.19,0.14,0.67,1
4274106997,-0.37,2.61,0.0,1.0,0.0,1
4274137569,-0.1,-1.73,0.99,0.0,0.0,0
4274170042,1.27,0.81,0.77,0.07,0.16,2
4274213987,1.32,1.23,0.28,0.13,0.59,0
4274344281,-0.25,-0.33,0.28,0.09,0.63,2
4274479649,-0.54,-0.52,0.1,0.13,0.77,1
4274707768,2.2,-0.17,1.0,0.0,0.0,0
4274709381,0.51,1.37,0.02,0.94,0.04,1
4274752284,-1.15,-1.76,0.92,0.01,0.08,0
4274761773,-0.71,-0.68,0.08,0.14,0.77,0
4274854986,2.27,0.28,0.99,0.0,0.0,0
4275184152,-0.73,-0.77,0.17,0.07,0.76,2
4275275519,-0.86,-0.81,0.07,0.18,0.75,1
4275302318,-0.94,-0.92,0.08,0.12,0.81,2
4275389524,-0.75,-0.8,0.19,0.07,0.74,1
4275439023,-0.86,-0.84,0.08,0.12,0.8,2
4275450265,-0.72,-0.71,0.09,0.11,0.8,1
4275488726,0.62,0.93,0.08,0.63,0.29,2
4275703320,-0.79,-0.77,0.08,0.12,0.79,2
4275723868,1.63,-1.14,1.0,0.0,0.0,0
4275731597,-1.44,1.03,0.0,1.0,0.0,1
4276132444,1.62,1.54,0.26,0.12,0.62,2
4276171493,-0.29,-0.65,0.8,0.03,0.16,0
4276258094,-1.15,1.32,0.0,1.0,0.0,1
4276398848,-1.41,0.09,0.0,0.99,0.01,1
4276683665,-0.04,-1.34,0.98,0.0,0.01,0
4276805534,0.05,0.31,0.08,0.6,0.32,1
4276823101,-1.62,1.3,0.0,1.0,0.0,1
4277008043,-0.61,-0.2,0.03,0.81,0.16,0
4277223851,-0.84,-0.84,0.09,0.09,0.82,2
4277271545,-0.81,-0.63,0.04,0.57,0.39,2
4277393233,-1.58,1.36,0.0,1.0,0.0,1
4277414510,-0.63,-0.07,0.02,0.87,0.1,1
4277509038,-0.87,-0.82,0.07,0.18,0.75,2
4277837113,2.02,-0.82,1.0,0.0,0.0,0
4277867024,-0.78,-0.73,0.07,0.19,0.74,2
4278049467,0.61,0.83,0.11,0.48,0.41,2
4278169486,0.48,-0.27,0.91,0.03,0.06,0
4278306836,-1.41,2.3,0.0,1.0,0.0,1
4278320316,0.56,0.46,0.29,0.14,0.58,2
4278354569,1.07,1.34,0.1,0.55,0.36,1
4278458723,-1.49,-1.45,0.06,0.13,0.82,2
4278482422,-0.25,-0.22,0.13,0.17,0.7,0
4278511339,0.76,-1.18,0.99,0.0,0.0,0
4278584980,1.07,0.47,0.85,0.05,0.1,0
4278844497,0.76,1.35,0.04,0.86,0.1,1
4278849615,0.23,0.45,0.09,0.51,0.39,2
4278861981,-1.03,-0.84,0.04,0.57,0.39,2
4278892891,0.38,0.4,0.18,0.2,0.62,2
4278928586,-0.84,-0.85,0.1,0.08,0.81,2
4278983238,-0.61,-0.95,0.8,0.02,0.18,0
4279020634,-1.47,-1.51,0.11,0.06,0.83,2
4279022453,-0.82,-0.82,0.09,0.09,0.82,2
4279209684,2.45,0.43,0.99,0.0,0.0,0
4279221131,2.56,2.33,0.46,0.08,0.46,0
4279223698,-0.67,-0.71,0.17,0.08,0.75,2
4279241262,-0.77,-0.77,0.1,0.09,0.81,2
4279320646,0.94,-0.06,0.94,0.02,0.04,2
4279394335,-0.27,-1.35,0.98,0.0,0.02,0
4279484921,-0.75,-0.73,0.09,0.12,0.79,1
4279561409,0.36,-0.07,0.79,0.05,0.15,0
4279569985,1.84,-0.1,0.99,0.0,0.01,0
4279681581,1.99,1.04,0.94,0.02,0.04,0
4279950172,-1.2,-1.2,0.08,0.09,0.83,2
4280016212,-1.4,1.52,0.0,1.0,0.0,1
4280152015,1.82,2.62,0.02,0.93,0.05,1
4280287624,1.14,0.99,0.34,0.13,0.53,2
4280390923,-0.2,0.11,0.06,0.69,0.25,2
4280484596,-0.84,-0.87,0.13,0.07,0.79,2
4280501571,0.58,0.58,0.2,0.19,0.61,1
4280584901,-0.1,-0.54,0.85,0.03,0.12,2
4280669757,-1.73,1.89,0.0,1.0,0.0,1
4280711005,0.27,-1.26,0.99,0.0,0.01,0
4280738114,0.05,0.11,0.13,0.24,0.63,2
4280752211,0.84,-0.61,0.98,0.01,0.01,0
4280797124,1.27,0.67,0.85,0.05,0.1,0
4280969214,-1.28,0.27,0.0,0.99,0.01,1
4281042010,0.75,-0.78,0.98,0.0,0.01,0
4281046420,0.57,0.03,0.85,0.05,0.11,0
4281062380,0.77,-0.7,0.98,0.01,0.01,0
4281110663,0.7,0.39,0.6,0.1,0.3,1
4281154579,0.87,-0.57,0.98,0.01,0.01,0
4281253512,-0.44,-0.49,0.22,0.08,0.7,2
4281318990,1.55,-0.47,0.99,0.0,0.0,0
4281325245,0.5,0.48,0.21,0.17,0.61,0
4281352225,-0.32,-0.17,0.07,0.45,0.47,1
4281377460,-0.04,1.12,0.01,0.96,0.03,1
4281763227,-0.61,-1.15,0.9,0.01,0.09,0
4281792270,0.28,0.34,0.15,0.24,0.62,1
4281803689,0.35,-0.92,0.98,0.01,0.02,0
4281808840,-0.95,1.12,0.0,0.99,0.0,1
4281865286,0.33,-1.34,0.99,0.0,0.01,0
4281980776,-0.25,-0.29,0.19,0.11,0.7,0
4282109608,-1.46,0.37,0.0,0.99,0.0,1
4282130043,0.11,0.29,0.1,0.46,0.44,2
4282275530,-0.84,-1.04,0.58,0.04,0.38,0
4282315288,0.05,1.5,0.01,0.98,0.01,1
4282334381,-0.85,-0.81,0.07,0.16,0.77,1
4282382142,-0.58,2.5,0.0,1.0,0.0,1
4282389129,2.94,0.54,1.0,0.0,0.0,0
4282391095,0.21,0.31,0.13,0.29,0.58,2
4282447633,0.14,0.3,0.11,0.41,0.48,2
4282482144,-0.56,-0.82,0.72,0.03,0.24,0
4282533527,-0.81,-0.77,0.08,0.16,0.76,2
4282659245,1.55,0.21,0.97,0.01,0.02,0
4282955839,1.76,-0.26,0.99,0.0,0.0,0
4282977306,-0.02,2.08,0.0,0.99,0.0,1
4283060301,0.39,1.41,0.02,0.95,0.03,1
4283090386,-0.39,-0.47,0.29,0.08,0.63,2
4283155008,-0.31,-0.33,0.16,0.11,0.72,2
4283201974,-1.12,-0.43,0.01,0.91,0.08,1
4283211695,-1.25,2.56,0.0,1.0,0.0,1
4283268144,-0.22,1.45,0.01,0.99,0.01,1
4283302429,0.56,0.46,0.29,0.14,0.58,0
4283312699,-0.75,2.78,0.0,1.0,0.0,1
4283339257,1.64,-0.47,0.99,0.0,0.0,0
4283365726,-1.27,-1.24,0.06,0.12,0.82,2
4283417150,-1.74,-1.58,0.03,0.38,0.58,2
4283551632,0.45,2.17,0.0,0.99,0.01,1
4283568111,-0.71,-1.08,0.82,0.02,0.16,1
4283656635,0.51,0.33,0.39,0.13,0.49,0
4284047809,-0.85,-0.76,0.06,0.3,0.64,2
4284085138,-1.05,-0.89,0.04,0.5,0.46,2
4284205368,0.01,-1.48,0.99,0.0,0.01,0
4284498087,-0.61,-0.76,0.49,0.05,0.46,0
4284651189,-1.2,-1.25,0.15,0.06,0.79,0
4284678321,-1.09,-0.89,0.03,0.59,0.38,1
4284791770,1.05,0.77,0.53,0.12,0.35,2
4284813434,-0.4,2.27,0.0,1.0,0.0,1
4284829096,-0.7,-0.49,0.04,0.61,0.35,1
4284845904,-0.75,-0.72,0.08,0.14,0.78,2
4284911720,0.19,-0.2,0.78,0.05,0.17,0
4284924803,0.13,-0.38,0.87,0.03,0.1,0
4284969072,-1.39,-1.4,0.09,0.07,0.84,2
4285002084,-0.81,2.42,0.0,1.0,0.0,1
4285043527,0.55,0.23,0.62,0.09,0.28,0
4285065544,0.36,0.18,0.39,0.12,0.49,0
4285075538,-0.66,-0.79,0.43,0.05,0.52,0
4285304482,-0.94,-0.89,0.07,0.18,0.76,1
4285389648,0.62,0.3,0.62,0.1,0.29,0
4285469801,-1.59,-1.73,0.26,0.04,0.7,0
4285522601,0.55,2.0,0.01,0.98,0.01,1
4285604601,-1.55,2.05,0.0,1.0,0.0,1
4285745344,-0.71,-0.66,0.08,0.19,0.73,2
4285850813,1.1,-0.87,0.99,0.0,0.0,0
4285859683,-0.66,-0.71,0.2,0.07,0.73,2
4286061858,1.59,-0.13,0.98,0.01,0.01,0
4286063033,-0.84,-0.84,0.09,0.09,0.82,2
4286318990,-0.82,-0.88,0.2,0.07,0.73,2
4286370847,1.64,1.95,0.09,0.6,0.31,1
4286405509,-1.55,-1.84,0.55,0.02,0.43,2
4286450466,0.4,0.29,0.29,0.13,0.57,2
4286463056,-0.97,-1.09,0.35,0.05,0.6,1
4286865889,-0.66,1.59,0.0,1.0,0.0,1
4286870218,0.11,1.78,0.01,0.99,0.01,1
4286873017,-0.82,-0.8,0.08,0.12,0.8,2
4286909142,0.9,2.16,0.01,0.97,0.02,1
4286942126,-0.73,-0.6,0.05,0.43,0.52,2
4287058426,-0.29,1.94,0.0,1.0,0.0,1
4287112149,-0.89,-0.86,0.08,0.14,0.79,2
4287127543,-0.79,-0.78,0.09,0.11,0.81,2
4287142896,1.48,1.3,0.38,0.11,0.51,2
4287311513,-0.87,1.68,0.0,1.0,0.0,1
4287338112,1.48,-0.35,0.99,0.0,0.01,0
4287543332,-0.87,-0.82,0.07,0.18,0.75,2
4287650976,0.0,-0.5,0.87,0.03,0.1,0
4287905957,-0.7,-0.53,0.05,0.54,0.41,2
4287998773,0.68,-0.77,0.98,0.01,0.01,0
4288036962,-0.71,0.07,0.02,0.93,0.06,1
4288100799,-0.37,-0.42,0.22,0.09,0.69,1
4288290528,-0.71,2.03,0.0,1.0,0.0,1
4288572819,-0.71,1.14,0.0,0.99,0.01,1
4288743085,-1.76,-1.81,0.1,0.05,0.85,0
4288748445,-1.34,2.91,0.0,1.0,0.0,1
4288828318,0.41,1.98,0.01,0.98,0.01,1
4288871502,-0.61,-1.21,0.92,0.01,0.07,0
4288923087,-0.77,-0.78,0.11,0.09,0.8,2
4288967374,0.06,0.54,0.04,0.81,0.14,1
4289338231,-0.52,-0.52,0.12,0.11,0.77,2
4289597006,-0.06,0.62,0.03,0.89,0.08,1
4289607724,-1.27,-1.2,0.05,0.21,0.74,2
4289676634,-1.58,1.52,0.0,1.0,0.0,1
4289792977,1.67,-0.38,0.99,0.0,0.0,0
4289920922,-0.89,-0.9,0.1,0.08,0.82,2
4289921315,-0.33,-0.35,0.16,0.11,0.73,2
4290029285,1.23,1.23,0.2,0.18,0.62,2
4290090302,0.66,0.86,0.11,0.44,0.44,2
4290218189,-0.71,-0.29,0.03,0.81,0.16,1
4290226288,-0.74,-0.74,0.1,0.09,0.81,0
4290288634,-0.85,-0.87,0.12,0.08,0.8,2
4290323631,0.97,0.81,0.36,0.13,0.51,2
4290387078,-0.96,-0.8,0.04,0.51,0.45,1
4290567181,-1.59,-1.15,0.02,0.79,0.2,1
4290579575,1.38,-1.59,1.0,0.0,0.0,0
4290669078,-1.4,0.55,0.0,0.99,0.0,1
4290839285,1.84,1.84,0.19,0.16,0.65,1
4290849528,-0.44,0.62,0.01,0.95,0.03,1
4291106174,0.11,-0.95,0.97,0.01,0.02,0
4291221942,-0.1,0.52,0.03,0.88,0.09,1
4291229804,0.45,-1.14,0.99,0.0,0.01,0
4291235817,0.71,1.9,0.01,0.97,0.02,1
4291300179,2.44,-1.4,1.0,0.0,0.0,0
4291367819,-1.08,-0.56,0.02,0.85,0.13,1
4291399695,-0.73,-0.75,0.13,0.08,0.79,2
4291445966,2.69,-0.11,1.0,0.0,0.0,0
4291565351,-0.66,0.67,0.01,0.97,0.02,1
4291600110,0.13,-0.28,0.81,0.04,0.15,0
4291750124,-0.77,-0.73,0.08,0.16,0.76,2
4291970601,-1.05,-0.16,0.01,0.95,0.04,1
4291983256,-0.33,2.42,0.0,1.0,0.0,1
4291999244,0.18,0.82,0.03,0.89,0.08,1
4292005733,0.92,1.42,0.05,0.81,0.14,1
4292053765,2.06,0.55,0.98,0.01,0.01,0
4292154969,-1.06,-1.08,0.1,0.07,0.82,2
4292179357,-0.11,1.64,0.0,0.99,0.01,1
4292218083,-0.63,-0.62,0.1,0.11,0.79,2
4292330026,1.48,-0.48,0.99,0.0,0.01,0
4292346386,-0.82,-0.84,0.12,0.08,0.8,2
4292359809,0.19,0.21,0.17,0.2,0.62,2
4292525395,-0.9,-0.79,0.05,0.36,0.59,2
4292563026,0.64,-0.95,0.99,0.0,0.01,0
4292612499,0.82,0.52,0.58,0.11,0.31,0
4292709507,0.7,2.61,0.0,0.99,0.0,1
4292800712,0.63,-0.59,0.97,0.01,0.02,0
4292809931,0.73,-1.01,0.99,0.0,0.01,0
4292914487,-0.37,-0.64,0.71,0.04,0.25,0
4292960356,-0.11,-1.52,0.99,0.0,0.01,0
4293086442,0.29,-0.31,0.88,0.03,0.09,0
4293094431,-0.91,1.37,0.0,1.0,0.0,1
4293227845,0.2,-0.48,0.91,0.02,0.07,0
4293254649,2.45,2.23,0.45,0.08,0.47,0
4293293471,-0.37,-0.45,0.29,0.08,0.63,0
4293415746,-0.79,0.91,0.01,0.99,0.01,1
4293419884,-0.94,-0.77,0.04,0.54,0.42,1
4293430216,-1.04,-0.62,0.02,0.8,0.17,2
4293445688,-1.36,2.23,0.0,1.0,0.0,1
4293540065,-0.39,1.4,0.0,0.99,0.01,1
4293543403,-0.73,-0.91,0.55,0.04,0.41,2
4293704939,-0.75,-0.75,0.1,0.09,0.81,1
4293765835,-0.91,-0.95,0.15,0.07,0.78,2
4293767723,-0.77,-0.73,0.08,0.16,0.76,2
4293849459,-0.73,-0.74,0.11,0.09,0.8,2
4293918673,-0.88,-0.88,0.09,0.09,0.82,2
4293965487,1.15,-0.1,0.96,0.01,0.02,0
4293990653,0.0,-0.67,0.92,0.02,0.07,0
4294020084,-0.89,-0.88,0.08,0.1,0.81,2
4294068603,-0.84,1.52,0.0,1.0,0.0,1
4294081229,-0.16,-0.66,0.88,0.02,0.1,0
4294144396,-0.76,0.87,0.01,0.99,0.01,1
4294254797,1.62,0.45,0.95,0.02,0.03,0
4294349169,0.5,0.5,0.2,0.19,0.62,1
4294452769,-0.8,-0.8,0.09,0.09,0.82,2
4294602932,0.14,2.25,0.0,1.0,0.0,1
4294633312,-0.74,-0.86,0.39,0.05,0.55,0
4294656694,-0.74,-0.77,0.14,0.08,0.78,0
4294692063,1.27,-0.1,0.97,0.01,0.02,0
4294710549,0.91,-0.26,0.96,0.01,0.03,0
4294899228,-1.55,0.77,0.0,1.0,0.0,1
4294947231,-0.66,-0.75,0.31,0.06,0.63,0
