id,resp_a_reward,resp_b_reward,winner_model_a,winner_model_b,winner_tie,true_winner
595190820,-0.57,0.28,0.02,0.93,0.05,1
3122162418,-0.77,-0.76,0.1,0.12,0.79,1
3148231392,1.66,1.9,0.11,0.5,0.39,0
4048018319,-1.58,-0.46,0.0,0.97,0.02,1
1090151891,-0.8,-0.82,0.12,0.09,0.79,2
2488387967,-0.7,-0.8,0.31,0.07,0.62,0
353434171,-0.94,-1.0,0.18,0.07,0.75,2
4204148722,-0.86,-0.82,0.08,0.14,0.77,2
3654644333,1.1,-0.37,0.98,0.01,0.01,0
2427612021,-0.63,-0.73,0.32,0.07,0.61,2
121663832,-0.67,-0.57,0.07,0.3,0.63,2
2109179318,-0.39,1.31,0.0,0.99,0.01,1
907140130,-0.66,-0.66,0.11,0.11,0.78,2
1759038396,1.49,0.36,0.95,0.02,0.03,0
2817867978,-0.84,-0.86,0.12,0.09,0.79,2
3440516236,-0.34,-0.24,0.1,0.3,0.61,0
851872472,0.91,0.4,0.8,0.06,0.14,0
80685096,-0.82,-0.82,0.11,0.09,0.8,2
2646410586,-0.73,-0.62,0.07,0.32,0.62,0
2984325781,-0.77,-1.23,0.87,0.01,0.11,2
1791581065,-1.42,2.64,0.0,1.0,0.0,1
2346520795,2.0,2.2,0.12,0.42,0.45,1
703237550,-0.08,1.65,0.0,0.99,0.01,1
3294486713,-1.27,-0.39,0.01,0.95,0.04,0
1361160439,-1.3,-0.06,0.01,0.98,0.02,1
69276800,0.9,1.79,0.02,0.94,0.05,1
3278415183,-1.14,1.51,0.0,1.0,0.0,1
1716495228,-0.87,-0.88,0.11,0.09,0.8,2
4035714797,-0.9,-0.88,0.09,0.13,0.79,2
483296173,-0.75,-0.71,0.09,0.15,0.76,2
1396586288,-0.54,0.38,0.01,0.94,0.04,1
1064964076,-0.76,1.34,0.0,1.0,0.0,1
814640937,0.54,-1.11,0.99,0.0,0.01,0
1580562923,-0.43,2.17,0.0,1.0,0.0,1
1436917573,-0.46,-0.54,0.29,0.09,0.63,0
2385802286,-1.37,-0.01,0.0,0.98,0.01,1
2697027371,0.05,0.75,0.03,0.9,0.08,1
3783844300,0.56,-0.55,0.97,0.01,0.02,0
576530406,-1.42,-1.42,0.08,0.08,0.84,2
1587169170,0.59,0.3,0.55,0.11,0.34,0
2113022138,-0.81,-0.82,0.11,0.09,0.8,2
3585179643,-0.86,1.35,0.0,1.0,0.0,1
4007468768,0.14,-1.52,1.0,0.0,0.0,0
1981590435,1.3,-0.9,1.0,0.0,0.0,0
3803079514,-0.37,-1.55,0.99,0.0,0.01,0
4222174166,1.0,0.34,0.87,0.04,0.09,0
449517104,-1.33,-1.32,0.08,0.09,0.83,2
2822863556,-1.05,-1.21,0.43,0.05,0.53,2
2446613126,1.45,2.83,0.01,0.98,0.01,1
214290150,-0.89,-0.61,0.04,0.69,0.27,1
2126556826,-1.73,-1.76,0.08,0.06,0.86,2
1708596348,0.04,-1.46,0.99,0.0,0.01,0
2581543696,-0.8,-0.31,0.03,0.84,0.13,1
4248667785,-0.82,-0.82,0.1,0.1,0.8,2
1579331830,0.82,1.04,0.12,0.47,0.41,1
1770927891,-0.81,-0.61,0.05,0.56,0.39,2
3972159059,0.11,0.41,0.08,0.64,0.28,1
655384323,-0.82,-0.82,0.1,0.1,0.8,2
67152163,-0.45,-0.31,0.08,0.4,0.52,2
3898479363,-1.68,1.35,0.0,1.0,0.0,1
3447801020,0.68,0.87,0.12,0.43,0.45,2
2986558050,-0.47,-0.37,0.09,0.3,0.62,1
1143145917,0.86,2.11,0.01,0.97,0.02,1
224122379,-0.89,-1.03,0.38,0.06,0.57,0
2226965658,-0.34,1.16,0.01,0.98,0.01,1
2222466737,-1.2,0.23,0.0,0.98,0.01,1
2706292703,1.58,-0.33,0.99,0.0,0.0,0
4008049965,-0.48,-0.54,0.23,0.09,0.68,2
2534012116,-0.91,-0.86,0.08,0.17,0.75,2
2896381273,0.81,0.41,0.71,0.08,0.21,2
1845345903,-1.12,-1.16,0.13,0.07,0.8,2
1825990535,-0.29,-0.53,0.63,0.06,0.31,0
1940336532,0.62,-0.61,0.98,0.01,0.02,0
1148532590,-0.44,-0.43,0.13,0.12,0.75,1
3121062050,1.95,-1.62,1.0,0.0,0.0,0
1538571078,2.03,-1.53,1.0,0.0,0.0,0
1524906909,-1.41,-1.62,0.44,0.03,0.52,2
3125416036,-0.76,-0.69,0.08,0.22,0.71,1
4125066637,-1.44,0.71,0.0,1.0,0.0,1
1356727678,-1.07,-0.76,0.03,0.73,0.24,1
2881538229,-0.42,-0.63,0.59,0.06,0.36,2
2290365581,0.72,-1.4,1.0,0.0,0.0,0
385110598,0.86,-0.71,0.99,0.0,0.01,0
915955611,-0.41,1.13,0.0,0.99,0.01,1
774639379,-1.23,-0.68,0.02,0.87,0.12,1
1609217775,1.91,-1.27,1.0,0.0,0.0,0
4118304709,1.66,-1.12,1.0,0.0,0.0,0
3309321766,-1.4,1.71,0.0,1.0,0.0,1
389851822,0.68,-0.37,0.96,0.01,0.03,0
1312196828,-1.74,-1.73,0.07,0.08,0.86,0
3656855322,-0.77,-0.76,0.1,0.11,0.79,2
3916362458,-0.57,-0.55,0.11,0.12,0.77,2
649784183,0.14,-0.49,0.9,0.02,0.07,0
785848282,0.82,-1.51,1.0,0.0,0.0,0
184476329,-0.15,-0.54,0.81,0.04,0.16,0
1892849984,-0.15,-0.08,0.12,0.24,0.64,0
656624179,1.65,-1.12,1.0,0.0,0.0,0
438354612,-0.52,-0.63,0.35,0.07,0.57,0
1665238903,-0.43,-0.88,0.86,0.02,0.12,0
947206022,-0.69,-0.55,0.06,0.38,0.55,2
3777132867,-0.76,1.36,0.0,1.0,0.0,1
2940069266,-1.12,-1.52,0.8,0.01,0.18,2
103521570,-0.5,1.2,0.0,0.99,0.01,1
1502714461,-1.15,1.15,0.0,1.0,0.0,1
3043264765,-0.41,-0.96,0.9,0.01,0.08,0
3454885979,-0.56,-1.5,0.97,0.0,0.02,0
2485381167,0.28,-0.47,0.93,0.02,0.06,0
2898127291,-0.78,-0.77,0.1,0.11,0.79,2
4099816455,-0.8,-0.77,0.09,0.13,0.78,2
3235856414,-0.66,1.02,0.0,0.99,0.01,1
3521818404,-0.14,-0.38,0.59,0.07,0.34,1
2969769267,0.88,0.22,0.87,0.04,0.09,0
1375833661,-0.6,-0.02,0.02,0.88,0.1,1
2321732473,-0.05,-0.47,0.82,0.04,0.14,0
2999176906,-0.09,0.64,0.03,0.9,0.07,0
2636068965,-0.61,-0.58,0.1,0.15,0.75,1
2898821723,-0.53,-0.5,0.11,0.14,0.75,2
94559008,-0.42,-0.84,0.84,0.02,0.13,0
476352428,-0.35,0.13,0.04,0.83,0.13,1
3341673204,-0.9,0.19,0.01,0.96,0.03,1
638560335,-0.53,-0.71,0.55,0.06,0.4,0
2947882474,-1.38,-1.02,0.02,0.76,0.22,1
4051770283,-0.77,-0.76,0.1,0.12,0.79,2
1409910141,-1.11,-0.65,0.02,0.83,0.15,2
1466560776,0.63,-0.15,0.91,0.03,0.06,0
1753531190,2.2,0.77,0.97,0.01,0.02,0
278480894,1.53,-0.75,1.0,0.0,0.0,0
1580108096,-0.38,-0.1,0.06,0.67,0.27,1
3856665862,2.27,-1.45,1.0,0.0,0.0,0
2377641217,-0.5,-0.53,0.17,0.1,0.74,2
2557773359,-1.01,-0.95,0.07,0.17,0.76,1
1004950655,1.72,1.8,0.15,0.24,0.6,0
393296941,0.03,-0.08,0.3,0.12,0.58,0
3440210383,-0.89,-0.84,0.08,0.17,0.75,1
772195808,-0.01,-1.2,0.98,0.0,0.01,0
3933165989,1.44,0.36,0.95,0.02,0.04,0
2551306788,-1.03,-0.39,0.02,0.9,0.08,1
500346997,-0.74,-0.38,0.03,0.76,0.21,1
4116513754,-0.76,-0.69,0.08,0.22,0.71,0
1139959336,-1.61,2.23,0.0,1.0,0.0,1
3733267506,-1.58,1.0,0.0,1.0,0.0,1
3603886789,-0.49,-0.29,0.06,0.55,0.39,2
1660063587,-0.86,-0.85,0.09,0.1,0.8,2
1308038737,-0.33,-0.29,0.12,0.17,0.71,1
2054551896,-1.16,0.1,0.01,0.98,0.02,1
1513002550,0.63,-0.65,0.98,0.01,0.02,0
1451545611,-0.19,-0.65,0.86,0.03,0.12,0
2902923586,-0.11,-0.49,0.79,0.04,0.17,0
4082162907,0.65,0.16,0.8,0.06,0.14,0
449952443,-0.42,-0.89,0.87,0.02,0.11,0
2642705971,2.36,-0.39,1.0,0.0,0.0,0
2078873336,-0.68,-0.74,0.22,0.08,0.7,2
2636439275,0.44,2.16,0.0,0.99,0.01,1
1246698426,-0.39,0.62,0.01,0.95,0.03,1
738149290,0.93,0.74,0.4,0.14,0.46,2
4149160149,2.44,-0.57,1.0,0.0,0.0,0
1555915481,-0.28,-0.82,0.89,0.02,0.09,0
4011168801,-1.24,0.12,0.0,0.98,0.01,1
3970867491,-0.76,-0.77,0.12,0.09,0.78,2
422505685,0.09,-0.69,0.94,0.01,0.05,0
2987387384,-0.71,-0.89,0.51,0.05,0.43,0
613133700,-0.1,0.83,0.02,0.94,0.04,1
1985376974,-0.86,-0.84,0.09,0.11,0.79,2
1032884564,-1.7,-1.7,0.07,0.07,0.86,2
59404377,0.41,-0.31,0.91,0.02,0.06,0
4199657944,-0.51,-0.66,0.45,0.07,0.49,0
3799380960,-0.7,-0.74,0.17,0.08,0.74,1
3746494995,2.36,0.4,0.99,0.0,0.0,0
2290250786,-0.91,0.26,0.01,0.97,0.02,1
3207248594,-0.8,-0.79,0.1,0.11,0.8,2
679794909,-0.76,-0.76,0.11,0.1,0.8,0
1560799471,-0.93,-0.79,0.06,0.37,0.57,2
1443429842,-0.95,-0.29,0.02,0.91,0.08,1
2931842811,0.3,-0.07,0.72,0.07,0.21,0
1861295003,-0.17,-0.08,0.11,0.28,0.6,2
1864590426,-0.61,-1.34,0.95,0.01,0.04,0
2670766855,-0.66,-0.57,0.08,0.28,0.65,1
3504059410,0.71,0.99,0.1,0.57,0.33,1
2266894397,-1.12,1.44,0.0,1.0,0.0,1
2917377219,-0.78,-0.77,0.1,0.12,0.79,2
4239797148,-0.85,-0.85,0.1,0.1,0.8,2
3518574137,-1.81,-1.23,0.01,0.88,0.12,2
490744374,-0.82,-0.9,0.23,0.07,0.7,2
2164717971,-1.13,0.46,0.0,0.99,0.01,1
1729763229,0.0,-0.82,0.95,0.01,0.04,0
2945331702,-1.3,-1.56,0.58,0.03,0.39,0
3220143595,1.26,0.2,0.95,0.02,0.04,0
625421642,0.27,-1.31,0.99,0.0,0.0,0
1912534125,-0.84,-0.86,0.12,0.09,0.79,2
3135329532,-0.64,-0.65,0.13,0.1,0.77,2
630398684,-0.02,-0.8,0.94,0.01,0.05,0
279947452,-0.43,-1.45,0.98,0.0,0.02,0
456412435,-0.45,-0.42,0.12,0.14,0.74,2
1657467200,0.21,-1.27,0.99,0.0,0.01,0
1581317758,-0.13,-0.79,0.93,0.01,0.06,0
2927803181,-0.77,-0.77,0.1,0.1,0.8,2
3752996035,0.23,0.23,0.19,0.19,0.62,2
3536230308,-1.18,-1.12,0.07,0.16,0.77,1
3872229174,-0.47,-0.46,0.12,0.13,0.75,2
1137086430,0.45,-1.21,0.99,0.0,0.0,0
2057525469,1.55,-0.01,0.98,0.01,0.01,0
2737677979,-1.3,-0.64,0.01,0.91,0.08,0
2675379826,-0.78,-0.77,0.1,0.11,0.79,2
4181116519,-1.05,-0.76,0.03,0.71,0.26,1
159177395,-0.94,-0.61,0.03,0.74,0.23,1
747265168,-0.84,-0.84,0.11,0.09,0.8,2
2260219653,0.15,-0.3,0.83,0.04,0.13,0
2741615059,0.28,-1.18,0.99,0.0,0.01,0
218477317,-0.1,-0.07,0.14,0.19,0.67,2
811059639,-0.61,-0.74,0.4,0.07,0.54,1
1857412228,0.34,-0.14,0.83,0.05,0.13,0
3350112753,2.41,1.83,0.85,0.04,0.11,2
3407816400,0.65,0.81,0.13,0.39,0.48,1
3252358917,0.67,-0.85,0.99,0.0,0.01,0
1164490429,-0.51,-0.12,0.04,0.78,0.18,1
2646826750,-0.82,-0.79,0.09,0.13,0.78,2
2639099640,-1.09,-0.28,0.01,0.94,0.05,1
3020274205,-0.77,-0.74,0.09,0.13,0.78,2
1103945169,0.81,0.72,0.27,0.16,0.58,2
2075300625,-0.13,-1.27,0.98,0.0,0.01,0
4171729273,-0.84,-0.77,0.07,0.21,0.71,1
1320899063,-0.96,-1.32,0.78,0.02,0.2,0
3653195160,-0.77,1.69,0.0,1.0,0.0,1
3079435464,-0.32,-0.66,0.77,0.04,0.19,0
2354715943,-0.37,0.19,0.03,0.87,0.1,1
2654523734,2.75,2.73,0.2,0.14,0.66,1
2981249951,0.2,-1.28,0.99,0.0,0.01,0
3195991043,0.24,0.17,0.24,0.15,0.61,0
3522322998,0.31,0.16,0.35,0.13,0.52,0
3519190404,-1.41,-0.19,0.0,0.98,0.02,1
2700116774,-0.92,-1.12,0.55,0.04,0.41,2
2034865768,-1.9,-1.39,0.01,0.84,0.15,1
2457104768,-1.2,-0.5,0.01,0.92,0.07,1
874244917,1.05,-1.23,1.0,0.0,0.0,0
222964702,-0.96,-1.14,0.48,0.05,0.48,2
3193306622,-1.48,2.47,0.0,1.0,0.0,1
3494754040,0.69,0.63,0.24,0.16,0.59,2
2534654675,0.19,0.51,0.07,0.66,0.26,1
3183848856,-1.18,-1.46,0.63,0.03,0.34,2
3158551585,-0.84,-0.84,0.1,0.1,0.8,2
1380424796,0.28,-1.25,0.99,0.0,0.01,0
1100020186,-0.86,-0.88,0.12,0.09,0.8,2
2818664369,-0.79,-0.79,0.1,0.1,0.8,2
1553519118,-0.67,-0.4,0.04,0.67,0.29,1
1864022887,0.68,-1.28,1.0,0.0,0.0,0
2252715413,-0.69,-0.84,0.46,0.06,0.48,2
1150016315,-1.02,-0.35,0.02,0.91,0.08,1
3514059419,-1.01,-1.97,0.98,0.0,0.02,0
1907735717,-0.21,-0.45,0.6,0.06,0.34,0
3312343681,0.65,0.4,0.5,0.12,0.38,0
2855285481,-0.92,0.64,0.0,0.99,0.01,1
639351069,1.49,-0.62,1.0,0.0,0.0,0
2160928721,2.55,1.05,0.98,0.01,0.01,0
2584542106,1.46,2.33,0.02,0.94,0.04,1
3671397778,-0.37,-0.34,0.12,0.16,0.72,2
2805061978,0.16,-0.36,0.87,0.03,0.1,0
1459114057,1.84,0.11,0.99,0.0,0.01,0
1146153963,-0.03,-0.95,0.96,0.01,0.03,0
3247258041,-0.53,0.87,0.01,0.98,0.01,1
902353824,-1.53,1.14,0.0,1.0,0.0,1
1903586845,2.11,-0.95,1.0,0.0,0.0,0
4261216431,-0.72,-0.71,0.1,0.11,0.79,1
1184894909,-1.41,0.28,0.0,0.99,0.01,1
1949028697,0.57,0.46,0.29,0.15,0.56,0
3066572192,-0.89,-0.91,0.11,0.09,0.8,2
3853131435,0.62,0.18,0.76,0.07,0.17,2
372632232,-0.04,-0.92,0.96,0.01,0.03,0
294221526,-0.85,-0.84,0.1,0.1,0.8,2
3128001044,-0.67,-0.67,0.11,0.1,0.78,2
1916068402,-0.41,1.78,0.0,1.0,0.0,1
2867676924,-0.41,-1.08,0.94,0.01,0.05,0
2682444985,0.11,-0.92,0.97,0.01,0.02,0
2802224125,-1.66,-0.59,0.0,0.97,0.03,1
4261147158,-1.03,0.02,0.01,0.96,0.03,1
2989207811,0.18,0.41,0.09,0.53,0.37,2
469336714,-1.05,-1.0,0.07,0.18,0.75,2
956455246,0.35,-0.95,0.98,0.0,0.01,0
414501535,0.34,-0.54,0.95,0.01,0.04,0
2614490479,-0.51,-0.96,0.86,0.02,0.12,0
2436065468,-0.18,0.49,0.03,0.89,0.08,1
3756491459,0.45,-1.42,1.0,0.0,0.0,0
3998315566,-1.01,-1.17,0.43,0.05,0.52,0
4032308884,-0.82,0.06,0.01,0.94,0.04,1
462732529,-0.29,-0.58,0.71,0.05,0.24,1
2173325674,0.46,-1.17,0.99,0.0,0.01,0
3746686033,0.45,2.5,0.0,1.0,0.0,1
3962318813,-1.12,-0.76,0.02,0.77,0.2,2
2630524224,1.31,0.04,0.97,0.01,0.02,0
2386093798,-1.0,-0.99,0.09,0.1,0.81,0
1217208000,1.43,-1.43,1.0,0.0,0.0,0
1328740250,-0.18,-0.19,0.17,0.15,0.69,0
1510732063,-0.33,2.64,0.0,1.0,0.0,1
3466807448,0.19,0.97,0.02,0.91,0.06,1
1854599015,-0.81,-0.55,0.04,0.66,0.3,2
2966774248,-0.37,-0.45,0.3,0.09,0.61,2
2215503369,-0.71,-0.84,0.39,0.06,0.55,2
4267061034,-1.52,-0.93,0.01,0.89,0.1,1
2983607533,0.56,-0.55,0.97,0.01,0.02,0
2220041021,-0.06,1.97,0.0,1.0,0.0,1
1012629347,-0.77,-0.71,0.08,0.19,0.73,2
1723921742,0.91,-1.13,1.0,0.0,0.0,0
250001920,-0.35,-0.78,0.85,0.02,0.13,0
1986619761,1.43,0.08,0.97,0.01,0.02,0
1517909329,-1.34,-1.3,0.07,0.12,0.82,1
1089029258,-0.87,-0.84,0.09,0.14,0.78,2
2510054852,-1.1,0.33,0.0,0.98,0.01,1
4223301255,-0.88,-0.84,0.08,0.15,0.77,1
2643791415,-1.58,-0.9,0.01,0.91,0.08,1
3973711672,-1.64,-1.13,0.01,0.85,0.14,1
2012503705,-0.78,-0.88,0.28,0.07,0.66,0
70186050,0.21,-1.45,1.0,0.0,0.0,0
3245280495,-0.16,-0.15,0.15,0.17,0.68,2
1040449302,-0.71,-0.75,0.16,0.09,0.76,2
1772141099,-1.78,-1.87,0.14,0.04,0.82,2
3357678317,-1.46,0.45,0.0,1.0,0.0,1
2545251303,-0.55,-0.05,0.03,0.85,0.12,1
2881561368,0.89,-0.07,0.94,0.02,0.04,0
2301270245,-0.71,-0.84,0.41,0.06,0.53,0
1615807992,1.17,0.12,0.95,0.02,0.04,0
2805575230,-0.54,-0.57,0.17,0.1,0.74,1
3723889120,-0.26,0.22,0.04,0.83,0.14,1
2986992542,0.61,-1.02,0.99,0.0,0.01,0
2385631976,0.19,0.09,0.27,0.14,0.59,2
378899035,-0.8,-0.82,0.12,0.09,0.79,2
3215469929,-0.82,-0.78,0.09,0.15,0.77,2
2204102376,1.1,2.48,0.01,0.98,0.01,1
4124430166,-0.39,-0.38,0.13,0.13,0.73,2
1400374774,-0.84,-0.82,0.09,0.11,0.8,2
2352681898,-0.33,0.76,0.01,0.96,0.03,1
310061424,-1.23,0.21,0.0,0.99,0.01,1
391067853,-0.71,-0.57,0.06,0.42,0.52,2
383990274,-0.74,-1.22,0.88,0.01,0.11,0
1564503224,0.8,2.28,0.01,0.98,0.01,1
1861726332,-0.18,0.01,0.09,0.48,0.43,1
3503220838,-0.84,-0.81,0.09,0.13,0.78,2
2942464146,0.28,-1.54,1.0,0.0,0.0,0
2114989744,-0.73,-0.55,0.05,0.5,0.45,1
2332562779,1.44,1.17,0.52,0.11,0.37,1
431762861,-0.98,-0.97,0.09,0.11,0.81,2
2756597162,0.54,-1.62,1.0,0.0,0.0,0
693916620,-0.97,-1.1,0.35,0.05,0.59,0
2307256472,-1.3,2.98,0.0,1.0,0.0,1
252027515,-0.59,0.18,0.02,0.92,0.06,1
1198008923,0.12,-0.45,0.89,0.03,0.09,0
1795355564,-0.1,2.42,0.0,1.0,0.0,1
3731292408,-0.54,-0.15,0.04,0.79,0.18,1
4203447979,-0.49,-1.16,0.94,0.01,0.05,0
222513701,-0.76,-0.77,0.12,0.09,0.78,2
3426332398,0.82,0.52,0.59,0.11,0.3,2
1159984707,-0.61,1.23,0.0,0.99,0.0,1
2378159287,1.27,-1.3,1.0,0.0,0.0,0
1761047446,0.77,-1.53,1.0,0.0,0.0,0
2641752465,1.13,0.96,0.38,0.14,0.48,0
251632750,0.39,-1.05,0.99,0.0,0.01,0
1780970618,-1.06,0.77,0.0,0.99,0.0,1
665911339,-0.77,0.09,0.01,0.94,0.05,1
2678216391,-0.4,-0.01,0.04,0.77,0.19,2
1897700982,1.01,0.23,0.9,0.03,0.07,0
4153792459,-0.78,-0.82,0.15,0.08,0.76,2
4277509038,-0.87,-0.85,0.09,0.11,0.8,2
2255091743,-0.84,1.18,0.0,1.0,0.0,1
1959276422,-0.78,-0.8,0.13,0.09,0.78,2
1817678953,-1.44,2.14,0.0,1.0,0.0,1
2057916317,0.21,0.19,0.2,0.18,0.62,2
288488905,-1.0,-0.7,0.03,0.71,0.26,1
4211973456,-0.51,-0.56,0.22,0.09,0.69,0
1425276848,-1.38,0.4,0.0,0.99,0.0,1
2494009282,-0.44,-0.43,0.13,0.12,0.75,2
2144199453,-1.67,1.33,0.0,1.0,0.0,1
3138136927,0.05,-1.23,0.99,0.0,0.01,0
149792659,-0.79,-0.48,0.04,0.72,0.24,2
2839479587,-1.36,-0.18,0.01,0.97,0.02,1
2603803629,-0.86,-0.77,0.07,0.25,0.68,2
966357208,-0.81,-0.84,0.14,0.08,0.78,2
235578312,-0.53,-0.71,0.54,0.06,0.41,2
4195835698,-0.73,-0.74,0.12,0.09,0.78,2
3201026969,1.02,0.66,0.67,0.09,0.24,0
3872070554,0.04,1.52,0.01,0.98,0.01,1
347894670,-0.19,-0.2,0.17,0.14,0.69,1
2770813586,1.3,1.3,0.2,0.17,0.62,2
4166813154,-0.55,-0.61,0.22,0.09,0.69,2
1071059762,-0.66,0.43,0.01,0.96,0.03,1
1602883850,-0.85,-0.82,0.09,0.13,0.78,2
1966116153,2.14,-1.3,1.0,0.0,0.0,0
2237263377,-1.21,1.15,0.0,1.0,0.0,1
1477181263,-0.25,-1.03,0.95,0.01,0.04,0
3016181228,-0.87,-0.87,0.1,0.1,0.81,2
2420433100,-0.04,-0.59,0.89,0.02,0.09,0
3850047472,-1.2,-0.16,0.01,0.96,0.03,1
3015616195,-0.81,-0.81,0.1,0.1,0.8,2
3477017877,1.07,1.03,0.23,0.17,0.6,2
3943716101,0.36,-0.54,0.95,0.01,0.04,0
3034901605,-1.43,0.38,0.0,0.99,0.0,1
2357599741,1.87,0.46,0.97,0.01,0.02,0
2987749109,-0.3,0.05,0.05,0.73,0.22,1
1568062166,-1.48,-1.26,0.03,0.57,0.4,0
3709586737,-0.7,-1.08,0.82,0.02,0.16,0
400235030,-0.1,1.74,0.0,0.99,0.0,1
1043373781,-0.72,-0.66,0.08,0.21,0.71,2
3434430969,-0.01,0.44,0.05,0.79,0.16,0
3049795167,-1.09,-1.14,0.16,0.07,0.77,1
3240967297,0.68,0.65,0.22,0.18,0.61,0
3006195736,-0.87,-0.86,0.09,0.1,0.8,2
2882137089,0.01,-0.1,0.29,0.12,0.59,2
2432417225,1.12,0.34,0.9,0.03,0.07,0
3818083228,-0.68,-0.64,0.09,0.17,0.74,2
3804539612,-0.82,-1.16,0.78,0.02,0.2,0
2523882236,0.52,2.36,0.0,0.99,0.01,1
1558912027,0.39,0.27,0.3,0.14,0.56,0
2817705840,0.03,-0.13,0.39,0.11,0.51,1
1195834930,-0.64,-0.54,0.08,0.28,0.64,1
1687851394,-1.05,-0.52,0.02,0.87,0.12,1
2642770938,-1.52,-0.34,0.0,0.98,0.02,1
1969673942,0.4,-0.17,0.87,0.04,0.1,0
3656574643,-0.96,1.62,0.0,1.0,0.0,1
2140482423,0.48,-1.27,1.0,0.0,0.0,0
1482744845,-1.23,-1.38,0.35,0.05,0.6,0
3124970366,-0.61,-0.57,0.1,0.17,0.74,2
2078867342,-0.98,0.06,0.01,0.96,0.03,1
1855494156,-1.06,0.6,0.0,0.99,0.01,1
4044304990,-0.93,-0.81,0.06,0.33,0.61,2
1126962214,1.9,-0.87,1.0,0.0,0.0,0
251510220,-0.54,-1.02,0.88,0.02,0.11,0
401739210,-0.54,-1.53,0.98,0.0,0.02,0
3836366558,-0.88,1.99,0.0,1.0,0.0,1
240416433,-0.77,-0.72,0.09,0.16,0.75,1
2270129597,-0.79,-0.79,0.1,0.1,0.8,2
3488285829,2.36,2.34,0.2,0.14,0.66,2
4202313126,-0.59,-1.91,0.99,0.0,0.01,0
3925740698,-0.63,-0.65,0.14,0.1,0.76,2
436118704,0.39,0.26,0.31,0.14,0.55,2
842567347,-0.7,-0.72,0.14,0.09,0.77,2
88580515,-1.0,-1.25,0.62,0.03,0.34,0
818607766,-1.63,-1.65,0.08,0.07,0.85,2
1694258244,1.38,1.96,0.04,0.85,0.1,2
2919429313,-0.66,-1.04,0.82,0.02,0.16,0
2262219885,-0.37,-0.95,0.91,0.01,0.08,0
1510303905,-1.04,-0.99,0.07,0.16,0.77,2
488058549,1.84,-1.8,1.0,0.0,0.0,0
1250051065,-0.56,-0.46,0.08,0.31,0.61,0
2238701775,-1.12,-0.73,0.02,0.79,0.18,0
935821298,-0.76,-1.12,0.81,0.02,0.17,0
1751301693,1.51,0.62,0.92,0.03,0.06,0
1093213981,-0.4,-0.49,0.29,0.09,0.62,2
1457428626,-0.74,-0.49,0.04,0.65,0.31,1
634276256,-0.7,-0.64,0.08,0.2,0.71,0
2432910988,0.31,1.7,0.01,0.98,0.02,1
3071002312,-0.8,-0.84,0.15,0.08,0.77,0
1190878607,-0.9,-1.02,0.33,0.06,0.61,0
809831413,-0.47,-0.54,0.27,0.09,0.64,2
1993470073,0.95,-0.47,0.98,0.0,0.01,0
3036771053,-0.81,-0.82,0.12,0.09,0.79,2
1060119667,-1.26,1.41,0.0,1.0,0.0,1
122227197,-0.78,-0.8,0.13,0.09,0.78,2
3310598608,-0.84,-0.86,0.13,0.09,0.79,2
124044865,1.45,-1.08,1.0,0.0,0.0,0
4221368533,-0.76,0.9,0.0,0.99,0.01,1
3514947295,1.59,-0.11,0.99,0.0,0.01,0
3361537116,-0.18,1.02,0.01,0.97,0.02,1
4027400670,-0.4,-1.05,0.93,0.01,0.06,2
119110638,1.59,-0.87,1.0,0.0,0.0,0
3888541022,0.14,0.01,0.33,0.12,0.54,2
1304416596,-0.73,-0.79,0.21,0.08,0.71,2
1790711012,0.1,-0.63,0.93,0.02,0.06,0
4232378807,-0.92,-0.91,0.09,0.1,0.81,2
3431921639,-0.49,-1.06,0.91,0.01,0.07,0
820924695,-1.24,-0.59,0.01,0.9,0.08,1
1258271360,0.36,-0.48,0.94,0.02,0.05,0
457450028,-0.39,-0.29,0.1,0.28,0.63,1
1350384950,-1.78,-1.62,0.04,0.38,0.59,2
2439547216,-1.04,-1.05,0.11,0.08,0.81,0
3805577563,-1.16,0.2,0.0,0.98,0.01,1
968085105,-1.34,-1.25,0.06,0.21,0.73,2
3093699190,1.04,-0.13,0.96,0.01,0.03,0
1033807649,-0.88,-0.85,0.09,0.12,0.79,2
4067951191,-0.82,-0.82,0.1,0.1,0.8,2
1641829791,-0.66,-0.64,0.1,0.13,0.77,0
1315947741,-0.02,-0.26,0.56,0.08,0.36,0
580469348,1.27,-0.4,0.99,0.0,0.01,0
449275762,-1.58,-0.34,0.0,0.98,0.02,1
217053150,-0.84,-0.81,0.09,0.13,0.78,2
1821700297,-0.77,-0.87,0.3,0.07,0.63,0
2505266315,-1.41,0.08,0.0,0.99,0.01,1
3807495100,-0.73,-0.7,0.09,0.14,0.76,2
1407068706,-0.35,-0.81,0.86,0.02,0.11,0
583140982,-1.72,-1.74,0.08,0.06,0.86,2
2738907460,-0.82,-0.79,0.09,0.14,0.77,2
987736117,-0.85,-0.82,0.09,0.13,0.78,2
3040754535,-0.04,-0.56,0.88,0.03,0.1,0
1377093107,-1.04,1.88,0.0,1.0,0.0,1
3499935590,2.16,-0.82,1.0,0.0,0.0,0
1551062178,-0.84,-0.85,0.12,0.09,0.79,2
1930154293,-0.45,-0.06,0.04,0.78,0.18,1
3511515107,1.18,0.71,0.77,0.07,0.16,0
2942045867,-0.71,-0.78,0.22,0.08,0.7,0
3048270700,0.18,0.86,0.03,0.89,0.08,1
215079021,-0.74,-0.77,0.14,0.09,0.77,2
3963392257,-0.84,-0.86,0.12,0.09,0.79,2
2900416803,-0.77,-0.65,0.06,0.36,0.58,2
2060786003,-0.07,-0.98,0.96,0.01,0.03,0
526649449,0.58,-0.85,0.99,0.0,0.01,0
2503630806,-0.01,-0.31,0.68,0.06,0.26,0
1919231895,-1.49,1.66,0.0,1.0,0.0,1
1789739929,0.22,2.2,0.0,0.99,0.0,1
1242603496,-0.62,-1.2,0.92,0.01,0.07,0
3311048973,-0.31,-0.03,0.06,0.66,0.28,0
2078398351,-0.93,1.83,0.0,1.0,0.0,1
584534382,-0.86,-0.86,0.1,0.1,0.8,2
36278274,2.16,-1.55,1.0,0.0,0.0,0
199319578,0.47,-0.23,0.9,0.03,0.07,0
3626780009,-0.43,0.23,0.02,0.9,0.08,1
41401699,0.56,0.57,0.19,0.2,0.61,2
4095962422,0.96,1.81,0.02,0.93,0.05,1
624197872,-0.71,-0.74,0.16,0.09,0.75,2
4015141681,-1.09,-1.23,0.38,0.05,0.57,2
4044607359,2.45,0.2,1.0,0.0,0.0,0
1846270804,-0.77,-1.34,0.91,0.01,0.08,0
4088517313,-0.84,-0.85,0.11,0.09,0.8,2
1454905096,-1.4,-1.45,0.14,0.06,0.81,0
3512872317,1.02,1.36,0.08,0.66,0.26,1
2384988361,-0.52,-0.55,0.18,0.09,0.73,2
4051336090,1.2,-1.05,1.0,0.0,0.0,0
1391249935,-0.29,-1.12,0.96,0.01,0.03,2
4058634282,-0.81,-0.82,0.11,0.09,0.8,2
2973693197,-0.79,-0.29,0.02,0.85,0.13,1
2542703922,1.37,0.03,0.97,0.01,0.02,0
4153850017,-1.1,-1.31,0.51,0.04,0.45,0
4291367819,-1.08,-0.71,0.02,0.78,0.2,1
3861436588,-1.27,0.04,0.0,0.98,0.02,1
2041164643,-0.82,-0.73,0.07,0.27,0.66,2
2955499252,-0.82,1.71,0.0,1.0,0.0,1
3836678197,-0.95,-0.61,0.03,0.74,0.23,1
3337115095,0.38,-1.05,0.99,0.0,0.01,0
495158752,-0.2,2.2,0.0,1.0,0.0,1
4182139432,-0.88,-0.86,0.09,0.11,0.8,2
551956319,-0.06,-0.07,0.18,0.15,0.66,2
3268386624,-0.89,2.66,0.0,1.0,0.0,1
4033334160,-0.85,-0.89,0.15,0.08,0.77,2
1012585117,-0.21,-0.29,0.27,0.11,0.62,0
301353898,-0.76,-0.82,0.21,0.08,0.71,2
738065013,-0.78,0.3,0.01,0.96,0.03,1
3555665795,0.03,1.34,0.01,0.97,0.02,1
2337701591,-0.42,-0.41,0.13,0.13,0.74,1
1524611475,-0.75,-0.76,0.12,0.1,0.79,2
3581258374,-0.64,-0.67,0.17,0.09,0.74,1
3535311375,0.9,1.7,0.02,0.92,0.05,1
4083114958,0.84,0.2,0.87,0.04,0.09,2
1342169861,-0.21,-1.05,0.96,0.01,0.03,0
1729972900,-0.07,-1.34,0.99,0.0,0.01,0
1465145020,-1.58,0.78,0.0,1.0,0.0,1
3872559850,-0.34,-0.88,0.9,0.02,0.09,0
3496302122,-0.54,-0.59,0.21,0.09,0.7,0
2137277354,-0.86,-0.85,0.09,0.1,0.8,2
1198923503,1.54,1.69,0.14,0.35,0.52,2
4003464890,0.36,-0.68,0.97,0.01,0.03,0
1868416802,-1.12,-0.5,0.02,0.89,0.09,1
2183293682,-0.77,-0.72,0.09,0.16,0.75,2
3440526270,-0.17,-0.1,0.12,0.25,0.63,2
3891485973,-0.3,0.62,0.02,0.94,0.04,1
253311844,-0.38,-1.17,0.96,0.01,0.04,0
311682818,-1.21,0.34,0.0,0.99,0.01,1
505743387,2.3,1.98,0.6,0.08,0.32,0
3811635033,-0.77,-0.78,0.12,0.09,0.78,2
1862065656,0.43,0.49,0.16,0.23,0.61,0
2567407991,0.5,-0.37,0.94,0.02,0.04,0
1224714333,-0.98,-0.98,0.09,0.09,0.81,2
143558501,0.09,-0.12,0.48,0.1,0.43,0
2589793146,-1.06,0.85,0.0,0.99,0.0,1
446925210,-1.15,0.94,0.0,1.0,0.0,1
2801993897,-0.69,-0.6,0.08,0.27,0.66,1
3988238793,-1.34,-1.27,0.06,0.18,0.76,2
2891642659,-0.64,-0.96,0.78,0.03,0.19,0
1078129804,2.36,2.34,0.2,0.14,0.66,2
699889151,-1.07,-1.08,0.1,0.08,0.82,0
721901440,-0.82,-0.82,0.1,0.1,0.8,2
1003830996,-0.89,-0.88,0.09,0.11,0.8,2
3343689561,-0.26,-0.07,0.08,0.5,0.42,2
3131742962,0.64,0.96,0.08,0.65,0.27,2
3387828985,-0.93,1.83,0.0,1.0,0.0,1
427564476,-0.77,-0.81,0.17,0.08,0.75,2
461030760,1.49,-1.11,1.0,0.0,0.0,0
4150142900,-0.2,-0.58,0.8,0.04,0.16,0
142505097,-1.17,-1.56,0.78,0.02,0.2,0
2231988758,0.13,-0.6,0.93,0.02,0.06,0
1762384931,0.7,-0.56,0.98,0.01,0.02,0
2032978315,-0.62,-0.6,0.1,0.14,0.76,2
639379529,-0.6,-0.74,0.44,0.06,0.5,0
2960962163,-1.41,-1.36,0.06,0.15,0.79,1
2747935841,-0.82,-0.82,0.1,0.1,0.8,2
357810920,-0.56,1.61,0.0,1.0,0.0,1
277891237,-0.95,-0.28,0.02,0.91,0.08,1
2423523596,-0.57,2.12,0.0,1.0,0.0,1
4273675873,0.43,-0.45,0.94,0.01,0.04,0
3785794646,-0.77,0.66,0.01,0.98,0.01,1
236246069,-0.75,-0.82,0.22,0.08,0.71,0
1075337531,1.31,-0.62,0.99,0.0,0.0,0
2891213387,-1.39,2.98,0.0,1.0,0.0,1
2986938727,-0.82,-0.84,0.12,0.09,0.79,2
2001375420,0.04,0.45,0.05,0.76,0.19,1
1976543150,-0.31,-1.16,0.96,0.01,0.03,0
147235064,0.66,-0.24,0.94,0.02,0.04,0
3473013041,-1.84,1.05,0.0,1.0,0.0,1
3475810704,-1.48,-1.46,0.07,0.1,0.83,2
949212778,-0.76,0.77,0.0,0.99,0.01,1
539605416,-1.28,-1.28,0.08,0.08,0.83,2
506700689,-0.79,-0.46,0.03,0.74,0.22,2
3881809610,-0.41,0.93,0.01,0.98,0.02,1
3554813157,0.45,0.36,0.26,0.15,0.59,2
771028381,2.98,-0.89,1.0,0.0,0.0,0
3400927504,0.24,-1.62,1.0,0.0,0.0,0
1607438312,0.82,0.52,0.58,0.11,0.31,0
923557423,0.73,0.7,0.22,0.18,0.6,2
239506842,0.03,0.0,0.2,0.15,0.65,1
594651962,-0.72,0.12,0.01,0.94,0.05,1
3587789688,0.02,-0.51,0.88,0.03,0.09,0
3541296111,-1.01,-1.02,0.1,0.09,0.81,2
2366314012,-0.29,-0.84,0.9,0.02,0.08,0
3536183336,-0.86,-0.85,0.09,0.1,0.8,2
1916630861,-0.79,-0.78,0.1,0.11,0.79,2
1543004491,0.1,-0.72,0.95,0.01,0.04,0
2301617323,0.29,-0.31,0.89,0.03,0.09,0
203052489,-1.34,-0.66,0.01,0.91,0.08,1
3392701494,-0.31,-0.43,0.39,0.08,0.53,2
2598576303,-0.47,1.37,0.0,0.99,0.0,1
2231149122,-1.44,0.7,0.0,1.0,0.0,1
1685584353,-1.2,-1.93,0.95,0.0,0.04,0
3373710416,1.12,-0.76,0.99,0.0,0.0,0
3552109324,-0.77,-0.74,0.09,0.13,0.78,2
51557426,-0.05,-0.26,0.51,0.08,0.4,2
87680801,0.03,0.61,0.03,0.86,0.1,0
712714519,-0.82,-0.78,0.09,0.15,0.77,0
3624679964,0.53,0.91,0.06,0.72,0.21,1
3371888110,-1.14,-1.13,0.08,0.1,0.82,2
2198236275,-0.92,-0.92,0.1,0.09,0.81,2
3286663102,0.43,-0.65,0.97,0.01,0.02,0
1089695156,-0.53,-0.52,0.11,0.13,0.76,2
657859756,-0.38,2.16,0.0,1.0,0.0,1
3241509106,0.65,-0.58,0.98,0.01,0.02,0
3894549577,-0.43,-0.44,0.14,0.12,0.74,2
2250272582,-0.8,-0.77,0.09,0.15,0.77,2
3284925446,-0.82,-0.82,0.1,0.1,0.8,2
1653151448,1.43,-1.2,1.0,0.0,0.0,0
943043646,-1.12,0.29,0.0,0.98,0.01,1
2369151882,-0.49,-0.5,0.15,0.11,0.75,0
1378305992,-0.94,-0.97,0.13,0.08,0.79,2
142359881,-0.91,-0.9,0.09,0.1,0.8,2
2812097965,1.06,-0.34,0.98,0.01,0.02,0
804288048,-0.72,-0.2,0.02,0.86,0.12,1
3963023130,-0.38,-0.46,0.28,0.09,0.62,0
2273045832,1.99,2.11,0.14,0.29,0.57,2
2832819394,0.4,1.07,0.03,0.89,0.08,1
4152599050,-0.71,-0.71,0.11,0.1,0.79,2
3326968081,-0.72,-0.74,0.13,0.09,0.78,0
3995697623,-1.11,-1.1,0.09,0.1,0.82,0
3809501871,2.62,1.43,0.96,0.01,0.02,0
2967397120,-0.71,-0.7,0.1,0.11,0.79,2
4167550578,-0.81,-0.82,0.11,0.09,0.8,1
611902002,-0.6,-0.36,0.05,0.61,0.34,2
1808797234,1.37,1.28,0.26,0.14,0.6,2
2076737017,-0.96,-1.27,0.71,0.03,0.26,0
3069132706,-0.82,-0.84,0.12,0.09,0.79,2
566895084,1.95,-0.8,1.0,0.0,0.0,0
2656740470,-1.05,0.46,0.0,0.99,0.01,1
1797178188,1.06,1.05,0.21,0.18,0.61,2
2024809138,-0.79,0.06,0.01,0.94,0.05,1
1556867544,1.88,0.37,0.98,0.01,0.01,0
2109831581,-1.02,-0.04,0.01,0.96,0.03,1
2458658233,-1.03,-0.13,0.01,0.95,0.04,1
679936958,-0.6,-0.55,0.1,0.17,0.73,2
660837283,0.09,0.08,0.18,0.18,0.64,2
2383775921,-0.86,-0.85,0.09,0.1,0.8,2
1605149851,-0.53,-0.71,0.55,0.06,0.4,0
1463741748,-0.8,-0.77,0.09,0.13,0.78,2
2874508231,-0.72,-0.66,0.08,0.21,0.71,2
2567537496,0.13,0.65,0.04,0.83,0.13,1
2658045598,-1.23,-1.41,0.4,0.04,0.56,0
1501008540,-0.81,-0.78,0.09,0.13,0.78,2
4232369605,0.05,-0.47,0.88,0.03,0.1,0
325300038,-0.47,1.07,0.0,0.99,0.01,1
1258654883,-0.67,-1.15,0.88,0.01,0.11,0
2506704110,2.42,2.22,0.43,0.09,0.47,1
1798094468,-0.77,0.71,0.01,0.98,0.01,1
3396106557,-0.33,0.22,0.03,0.86,0.11,1
1097890654,2.2,-1.63,1.0,0.0,0.0,0
405518545,-0.97,-1.12,0.42,0.05,0.53,2
1476729719,-0.82,-0.84,0.12,0.09,0.79,2
4055019143,-0.19,-0.17,0.14,0.17,0.69,1
1441511750,-0.49,-0.65,0.49,0.06,0.44,2
3926368860,-1.71,-0.04,0.0,0.99,0.01,1
3836519593,-1.36,-1.35,0.08,0.09,0.83,1
3565751739,-0.67,-0.44,0.05,0.62,0.33,1
1957835983,1.31,2.39,0.01,0.96,0.03,1
2261360754,-0.8,-0.82,0.13,0.09,0.78,0
160964387,2.02,-0.89,1.0,0.0,0.0,0
1809384777,2.03,0.07,0.99,0.0,0.0,0
629693770,1.62,1.91,0.1,0.57,0.33,2
3932917130,-0.85,-0.68,0.05,0.48,0.47,1
3370702714,0.33,-0.09,0.77,0.06,0.17,0
2409116745,-0.53,0.13,0.02,0.9,0.08,2
2780288736,-0.8,-0.82,0.12,0.09,0.79,2
2816552314,2.22,0.67,0.98,0.01,0.01,0
1269759334,-0.36,0.85,0.01,0.97,0.02,1
3698450240,-0.76,-0.77,0.12,0.09,0.78,0
3053231371,-0.61,0.25,0.02,0.94,0.05,1
246002814,1.16,1.28,0.15,0.31,0.55,0
1425183902,-0.78,-0.79,0.12,0.09,0.79,2
4027563085,-0.6,2.0,0.0,1.0,0.0,1
2159340832,2.39,-0.33,1.0,0.0,0.0,0
1585739881,-1.41,1.58,0.0,1.0,0.0,1
3795934580,-1.23,-0.56,0.01,0.91,0.08,1
3497023131,0.96,-1.56,1.0,0.0,0.0,0
3602498867,-0.89,-0.9,0.1,0.09,0.81,2
1027173389,-0.18,-0.18,0.16,0.15,0.69,0
1332447158,0.26,0.07,0.42,0.12,0.46,0
4085125900,-0.89,-0.91,0.11,0.09,0.8,2
590580698,0.04,0.26,0.09,0.53,0.37,1
3193706182,0.05,-0.07,0.32,0.12,0.56,1
90264798,0.18,1.35,0.01,0.96,0.03,1
2753622191,-1.02,-1.0,0.08,0.11,0.8,1
378826598,-1.3,-0.22,0.01,0.97,0.03,1
1776998452,0.91,-1.12,1.0,0.0,0.0,0
3179162686,2.55,-1.16,1.0,0.0,0.0,0
2456550872,-0.96,-1.03,0.2,0.07,0.73,2
2884247888,-0.76,-0.7,0.08,0.19,0.73,2
2152442797,-0.01,-0.95,0.96,0.01,0.03,0
3634049528,0.93,-0.67,0.99,0.0,0.01,0
2977984584,-0.3,-0.25,0.11,0.21,0.68,2
3430204406,-0.87,-0.86,0.09,0.1,0.8,2
1873640878,2.45,0.68,0.99,0.0,0.01,0
2364013617,-0.54,-0.13,0.04,0.8,0.17,1
3813979806,1.73,0.96,0.9,0.03,0.07,1
512472789,1.03,-1.56,1.0,0.0,0.0,0
3713829923,2.2,2.09,0.28,0.11,0.61,0
2536090702,-0.82,-0.59,0.04,0.63,0.32,1
261320960,-1.02,-0.99,0.08,0.12,0.8,2
2023507660,0.05,-0.09,0.36,0.11,0.52,2
2828369376,-1.01,-1.41,0.82,0.01,0.17,0
2046536550,-1.17,-0.18,0.01,0.96,0.03,1
1822755889,0.77,-0.15,0.93,0.02,0.05,0
465854275,0.67,-1.12,1.0,0.0,0.0,0
3515236738,-1.4,-0.74,0.01,0.9,0.08,1
768910917,-0.57,-0.42,0.07,0.42,0.51,0
2079831691,0.99,-0.01,0.94,0.02,0.04,0
1503878284,-1.05,-1.22,0.45,0.05,0.51,0
3697449017,-0.81,-0.84,0.14,0.08,0.78,2
3996107371,-0.99,-0.61,0.03,0.78,0.19,1
1488356237,1.81,0.82,0.93,0.02,0.04,0
1581989089,-1.12,-1.21,0.23,0.06,0.71,0
372292023,-0.99,-0.27,0.01,0.92,0.07,1
1277986837,-0.44,-0.64,0.58,0.06,0.37,0
894626352,-0.2,1.34,0.0,0.99,0.01,1
3626163510,2.7,-0.84,1.0,0.0,0.0,0
3363735491,-0.96,0.32,0.01,0.98,0.02,1
3178801687,-0.69,0.48,0.01,0.97,0.02,1
1380212712,-0.68,-0.76,0.25,0.08,0.67,2
3349399896,-1.13,0.62,0.0,0.99,0.01,1
926154607,0.47,-0.54,0.96,0.01,0.03,0
3392824962,-1.25,-1.13,0.05,0.3,0.65,2
3703893461,-0.55,1.03,0.0,0.99,0.01,1
1028640108,1.53,-0.63,1.0,0.0,0.0,0
3388045634,-0.66,-0.98,0.77,0.03,0.2,0
2318767103,-0.02,1.15,0.01,0.96,0.03,1
1721367499,-0.21,-0.54,0.76,0.04,0.2,0
1040606000,0.2,-0.8,0.97,0.01,0.03,0
2781558629,1.12,1.33,0.12,0.44,0.44,1
2081315941,0.99,0.98,0.21,0.19,0.61,2
666911163,-0.77,0.68,0.01,0.98,0.01,1
931256657,-0.76,2.22,0.0,1.0,0.0,1
1676444073,2.67,1.02,0.98,0.01,0.01,0
836314882,-0.45,1.13,0.0,0.99,0.01,1
4240761128,-1.02,-1.14,0.33,0.05,0.62,2
2014935630,0.04,-0.71,0.94,0.01,0.05,0
3096108068,-1.23,0.22,0.0,0.99,0.01,1
86630949,-1.36,-1.34,0.07,0.1,0.83,1
3414779440,-0.85,-0.11,0.02,0.93,0.06,1
3209128815,0.92,0.91,0.21,0.19,0.61,0
576804687,0.66,-1.51,1.0,0.0,0.0,0
1231450406,-1.7,1.16,0.0,1.0,0.0,1
3991923410,-0.77,-1.59,0.97,0.0,0.03,0
1896773159,-1.03,1.14,0.0,1.0,0.0,1
4240586774,-0.79,-0.82,0.13,0.09,0.78,2
3030991144,-0.36,1.14,0.01,0.98,0.01,1
2327305921,-1.24,-1.25,0.09,0.08,0.83,1
1162384789,-0.38,-1.2,0.96,0.01,0.03,0
3196198035,-0.82,-0.84,0.11,0.09,0.8,2
1152811802,-0.05,-1.02,0.97,0.01,0.03,0
3687082825,-1.04,-1.02,0.08,0.11,0.81,0
3682738987,-1.56,-1.62,0.12,0.05,0.83,2
1012945934,2.17,-1.76,1.0,0.0,0.0,0
2837144131,-0.24,0.08,0.06,0.69,0.25,1
3042504089,-0.93,-0.16,0.01,0.93,0.06,1
297163843,0.75,-1.09,1.0,0.0,0.0,0
1422266323,1.01,1.36,0.08,0.67,0.25,1
3835840245,-0.92,-0.88,0.08,0.15,0.77,2
1049395726,-1.97,-1.87,0.04,0.2,0.76,2
3717005065,-0.84,-0.77,0.07,0.23,0.7,2
2638076060,-0.16,1.28,0.01,0.98,0.01,1
2714362724,-0.71,-0.73,0.13,0.09,0.78,2
362373471,-1.06,-0.41,0.02,0.9,0.08,1
1276439497,-1.05,0.44,0.0,0.99,0.01,1
805224197,-1.21,-1.21,0.09,0.09,0.83,2
336997219,-0.71,-0.71,0.11,0.1,0.79,2
1243375439,0.63,0.5,0.31,0.15,0.54,0
932572774,1.3,-1.41,1.0,0.0,0.0,0
661634986,-0.36,-0.26,0.09,0.3,0.61,1
2890665621,1.15,-1.59,1.0,0.0,0.0,0
3043659584,-1.3,-1.52,0.47,0.04,0.5,0
3099174131,-0.24,-1.07,0.96,0.01,0.04,0
241053733,-0.81,-0.82,0.11,0.09,0.8,2
1834464921,-0.54,-0.73,0.56,0.05,0.38,0
3560423527,1.79,1.75,0.22,0.14,0.64,2
3999886257,-0.86,-0.84,0.09,0.11,0.79,2
1167222354,0.6,-0.85,0.99,0.0,0.01,0
2731411537,-1.26,1.59,0.0,1.0,0.0,1
2377254291,-0.4,-0.65,0.66,0.05,0.29,0
4036240631,-0.81,-0.78,0.09,0.13,0.78,2
1359654569,-0.74,0.81,0.0,0.99,0.01,1
2387077111,-0.25,-0.28,0.19,0.12,0.69,2
3027352509,-0.54,-0.89,0.8,0.03,0.17,0
946275357,2.34,2.36,0.18,0.16,0.66,2
2316261983,-1.8,-1.78,0.06,0.08,0.86,2
921097804,-0.87,-0.9,0.14,0.08,0.78,2
3012892781,2.08,0.39,0.99,0.01,0.01,0
2404595899,-0.31,-0.13,0.08,0.49,0.43,1
130777496,-0.25,2.73,0.0,1.0,0.0,1
2950308905,-1.69,1.43,0.0,1.0,0.0,1
808909771,-0.61,-0.75,0.42,0.06,0.52,0
1492156199,0.7,-0.72,0.99,0.0,0.01,0
2490322800,1.83,-1.71,1.0,0.0,0.0,0
3371067853,-0.79,-0.77,0.09,0.12,0.78,2
2555202669,-0.78,-0.84,0.19,0.08,0.74,0
4019531249,0.53,-0.65,0.97,0.01,0.02,0
1213650033,-1.2,1.99,0.0,1.0,0.0,1
572110648,1.16,-0.69,0.99,0.0,0.0,0
2670329554,-0.57,-0.57,0.12,0.11,0.77,2
1754079724,-0.85,-0.87,0.12,0.09,0.8,2
3965194531,-0.64,-0.77,0.41,0.06,0.52,0
1959422442,-0.82,-0.84,0.12,0.09,0.79,2
2354351121,-0.19,0.47,0.03,0.89,0.08,1
2738913909,-0.86,-0.82,0.08,0.16,0.76,2
3778871569,1.53,-0.82,1.0,0.0,0.0,0
1177599278,-0.59,-1.48,0.97,0.0,0.02,0
712900762,1.93,-0.91,1.0,0.0,0.0,0
4076376538,-1.54,1.06,0.0,1.0,0.0,1
2095258757,-0.99,2.31,0.0,1.0,0.0,1
2900492206,-0.82,-0.82,0.1,0.1,0.8,0
2638726111,0.87,1.35,0.05,0.8,0.15,2
2969168899,-0.78,-0.77,0.1,0.11,0.79,2
765621078,-0.89,-1.08,0.5,0.05,0.46,0
3368074795,-0.79,-0.81,0.12,0.09,0.79,0
2065056920,-0.09,0.44,0.04,0.84,0.12,1
83732566,-1.1,1.05,0.0,1.0,0.0,1
3542306823,-0.26,-0.76,0.88,0.02,0.1,0
3278164834,2.12,2.8,0.03,0.9,0.07,1
4015636736,-0.06,-1.62,1.0,0.0,0.0,0
2390750850,-0.88,-0.49,0.03,0.79,0.18,1
2333969074,0.38,0.45,0.15,0.25,0.6,2
2269714075,0.29,-0.93,0.98,0.0,0.01,0
3595558273,0.06,0.95,0.02,0.93,0.05,1
1910662084,-1.32,1.48,0.0,1.0,0.0,1
3227815628,-0.77,-0.7,0.08,0.23,0.7,2
3047191182,-0.82,-0.8,0.09,0.12,0.79,2
1555313488,-1.4,-1.63,0.49,0.03,0.48,0
2947933558,-0.99,0.4,0.01,0.98,0.01,1
1254331328,-0.84,-0.82,0.09,0.12,0.79,2
2608573383,-0.62,-0.61,0.11,0.11,0.78,2
2973658658,-0.7,-0.73,0.15,0.09,0.76,2
1583689516,1.63,0.8,0.91,0.03,0.06,0
369122948,-0.76,-0.63,0.06,0.37,0.57,1
1656283900,1.55,0.6,0.93,0.02,0.05,0
1715034145,2.08,2.28,0.12,0.42,0.46,2
999351657,-0.86,-0.84,0.09,0.11,0.79,0
229125420,0.36,-0.61,0.96,0.01,0.03,0
2080517570,-0.85,-0.85,0.1,0.1,0.8,2
83509981,-0.24,1.11,0.01,0.98,0.02,1
4083114455,-0.32,-0.5,0.53,0.07,0.4,2
2370610041,-0.82,-0.82,0.1,0.1,0.8,2
1463408806,-0.78,-0.8,0.13,0.09,0.78,2
3308173593,-0.57,-0.55,0.11,0.12,0.77,1
56874306,-1.22,1.91,0.0,1.0,0.0,1
2104116336,-0.61,-0.81,0.56,0.05,0.39,0
907404810,-1.33,-0.21,0.01,0.97,0.02,1
3204154244,-0.82,-0.79,0.09,0.13,0.78,0
887369658,0.6,2.02,0.01,0.98,0.01,1
3736337847,1.21,1.09,0.31,0.14,0.55,0
233852690,-0.33,1.24,0.0,0.99,0.01,1
910172143,0.41,-0.51,0.95,0.01,0.04,1
4274479649,-0.59,-0.55,0.1,0.15,0.75,1
1460930535,-0.98,-0.82,0.05,0.45,0.5,2
4124343614,-0.45,-1.22,0.95,0.01,0.04,0
3164791755,-0.29,-0.16,0.09,0.38,0.53,2
2187077852,-0.25,-0.54,0.71,0.05,0.25,0
3137898956,-0.66,0.67,0.01,0.98,0.02,1
1652880205,-0.84,-0.85,0.11,0.09,0.8,2
267429172,-0.16,-0.66,0.87,0.02,0.1,0
1208197065,-0.16,-0.66,0.87,0.02,0.11,0
776588401,-0.71,-0.7,0.1,0.12,0.78,2
944524373,0.05,0.89,0.02,0.92,0.05,1
2010420309,-0.46,0.58,0.01,0.95,0.03,1
157287102,-0.2,-0.24,0.2,0.12,0.68,1
2603280830,0.39,0.82,0.06,0.76,0.18,1
3630523326,-0.2,-0.82,0.92,0.01,0.07,0
1261371520,-1.13,-0.69,0.02,0.83,0.15,2
2720382368,-0.57,-0.8,0.64,0.04,0.32,0
676698890,-0.93,-0.68,0.04,0.65,0.31,2
1732784225,0.03,0.09,0.14,0.24,0.63,2
2515910327,-0.5,-0.21,0.05,0.69,0.26,1
4278482422,-0.28,-0.23,0.12,0.18,0.69,0
1946593026,-0.35,-0.48,0.41,0.08,0.51,0
1911865547,-0.82,-0.82,0.1,0.11,0.8,1
3786147713,-0.95,0.52,0.0,0.98,0.01,1
4090010102,2.81,-0.49,1.0,0.0,0.0,0
3466358080,1.77,-0.82,1.0,0.0,0.0,0
687285452,-0.38,0.6,0.02,0.95,0.04,1
3624479300,-0.17,-0.95,0.95,0.01,0.04,0
2707576514,-0.24,-1.06,0.96,0.01,0.04,0
4258703887,-1.2,-1.12,0.06,0.22,0.72,1
393066158,-0.51,-0.55,0.2,0.09,0.71,0
2260772856,1.87,0.61,0.96,0.01,0.02,0
2751856049,2.69,-0.82,1.0,0.0,0.0,0
3311290015,0.33,1.08,0.02,0.91,0.07,1
923385770,0.17,-1.7,1.0,0.0,0.0,0
939306619,-0.23,0.38,0.03,0.88,0.09,1
3724860212,-0.23,2.53,0.0,1.0,0.0,1
2851273994,-0.84,-0.9,0.19,0.07,0.74,0
2161247027,0.05,0.04,0.18,0.17,0.65,0
2323198756,-1.32,-1.03,0.02,0.7,0.28,1
1904395485,2.34,0.45,0.99,0.0,0.01,0
2812566023,0.77,0.71,0.24,0.17,0.59,2
3485166418,-1.64,0.02,0.0,0.99,0.01,1
3131161078,-0.58,0.54,0.01,0.96,0.03,1
1503861933,-1.2,0.36,0.0,0.99,0.01,1
941000516,-0.89,0.71,0.0,0.99,0.01,1
3304651921,2.23,0.98,0.96,0.01,0.02,0
4294947231,-0.66,-0.75,0.29,0.07,0.63,0
2763316041,-0.44,-0.23,0.07,0.55,0.38,1
2007745930,-0.84,-0.84,0.11,0.09,0.8,2
2314779443,-0.48,0.43,0.02,0.94,0.04,1
623703576,-1.02,-0.69,0.03,0.74,0.23,1
4180691754,-0.76,-0.77,0.11,0.1,0.79,2
2051283020,-0.25,-0.68,0.84,0.03,0.13,0
1204162863,-0.54,-0.65,0.36,0.07,0.56,2
3046535101,-0.95,-1.04,0.25,0.06,0.68,2
2755118436,2.25,0.13,1.0,0.0,0.0,0
1364224988,-0.13,-0.13,0.16,0.17,0.68,2
2312693749,0.9,-1.44,1.0,0.0,0.0,0
3318076763,0.59,0.13,0.79,0.06,0.16,0
3843725948,1.13,2.02,0.02,0.94,0.04,1
3198294578,-0.71,-1.59,0.97,0.0,0.03,2
4185509374,-0.68,0.39,0.01,0.96,0.03,1
3314634622,1.16,0.71,0.76,0.07,0.17,0
4076187205,-1.4,1.31,0.0,1.0,0.0,1
2662129718,-0.77,-0.66,0.07,0.31,0.62,1
582101997,-0.91,-0.88,0.08,0.14,0.78,0
1847807284,-0.44,0.13,0.03,0.87,0.1,1
2070751352,-1.16,0.69,0.0,0.99,0.0,1
186388985,-1.08,1.42,0.0,1.0,0.0,1
2162154196,-0.99,2.03,0.0,1.0,0.0,1
773119245,-0.13,-0.82,0.93,0.01,0.06,0
2368331335,0.26,1.11,0.02,0.93,0.05,1
4121735287,1.25,-1.46,1.0,0.0,0.0,0
1112612980,1.02,0.43,0.84,0.05,0.11,0
1399890296,0.86,-0.84,0.99,0.0,0.01,0
1408614180,1.34,-0.95,1.0,0.0,0.0,0
3534805738,-0.85,-0.89,0.15,0.08,0.77,2
4244284786,-0.96,0.52,0.0,0.98,0.01,1
2987630192,-0.88,1.59,0.0,1.0,0.0,1
679793221,0.24,0.63,0.06,0.73,0.21,1
2913969157,-0.96,-0.09,0.01,0.94,0.04,2
2907255969,-1.05,-0.97,0.07,0.22,0.72,2
4230414336,-0.85,-0.87,0.12,0.09,0.8,2
4207955292,1.93,2.55,0.04,0.88,0.09,1
1538261711,-0.74,-0.74,0.11,0.1,0.79,2
1886747746,-1.02,0.2,0.01,0.97,0.02,1
2815067688,-0.71,-0.77,0.19,0.08,0.73,2
2220590916,-0.35,0.82,0.01,0.97,0.02,1
4120631279,-0.99,2.31,0.0,1.0,0.0,1
3539365542,1.55,0.6,0.93,0.03,0.05,0
1885878178,-0.88,-0.85,0.09,0.12,0.79,2
3406238223,-1.25,-0.34,0.01,0.95,0.04,1
1691229265,-0.82,-0.84,0.12,0.09,0.79,2
1890566684,-0.84,-0.84,0.1,0.1,0.8,2
2168358285,-1.6,0.99,0.0,1.0,0.0,1
1980863641,0.12,0.2,0.14,0.28,0.58,1
3149860020,1.04,1.05,0.19,0.2,0.61,2
1897285531,-0.88,-0.9,0.13,0.08,0.79,2
1955016191,1.52,-0.64,1.0,0.0,0.0,0
3486816312,1.35,-1.24,1.0,0.0,0.0,0
4202588088,-0.76,-0.59,0.05,0.49,0.46,1
3642299455,-0.61,-0.6,0.11,0.11,0.78,2
3276493592,-1.2,-0.66,0.02,0.86,0.12,2
2384204455,-1.3,0.8,0.0,1.0,0.0,1
2308195178,-0.84,-0.84,0.1,0.1,0.8,2
541134222,-0.66,-0.75,0.27,0.07,0.65,0
97314374,0.2,0.25,0.15,0.23,0.62,2
3423232004,-0.82,-0.82,0.1,0.1,0.8,2
723443174,-0.51,-0.59,0.26,0.09,0.65,0
1789482639,-1.36,1.24,0.0,1.0,0.0,1
3189407875,-0.64,1.59,0.0,1.0,0.0,1
1323541696,-0.9,-0.9,0.1,0.1,0.81,2
1792205628,0.46,0.02,0.77,0.06,0.17,0
3414019267,-0.81,-0.88,0.21,0.07,0.72,2
1062185365,-0.33,-0.39,0.24,0.1,0.65,0
795662476,1.97,-0.35,1.0,0.0,0.0,0
1481773295,-1.21,-1.35,0.34,0.05,0.61,2
2225356627,2.33,0.59,0.99,0.0,0.01,0
259138942,0.11,-1.65,1.0,0.0,0.0,0
2534490119,-0.7,-0.61,0.08,0.26,0.67,1
1938826872,0.42,-0.49,0.95,0.01,0.04,0
1072948919,-0.9,0.52,0.01,0.98,0.01,1
868502776,0.9,-0.16,0.95,0.01,0.03,0
2222389267,0.08,-1.04,0.98,0.0,0.02,0
4222740905,1.12,0.76,0.66,0.09,0.24,0
1551761603,-0.8,-0.8,0.1,0.1,0.8,2
737684238,-0.08,-1.02,0.97,0.01,0.03,2
1785564736,0.79,0.89,0.15,0.29,0.56,2
4186823096,1.14,-1.42,1.0,0.0,0.0,0
1140340840,-0.39,1.18,0.0,0.99,0.01,1
2880315239,0.35,0.02,0.63,0.08,0.28,2
3453941824,-0.02,0.16,0.1,0.47,0.44,0
1150643225,-1.1,0.36,0.0,0.99,0.01,1
2941774232,1.8,-1.02,1.0,0.0,0.0,0
1130561892,-0.09,2.34,0.0,1.0,0.0,1
2746299010,-0.45,-0.34,0.08,0.34,0.58,2
1634623061,-0.87,-0.82,0.08,0.17,0.75,0
1221182004,-0.73,-0.82,0.26,0.07,0.66,2
3158702181,0.05,-0.7,0.94,0.01,0.05,0
3810875998,-1.71,-1.95,0.42,0.03,0.55,2
538373921,-0.79,-0.78,0.1,0.11,0.79,1
3793210675,-0.55,-0.54,0.11,0.13,0.76,0
1248839777,-0.12,-0.2,0.27,0.11,0.62,1
1412161272,-0.21,-0.93,0.94,0.01,0.05,0
2438945466,-0.82,-0.82,0.11,0.09,0.8,2
2142767992,-0.81,-0.78,0.09,0.13,0.78,2
3495791066,0.75,0.54,0.44,0.13,0.43,1
4270208921,1.09,0.3,0.9,0.03,0.07,0
2147000643,-1.02,-1.01,0.09,0.1,0.81,2
1536577081,0.93,-0.4,0.98,0.01,0.02,0
3572318632,-0.6,2.53,0.0,1.0,0.0,1
2696451068,-0.54,-1.12,0.92,0.01,0.07,0
278351908,-0.77,1.2,0.0,0.99,0.0,1
2241998178,-1.42,-1.38,0.06,0.13,0.8,2
1804464905,-0.79,-0.81,0.12,0.09,0.79,2
2329809740,-0.84,-0.77,0.07,0.21,0.71,2
2408063570,-0.77,-0.78,0.11,0.09,0.79,1
1219505119,2.25,-0.2,1.0,0.0,0.0,0
2791242501,-0.07,-0.13,0.24,0.12,0.64,2
913862698,0.81,-0.99,0.99,0.0,0.0,0
3328829958,0.39,2.36,0.0,0.99,0.0,1
45306623,-0.63,1.02,0.0,0.99,0.01,1
3961721975,-0.79,-0.7,0.07,0.27,0.66,2
4294899228,-1.55,0.62,0.0,1.0,0.0,1
1501744210,0.46,2.27,0.0,0.99,0.01,1
1016171093,0.92,1.12,0.12,0.45,0.43,1
1195442324,-1.18,-0.99,0.04,0.51,0.45,1
4260952099,-0.41,-0.42,0.15,0.11,0.73,2
972874959,1.63,2.27,0.03,0.88,0.09,1
1053754780,-0.78,-0.81,0.14,0.09,0.77,2
485047091,0.45,-1.37,1.0,0.0,0.0,0
2710613300,0.26,-1.23,0.99,0.0,0.01,0
2285938283,-0.21,-1.48,0.99,0.0,0.01,0
3911451781,-0.81,-0.8,0.1,0.11,0.8,2
3036377112,-0.77,-0.85,0.24,0.07,0.69,2
2300606497,1.26,-0.02,0.97,0.01,0.02,0
4281154579,0.95,-0.49,0.98,0.0,0.01,0
1136935930,-0.39,-0.24,0.08,0.44,0.48,1
445034386,0.84,1.02,0.13,0.41,0.46,2
1400864005,0.56,-0.82,0.99,0.0,0.01,0
3934923287,0.31,-0.66,0.96,0.01,0.03,0
291113862,-0.81,-0.78,0.09,0.13,0.78,1
1953205939,0.52,0.24,0.56,0.11,0.33,0
143068476,0.18,-0.04,0.48,0.1,0.42,2
1490417928,-0.89,-0.89,0.11,0.09,0.8,2
1515614389,0.11,0.09,0.19,0.17,0.64,2
1346212348,0.19,-0.1,0.6,0.08,0.32,0
4101374004,-1.62,-1.62,0.07,0.08,0.85,2
3661029551,-0.14,0.32,0.04,0.8,0.15,1
2141415753,-0.86,-0.87,0.11,0.09,0.8,2
766550755,-0.45,-0.77,0.76,0.03,0.2,0
2885352641,-0.84,-0.84,0.1,0.1,0.8,2
1956650689,0.38,0.77,0.06,0.73,0.2,1
2314828617,1.68,-0.11,0.99,0.0,0.01,0
3563711262,2.31,-1.26,1.0,0.0,0.0,0
313104957,-0.63,-0.61,0.1,0.13,0.76,2
4208697224,-1.13,-0.71,0.02,0.82,0.16,1
1839276770,1.23,-1.88,1.0,0.0,0.0,0
192133038,-0.05,0.06,0.11,0.33,0.55,1
2675049769,0.13,1.23,0.01,0.96,0.03,1
2856351887,-0.99,-0.79,0.04,0.54,0.42,2
1757822124,-0.68,-0.73,0.19,0.08,0.73,0
1005603618,-1.09,-1.08,0.09,0.1,0.82,2
2395499026,2.42,-0.28,1.0,0.0,0.0,0
2594650909,2.48,-0.95,1.0,0.0,0.0,0
1947449051,1.99,2.45,0.06,0.78,0.17,2
4169233066,-0.82,-0.82,0.1,0.1,0.8,2
1578708985,-0.79,-0.78,0.1,0.11,0.79,2
2326373742,-0.7,-0.68,0.1,0.13,0.78,2
1187207425,-0.55,-0.6,0.19,0.09,0.72,2
2485778790,0.31,0.35,0.16,0.22,0.62,2
1693485743,1.42,-1.52,1.0,0.0,0.0,0
1225741854,-0.61,-0.71,0.32,0.07,0.61,2
3126804982,-0.82,-0.79,0.09,0.13,0.78,2
3940431352,-0.41,1.43,0.0,0.99,0.0,1
709952254,-1.39,-1.38,0.07,0.1,0.83,2
779735334,-0.69,1.53,0.0,1.0,0.0,1
1921505091,-0.82,-0.78,0.08,0.16,0.76,2
2004045809,0.18,-1.15,0.99,0.0,0.01,0
2584512500,0.06,0.29,0.09,0.54,0.37,1
1391479423,-0.71,-0.82,0.31,0.07,0.62,0
3857378763,-0.79,-0.79,0.1,0.1,0.8,2
822175390,0.07,0.28,0.1,0.5,0.41,1
1908362872,0.84,-0.9,0.99,0.0,0.01,0
2044294043,1.01,-0.07,0.95,0.01,0.03,0
2036914119,-0.28,-0.19,0.1,0.28,0.61,2
1024570069,-0.35,0.85,0.01,0.97,0.02,1
2498631340,-1.12,-0.52,0.02,0.89,0.1,1
1212304243,-0.37,-0.36,0.13,0.14,0.73,2
1655143326,-0.98,-0.98,0.09,0.09,0.81,2
3528624638,-0.77,-0.77,0.1,0.1,0.8,2
582235833,1.37,-0.61,0.99,0.0,0.0,0
856798972,-0.81,-0.85,0.16,0.08,0.76,2
327887834,-0.81,-0.84,0.15,0.08,0.77,2
776097803,-1.68,-1.72,0.1,0.06,0.85,2
3738592086,-1.62,0.12,0.0,0.99,0.0,1
2461693049,-0.13,2.11,0.0,1.0,0.0,1
3569837680,0.18,-0.05,0.49,0.1,0.41,2
1828585893,-0.66,-0.66,0.12,0.1,0.78,2
4262068665,-0.82,-0.84,0.12,0.09,0.79,0
1500811409,0.28,0.13,0.36,0.13,0.51,1
889943650,-0.65,-0.21,0.03,0.82,0.15,2
3919112683,-0.0,-1.45,0.99,0.0,0.01,0
1210698283,-0.19,-0.58,0.81,0.04,0.16,0
4062610043,0.11,1.78,0.0,0.99,0.01,1
635919509,-1.78,2.42,0.0,1.0,0.0,1
1959992602,-1.12,-0.49,0.01,0.9,0.09,1
2175624820,0.21,0.38,0.11,0.43,0.46,1
1912007933,-1.61,0.89,0.0,1.0,0.0,1
3758945933,-1.54,1.22,0.0,1.0,0.0,1
771613752,-1.09,-0.66,0.02,0.82,0.16,2
2760777731,-1.45,1.6,0.0,1.0,0.0,1
262391614,-0.85,0.94,0.0,0.99,0.01,1
2309277446,-0.85,-0.84,0.09,0.11,0.79,1
1864516018,0.91,-0.21,0.96,0.01,0.03,0
3531321818,-1.0,-0.39,0.02,0.89,0.1,1
178896809,-0.49,-0.54,0.2,0.09,0.7,0
2803880610,-0.27,-0.12,0.09,0.4,0.51,2
2569073880,0.29,0.63,0.07,0.68,0.25,1
1160763462,-0.33,0.43,0.02,0.92,0.06,0
2310509476,0.06,0.23,0.11,0.44,0.45,1
2416298998,-1.02,-1.02,0.1,0.09,0.82,1
1840051428,-0.29,0.21,0.04,0.84,0.12,0
1658663803,-0.82,-0.84,0.12,0.09,0.79,0
1504058533,-0.02,-0.26,0.57,0.08,0.35,2
3238371443,1.65,0.72,0.92,0.03,0.05,0
3658105609,-0.19,1.18,0.01,0.98,0.02,1
1496408698,0.42,0.47,0.16,0.23,0.61,2
1360694269,-1.35,-1.37,0.09,0.07,0.84,0
706749237,-1.0,1.51,0.0,1.0,0.0,1
3455672858,-0.87,-0.84,0.09,0.14,0.78,2
756196114,0.13,1.78,0.0,0.99,0.01,1
2497855838,-1.09,-1.76,0.94,0.0,0.05,0
1270853808,-1.46,-0.72,0.01,0.93,0.07,2
2057097866,0.26,1.31,0.01,0.95,0.03,1
3751351081,0.84,-1.53,1.0,0.0,0.0,0
956475376,-1.05,-1.01,0.08,0.14,0.78,2
2879127967,-0.6,-0.6,0.12,0.11,0.77,1
3094053538,1.04,-0.81,0.99,0.0,0.0,0
1679999721,-0.63,-0.71,0.26,0.08,0.66,2
3214642620,0.92,2.56,0.0,0.99,0.01,1
1924067069,-1.28,1.81,0.0,1.0,0.0,1
2853514742,-0.44,-0.02,0.04,0.79,0.17,1
2293399016,-0.92,-1.51,0.92,0.01,0.07,0
4267196458,1.53,0.89,0.86,0.05,0.1,0
3759332697,1.31,2.2,0.02,0.94,0.04,1
4053827366,-0.84,-0.82,0.09,0.13,0.78,2
1935886457,-1.2,-0.58,0.01,0.9,0.09,1
2153942486,1.63,-0.24,0.99,0.0,0.01,0
3585657908,-0.99,-0.85,0.05,0.38,0.57,2
2285984103,-0.84,-0.82,0.09,0.12,0.79,2
1059235874,-0.07,-0.32,0.59,0.07,0.33,1
3485837274,-0.22,0.16,0.05,0.75,0.2,1
3940436765,-0.69,-1.11,0.85,0.02,0.14,2
3254189643,-0.71,0.26,0.01,0.95,0.04,1
1665523239,-0.84,-0.82,0.09,0.11,0.8,2
2771615169,2.28,0.34,0.99,0.0,0.0,0
3434219220,0.25,-1.05,0.99,0.0,0.01,0
2951036670,-0.94,-0.58,0.03,0.77,0.2,1
1571605354,-0.8,-0.8,0.1,0.1,0.8,2
2252933352,0.29,0.31,0.17,0.21,0.62,2
1703548604,-0.64,-0.65,0.13,0.1,0.77,2
3284800716,-0.29,-0.14,0.09,0.41,0.51,2
3865610759,-1.11,-1.33,0.53,0.04,0.43,0
817206737,-0.68,-0.72,0.18,0.08,0.74,0
166712956,-1.12,-0.85,0.03,0.67,0.3,1
1894022325,-0.77,-0.84,0.22,0.07,0.7,0
424128665,-1.11,1.6,0.0,1.0,0.0,1
1019284587,0.48,-0.13,0.87,0.04,0.09,0
2024680136,-0.35,-1.2,0.96,0.01,0.03,0
260307834,2.69,1.88,0.93,0.02,0.05,0
1232071881,0.78,2.02,0.01,0.97,0.02,1
831606558,-0.49,-0.02,0.03,0.83,0.13,1
3985433767,-1.05,-0.52,0.02,0.87,0.12,1
3278362175,-0.67,-0.78,0.33,0.07,0.6,0
1731550578,-0.86,-0.54,0.03,0.73,0.24,1
2652323073,-1.22,2.22,0.0,1.0,0.0,1
1551797389,-0.52,-0.53,0.15,0.1,0.75,0
4112324019,-0.11,-1.05,0.97,0.01,0.03,2
837300328,2.42,2.42,0.19,0.15,0.66,2
1037332051,1.12,-0.53,0.99,0.0,0.01,0
2656486110,-0.62,1.3,0.0,0.99,0.0,1
1216964116,-0.38,-0.22,0.08,0.46,0.47,1
2351522975,-0.31,0.57,0.02,0.93,0.05,1
3144727755,-1.48,-1.55,0.14,0.05,0.81,2
3165686690,0.09,-0.88,0.96,0.01,0.03,0
3608274908,-0.05,-0.25,0.49,0.09,0.42,0
2033294448,-1.2,-0.64,0.02,0.88,0.11,1
3443598603,-0.74,-0.69,0.08,0.18,0.73,1
1892228386,-1.24,0.3,0.0,0.99,0.01,1
3619497698,-0.82,-0.92,0.27,0.07,0.66,2
2070255177,-0.84,-0.84,0.1,0.1,0.8,2
3199070557,-1.12,-1.54,0.81,0.01,0.18,0
1899471176,-0.37,-0.35,0.12,0.15,0.73,2
1581245541,-0.81,-0.93,0.34,0.06,0.6,2
2468618948,-0.85,-0.77,0.07,0.23,0.7,2
759277000,-0.59,-0.69,0.32,0.07,0.6,0
3340454218,-0.76,-0.77,0.12,0.09,0.78,2
4054067019,-0.73,-0.79,0.21,0.08,0.71,2
607704241,0.7,0.89,0.12,0.44,0.43,0
3219001802,-0.81,-0.16,0.02,0.9,0.08,1
747427236,1.56,-0.03,0.98,0.01,0.01,0
3599876947,0.8,0.77,0.22,0.18,0.6,2
1673930835,-0.73,-0.3,0.03,0.81,0.16,2
1895932541,-0.81,-0.82,0.12,0.09,0.79,2
4063173127,-0.85,-0.81,0.08,0.16,0.76,1
2538051679,0.31,-1.5,1.0,0.0,0.0,0
2471942980,-0.61,-0.21,0.04,0.79,0.18,1
1188279591,0.64,-0.08,0.9,0.03,0.07,0
1736833989,0.57,-0.84,0.99,0.0,0.01,0
383291592,-0.76,-0.78,0.14,0.09,0.78,2
1655354372,-0.31,-0.39,0.28,0.1,0.62,1
350227854,-1.06,-1.25,0.48,0.04,0.48,0
478828961,-0.82,-0.81,0.09,0.12,0.79,2
2172500554,-0.66,-0.72,0.21,0.08,0.71,0
2084170107,-0.72,-0.6,0.07,0.36,0.57,2
3939218549,0.54,-1.13,0.99,0.0,0.0,0
2635901570,-1.27,1.3,0.0,1.0,0.0,1
1567627585,1.23,0.84,0.69,0.09,0.22,1
3341491554,-0.72,-0.72,0.11,0.1,0.79,2
2611068508,-0.57,2.11,0.0,1.0,0.0,1
3689577690,-0.78,-0.72,0.08,0.19,0.73,1
1857639340,0.85,-1.59,1.0,0.0,0.0,0
2264205677,-0.86,-0.97,0.31,0.06,0.63,2
2839429903,-0.19,-0.67,0.87,0.02,0.11,2
3093632111,-0.52,0.29,0.02,0.93,0.06,1
2478608020,0.38,-0.84,0.98,0.0,0.02,0
4027719926,-0.71,-0.69,0.09,0.14,0.77,2
2426496514,0.06,0.06,0.18,0.17,0.64,2
2807723250,-0.85,-0.84,0.09,0.11,0.79,2
1750971817,1.99,1.3,0.89,0.04,0.08,0
1762532067,-0.93,-0.64,0.03,0.7,0.27,2
2271646574,0.05,0.25,0.1,0.5,0.4,1
848698032,0.54,-0.71,0.98,0.01,0.02,0
2402745122,-0.28,0.13,0.05,0.77,0.18,1
2043239335,0.31,-0.96,0.98,0.0,0.01,0
3103478821,0.55,-1.42,1.0,0.0,0.0,0
2956522805,-0.46,-0.79,0.79,0.03,0.18,0
771131878,2.11,-0.35,1.0,0.0,0.0,0
501380141,-0.13,-1.16,0.97,0.0,0.02,0
2269934771,-0.87,-0.85,0.09,0.11,0.8,1
3830131619,-1.02,-1.28,0.62,0.03,0.34,2
4205660616,-1.41,-1.45,0.11,0.06,0.82,2
4186708974,-0.43,-1.14,0.94,0.01,0.05,0
2925929796,1.61,-1.11,1.0,0.0,0.0,0
611929222,0.37,2.28,0.0,0.99,0.0,1
1676273548,0.63,-0.1,0.9,0.03,0.07,0
2217838490,-0.74,-0.75,0.12,0.1,0.79,2
3415684019,1.59,-1.31,1.0,0.0,0.0,0
1766747709,0.24,-0.71,0.96,0.01,0.03,0
829239840,-1.55,-0.57,0.01,0.96,0.03,1
2647450560,-0.78,-0.8,0.13,0.09,0.78,2
3305606679,0.96,-0.7,0.99,0.0,0.01,0
3539387498,-0.54,-0.55,0.14,0.1,0.75,2
2599069978,1.24,0.17,0.95,0.02,0.04,0
2676334503,-0.96,-0.88,0.07,0.24,0.69,1
3089214893,-0.66,-0.44,0.05,0.61,0.34,1
947766919,-0.53,0.4,0.01,0.94,0.04,1
249120924,-0.61,-0.61,0.12,0.11,0.77,0
373121699,-0.7,-0.94,0.65,0.04,0.32,2
668865690,2.03,1.27,0.9,0.03,0.06,0
3997720190,-0.86,-0.86,0.1,0.1,0.8,2
1071740899,-0.79,-0.78,0.1,0.11,0.79,2
2273765543,2.81,1.96,0.94,0.02,0.04,0
121878316,-0.89,-0.63,0.04,0.67,0.29,1
4161345695,0.57,-1.1,0.99,0.0,0.0,0
3118381298,1.52,2.3,0.02,0.92,0.05,1
2999099378,-0.66,1.16,0.0,0.99,0.0,1
1983278661,-0.29,1.48,0.0,0.99,0.01,1
1018800138,1.07,-1.55,1.0,0.0,0.0,0
4280016212,-1.33,1.52,0.0,1.0,0.0,1
1420915505,1.05,1.5,0.06,0.77,0.17,1
306865727,-0.77,-0.82,0.18,0.08,0.74,2
943668861,-0.15,-0.16,0.17,0.15,0.68,2
1704124283,-1.13,0.04,0.01,0.97,0.02,1
2593016775,-0.52,2.61,0.0,1.0,0.0,1
3484166652,0.17,0.27,0.13,0.31,0.56,0
832861356,0.24,0.08,0.36,0.13,0.52,0
2084187332,0.72,-1.72,1.0,0.0,0.0,0
1528425454,-0.89,-0.22,0.02,0.91,0.08,1
768067027,1.24,-1.7,1.0,0.0,0.0,0
1506607259,-1.3,-1.34,0.11,0.07,0.82,2
1013047563,-0.02,-0.24,0.52,0.09,0.39,2
310070849,-1.31,-0.48,0.01,0.94,0.05,1
1813836497,-0.79,-0.78,0.1,0.11,0.79,2
4002746959,-0.43,0.05,0.03,0.83,0.13,1
1588462653,-1.07,0.71,0.0,0.99,0.01,1
2127523403,-0.52,-0.04,0.03,0.84,0.13,1
1753831633,0.31,-0.07,0.73,0.07,0.21,0
1946997702,1.03,0.97,0.25,0.16,0.59,0
189128884,-0.57,-0.53,0.1,0.17,0.73,2
1877073658,-0.55,-0.7,0.45,0.06,0.49,1
3626850518,-0.54,-0.5,0.1,0.16,0.73,2
1564198698,-1.12,0.92,0.0,1.0,0.0,1
756193681,0.06,-0.19,0.56,0.08,0.35,1
3440708837,-1.34,-0.06,0.0,0.98,0.02,1
613957102,-0.64,-0.67,0.17,0.09,0.74,2
2885904814,-0.84,-0.88,0.14,0.08,0.78,2
2728148224,0.13,-0.61,0.93,0.02,0.05,0
98000427,-0.75,-0.89,0.4,0.06,0.54,0
3917860080,-1.01,1.28,0.0,1.0,0.0,1
434287156,0.24,0.25,0.18,0.2,0.62,0
4155821431,1.09,1.51,0.07,0.74,0.2,1
2540588007,-0.68,-0.38,0.04,0.7,0.26,1
3230219752,-0.65,-1.11,0.87,0.02,0.12,0
3523636974,0.93,0.93,0.2,0.19,0.61,2
2277995463,-0.62,-0.36,0.05,0.65,0.3,1
1448468165,-0.68,-0.66,0.1,0.13,0.77,2
471051462,0.36,-1.35,1.0,0.0,0.0,0
2706882358,0.07,-0.82,0.96,0.01,0.03,0
2069614816,-1.1,-1.2,0.24,0.06,0.7,2
2168635886,-0.98,-0.46,0.02,0.86,0.12,1
3690329224,2.34,0.29,0.99,0.0,0.0,0
1912011487,-0.14,-1.23,0.98,0.0,0.02,0
235807965,0.22,-0.88,0.97,0.01,0.02,0
2274115797,-0.47,1.59,0.0,1.0,0.0,1
3358920805,-0.21,-0.16,0.12,0.21,0.67,0
1580970194,-0.69,0.58,0.01,0.97,0.02,1
2107266616,-0.67,-0.61,0.08,0.21,0.7,1
2461961631,1.09,1.07,0.21,0.18,0.61,1
4230898138,-0.84,-0.77,0.08,0.2,0.73,1
2269301090,-0.37,-1.27,0.97,0.0,0.03,0
2297090030,-0.42,0.09,0.03,0.85,0.12,1
281326213,1.93,-0.76,1.0,0.0,0.0,0
1131743361,-0.76,-0.82,0.2,0.08,0.72,2
3142392955,2.05,-0.87,1.0,0.0,0.0,0
334641209,-1.38,0.77,0.0,1.0,0.0,1
2750174039,-0.44,-0.19,0.06,0.63,0.31,1
459668986,0.34,0.68,0.07,0.69,0.24,1
981410377,1.21,2.06,0.02,0.94,0.05,1
332122217,-1.71,1.27,0.0,1.0,0.0,1
4242193184,0.25,-1.08,0.99,0.0,0.01,0
1660784115,-0.29,1.75,0.0,1.0,0.0,1
839516267,0.62,-0.67,0.98,0.01,0.01,0
542504862,2.0,0.67,0.97,0.01,0.02,0
1628342755,-0.63,-0.66,0.15,0.09,0.75,2
2439760408,2.55,1.7,0.93,0.02,0.05,0
4160195396,-0.63,-1.23,0.93,0.01,0.07,0
2869444765,-1.34,-1.36,0.1,0.07,0.83,0
479134446,-0.84,-0.76,0.07,0.23,0.7,2
352820163,-0.77,-0.77,0.1,0.1,0.8,2
1291966583,-0.37,-0.32,0.11,0.2,0.69,1
2887078517,0.31,2.34,0.0,1.0,0.0,1
3938075538,-0.17,2.05,0.0,1.0,0.0,1
1756979613,0.72,-1.3,1.0,0.0,0.0,0
2077588865,0.59,-0.89,0.99,0.0,0.01,0
3142859207,-1.46,-1.53,0.15,0.05,0.79,2
2653090860,-0.79,-0.78,0.1,0.11,0.79,2
580587127,2.47,0.39,0.99,0.0,0.0,0
4203336799,-1.63,-0.3,0.0,0.98,0.01,1
855357174,0.05,-0.49,0.88,0.03,0.09,0
3246877014,0.6,-0.19,0.92,0.02,0.06,0
557928308,-1.06,-1.31,0.6,0.03,0.37,0
759190111,0.85,-0.13,0.94,0.02,0.04,0
4271194621,-1.83,-1.64,0.03,0.43,0.54,1
2769088569,-0.84,-0.82,0.09,0.12,0.79,2
3558760613,2.17,-0.24,1.0,0.0,0.0,0
2630086561,-1.1,0.55,0.0,0.99,0.01,1
1969252810,-1.13,-0.23,0.01,0.95,0.04,1
482261469,2.08,-1.6,1.0,0.0,0.0,0
232869183,-0.5,-1.35,0.97,0.0,0.03,0
324924419,-0.96,0.52,0.0,0.98,0.01,1
3736370176,-0.94,-0.71,0.04,0.62,0.34,1
3014635804,-0.66,-0.68,0.13,0.1,0.77,2
3295445342,-0.91,-0.88,0.08,0.14,0.78,2
2385405617,-0.52,1.01,0.0,0.98,0.01,1
2170294676,-0.17,0.33,0.04,0.83,0.13,1
1301272811,0.09,-1.52,1.0,0.0,0.0,0
3311057317,0.13,1.62,0.01,0.98,0.01,1
2215464678,-0.88,-0.02,0.01,0.94,0.05,1
3420955979,-0.27,0.61,0.02,0.93,0.05,1
4253105766,-0.59,-0.18,0.04,0.79,0.17,2
2659437465,-0.84,-0.81,0.09,0.13,0.78,2
2974223617,-1.61,-1.12,0.01,0.84,0.15,1
3212712104,-0.95,2.02,0.0,1.0,0.0,1
1429990576,-1.1,1.99,0.0,1.0,0.0,1
508372654,-0.01,-0.84,0.95,0.01,0.04,0
3539982716,-0.66,-0.65,0.11,0.11,0.78,2
2234359501,-0.78,-0.82,0.17,0.08,0.75,2
3479233189,-0.47,-0.6,0.4,0.07,0.52,0
3030685272,-0.78,-0.74,0.09,0.15,0.76,2
119528604,-1.34,0.3,0.0,0.99,0.01,1
644401518,-0.82,-0.77,0.08,0.16,0.76,0
1982645042,-1.08,-1.06,0.08,0.11,0.81,0
3490193612,1.13,0.33,0.9,0.03,0.07,0
639924357,-0.81,-0.81,0.1,0.1,0.8,2
2875004921,-0.76,-0.78,0.14,0.09,0.78,2
4166520754,-0.82,-0.75,0.07,0.22,0.7,2
1109433893,-0.98,0.18,0.01,0.97,0.02,1
509680289,-1.25,0.16,0.0,0.98,0.01,1
1497865662,2.59,0.85,0.99,0.01,0.01,0
3610853986,-0.58,-0.23,0.04,0.75,0.21,1
632388515,0.15,-0.66,0.94,0.01,0.05,0
3619384221,2.59,2.8,0.12,0.41,0.47,1
886613989,2.47,0.57,0.99,0.0,0.01,0
2738576924,2.47,-0.87,1.0,0.0,0.0,0
4253030125,-0.32,-0.25,0.11,0.22,0.67,2
2393235431,-0.05,0.04,0.12,0.28,0.6,2
988211591,-0.62,0.95,0.0,0.99,0.01,1
2969385999,-0.82,-0.82,0.1,0.11,0.8,0
1475156380,-1.24,-0.05,0.01,0.97,0.02,1
2652856364,-0.85,-0.65,0.05,0.56,0.39,0
3140793515,-0.58,-0.9,0.78,0.03,0.19,0
3809765781,0.68,0.16,0.82,0.05,0.13,0
3408733958,1.59,-0.46,1.0,0.0,0.0,0
1412769985,0.98,-0.38,0.98,0.01,0.02,0
2309995677,1.9,-1.62,1.0,0.0,0.0,0
1744905996,-0.84,1.08,0.0,0.99,0.0,1
1533047029,0.98,-1.49,1.0,0.0,0.0,0
4183084229,-0.82,-0.78,0.09,0.15,0.77,2
2382940875,0.62,0.65,0.17,0.22,0.61,2
1233172583,-0.72,-0.77,0.17,0.08,0.75,2
624704374,-0.85,-0.82,0.09,0.13,0.78,2
2503754061,-0.19,2.22,0.0,1.0,0.0,1
4184609760,-0.36,-0.02,0.05,0.73,0.22,1
330654455,-0.03,-0.03,0.17,0.17,0.66,2
2890228390,0.01,-0.89,0.96,0.01,0.03,0
2056266968,-0.61,-0.59,0.1,0.13,0.77,1
4100115352,-1.9,1.12,0.0,1.0,0.0,1
2202612325,-0.74,1.12,0.0,0.99,0.0,1
4029743570,0.7,-1.22,1.0,0.0,0.0,0
4161922183,-0.57,-0.95,0.82,0.02,0.15,0
2955953447,-0.94,-0.99,0.16,0.07,0.76,2
1568040670,-0.2,0.15,0.06,0.72,0.22,2
2385269458,2.62,-0.04,1.0,0.0,0.0,0
164502756,-0.82,-0.86,0.15,0.08,0.77,1
2635309103,-1.16,2.28,0.0,1.0,0.0,1
3668933086,1.53,-0.04,0.98,0.01,0.01,0
4161900564,-1.0,-1.14,0.38,0.05,0.57,2
1499887959,-0.73,-0.75,0.13,0.09,0.78,2
1541304453,-0.8,-0.85,0.18,0.08,0.74,2
3371789288,-1.1,1.23,0.0,1.0,0.0,1
3073296229,0.35,-0.14,0.83,0.04,0.12,0
1137989006,-0.39,1.8,0.0,1.0,0.0,1
4246770411,-1.74,-0.17,0.0,0.99,0.01,1
3013761720,-0.82,0.04,0.01,0.94,0.05,2
52893105,-0.35,-0.34,0.14,0.13,0.73,2
918123351,-0.8,-0.69,0.07,0.32,0.61,1
2285484652,-0.66,-0.67,0.13,0.1,0.77,2
3175701665,-0.66,-0.84,0.52,0.05,0.43,2
88282498,0.84,-1.08,1.0,0.0,0.0,0
3573714952,0.99,-0.29,0.97,0.01,0.02,0
3143207562,-0.47,-0.18,0.05,0.68,0.26,1
757910095,-0.31,-0.43,0.39,0.08,0.53,0
101918832,-0.78,-0.15,0.02,0.9,0.08,1
1761480640,-0.19,1.53,0.0,0.99,0.01,1
1639237901,-1.59,2.75,0.0,1.0,0.0,1
646792714,2.03,-1.66,1.0,0.0,0.0,0
2142873844,-1.32,-1.35,0.11,0.07,0.82,2
3331745035,0.32,-0.99,0.99,0.0,0.01,0
2802998739,1.59,-1.8,1.0,0.0,0.0,0
2457881414,-0.4,-0.33,0.1,0.22,0.68,2
3379179148,0.11,0.61,0.04,0.82,0.14,1
3466959564,-1.21,1.39,0.0,1.0,0.0,1
3554788811,-0.89,-0.41,0.02,0.84,0.14,1
1985538616,-0.33,-0.0,0.05,0.71,0.24,1
2674392516,-1.12,-0.51,0.02,0.89,0.09,1
3084021416,-0.71,-0.7,0.1,0.12,0.78,2
512706087,0.72,-0.98,0.99,0.0,0.01,0
2298616341,-0.84,-0.84,0.1,0.1,0.8,2
848222707,-1.47,1.16,0.0,1.0,0.0,1
3011004760,1.88,-0.58,1.0,0.0,0.0,0
1802986921,0.76,0.9,0.14,0.36,0.51,2
201683895,-1.41,1.41,0.0,1.0,0.0,1
3846784693,2.34,2.34,0.19,0.15,0.66,2
2253958290,-0.41,-0.41,0.15,0.12,0.74,2
3493150307,-0.84,-0.78,0.08,0.18,0.74,2
3320084451,-1.8,0.89,0.0,1.0,0.0,1
2120042123,-0.47,-0.41,0.1,0.22,0.69,1
3564420926,-0.71,-0.76,0.19,0.08,0.73,2
2041054679,-0.82,-0.71,0.06,0.33,0.6,1
418523110,-0.79,-1.17,0.82,0.02,0.16,0
503710285,-0.82,-0.8,0.09,0.12,0.79,1
4032872008,-0.45,0.2,0.02,0.89,0.08,1
1703895468,-0.52,-1.21,0.94,0.01,0.05,0
2729734019,-0.52,-1.2,0.94,0.01,0.05,0
2231220735,-0.98,-0.89,0.07,0.24,0.69,0
424158490,-1.08,1.03,0.0,1.0,0.0,1
3410764363,-0.82,-0.81,0.1,0.11,0.8,2
4098483367,0.53,-0.89,0.99,0.0,0.01,0
1337824412,-0.77,-0.73,0.09,0.15,0.76,2
1803117481,1.12,-1.26,1.0,0.0,0.0,0
903905569,-0.51,-0.56,0.22,0.09,0.69,2
2355706862,-0.06,1.14,0.01,0.97,0.02,1
1898821889,-0.89,1.07,0.0,0.99,0.0,1
2669614421,-0.81,-0.74,0.08,0.21,0.72,1
118595921,0.63,-0.45,0.96,0.01,0.03,0
3746035738,-1.34,1.51,0.0,1.0,0.0,1
2948968175,1.85,1.84,0.19,0.16,0.65,2
4122162081,-0.13,-0.18,0.21,0.13,0.66,2
80592148,-1.09,-1.22,0.34,0.05,0.61,2
1872763242,-0.85,1.23,0.0,1.0,0.0,1
2989558776,0.75,1.42,0.03,0.89,0.08,1
2395790983,0.89,1.02,0.14,0.34,0.52,1
1692795130,-0.91,-1.15,0.61,0.04,0.35,2
2540830585,2.36,0.76,0.98,0.01,0.01,0
4187995788,-0.89,-0.82,0.07,0.21,0.72,1
3887970466,-0.84,-0.82,0.09,0.12,0.79,2
2601386078,-1.59,-1.27,0.02,0.71,0.27,2
4036996259,0.24,-0.57,0.94,0.01,0.05,0
2709037312,-0.95,-0.4,0.02,0.87,0.11,1
2804970102,-0.85,-0.77,0.07,0.23,0.7,1
3225974760,-0.93,0.21,0.01,0.97,0.02,1
4024915844,0.32,-0.44,0.92,0.02,0.06,0
2943038283,-1.41,-1.49,0.19,0.05,0.76,2
556806653,0.28,1.01,0.03,0.91,0.07,0
59808824,-0.73,-0.66,0.08,0.23,0.69,2
3442053109,-1.45,2.75,0.0,1.0,0.0,1
1663717781,0.56,0.25,0.59,0.1,0.31,2
509329196,-0.5,-0.54,0.2,0.09,0.71,2
3169242870,0.01,1.08,0.01,0.95,0.03,1
88696366,0.55,-1.59,1.0,0.0,0.0,0
2638685387,-0.02,0.57,0.03,0.86,0.1,1
736337614,1.59,2.02,0.06,0.75,0.19,1
1966591338,-1.03,-0.66,0.03,0.78,0.19,1
4040442048,-0.41,-0.54,0.4,0.08,0.52,0
1707809334,-0.92,-0.77,0.05,0.43,0.52,2
2405491775,-0.29,-0.19,0.1,0.29,0.61,1
3099843863,-0.24,1.32,0.0,0.99,0.01,1
930757691,-0.75,-0.56,0.05,0.53,0.42,1
182331123,-0.65,-0.61,0.1,0.15,0.75,2
555126303,0.07,-0.5,0.89,0.02,0.08,0
4198765301,-1.39,0.97,0.0,1.0,0.0,1
1807994018,0.4,0.4,0.19,0.19,0.62,1
1868000890,-1.37,-1.51,0.3,0.04,0.65,0
3051210899,0.42,0.21,0.43,0.12,0.44,0
393392435,-0.96,-0.95,0.09,0.1,0.81,2
3015548186,-0.66,0.97,0.0,0.99,0.01,1
3299515384,-0.19,1.73,0.0,0.99,0.0,1
2126393001,0.66,-0.95,0.99,0.0,0.01,0
1673666349,-0.84,-0.86,0.12,0.09,0.79,2
3429021365,-1.42,-0.62,0.01,0.94,0.05,1
1934245480,-0.81,-0.84,0.14,0.08,0.78,2
3278266474,0.61,-0.2,0.92,0.02,0.06,1
1751174384,0.66,0.55,0.29,0.15,0.56,1
1680306366,1.45,-0.34,0.99,0.0,0.01,0
1557212012,-0.05,-0.5,0.84,0.03,0.13,0
2395286118,-0.57,-0.56,0.11,0.12,0.77,2
1633677199,1.28,-1.58,1.0,0.0,0.0,0
50656327,-1.35,-0.77,0.01,0.88,0.1,1
2210574810,0.03,-0.27,0.66,0.07,0.27,0
3583511107,-0.02,0.36,0.06,0.73,0.21,1
4198462022,-0.54,-0.51,0.11,0.14,0.75,2
1736020897,2.08,2.48,0.07,0.73,0.2,1
3115289176,-0.2,-0.07,0.1,0.37,0.53,1
802392842,-0.81,-0.81,0.1,0.1,0.8,2
2844626206,-0.06,1.34,0.01,0.98,0.01,1
1095798362,-0.62,0.04,0.02,0.9,0.08,1
1495324476,0.47,-0.06,0.84,0.04,0.11,0
2204149971,-0.88,-0.9,0.13,0.08,0.79,2
97360777,-0.77,-0.8,0.14,0.09,0.77,2
3485332792,0.09,-0.84,0.96,0.01,0.03,0
456263252,-0.39,1.34,0.0,0.99,0.01,1
627707203,-0.01,1.0,0.02,0.95,0.04,1
1410106325,2.17,2.14,0.21,0.14,0.65,2
3162444767,0.07,-0.23,0.66,0.07,0.27,0
2282664959,1.23,-1.05,1.0,0.0,0.0,0
3172295449,1.59,-0.3,0.99,0.0,0.01,0
1637443261,-0.53,-0.52,0.11,0.12,0.76,2
2243250839,-1.32,-0.65,0.01,0.91,0.08,1
798816810,0.79,1.14,0.08,0.67,0.25,1
656980424,-0.98,1.97,0.0,1.0,0.0,1
3308605328,-1.01,-1.05,0.14,0.07,0.79,0
1029897539,-0.54,0.84,0.01,0.98,0.01,1
3739255177,-1.02,-0.1,0.01,0.95,0.04,1
2300612699,0.98,0.09,0.92,0.02,0.05,0
914415290,-0.54,-0.55,0.14,0.1,0.75,2
316967433,-1.5,1.1,0.0,1.0,0.0,1
998132483,-0.81,-0.24,0.02,0.88,0.1,1
3435103597,0.47,0.9,0.06,0.77,0.18,1
3799855442,0.32,-1.21,0.99,0.0,0.01,0
3175644410,-0.8,-0.8,0.1,0.1,0.8,2
2725709667,-0.71,-1.13,0.85,0.02,0.13,0
3664816008,0.85,2.34,0.01,0.98,0.01,1
2512472692,-0.95,-0.94,0.09,0.1,0.81,2
1101612070,0.32,0.11,0.44,0.12,0.44,2
706273423,-0.84,-0.86,0.12,0.09,0.79,0
2287813656,-0.8,-0.9,0.29,0.07,0.64,0
1010836405,0.1,-0.8,0.96,0.01,0.03,0
577234482,-0.46,-0.61,0.45,0.07,0.48,2
786115898,0.14,0.55,0.06,0.75,0.19,1
3816108619,1.3,1.64,0.08,0.66,0.26,1
1541054416,-0.69,-0.64,0.09,0.18,0.73,2
180822212,0.3,-0.51,0.94,0.02,0.05,0
1535115932,-0.84,-0.56,0.04,0.69,0.27,1
4068382780,-1.8,-0.52,0.0,0.98,0.01,1
3546756859,-0.89,-0.82,0.07,0.23,0.7,2
2486931548,-0.12,2.31,0.0,1.0,0.0,1
2082841280,-0.82,-0.81,0.09,0.12,0.79,2
3940006822,-0.47,-0.96,0.88,0.02,0.1,1
406765126,-0.19,-0.41,0.58,0.07,0.35,2
4051687690,-0.81,-0.81,0.1,0.1,0.8,2
3242996456,1.02,-0.64,0.99,0.0,0.01,0
3209528657,-0.77,-0.87,0.3,0.07,0.63,2
2703781385,-1.43,-0.64,0.01,0.94,0.06,0
2290962342,2.28,2.25,0.21,0.14,0.65,0
2053764468,-0.74,-0.73,0.1,0.11,0.79,2
878972142,1.02,-1.37,1.0,0.0,0.0,0
4215802168,0.82,0.29,0.82,0.05,0.13,0
688096818,-0.21,-0.87,0.93,0.01,0.06,0
3610134892,-0.19,-0.2,0.16,0.15,0.69,2
3798766599,-0.73,-0.75,0.13,0.09,0.78,2
2306732642,-0.24,0.99,0.01,0.97,0.02,1
1791122089,-0.6,-0.64,0.18,0.09,0.73,2
1695402460,-0.75,-0.77,0.14,0.09,0.78,0
2370433654,-0.76,-0.77,0.12,0.09,0.78,2
3546896065,-0.74,-0.73,0.1,0.11,0.79,1
3645552483,-1.34,-1.32,0.07,0.1,0.83,2
441036120,-0.89,-0.84,0.08,0.17,0.75,2
3115834412,-0.73,-0.54,0.05,0.53,0.42,1
3256446438,-1.69,1.5,0.0,1.0,0.0,1
2317568770,-0.71,-0.66,0.09,0.16,0.75,0
3201504550,0.57,0.69,0.14,0.33,0.54,2
2210637381,-0.82,-0.89,0.21,0.07,0.71,2
3504872356,1.2,-0.98,1.0,0.0,0.0,0
3827376943,-0.66,-0.66,0.11,0.11,0.78,2
1447732913,-0.38,-1.16,0.95,0.01,0.04,0
149100026,0.68,0.48,0.42,0.13,0.44,2
1733777869,-0.56,-0.29,0.05,0.66,0.29,0
1834643729,2.14,1.73,0.72,0.07,0.21,0
2326189991,1.38,1.45,0.16,0.24,0.6,1
153238616,-0.33,-1.03,0.94,0.01,0.05,0
1383885599,-0.86,-0.84,0.09,0.13,0.79,0
574104532,2.69,-0.56,1.0,0.0,0.0,0
2094588499,-1.18,-1.59,0.8,0.01,0.19,0
227578953,-1.51,0.7,0.0,1.0,0.0,1
2512815084,-0.4,0.15,0.03,0.86,0.11,1
2622474511,0.5,1.62,0.01,0.96,0.03,1
2284447151,0.06,0.25,0.1,0.47,0.43,1
3294604315,0.82,-0.11,0.94,0.02,0.04,0
1532894493,-1.2,-1.5,0.65,0.02,0.32,0
2223232595,0.21,0.11,0.28,0.14,0.59,2
3307179029,-0.82,-0.7,0.06,0.35,0.58,0
387713094,-0.37,-0.41,0.2,0.1,0.7,2
1328883106,-0.77,-0.77,0.11,0.1,0.79,2
772264089,-0.71,-0.69,0.1,0.13,0.78,2
4178580974,-0.85,-0.84,0.1,0.1,0.8,2
3109380169,-0.57,-0.75,0.53,0.05,0.42,2
4284829096,-0.7,-0.49,0.05,0.57,0.38,1
3519045226,-1.42,-0.98,0.02,0.82,0.16,1
1070671199,0.6,-1.59,1.0,0.0,0.0,0
673887330,-0.03,0.09,0.11,0.36,0.53,1
3728460229,-0.77,-0.54,0.04,0.63,0.33,0
1443802372,-0.54,0.16,0.02,0.91,0.07,1
1534402659,1.3,2.2,0.02,0.94,0.04,1
4147390701,-0.65,1.41,0.0,1.0,0.0,1
1822526191,0.11,-0.32,0.81,0.04,0.15,0
4110214004,0.41,-1.83,1.0,0.0,0.0,0
3384615924,-0.95,-0.9,0.08,0.15,0.77,2
710887433,-1.01,0.29,0.01,0.98,0.02,1
1544830034,-0.78,-0.78,0.1,0.1,0.8,2
3124419674,-1.0,0.27,0.01,0.98,0.02,1
2897694581,0.36,-0.68,0.97,0.01,0.03,0
2805872600,-0.76,-0.74,0.1,0.12,0.79,1
1508226331,2.16,-0.25,1.0,0.0,0.0,0
138790660,-0.71,-1.01,0.73,0.03,0.24,0
1186422690,-1.1,-0.39,0.01,0.92,0.07,1
581231396,-0.53,0.22,0.02,0.92,0.06,1
2923273816,-1.12,-0.08,0.01,0.96,0.03,1
1168712147,2.27,-0.88,1.0,0.0,0.0,0
4132965176,-0.92,-0.56,0.03,0.76,0.21,1
2884190408,0.55,-0.55,0.97,0.01,0.02,0
317669005,1.59,1.1,0.79,0.06,0.15,2
2291659400,-0.66,-0.72,0.21,0.08,0.71,0
3020987545,-0.95,-0.95,0.1,0.09,0.81,2
2116265987,1.69,-0.21,0.99,0.0,0.01,0
1137361322,1.11,0.43,0.87,0.04,0.09,2
2825251760,1.06,0.61,0.76,0.07,0.17,0
3221200696,-0.6,-0.52,0.08,0.25,0.66,2
2153814494,0.1,0.04,0.22,0.15,0.63,1
3277774072,0.7,0.0,0.89,0.03,0.08,0
73544272,-0.66,-0.64,0.1,0.13,0.77,2
1676280307,0.47,0.48,0.19,0.2,0.61,2
698128731,-1.0,0.89,0.0,0.99,0.0,1
3452433390,-1.12,-1.41,0.67,0.03,0.3,0
4048607986,2.14,-1.45,1.0,0.0,0.0,0
804132982,-0.61,-0.67,0.23,0.08,0.68,0
770782322,-0.93,-0.15,0.01,0.93,0.05,1
604482704,1.05,0.03,0.94,0.02,0.04,0
696349075,2.56,2.73,0.13,0.36,0.51,2
1098217671,-1.45,-1.65,0.42,0.03,0.55,0
1189223443,-0.84,-0.86,0.13,0.09,0.79,2
1301966050,-0.4,0.07,0.04,0.83,0.14,1
315999228,1.92,-1.18,1.0,0.0,0.0,0
4279561409,-0.48,-0.5,0.16,0.1,0.74,0
3981305325,-0.29,0.97,0.01,0.97,0.02,1
708515109,-0.81,-0.8,0.1,0.11,0.8,2
3004238712,-1.68,0.14,0.0,0.99,0.0,1
3713918030,-0.66,0.79,0.01,0.98,0.01,1
156080546,0.37,-0.79,0.98,0.01,0.02,0
2971085788,-0.09,0.63,0.03,0.9,0.07,1
544532802,-1.28,2.94,0.0,1.0,0.0,1
3333988463,-1.34,1.12,0.0,1.0,0.0,1
193910852,-0.57,-0.1,0.03,0.84,0.13,1
3946843605,-0.94,-0.33,0.02,0.89,0.09,1
4176523478,-0.25,-0.77,0.89,0.02,0.09,2
4143194920,-1.3,1.63,0.0,1.0,0.0,1
1437181218,1.2,0.31,0.92,0.03,0.05,1
2105162995,-0.05,-0.89,0.95,0.01,0.04,0
4100807282,-0.09,0.71,0.02,0.92,0.06,1
1500015293,0.15,-1.31,0.99,0.0,0.01,0
2011914343,-0.91,-0.82,0.07,0.24,0.69,1
2530247434,-0.96,-0.96,0.09,0.09,0.81,2
1476702277,1.79,1.05,0.89,0.04,0.07,0
2317205627,-0.75,-0.75,0.11,0.1,0.79,2
3308492543,-1.61,2.75,0.0,1.0,0.0,1
3180661137,-1.52,1.25,0.0,1.0,0.0,1
3582240183,-0.56,-1.23,0.94,0.01,0.05,0
2466477374,-1.22,0.39,0.0,0.99,0.01,1
484336606,0.61,0.67,0.16,0.24,0.6,0
690658220,0.29,0.56,0.09,0.59,0.32,1
2206775662,0.51,-0.82,0.98,0.0,0.01,0
3113727121,1.41,2.78,0.01,0.98,0.01,1
3831579028,-0.91,-0.88,0.08,0.14,0.78,2
1131292017,-0.35,1.14,0.01,0.98,0.01,1
2203521792,-0.54,-0.64,0.31,0.08,0.61,2
3509921530,-0.42,0.62,0.01,0.95,0.03,1
943697087,1.23,-1.33,1.0,0.0,0.0,0
2497928834,-0.01,0.84,0.02,0.93,0.05,1
925053528,1.98,1.91,0.24,0.12,0.63,0
1472479800,2.92,2.97,0.17,0.18,0.65,2
4117283513,0.8,1.16,0.08,0.68,0.24,1
1021487702,-1.03,-1.25,0.55,0.04,0.42,0
3377043820,-0.66,-0.13,0.03,0.86,0.11,1
2195908317,-0.66,-0.67,0.12,0.1,0.78,2
935594719,0.58,-0.71,0.98,0.0,0.01,0
593015676,1.9,0.63,0.96,0.01,0.02,0
3056653487,-1.76,-1.7,0.05,0.13,0.82,2
4217305068,1.51,0.8,0.88,0.04,0.08,0
1665360509,-1.53,-0.95,0.01,0.88,0.11,2
575351357,1.1,2.06,0.02,0.95,0.04,1
4059291501,-0.19,0.38,0.03,0.86,0.1,1
3652221179,-1.36,-1.5,0.3,0.04,0.65,0
4219980097,-1.12,-0.29,0.01,0.94,0.05,1
2219444654,-1.03,0.31,0.01,0.98,0.01,1
2009006679,0.58,-1.2,1.0,0.0,0.0,0
2415882440,0.32,1.14,0.02,0.92,0.06,1
3111057190,-0.85,-0.78,0.07,0.21,0.71,2
2446339555,-0.54,-0.57,0.17,0.1,0.74,2
94093596,-0.27,-0.12,0.09,0.4,0.51,1
1419900378,1.05,-1.08,1.0,0.0,0.0,0
893200530,-0.1,0.8,0.02,0.94,0.05,1
2594406303,0.97,-1.05,1.0,0.0,0.0,0
754396664,-0.82,-0.85,0.14,0.08,0.78,2
3772872987,-0.74,1.55,0.0,1.0,0.0,1
80704803,1.07,0.71,0.66,0.09,0.25,2
1372343019,-0.32,-0.29,0.13,0.16,0.72,2
2825588517,-0.72,-0.73,0.12,0.1,0.79,2
4188882777,-1.5,0.34,0.0,0.99,0.0,1
71132119,-0.77,1.31,0.0,1.0,0.0,1
1537112653,-1.2,1.66,0.0,1.0,0.0,1
413600682,-0.73,1.05,0.0,0.99,0.01,1
197324655,1.41,-0.96,1.0,0.0,0.0,0
1857054642,1.41,-0.67,1.0,0.0,0.0,0
1902104199,-0.98,-1.31,0.75,0.02,0.23,0
2185144991,-1.41,0.73,0.0,1.0,0.0,1
2188657162,1.12,-0.44,0.99,0.0,0.01,0
3214520850,-0.78,-0.72,0.08,0.19,0.73,2
1558568018,-0.36,0.0,0.05,0.75,0.2,1
1477517505,-0.8,-0.81,0.11,0.09,0.8,0
149603328,0.59,-1.48,1.0,0.0,0.0,0
424582483,-0.42,-0.77,0.79,0.03,0.17,2
3061264602,-0.5,-0.09,0.04,0.8,0.17,1
3348967360,-0.49,-0.66,0.53,0.06,0.41,1
1047037196,-0.09,-0.24,0.39,0.1,0.51,1
2004834533,1.4,-0.65,1.0,0.0,0.0,0
3413185376,-0.61,2.09,0.0,1.0,0.0,1
3163987642,2.0,-1.12,1.0,0.0,0.0,0
214792282,-0.85,-0.7,0.05,0.43,0.52,1
2445072906,0.25,-1.81,1.0,0.0,0.0,0
3558176917,0.39,0.25,0.33,0.14,0.53,2
2062293191,1.92,1.62,0.57,0.09,0.34,0
2872207655,0.84,-1.5,1.0,0.0,0.0,0
4179381779,-0.28,-1.12,0.96,0.01,0.03,0
3927960897,0.56,-0.75,0.98,0.0,0.01,0
3076258185,-0.38,0.5,0.02,0.94,0.05,2
187977355,-0.79,-0.82,0.13,0.09,0.78,0
276729685,-1.58,-0.08,0.0,0.99,0.01,1
3636151236,-1.73,2.59,0.0,1.0,0.0,1
2476442240,-0.73,-0.81,0.24,0.07,0.68,2
1783712039,-0.72,-0.71,0.1,0.11,0.79,2
2296249859,-0.38,-0.51,0.4,0.08,0.52,0
2533606834,-1.1,-0.64,0.02,0.84,0.14,1
1270884233,-0.87,0.5,0.01,0.98,0.01,1
3086845272,1.05,-1.28,1.0,0.0,0.0,0
3881496307,-0.22,-0.59,0.79,0.04,0.17,0
1307939488,-0.66,-0.69,0.16,0.09,0.75,2
1791694780,2.39,0.03,1.0,0.0,0.0,0
590973863,-0.71,-0.76,0.17,0.08,0.74,2
1207482440,1.76,-1.69,1.0,0.0,0.0,0
2008712758,0.34,-1.2,0.99,0.0,0.01,0
2803175835,-0.03,-1.84,1.0,0.0,0.0,0
2341438336,-0.41,0.06,0.04,0.82,0.14,1
324075342,-0.39,0.04,0.04,0.8,0.16,1
432894724,-0.6,-0.57,0.1,0.14,0.76,2
546315077,-0.72,-0.63,0.07,0.27,0.65,1
715817672,-0.81,-0.86,0.18,0.08,0.75,0
3977354410,-0.28,0.14,0.04,0.78,0.17,1
567193419,0.78,-1.12,1.0,0.0,0.0,0
4179889805,-1.0,-0.03,0.01,0.96,0.04,1
2450448242,-0.96,-1.0,0.14,0.08,0.79,0
3683773966,0.73,-0.74,0.99,0.0,0.01,0
1766622653,-0.99,-0.75,0.04,0.63,0.33,1
2574531770,-0.4,0.63,0.01,0.95,0.03,1
1424772732,-0.61,-0.57,0.1,0.17,0.74,2
3608345791,2.08,-0.67,1.0,0.0,0.0,0
2551239900,-0.6,-0.62,0.15,0.1,0.75,0
157215465,1.77,-1.2,1.0,0.0,0.0,0
2442021212,0.54,0.19,0.65,0.09,0.26,0
3775837273,-0.96,0.82,0.0,0.99,0.01,1
1996609520,-0.6,-0.36,0.05,0.61,0.34,1
3207611030,-0.72,-0.72,0.11,0.1,0.79,2
1526969475,-0.24,0.37,0.03,0.88,0.09,1
2634392700,-1.27,-0.66,0.01,0.89,0.1,1
426873725,1.04,0.08,0.93,0.02,0.05,0
1330121240,-1.06,-1.07,0.1,0.08,0.82,2
4184383183,-0.77,-0.8,0.14,0.09,0.77,2
4111622453,-0.79,-0.93,0.38,0.06,0.56,1
3481368031,0.57,-0.97,0.99,0.0,0.01,0
3283928200,-0.37,-0.76,0.82,0.03,0.15,0
459600837,-0.5,0.22,0.02,0.91,0.07,1
832141352,-1.9,-1.93,0.08,0.06,0.87,2
3630619101,-0.38,-0.16,0.07,0.56,0.37,1
4164180430,-1.35,1.55,0.0,1.0,0.0,1
2707849630,0.73,0.61,0.31,0.15,0.54,1
4172674866,-0.9,-0.5,0.03,0.8,0.18,2
3315490633,-0.06,-0.59,0.88,0.02,0.09,2
662334905,-0.95,1.11,0.0,1.0,0.0,1
3675052073,-0.5,1.02,0.0,0.98,0.01,1
2428573111,-0.1,-0.95,0.96,0.01,0.04,0
2867124890,-0.71,-0.74,0.16,0.09,0.75,0
3078156964,-1.1,-1.2,0.26,0.06,0.69,0
1251462405,-0.76,-0.77,0.11,0.1,0.79,2
693383278,-0.08,-1.01,0.96,0.01,0.03,0
1232902782,-0.21,-0.15,0.12,0.21,0.66,2
2192771625,-0.88,-0.82,0.08,0.19,0.74,2
794511537,0.04,2.53,0.0,1.0,0.0,1
860172464,0.66,0.08,0.86,0.04,0.1,0
2111158669,1.66,-0.93,1.0,0.0,0.0,0
2080502233,1.75,1.1,0.87,0.04,0.09,0
1985871395,-0.77,-0.77,0.1,0.1,0.8,2
3679535066,-0.23,-0.47,0.61,0.06,0.33,1
1711165180,0.52,2.34,0.0,0.99,0.01,1
636419388,0.11,1.45,0.01,0.98,0.02,1
3043206759,0.0,-1.59,1.0,0.0,0.0,0
4030863991,-0.37,-0.29,0.1,0.26,0.64,2
1528854515,-0.01,1.38,0.01,0.98,0.02,1
2652966287,0.43,1.41,0.02,0.94,0.04,1
376369682,-0.77,-0.77,0.11,0.1,0.79,2
2024359059,2.61,-0.75,1.0,0.0,0.0,0
1388703915,-0.16,0.29,0.04,0.8,0.15,2
556080585,0.07,-0.13,0.46,0.1,0.44,0
107929474,0.09,0.29,0.1,0.49,0.41,2
2376408548,0.71,0.67,0.22,0.18,0.6,0
3656637115,-0.82,-0.84,0.11,0.09,0.8,1
3985702195,-0.45,-0.66,0.6,0.05,0.35,0
1657180136,-0.53,-0.61,0.28,0.08,0.64,2
2948468163,-1.71,0.22,0.0,1.0,0.0,1
1818110155,-0.77,-0.81,0.15,0.08,0.76,0
1463363777,0.28,-0.25,0.86,0.03,0.1,0
1468624709,1.16,0.61,0.82,0.06,0.13,2
2618724784,0.13,0.07,0.23,0.15,0.62,2
548944210,-0.58,0.85,0.01,0.98,0.01,1
4011184932,-0.72,-0.84,0.36,0.06,0.58,0
3942974796,0.25,2.5,0.0,1.0,0.0,1
3037656552,-0.5,-0.95,0.86,0.02,0.12,0
805649698,-0.8,-0.88,0.23,0.07,0.7,2
972112250,0.84,2.12,0.01,0.97,0.02,1
1949860458,2.27,-0.1,1.0,0.0,0.0,0
2482639826,-0.72,-0.66,0.08,0.19,0.72,2
3944379207,-0.79,-0.82,0.13,0.09,0.78,2
2644764592,-0.51,0.08,0.03,0.88,0.1,1
3779483553,0.21,0.16,0.23,0.16,0.62,2
1234846677,-0.32,-0.79,0.87,0.02,0.11,0
896894512,-0.82,-0.64,0.05,0.5,0.45,1
3940448962,1.27,-0.81,1.0,0.0,0.0,0
1380472670,-0.01,1.27,0.01,0.97,0.02,1
1093275976,0.34,-0.75,0.97,0.01,0.02,0
3799619258,-0.28,-0.93,0.93,0.01,0.06,2
2321109988,-0.82,-0.84,0.11,0.09,0.8,2
1995841913,1.04,2.02,0.01,0.95,0.04,1
3501436785,-0.72,-0.75,0.14,0.09,0.77,2
1607649966,-0.62,-0.76,0.42,0.06,0.52,0
1494656531,0.16,-0.05,0.46,0.1,0.43,2
3818578649,1.24,1.4,0.14,0.36,0.5,2
2536097988,0.66,-0.35,0.95,0.01,0.03,0
4147391374,-0.96,-1.87,0.97,0.0,0.02,0
2475539676,-0.45,-0.77,0.77,0.03,0.2,0
3320247509,-0.36,-0.36,0.14,0.13,0.73,2
2871528400,-1.01,0.42,0.0,0.98,0.01,1
2615187016,-0.84,-0.87,0.13,0.08,0.79,2
1674026797,-0.81,-0.77,0.08,0.16,0.76,2
3577691141,-0.86,-0.84,0.09,0.11,0.79,2
1444137248,-0.85,0.98,0.0,0.99,0.0,1
2928075732,-1.22,0.03,0.01,0.98,0.02,1
4272531315,-0.43,-0.36,0.1,0.23,0.67,1
2650984770,-1.12,-0.24,0.01,0.95,0.04,1
3016974646,-0.64,-0.82,0.54,0.05,0.41,2
1267468053,-0.93,-1.05,0.35,0.06,0.59,2
3587136464,-1.42,-1.43,0.08,0.07,0.84,1
3720182490,-0.56,-0.35,0.06,0.57,0.38,1
1639243060,-0.75,-0.81,0.2,0.08,0.72,0
2368858442,-0.45,-0.66,0.59,0.05,0.36,2
829200993,0.23,-0.78,0.97,0.01,0.03,0
1009247473,-0.04,-1.39,0.99,0.0,0.01,0
407111256,1.69,-1.45,1.0,0.0,0.0,0
990739477,-0.61,0.23,0.02,0.93,0.05,1
3918193061,2.72,-0.28,1.0,0.0,0.0,0
3622683690,-0.78,-0.78,0.1,0.1,0.8,2
3688342904,2.02,2.11,0.15,0.26,0.59,2
3797121454,-1.32,-1.32,0.08,0.08,0.83,2
3404240597,-1.91,-1.87,0.05,0.11,0.84,1
2117985800,-0.84,1.25,0.0,1.0,0.0,1
1718649676,-1.84,-1.49,0.02,0.73,0.25,1
1269819610,-0.31,-0.61,0.72,0.04,0.23,0
980596204,-0.78,-0.78,0.1,0.1,0.8,2
4085672815,-0.95,0.38,0.01,0.98,0.02,1
3134929985,-1.34,0.03,0.0,0.98,0.01,1
2922219269,1.23,-0.08,0.97,0.01,0.02,0
2652104271,0.95,0.97,0.18,0.21,0.61,1
2432187439,1.76,0.82,0.92,0.03,0.05,1
658672491,-0.66,-0.48,0.06,0.5,0.44,1
1563145088,-0.95,-1.59,0.93,0.01,0.06,0
4174658190,-1.65,-1.7,0.11,0.05,0.84,2
2138915967,-0.04,-0.58,0.89,0.02,0.09,0
3548037239,-0.71,-0.66,0.09,0.18,0.74,2
2936345063,-0.24,-0.05,0.08,0.5,0.42,2
1228050684,-0.95,-0.96,0.11,0.08,0.81,2
1829054007,-0.28,-0.39,0.37,0.09,0.54,2
3693502236,-1.06,-0.88,0.04,0.51,0.45,1
1039056157,-0.77,-0.8,0.15,0.08,0.76,2
4170739200,-0.34,-0.34,0.15,0.13,0.73,2
1344175033,-0.82,-0.79,0.09,0.13,0.78,2
1844522373,0.28,1.43,0.01,0.96,0.03,1
1932533188,0.04,-1.35,0.99,0.0,0.01,0
3459495870,-0.52,-0.74,0.63,0.05,0.32,0
38857249,-0.71,0.19,0.01,0.94,0.04,1
3462238776,-0.9,0.3,0.01,0.97,0.02,1
2770272391,-0.63,1.02,0.0,0.99,0.01,1
3116140543,-1.28,1.92,0.0,1.0,0.0,1
1083165670,-0.96,-0.93,0.08,0.14,0.78,2
4281377460,-0.64,0.88,0.01,0.98,0.01,1
968827692,-0.14,1.58,0.0,0.99,0.01,1
3213413781,1.25,-1.64,1.0,0.0,0.0,0
4176288077,-0.85,-0.88,0.13,0.08,0.79,2
3305250684,-0.78,-0.77,0.1,0.11,0.79,2
1662894776,-0.65,-0.72,0.25,0.08,0.68,2
325363421,1.37,0.86,0.8,0.06,0.14,0
989820239,-0.59,-0.92,0.79,0.03,0.19,0
1752433274,0.52,0.66,0.13,0.36,0.51,2
2021291768,-0.88,-0.89,0.12,0.09,0.79,2
317282501,-0.04,0.62,0.03,0.89,0.08,1
4139178952,0.84,-0.41,0.97,0.01,0.02,0
1927468545,0.38,0.03,0.65,0.08,0.26,0
3638965914,0.97,-1.58,1.0,0.0,0.0,0
2925833047,0.66,0.67,0.19,0.2,0.61,0
190033685,-0.68,-0.67,0.1,0.11,0.78,2
2920869359,-0.72,1.62,0.0,1.0,0.0,1
245314231,-1.16,-1.45,0.65,0.03,0.32,0
582557933,-0.34,-0.34,0.15,0.13,0.72,1
117586351,0.06,-0.81,0.95,0.01,0.04,0
2022455310,-0.82,-0.84,0.14,0.08,0.78,2
543780662,-0.98,-0.92,0.07,0.19,0.74,2
1902892307,-0.29,-0.3,0.16,0.13,0.71,2
1542866962,1.08,0.38,0.88,0.04,0.08,0
459171609,0.08,1.35,0.01,0.97,0.02,1
2794795380,-1.71,-1.63,0.05,0.17,0.78,1
1328160279,1.41,-1.58,1.0,0.0,0.0,0
3143940229,-0.49,-0.25,0.06,0.6,0.34,2
1403380941,0.65,0.82,0.13,0.41,0.47,1
3021209140,1.02,1.92,0.02,0.94,0.04,1
1319374373,-0.18,0.41,0.03,0.87,0.1,1
2825197743,0.42,1.43,0.02,0.95,0.04,1
3645842853,0.66,-1.5,1.0,0.0,0.0,0
854113448,0.09,-0.82,0.96,0.01,0.03,0
1356991321,-0.72,-0.72,0.11,0.1,0.79,2
1138086755,-1.16,1.23,0.0,1.0,0.0,1
4154720652,1.16,-1.41,1.0,0.0,0.0,0
2798158564,-2.05,-2.03,0.05,0.08,0.87,2
1695237077,-0.48,-0.5,0.16,0.1,0.74,2
731096585,-0.93,-0.85,0.07,0.22,0.71,2
987938465,-1.62,2.97,0.0,1.0,0.0,1
1320980887,-0.92,0.21,0.01,0.97,0.02,1
629534652,-0.67,1.2,0.0,0.99,0.0,1
2616886634,1.76,1.88,0.14,0.31,0.55,1
663176477,0.5,-0.81,0.98,0.0,0.01,0
1175513342,-0.0,-0.29,0.64,0.07,0.29,1
1816099173,-0.64,-0.68,0.18,0.09,0.73,2
4280287624,0.46,0.08,0.7,0.07,0.22,2
3236650342,0.89,-0.29,0.97,0.01,0.02,0
3803462748,-0.84,-0.75,0.07,0.25,0.68,1
4055439633,0.48,0.6,0.14,0.33,0.54,0
153055964,-1.73,-0.03,0.0,0.99,0.01,1
3306062810,-1.7,1.31,0.0,1.0,0.0,1
2289565580,-0.46,1.65,0.0,1.0,0.0,1
3775780143,-0.48,-1.47,0.98,0.0,0.02,0
3928092928,-1.47,1.55,0.0,1.0,0.0,1
4209382341,-0.71,-0.71,0.11,0.1,0.79,0
487511698,-0.67,-0.7,0.15,0.09,0.76,2
3121230925,-0.99,1.23,0.0,1.0,0.0,1
1119371228,-0.94,1.55,0.0,1.0,0.0,1
1329379463,-0.18,-0.48,0.7,0.05,0.24,2
1688512921,-1.1,1.16,0.0,1.0,0.0,1
458677274,-0.57,-0.28,0.05,0.68,0.27,1
2817880590,-0.6,-1.2,0.92,0.01,0.07,0
3970577636,-0.82,-0.79,0.09,0.14,0.77,0
2320391340,0.31,0.53,0.1,0.5,0.4,1
1176080890,-0.38,-0.3,0.1,0.23,0.66,2
2512657202,-0.07,-0.92,0.96,0.01,0.04,0
3626941473,-0.77,-0.77,0.1,0.11,0.79,2
2298429166,-0.71,-1.05,0.79,0.02,0.19,0
1285287287,0.16,-0.95,0.98,0.01,0.02,0
3405420000,-0.49,-0.61,0.39,0.07,0.54,0
403653290,0.82,-1.38,1.0,0.0,0.0,0
1312466737,-1.27,-1.27,0.08,0.08,0.83,2
4244151675,-0.87,-0.84,0.09,0.14,0.78,1
3583122858,-0.14,-0.52,0.8,0.04,0.17,2
2367051644,-0.84,-0.86,0.12,0.09,0.79,2
3853841389,0.8,0.67,0.33,0.15,0.53,0
4176408034,-0.78,-0.58,0.05,0.56,0.39,1
1413969072,-1.21,-0.39,0.01,0.94,0.05,1
2413046500,-1.0,-0.15,0.01,0.94,0.05,1
779858347,0.99,0.97,0.22,0.18,0.6,2
3000370945,-1.22,-1.24,0.11,0.07,0.82,2
1352510055,-0.19,-0.95,0.95,0.01,0.04,0
336159447,-0.76,-0.76,0.11,0.1,0.8,2
3609953696,0.31,-0.33,0.9,0.03,0.08,0
2257370610,-1.1,-1.11,0.1,0.08,0.82,2
164614087,0.33,0.01,0.63,0.08,0.29,2
2925780483,-0.81,-0.87,0.19,0.08,0.73,0
1793434078,-1.23,1.33,0.0,1.0,0.0,1
654066410,0.73,0.61,0.31,0.15,0.54,2
322449217,-1.05,-0.01,0.01,0.96,0.03,1
1110058822,-0.38,-0.43,0.23,0.1,0.67,2
3292507728,1.09,0.37,0.88,0.04,0.08,0
2680121612,-0.86,-0.81,0.08,0.17,0.75,1
3275417729,-0.86,-0.84,0.09,0.13,0.79,1
491635816,0.1,-1.26,0.99,0.0,0.01,0
4190355019,-0.81,-0.82,0.11,0.09,0.8,2
1143686231,-0.13,-0.89,0.95,0.01,0.04,0
1203225641,-0.07,1.31,0.01,0.98,0.01,1
1294934194,-0.8,-0.81,0.11,0.09,0.8,2
2454511476,-0.88,-0.86,0.09,0.11,0.8,2
3728246220,-0.79,-0.78,0.1,0.11,0.79,2
2308817020,-0.71,-0.72,0.12,0.1,0.78,2
45862971,-0.39,-0.03,0.05,0.75,0.21,1
4089251620,-1.3,2.25,0.0,1.0,0.0,1
1165502140,-0.75,-0.75,0.11,0.1,0.79,2
3336546144,-0.62,-0.72,0.32,0.07,0.61,0
800898722,-0.77,-0.55,0.05,0.6,0.36,2
667735831,-1.16,0.86,0.0,1.0,0.0,1
335477427,-0.61,-0.92,0.77,0.03,0.2,0
585571383,-0.9,-0.9,0.1,0.1,0.81,2
3836056779,-0.76,-0.8,0.17,0.08,0.75,2
2263680208,-0.75,-0.82,0.22,0.08,0.71,2
2056081829,-0.57,-0.6,0.16,0.09,0.75,2
3056027325,-0.31,-0.42,0.35,0.09,0.56,1
1453922989,-0.41,0.02,0.04,0.8,0.16,1
3632434046,-0.82,-0.97,0.43,0.05,0.52,1
1638307612,-0.98,-0.78,0.04,0.55,0.41,2
294302775,-0.81,-0.84,0.14,0.08,0.78,2
599939180,-0.56,-0.41,0.07,0.45,0.49,2
2593873164,2.3,0.91,0.97,0.01,0.02,0
385604064,-1.2,-0.9,0.03,0.71,0.26,1
2220711246,-0.89,-0.85,0.08,0.16,0.76,2
3268554099,1.5,1.56,0.16,0.23,0.61,1
2743139402,-0.85,-0.33,0.02,0.86,0.12,1
2706017572,-0.85,-0.88,0.13,0.08,0.79,2
1869600806,-1.16,-0.22,0.01,0.95,0.04,1
2895783239,-1.54,-0.01,0.0,0.99,0.01,1
4029658139,-1.21,-0.53,0.01,0.91,0.08,1
78763720,-0.15,-0.79,0.92,0.01,0.06,0
1537441725,0.14,0.17,0.17,0.2,0.63,2
1007610679,-0.75,-0.77,0.14,0.09,0.78,0
1071820773,0.1,-1.02,0.98,0.0,0.02,0
2673866549,-0.6,-0.66,0.22,0.08,0.7,2
3663124022,0.49,0.7,0.11,0.47,0.41,2
3358806989,0.89,-0.38,0.97,0.01,0.02,0
87253114,-0.46,-0.5,0.21,0.1,0.7,0
4120106093,-0.98,-1.11,0.34,0.05,0.6,0
200433527,0.11,-0.4,0.87,0.03,0.1,0
390339649,1.16,-1.5,1.0,0.0,0.0,0
4063440163,-1.66,-1.54,0.05,0.26,0.69,1
3853163263,0.99,0.29,0.88,0.04,0.08,0
2598437025,0.42,-1.34,1.0,0.0,0.0,0
4271372727,0.21,0.21,0.19,0.19,0.62,2
950933203,-0.82,-0.78,0.09,0.15,0.77,2
1135452099,-0.77,-0.79,0.14,0.09,0.77,1
1047156677,-1.68,2.44,0.0,1.0,0.0,1
4196209059,2.52,0.2,1.0,0.0,0.0,0
1789559982,-0.84,-0.8,0.09,0.14,0.77,2
2422103073,-0.62,-0.5,0.07,0.37,0.56,1
2383770774,-0.07,-0.92,0.96,0.01,0.04,0
1862608411,1.37,1.05,0.6,0.1,0.3,0
3732571378,-0.79,-0.77,0.09,0.12,0.78,1
262698572,-0.6,-0.61,0.13,0.1,0.77,2
1427489505,0.01,-0.15,0.4,0.1,0.5,2
3244406496,-0.3,0.68,0.02,0.95,0.04,1
2081807597,0.0,-0.77,0.94,0.01,0.05,0
1653684786,0.64,0.24,0.72,0.08,0.2,1
2303837027,-0.74,-0.78,0.16,0.08,0.75,2
786803335,-0.03,-0.54,0.87,0.03,0.1,0
1111435292,0.42,0.1,0.61,0.09,0.3,0
2160516108,0.11,1.45,0.01,0.98,0.02,1
415052119,-0.84,-0.59,0.04,0.65,0.31,1
585973772,-0.78,-0.78,0.1,0.1,0.8,2
3597579432,0.61,0.97,0.07,0.7,0.23,1
3128495466,-0.55,-1.01,0.87,0.02,0.12,2
3716454654,0.27,-1.26,0.99,0.0,0.01,0
3636724754,0.74,-1.4,1.0,0.0,0.0,0
2561818642,0.54,0.1,0.76,0.06,0.18,0
3325662184,-0.71,1.15,0.0,0.99,0.0,1
3002945215,-0.64,-1.01,0.82,0.02,0.16,0
1451514040,1.58,1.91,0.08,0.64,0.27,2
726090661,-0.74,-0.78,0.16,0.08,0.75,2
3088563252,-0.89,-0.61,0.03,0.7,0.27,1
2953670816,-0.48,0.01,0.03,0.84,0.13,0
3455996220,-0.82,-0.79,0.09,0.14,0.77,2
2496118810,0.01,0.24,0.09,0.54,0.37,2
2701888243,-0.85,-0.85,0.1,0.1,0.8,2
1990207622,-0.73,-0.5,0.05,0.61,0.35,2
2587922487,-0.33,-0.86,0.89,0.02,0.09,0
890966901,-1.04,-0.56,0.02,0.84,0.14,1
1814718922,-0.22,-0.38,0.45,0.08,0.47,0
3335410676,0.8,-0.32,0.96,0.01,0.03,0
736516333,-0.28,-1.26,0.97,0.0,0.02,0
1671298297,-1.02,-1.12,0.24,0.06,0.69,2
4293918673,-0.85,-0.87,0.12,0.09,0.8,2
908340151,-0.21,-0.42,0.55,0.07,0.38,0
753706278,-0.94,-0.98,0.15,0.08,0.77,2
3412665755,0.3,1.55,0.01,0.97,0.02,1
2446509163,-0.32,0.57,0.02,0.94,0.05,1
3730481112,-0.8,-0.81,0.11,0.09,0.8,2
3415402053,-0.6,0.62,0.01,0.97,0.02,1
3030535958,-0.55,-0.62,0.24,0.08,0.68,0
4149246139,-0.74,1.24,0.0,0.99,0.0,1
662443481,-1.54,-1.34,0.03,0.51,0.46,1
4060843990,-0.1,0.47,0.03,0.86,0.11,1
3076137409,-0.25,0.94,0.01,0.97,0.02,1
1800671000,-1.31,-1.2,0.05,0.29,0.66,0
2496250013,-0.22,0.6,0.02,0.92,0.05,1
552767898,-0.85,-0.42,0.03,0.82,0.16,2
2299271255,0.16,-0.95,0.98,0.01,0.02,0
279654440,-0.55,-1.34,0.96,0.01,0.04,0
369402524,-0.87,-0.85,0.09,0.11,0.8,2
1953047267,0.29,-0.29,0.88,0.03,0.09,2
1507718084,1.05,0.8,0.5,0.12,0.37,0
517866176,-0.91,-0.73,0.05,0.5,0.45,2
3553507701,-1.46,0.18,0.0,0.99,0.01,1
2795790092,2.28,0.29,0.99,0.0,0.0,0
1255709121,-0.77,-0.08,0.02,0.91,0.07,1
1715939092,0.65,-1.24,1.0,0.0,0.0,0
3389325202,-0.43,-0.91,0.88,0.02,0.1,2
3174392771,-0.34,-0.61,0.69,0.05,0.26,0
1805460178,2.23,1.83,0.72,0.06,0.21,0
1125430131,1.91,0.04,0.99,0.0,0.01,0
3702345090,1.17,0.1,0.95,0.02,0.03,0
1930113970,-0.2,-0.03,0.09,0.46,0.45,2
1783502828,-0.23,-0.95,0.94,0.01,0.05,0
1497370658,1.76,-0.39,1.0,0.0,0.0,0
2073995764,-0.71,2.75,0.0,1.0,0.0,1
54080316,-0.15,1.62,0.0,0.99,0.01,1
1408279353,0.15,0.04,0.29,0.13,0.58,0
2931333016,-0.11,0.08,0.09,0.49,0.42,2
2704008725,-0.85,-0.82,0.09,0.14,0.77,1
1731523613,-0.84,-0.74,0.07,0.29,0.64,1
1024069530,0.25,-1.55,1.0,0.0,0.0,0
3228267575,-0.89,0.08,0.01,0.95,0.04,1
3918567518,-1.62,0.18,0.0,0.99,0.0,1
245612343,-1.13,-0.97,0.05,0.44,0.51,1
3884873304,-0.81,-0.42,0.03,0.78,0.19,1
952285577,-1.62,0.07,0.0,0.99,0.01,1
3637261020,-0.74,-0.74,0.11,0.1,0.79,1
2886779731,-0.8,-0.82,0.12,0.09,0.79,2
2596141353,-0.74,-0.73,0.1,0.11,0.79,1
3721399115,-0.81,-0.84,0.15,0.08,0.77,2
3576265130,-0.89,-1.6,0.95,0.0,0.05,0
4185724417,-0.92,0.17,0.01,0.96,0.03,1
2453573281,-0.95,-0.33,0.02,0.9,0.09,1
2277069304,-0.49,-0.47,0.12,0.13,0.76,2
231572695,-0.04,1.3,0.01,0.98,0.02,1
249999818,-0.66,-0.9,0.67,0.04,0.3,0
3167280772,0.92,0.39,0.81,0.06,0.13,2
4285859683,-0.66,-0.71,0.19,0.08,0.72,2
866439769,0.34,-0.67,0.96,0.01,0.03,0
2671148510,-0.77,-0.82,0.2,0.08,0.73,2
1813115352,-1.34,1.05,0.0,1.0,0.0,1
2441659645,-0.29,-0.94,0.93,0.01,0.06,0
3938873653,0.36,0.23,0.3,0.14,0.55,2
2142267459,-1.62,0.65,0.0,1.0,0.0,1
2246205886,-1.06,-1.2,0.36,0.05,0.59,0
3828921671,-0.79,-0.79,0.1,0.1,0.8,2
3081213289,1.41,-0.77,1.0,0.0,0.0,0
1118080572,-0.06,-0.36,0.68,0.06,0.26,0
3087907846,-1.33,0.0,0.0,0.98,0.01,1
2591892208,1.75,-1.16,1.0,0.0,0.0,0
3778404033,-1.65,-1.73,0.14,0.05,0.81,2
3074510442,-0.81,-0.78,0.09,0.13,0.78,2
4134011954,0.23,-0.95,0.98,0.0,0.02,0
2371949020,0.14,-1.49,1.0,0.0,0.0,0
3533333027,-1.51,-1.76,0.5,0.03,0.47,2
2325557940,-1.8,1.37,0.0,1.0,0.0,1
4068819961,-0.9,-0.86,0.08,0.15,0.76,2
3205166270,-1.74,2.25,0.0,1.0,0.0,1
849169182,1.04,1.04,0.2,0.19,0.61,2
2905243572,0.84,1.37,0.04,0.83,0.13,1
2492178290,0.62,-0.29,0.94,0.02,0.04,0
1752713185,-0.65,-1.2,0.91,0.01,0.08,0
420948654,-0.72,-0.53,0.05,0.53,0.41,2
2548270733,-0.63,-0.24,0.04,0.78,0.18,1
1958113052,-0.5,0.97,0.01,0.98,0.01,1
2572265281,0.54,0.8,0.09,0.57,0.34,2
2678612407,-0.92,-0.85,0.07,0.2,0.73,2
2842628974,-0.11,-0.14,0.19,0.14,0.68,2
1224483371,-0.87,-0.85,0.09,0.11,0.8,2
585459041,-0.22,1.13,0.01,0.98,0.02,1
2199552111,-0.36,-0.39,0.18,0.11,0.71,2
1132041558,1.07,-0.38,0.98,0.01,0.01,0
3898485984,-0.25,0.54,0.02,0.92,0.06,1
2242527098,-1.25,1.36,0.0,1.0,0.0,1
3724414766,-1.25,0.6,0.0,0.99,0.0,1
2057393540,0.28,0.81,0.04,0.83,0.12,1
741626533,-0.38,-0.79,0.84,0.03,0.14,0
3242304959,2.69,2.52,0.38,0.09,0.53,1
2513977798,-0.1,-0.18,0.26,0.12,0.62,0
2702635295,-1.38,0.88,0.0,1.0,0.0,1
1398379091,-1.52,0.57,0.0,1.0,0.0,1
1269337690,-0.95,-0.95,0.09,0.1,0.81,2
1895677998,-0.13,0.17,0.07,0.67,0.27,2
4218747282,1.44,0.98,0.76,0.07,0.17,0
169751275,-0.27,-1.34,0.98,0.0,0.02,0
368581455,-0.76,-0.71,0.08,0.18,0.74,2
3006067199,-0.77,-0.75,0.1,0.12,0.79,2
1969196102,1.11,-0.26,0.98,0.01,0.02,0
4140200102,0.04,-0.25,0.63,0.07,0.3,0
2546147077,-0.89,-0.94,0.17,0.08,0.76,2
2190135987,0.38,-1.23,0.99,0.0,0.01,0
2490029025,-1.16,0.2,0.0,0.98,0.01,2
3834416523,-0.31,0.3,0.03,0.88,0.09,2
354614830,-0.54,-0.51,0.11,0.15,0.74,2
1106490887,0.92,-1.02,1.0,0.0,0.0,0
3192215806,-2.25,-2.06,0.03,0.35,0.62,2
1797059144,1.88,0.39,0.98,0.01,0.01,0
1663491346,0.08,2.59,0.0,1.0,0.0,1
1028521102,-0.96,1.45,0.0,1.0,0.0,1
1304982930,-0.77,-0.72,0.09,0.16,0.75,2
1007950182,-1.8,1.8,0.0,1.0,0.0,1
1976457553,-0.33,0.3,0.03,0.89,0.09,1
3261550514,-0.9,-0.91,0.1,0.09,0.81,2
3094328503,-1.83,0.21,0.0,1.0,0.0,1
3862377782,-0.14,-0.84,0.93,0.01,0.05,0
2879653823,-1.0,-0.54,0.02,0.83,0.15,1
567004504,-0.82,-0.81,0.1,0.11,0.8,2
1889659827,0.43,-0.85,0.98,0.0,0.01,0
3146500987,-0.15,-0.31,0.44,0.09,0.47,0
1926966126,-0.68,-0.66,0.1,0.13,0.77,2
1197071457,-1.25,-1.23,0.07,0.11,0.82,1
2174381783,0.35,1.52,0.01,0.96,0.03,1
3294368614,-0.84,0.06,0.01,0.95,0.04,1
3166312500,-0.34,0.27,0.03,0.88,0.09,1
1721099858,-0.62,-1.0,0.82,0.02,0.16,0
957624109,0.29,-0.61,0.95,0.01,0.04,0
2690523318,-0.89,-0.9,0.1,0.09,0.81,0
1836348610,0.08,-0.32,0.79,0.05,0.16,0
772311054,0.94,-1.41,1.0,0.0,0.0,0
1482845240,0.29,1.53,0.01,0.97,0.02,2
1272096783,1.42,-1.59,1.0,0.0,0.0,0
4071412508,1.51,0.21,0.97,0.01,0.02,0
2919184321,-0.68,-0.62,0.09,0.2,0.72,2
3278020875,-0.79,-0.7,0.07,0.27,0.66,1
1581677926,-1.8,-1.48,0.02,0.69,0.29,1
3728637176,0.13,-0.67,0.94,0.01,0.05,0
1259444249,1.3,-0.79,1.0,0.0,0.0,0
3012885679,-0.73,-0.06,0.02,0.91,0.07,1
4080278135,-0.61,-0.19,0.03,0.81,0.16,1
2845838699,-0.65,-0.75,0.32,0.07,0.61,0
1514958013,-0.04,-0.19,0.4,0.1,0.5,0
524650498,0.88,-0.85,0.99,0.0,0.01,0
233138921,-0.26,0.64,0.02,0.94,0.05,1
3518889120,2.17,-0.91,1.0,0.0,0.0,0
3849459401,0.64,-1.74,1.0,0.0,0.0,0
1068482775,2.88,2.05,0.93,0.02,0.05,0
4091912992,-1.03,-0.98,0.07,0.16,0.77,1
1701833100,-0.86,-0.88,0.12,0.09,0.8,2
3783510835,0.49,0.11,0.7,0.08,0.23,1
693514725,-1.26,0.34,0.0,0.99,0.01,1
662707467,-0.8,-0.77,0.09,0.15,0.77,2
2156451291,-0.07,1.84,0.0,0.99,0.0,1
4087636840,-0.87,-0.85,0.09,0.11,0.8,2
1198287912,-0.82,-0.8,0.09,0.13,0.78,2
1627308210,-0.71,-0.02,0.02,0.91,0.07,1
3143483897,-0.94,-0.13,0.01,0.94,0.05,1
3326682243,-0.65,-0.54,0.07,0.31,0.62,2
2416185976,-0.13,0.41,0.04,0.85,0.12,1
3960739729,-0.62,-0.61,0.1,0.12,0.77,2
1755414083,-1.71,-1.05,0.01,0.91,0.08,1
302993412,0.09,-1.31,0.99,0.0,0.01,0
4153724253,-0.6,-0.63,0.16,0.09,0.74,2
2704846034,-0.27,-0.73,0.86,0.02,0.12,0
1128743062,-0.82,-0.81,0.1,0.11,0.8,2
3469379445,-0.72,-0.74,0.13,0.09,0.78,2
3950733306,-0.29,2.25,0.0,1.0,0.0,1
3331972729,-0.82,-0.81,0.1,0.11,0.8,2
1950588393,-0.32,-0.2,0.09,0.33,0.58,1
2409600365,-0.71,-0.71,0.11,0.1,0.79,2
3671739089,1.02,-0.24,0.97,0.01,0.02,0
1958626058,1.13,-0.61,0.99,0.0,0.01,0
2575846416,-0.85,-0.84,0.1,0.1,0.8,2
1675523278,-1.48,0.25,0.0,0.99,0.01,1
1338639346,1.06,0.39,0.87,0.04,0.09,1
3996185937,-1.44,1.22,0.0,1.0,0.0,1
3259196013,-0.98,-0.99,0.1,0.09,0.81,0
2435248393,-0.02,-0.56,0.89,0.02,0.09,0
2346275613,0.15,0.17,0.17,0.2,0.63,2
561036778,-0.64,-0.61,0.1,0.15,0.75,2
1583962668,0.3,-1.1,0.99,0.0,0.01,0
3332404156,0.42,-0.31,0.91,0.02,0.06,0
2508876368,0.08,1.48,0.01,0.98,0.01,1
1381854934,-0.4,-0.14,0.06,0.65,0.29,2
4260686685,-0.97,0.07,0.01,0.96,0.03,1
2468212897,-1.2,-1.18,0.08,0.11,0.81,2
3220882710,-0.84,-0.8,0.09,0.14,0.77,2
4125195101,0.29,-0.27,0.87,0.03,0.1,0
607830612,-0.77,-0.72,0.09,0.16,0.75,2
4192140404,-0.07,-0.41,0.74,0.05,0.21,0
3592186978,-0.09,0.25,0.06,0.7,0.24,1
2841324356,-0.3,-0.3,0.15,0.13,0.72,2
758194511,0.05,0.73,0.03,0.89,0.08,1
1393082187,0.39,1.65,0.01,0.97,0.02,1
933393524,-0.78,-0.75,0.09,0.14,0.77,2
427626440,1.2,-0.81,1.0,0.0,0.0,0
3548417835,-0.8,-0.8,0.1,0.1,0.8,2
1306409644,-0.79,-0.21,0.02,0.88,0.1,1
3320227304,0.37,-0.33,0.91,0.02,0.07,0
3545807576,-1.02,0.07,0.01,0.97,0.03,1
113526296,0.98,1.73,0.02,0.92,0.06,1
2277899066,0.01,-0.53,0.88,0.03,0.09,0
3610273175,-0.84,-0.76,0.07,0.25,0.68,1
508734695,-1.16,-1.21,0.15,0.07,0.78,2
90598504,-0.73,-0.03,0.02,0.91,0.07,1
2078704945,0.06,-0.8,0.95,0.01,0.04,0
2702234935,-0.05,-1.36,0.99,0.0,0.01,0
3648160676,0.81,-0.82,0.99,0.0,0.01,0
60373227,-1.87,2.78,0.0,1.0,0.0,1
2159434272,2.45,0.67,0.99,0.0,0.01,0
861361646,-0.73,-0.29,0.03,0.82,0.15,1
929825941,1.7,-0.85,1.0,0.0,0.0,0
148918567,0.19,-0.7,0.95,0.01,0.04,0
2895547282,-0.75,-0.77,0.14,0.09,0.78,0
2789978964,-0.79,-0.77,0.09,0.12,0.78,2
3191771919,-0.19,2.48,0.0,1.0,0.0,1
1855994712,-1.03,-0.26,0.01,0.93,0.06,1
2300096345,-0.17,-0.96,0.95,0.01,0.04,0
2795126419,-1.06,0.09,0.01,0.97,0.02,1
1474329832,-0.6,0.52,0.01,0.96,0.03,1
851235384,-0.94,-1.02,0.22,0.07,0.71,2
3916502192,-0.86,-0.8,0.08,0.19,0.74,2
238783598,2.64,2.39,0.51,0.08,0.41,2
2027937559,-0.18,0.67,0.02,0.93,0.05,1
1156253662,2.02,-0.12,1.0,0.0,0.0,0
303013582,-0.5,-0.54,0.19,0.09,0.71,2
1318897126,-0.89,-0.42,0.02,0.84,0.14,0
826081552,0.78,1.62,0.02,0.93,0.05,1
403382636,0.62,-0.98,0.99,0.0,0.01,0
3076016350,0.24,0.22,0.19,0.19,0.62,2
1539590958,-0.51,-0.5,0.12,0.12,0.76,2
3583548852,2.52,0.5,0.99,0.0,0.0,0
2038892160,0.42,0.66,0.1,0.55,0.36,0
1393546074,1.53,-0.62,1.0,0.0,0.0,0
2350787374,-1.18,-1.02,0.04,0.44,0.52,2
544981866,-0.77,-0.79,0.14,0.09,0.77,2
837248748,-1.39,0.63,0.0,1.0,0.0,1
2946128358,-0.95,1.21,0.0,1.0,0.0,1
1172449798,-0.73,-1.0,0.69,0.03,0.28,0
2367859175,-0.85,-0.84,0.1,0.1,0.8,1
2453092306,-1.95,-0.03,0.0,1.0,0.0,1
193426836,1.85,-0.1,0.99,0.0,0.0,0
4286865889,-0.65,1.6,0.0,1.0,0.0,1
2262910584,0.02,-0.78,0.95,0.01,0.04,0
2496134957,0.14,-1.11,0.98,0.0,0.01,0
644263884,-1.17,-1.06,0.06,0.28,0.66,2
229415538,-0.75,0.17,0.01,0.95,0.04,1
310490069,-0.35,-0.27,0.1,0.25,0.64,0
3026192624,-0.84,-0.82,0.09,0.12,0.79,2
1867292191,-1.34,-0.38,0.01,0.96,0.03,1
1548807188,-0.27,0.36,0.03,0.88,0.09,1
153369406,0.13,0.48,0.07,0.69,0.24,2
925485264,-0.71,-0.69,0.09,0.14,0.77,2
2370799804,-0.89,-0.79,0.06,0.29,0.65,2
2031412153,-0.41,-1.14,0.95,0.01,0.04,0
3835568388,-0.01,-0.27,0.6,0.07,0.32,0
656594842,-0.48,-0.96,0.88,0.02,0.11,1
2281818481,0.14,-0.79,0.96,0.01,0.03,0
2975277086,-0.38,0.91,0.01,0.97,0.02,1
900988273,0.3,0.84,0.04,0.84,0.12,2
2607873188,-0.77,-0.5,0.04,0.67,0.29,1
301673536,-0.42,0.77,0.01,0.97,0.02,1
4091041232,-0.13,0.24,0.06,0.72,0.22,2
1887077660,-1.0,-0.93,0.07,0.2,0.73,2
2572999397,-1.27,0.19,0.0,0.99,0.01,1
4041819482,0.43,0.46,0.17,0.21,0.62,1
762987277,-0.69,-0.7,0.13,0.1,0.78,2
3922827642,-0.77,-0.8,0.14,0.09,0.77,2
2910248614,-1.68,-1.53,0.04,0.34,0.62,2
2725766876,-0.78,-0.72,0.08,0.19,0.73,2
2313426255,2.12,-1.43,1.0,0.0,0.0,0
3907646440,-0.89,-0.1,0.01,0.93,0.05,1
175378791,-1.52,-0.95,0.01,0.88,0.11,1
1437845351,-0.84,-0.84,0.1,0.1,0.8,2
3937444586,2.2,-0.84,1.0,0.0,0.0,0
272080894,-0.71,-0.74,0.16,0.09,0.75,2
684010270,-0.09,-0.89,0.95,0.01,0.04,0
2779508183,-1.21,-0.17,0.01,0.96,0.03,1
2772561698,-0.72,-0.68,0.09,0.16,0.75,2
3844186893,1.03,-0.03,0.95,0.02,0.04,0
939654907,-0.78,-0.77,0.1,0.12,0.79,2
298559192,-0.6,-0.5,0.08,0.29,0.63,1
3949585138,-0.22,1.38,0.0,0.99,0.01,1
2999114091,0.35,1.31,0.02,0.94,0.04,1
3081924742,-0.78,-0.79,0.12,0.09,0.79,2
1642688813,3.06,1.62,0.98,0.01,0.01,0
3663892675,-0.64,-0.72,0.28,0.08,0.65,2
1476805311,-1.47,1.56,0.0,1.0,0.0,1
4170695439,-0.72,0.17,0.01,0.94,0.04,1
515890549,-0.52,0.2,0.02,0.91,0.07,1
3259602679,1.59,-0.59,1.0,0.0,0.0,0
126736413,-0.04,-0.02,0.15,0.19,0.66,0
3360615324,-1.08,-0.34,0.01,0.92,0.06,1
331045260,1.28,0.66,0.85,0.05,0.1,1
818443610,-1.32,-1.6,0.6,0.03,0.37,2
1324364851,-0.44,0.56,0.01,0.95,0.04,1
2421374811,-0.26,-1.05,0.95,0.01,0.04,2
3173276147,-0.71,0.14,0.01,0.94,0.05,1
385576865,0.34,0.0,0.65,0.08,0.27,0
3150854522,-1.51,2.03,0.0,1.0,0.0,1
408061550,-0.73,-0.48,0.04,0.65,0.31,1
2505444483,-0.77,-1.05,0.72,0.03,0.25,2
2050536121,0.75,-0.66,0.98,0.0,0.01,0
4190026775,-0.82,-0.84,0.12,0.09,0.79,2
4172354426,-0.42,-1.59,0.99,0.0,0.01,0
751917033,-0.4,-0.88,0.87,0.02,0.11,0
1610359276,-1.91,-1.78,0.04,0.28,0.68,1
1023712132,0.13,-0.92,0.97,0.01,0.02,0
3088301452,-0.88,-0.8,0.07,0.22,0.71,2
2498283988,-1.84,0.49,0.0,1.0,0.0,1
2667812647,-0.66,-0.16,0.03,0.85,0.13,1
2481903266,-0.54,-0.25,0.05,0.68,0.27,2
3939606262,-1.45,-2.08,0.92,0.0,0.07,0
3357585916,1.12,0.17,0.93,0.02,0.05,0
151320725,-1.0,-0.82,0.05,0.5,0.46,2
2066357215,-0.51,0.29,0.02,0.93,0.06,1
554021983,0.87,-0.48,0.98,0.01,0.02,0
3728804995,-0.01,-0.18,0.42,0.1,0.48,0
2758791087,-0.5,0.43,0.02,0.94,0.04,1
3057059516,0.04,1.16,0.01,0.96,0.03,1
1950759538,1.3,0.07,0.96,0.01,0.02,0
1813017752,-0.02,-1.24,0.99,0.0,0.01,0
2620977801,1.02,-0.16,0.96,0.01,0.03,2
360307399,1.82,-1.04,1.0,0.0,0.0,0
429078353,-0.23,-1.06,0.96,0.01,0.04,0
3933953474,-0.65,0.05,0.02,0.91,0.07,1
2490577608,-0.92,-0.89,0.09,0.12,0.79,2
1948255326,2.55,2.5,0.22,0.13,0.65,1
2982121620,0.89,-0.73,0.99,0.0,0.01,0
3761357639,-0.52,1.68,0.0,1.0,0.0,1
3192806040,-0.8,-0.97,0.48,0.05,0.47,2
1487224347,-1.02,-0.44,0.02,0.88,0.1,1
181022960,0.97,0.96,0.21,0.18,0.61,2
4234091756,-0.28,-0.33,0.2,0.11,0.68,2
910032304,-1.26,0.51,0.0,0.99,0.01,1
3802436696,-0.87,-1.23,0.79,0.02,0.19,0
1636986956,0.08,-0.59,0.92,0.02,0.06,0
470072545,-0.75,-0.79,0.17,0.08,0.75,2
2565228957,1.8,0.07,0.99,0.0,0.01,0
1360127393,-0.54,-0.54,0.12,0.11,0.77,2
415642091,-1.45,-0.66,0.01,0.93,0.06,1
3433871708,-0.71,-0.72,0.12,0.1,0.78,2
918701898,2.33,0.22,0.99,0.0,0.0,0
3519110586,-1.42,-1.55,0.26,0.05,0.7,0
1884228105,1.22,0.58,0.86,0.05,0.1,0
4243849908,-0.0,-0.88,0.96,0.01,0.04,0
3226464976,-0.04,-0.31,0.62,0.07,0.31,2
2434017401,-1.17,-1.27,0.25,0.06,0.7,2
1298031429,-0.45,-1.69,0.99,0.0,0.01,0
3132810475,-0.25,-0.51,0.65,0.06,0.29,0
1796279788,0.15,-0.86,0.97,0.01,0.03,0
4121255919,-1.62,0.07,0.0,0.99,0.01,1
3374745657,-1.09,0.47,0.0,0.99,0.01,1
2232303558,-0.88,-0.77,0.07,0.29,0.65,1
1604264801,-0.69,-0.81,0.37,0.06,0.57,0
2954182817,-0.28,-0.19,0.1,0.28,0.61,0
1465195501,0.71,-0.05,0.91,0.03,0.07,0
1641848992,-0.8,-0.85,0.18,0.08,0.74,2
1368537694,-0.34,-0.29,0.11,0.2,0.69,2
973087659,1.59,-1.42,1.0,0.0,0.0,0
1517088078,-0.5,0.02,0.03,0.85,0.12,1
2265929423,0.21,0.47,0.09,0.58,0.33,2
363751937,-0.06,-0.45,0.8,0.04,0.16,1
1054681169,-0.11,-0.13,0.18,0.14,0.68,2
4196273503,-0.44,-0.45,0.15,0.11,0.74,2
4137915882,-0.61,1.36,0.0,0.99,0.0,1
1680457541,-0.91,-0.21,0.02,0.91,0.07,1
2741103551,-1.63,-1.12,0.01,0.85,0.14,2
3037374247,-0.79,-0.79,0.1,0.1,0.8,1
2680295631,-0.66,1.62,0.0,1.0,0.0,1
3403157546,-0.88,0.71,0.0,0.99,0.01,1
3041260535,0.06,-0.6,0.91,0.02,0.07,0
2201444344,1.54,0.62,0.92,0.03,0.05,0
2164849513,2.2,1.33,0.93,0.02,0.05,0
2458873319,-0.7,-0.26,0.03,0.82,0.15,1
2592911514,-0.1,-0.12,0.18,0.15,0.67,2
1041066907,-0.85,-0.85,0.1,0.1,0.8,2
2205732813,-0.69,-0.67,0.1,0.12,0.78,2
2790242798,-0.22,-0.3,0.29,0.1,0.61,2
1804415178,-1.07,-1.13,0.17,0.07,0.76,2
2111400508,0.27,1.31,0.01,0.95,0.03,1
744839903,-0.56,-0.28,0.05,0.67,0.28,1
1772225079,-0.78,-0.62,0.06,0.46,0.49,1
3414023952,-0.16,-0.27,0.32,0.1,0.58,0
2134961827,-0.46,-1.15,0.94,0.01,0.05,0
135748570,-0.24,-0.19,0.13,0.19,0.69,2
2632545207,-0.21,-0.66,0.85,0.03,0.12,2
4219164523,-0.35,-0.65,0.73,0.04,0.23,1
2442163720,-0.96,-1.12,0.44,0.05,0.51,0
3418046728,-0.92,0.8,0.0,0.99,0.01,1
1148461389,0.35,0.36,0.18,0.2,0.62,2
3107427406,-0.21,-0.23,0.17,0.13,0.7,2
3071435908,-1.56,0.67,0.0,1.0,0.0,1
3346186111,2.7,1.37,0.97,0.01,0.02,0
3320298324,-1.14,1.93,0.0,1.0,0.0,1
3690021948,-0.61,-0.54,0.09,0.22,0.69,2
3020036095,-0.01,-0.11,0.29,0.12,0.59,0
2003986602,0.16,0.03,0.32,0.13,0.55,0
2638573333,-0.48,-0.5,0.15,0.11,0.74,1
2655077283,-1.64,-1.49,0.04,0.35,0.61,2
1709292342,-0.68,-0.44,0.05,0.63,0.32,1
206824285,-1.44,-1.62,0.39,0.04,0.58,0
2712464912,0.05,-1.48,0.99,0.0,0.0,0
453823463,-0.87,-0.77,0.07,0.27,0.67,2
1538799156,0.13,0.54,0.06,0.75,0.2,0
73227792,-1.08,-0.16,0.01,0.95,0.04,1
1178767280,-0.13,-0.13,0.16,0.16,0.68,2
2828988878,-0.29,-1.2,0.97,0.01,0.03,0
4025158881,-0.78,-0.77,0.1,0.11,0.79,1
2922038018,-0.86,-0.7,0.05,0.45,0.5,1
2170314577,-0.59,-0.76,0.51,0.06,0.43,0
4052512507,-0.71,-0.82,0.31,0.07,0.62,0
2534436837,-0.77,-0.74,0.09,0.14,0.77,1
3543282784,-0.84,-0.95,0.29,0.07,0.65,0
1929909317,1.66,-0.16,0.99,0.0,0.01,0
3130449317,0.91,1.16,0.11,0.53,0.36,0
69976808,0.58,-1.24,1.0,0.0,0.0,0
3779582459,1.15,2.28,0.01,0.96,0.03,1
176896815,1.91,-0.38,1.0,0.0,0.0,0
2813463082,-0.8,-0.78,0.09,0.12,0.79,1
1313062486,-0.06,-0.15,0.28,0.12,0.6,2
4152708184,-0.61,-0.36,0.05,0.64,0.31,1
2247041495,0.99,-1.0,1.0,0.0,0.0,0
1174121595,-1.06,-0.95,0.06,0.31,0.63,1
1494461353,-0.18,-0.93,0.94,0.01,0.05,0
3380574062,0.78,-0.78,0.99,0.0,0.01,0
1681094675,-0.62,0.15,0.02,0.92,0.06,1
53759321,-0.48,-0.52,0.19,0.1,0.71,2
854836773,1.09,-0.25,0.97,0.01,0.02,0
382356448,-0.77,-0.81,0.17,0.08,0.75,2
1899886438,0.09,1.02,0.02,0.94,0.04,1
3223010823,-0.02,1.28,0.01,0.97,0.02,0
1739340155,-0.21,-0.33,0.35,0.09,0.55,0
788237136,-0.69,-0.79,0.32,0.07,0.61,2
1886027967,-0.89,0.03,0.01,0.95,0.04,1
2604914018,0.13,-0.03,0.38,0.11,0.5,2
84762535,-0.71,-0.14,0.02,0.88,0.1,2
4041236291,-0.64,-0.66,0.14,0.1,0.76,2
3893859286,0.9,1.45,0.04,0.85,0.11,1
2941465284,-0.29,-1.52,0.99,0.0,0.01,0
2278441843,0.63,2.81,0.0,1.0,0.0,1
414044229,1.59,0.16,0.98,0.01,0.02,0
2917121497,0.61,-0.1,0.9,0.03,0.07,0
1795759924,-0.77,0.6,0.01,0.98,0.01,1
4173100975,-0.5,-0.59,0.28,0.08,0.63,0
3255954028,-0.65,1.7,0.0,1.0,0.0,1
1502341756,0.28,-0.4,0.91,0.02,0.07,0
3528245748,-0.53,-0.3,0.06,0.6,0.34,1
3152076683,-0.59,-0.3,0.05,0.67,0.28,1
3516071934,-1.69,-0.97,0.01,0.92,0.07,1
1356160412,-0.42,0.01,0.04,0.8,0.16,1
923242462,-1.06,-0.48,0.02,0.88,0.1,1
455615423,-0.71,1.71,0.0,1.0,0.0,1
3213882971,1.34,0.1,0.96,0.01,0.02,0
261349740,0.41,0.45,0.16,0.22,0.61,2
806472052,-0.77,-0.62,0.06,0.44,0.51,1
3349012964,-1.56,0.22,0.0,0.99,0.0,1
3853993207,1.2,-0.84,1.0,0.0,0.0,0
544304079,-0.96,0.02,0.01,0.96,0.03,1
2049809382,0.24,-1.44,1.0,0.0,0.0,0
2320470767,-0.64,1.45,0.0,1.0,0.0,1
1330157007,-0.84,-0.82,0.09,0.12,0.79,2
674450823,-0.88,-0.33,0.02,0.87,0.11,1
1477883264,0.23,0.29,0.15,0.23,0.61,2
1198335801,-0.06,-1.51,0.99,0.0,0.01,0
2935230604,-0.64,0.47,0.01,0.96,0.03,1
3217505099,-0.27,0.13,0.05,0.77,0.18,1
2627791758,-0.19,-0.14,0.12,0.22,0.66,1
3080123724,-0.71,-0.75,0.17,0.08,0.74,0
3947195225,0.11,0.21,0.13,0.31,0.56,2
885711579,0.16,-0.75,0.96,0.01,0.03,0
2506290487,-1.09,-0.75,0.03,0.75,0.22,1
3774608094,0.8,-1.0,0.99,0.0,0.0,0
3684376048,-0.77,-0.77,0.1,0.11,0.79,1
1537593110,-0.79,-0.74,0.08,0.17,0.74,0
3205423009,-0.95,-0.95,0.1,0.09,0.81,2
3266209676,-0.48,0.14,0.02,0.89,0.09,2
1771650015,-0.85,-0.89,0.15,0.08,0.77,2
1998366514,2.14,-1.4,1.0,0.0,0.0,0
3620464025,-0.8,-0.79,0.1,0.11,0.8,2
2800908316,1.65,-1.37,1.0,0.0,0.0,0
423443126,-0.18,-0.63,0.85,0.03,0.12,0
691089561,1.12,0.97,0.36,0.14,0.5,2
2561497668,0.02,-1.17,0.98,0.0,0.01,0
1894249317,-0.34,1.05,0.01,0.98,0.01,1
1529348510,-1.37,-1.39,0.1,0.07,0.83,0
1029438168,-0.95,-1.03,0.24,0.07,0.7,2
2887898893,-0.82,-0.84,0.12,0.09,0.79,2
1250645026,-0.9,-0.81,0.07,0.26,0.67,2
4136666407,-1.08,1.52,0.0,1.0,0.0,1
376360783,-1.13,-0.11,0.01,0.96,0.03,1
257935880,0.1,-0.33,0.81,0.04,0.15,0
2863983210,1.7,1.45,0.49,0.11,0.41,1
2186367491,-1.05,1.17,0.0,1.0,0.0,1
135821542,1.98,-0.5,1.0,0.0,0.0,0
3259867051,2.48,1.98,0.8,0.05,0.15,0
2308084555,-0.63,-0.74,0.35,0.07,0.58,2
407262948,-0.12,1.16,0.01,0.97,0.02,1
696201527,-0.81,-0.78,0.09,0.13,0.78,2
2585429922,0.15,2.97,0.0,1.0,0.0,1
1891331196,0.55,0.68,0.14,0.33,0.53,0
2071377164,-1.02,-0.84,0.05,0.47,0.48,1
1140161651,-0.08,0.07,0.1,0.4,0.5,2
1523694132,-0.55,1.36,0.0,0.99,0.0,1
3448459996,-0.93,-0.77,0.05,0.43,0.52,2
836181707,-0.5,1.41,0.0,0.99,0.0,1
1273599660,-0.87,-0.95,0.23,0.07,0.7,0
3096214989,-0.73,-0.68,0.09,0.18,0.74,2
2656375145,-0.85,-0.84,0.09,0.11,0.79,2
2311660940,-1.31,-0.61,0.01,0.92,0.07,1
4185499146,-0.09,-0.24,0.38,0.1,0.52,0
4294710549,0.18,-0.4,0.89,0.03,0.09,0
1886833793,0.56,-1.18,0.99,0.0,0.0,0
3772975709,-0.91,-1.0,0.24,0.07,0.69,0
519031855,0.57,-1.58,1.0,0.0,0.0,0
3876114934,-0.31,-0.34,0.18,0.11,0.7,2
2665103953,-1.32,-1.22,0.05,0.25,0.69,2
1611788807,-1.2,0.7,0.0,0.99,0.0,1
2429617115,-0.17,-0.6,0.84,0.03,0.13,0
2026412864,-0.66,2.84,0.0,1.0,0.0,1
1896351606,0.53,0.52,0.2,0.19,0.61,0
2164610527,-0.84,-0.84,0.11,0.09,0.8,2
219693035,0.22,1.07,0.02,0.93,0.05,1
2017736139,1.18,-1.32,1.0,0.0,0.0,0
625584483,0.06,0.19,0.12,0.36,0.52,2
864780792,-0.86,-0.87,0.11,0.09,0.8,2
3177109326,3.09,-0.66,1.0,0.0,0.0,0
4185190563,-0.61,-0.38,0.05,0.6,0.35,1
36530527,-0.7,-0.28,0.03,0.81,0.16,2
308301547,-0.91,-0.91,0.1,0.09,0.81,2
1679248302,1.31,-0.16,0.98,0.01,0.01,0
3711135394,0.1,-0.25,0.71,0.06,0.23,0
2111634956,-0.25,1.23,0.01,0.98,0.01,1
3602360423,-0.44,-1.05,0.92,0.01,0.07,0
2230876499,-0.47,0.66,0.01,0.96,0.03,2
4283339257,1.64,-0.43,1.0,0.0,0.0,0
1832824111,0.13,-1.38,0.99,0.0,0.01,0
2352398385,-1.12,0.47,0.0,0.99,0.01,1
3413205043,-1.06,-1.06,0.09,0.09,0.82,2
1985463580,-1.1,1.47,0.0,1.0,0.0,1
1336401375,0.82,1.68,0.02,0.93,0.05,2
81192693,0.03,-0.12,0.37,0.11,0.52,2
626800367,0.51,-1.02,0.99,0.0,0.01,0
3971456077,0.62,0.95,0.08,0.66,0.26,1
388326434,-1.41,1.33,0.0,1.0,0.0,1
1615087207,-0.88,-0.08,0.01,0.93,0.05,2
2478121335,0.1,-1.16,0.99,0.0,0.01,0
860641627,0.3,-0.19,0.84,0.04,0.12,0
851453505,-0.73,-0.79,0.21,0.08,0.71,2
2461569657,-1.73,1.15,0.0,1.0,0.0,1
2849101739,-0.81,-0.84,0.14,0.08,0.78,0
3047334505,-1.11,-1.05,0.07,0.16,0.77,2
2668852583,-0.63,0.17,0.02,0.93,0.05,1
2202203345,-0.38,-0.38,0.15,0.12,0.73,2
947925885,0.49,0.38,0.3,0.15,0.56,0
2367123411,-0.8,-0.71,0.07,0.27,0.66,1
3864557134,-0.68,-0.77,0.29,0.07,0.64,1
2603845718,-0.55,-0.42,0.07,0.38,0.55,1
2467043458,-0.42,1.73,0.0,1.0,0.0,1
3589410058,-0.89,-0.95,0.2,0.07,0.73,2
2384982339,-0.86,-1.31,0.86,0.01,0.12,0
3426921797,0.02,-0.19,0.51,0.09,0.4,2
3958217879,-0.03,1.75,0.0,0.99,0.01,1
214377552,-0.59,-0.9,0.77,0.03,0.2,0
3677158449,0.3,-1.18,0.99,0.0,0.01,0
1950470959,-0.29,-1.04,0.95,0.01,0.04,2
3896523180,-0.23,-0.25,0.17,0.13,0.7,2
1597928032,-1.14,1.27,0.0,1.0,0.0,1
3174308010,-0.41,1.59,0.0,1.0,0.0,1
2639159231,-0.71,-0.89,0.5,0.05,0.45,0
1195692711,0.82,0.09,0.89,0.03,0.07,0
1397736996,-0.67,-0.6,0.08,0.23,0.69,1
1945305751,0.47,-0.71,0.98,0.01,0.02,0
3024301479,-0.76,-0.77,0.12,0.09,0.78,2
4126005064,2.52,0.29,1.0,0.0,0.0,0
3691980282,0.29,0.35,0.15,0.24,0.61,2
99673516,-0.81,-0.79,0.09,0.12,0.79,2
2231081535,-0.79,-0.8,0.11,0.09,0.79,2
674488145,-0.17,1.09,0.01,0.97,0.02,1
3498560094,0.42,-0.32,0.91,0.02,0.06,0
2110413895,0.44,2.53,0.0,1.0,0.0,1
3821693345,0.29,-1.18,0.99,0.0,0.01,0
1259604931,-0.58,-0.56,0.11,0.12,0.77,2
2219448885,-0.93,-0.71,0.04,0.6,0.36,2
1716691769,-1.25,-1.39,0.33,0.05,0.62,0
2354592231,0.08,-0.71,0.94,0.01,0.05,0
2938749224,-0.61,-0.59,0.1,0.13,0.77,1
859060354,0.23,-0.31,0.87,0.03,0.1,0
3544030483,-0.81,-0.82,0.11,0.09,0.8,2
2764848442,-0.69,0.86,0.0,0.99,0.01,1
897589369,-0.53,0.97,0.01,0.98,0.01,1
2801104415,-0.42,-1.23,0.96,0.01,0.03,0
4053137844,0.87,-0.74,0.99,0.0,0.01,0
2227146624,-0.82,-0.84,0.12,0.09,0.79,2
2087651117,-0.81,-0.74,0.08,0.21,0.72,2
1428464001,-0.95,-0.84,0.06,0.3,0.64,2
2812833965,-1.54,-0.52,0.01,0.97,0.03,1
3306209769,-0.56,1.4,0.0,0.99,0.0,1
3651508507,0.56,-1.28,1.0,0.0,0.0,0
3496246343,-0.75,-1.38,0.93,0.01,0.06,0
1586375920,-0.61,-0.55,0.09,0.18,0.72,1
1223168431,2.03,2.08,0.17,0.2,0.64,0
2807443587,-1.15,-0.54,0.02,0.89,0.09,1
101762713,-0.65,-1.16,0.89,0.01,0.09,0
3293265133,1.23,-1.44,1.0,0.0,0.0,0
3709299191,-1.18,-0.12,0.01,0.97,0.03,1
3930676060,-0.73,-1.05,0.77,0.03,0.2,0
2668155920,-0.04,0.95,0.02,0.95,0.04,1
3647020989,-1.27,1.05,0.0,1.0,0.0,1
3787447321,-0.85,-0.86,0.11,0.09,0.8,2
2389915850,-1.49,-1.36,0.05,0.32,0.64,2
2132061277,-1.7,-1.73,0.09,0.06,0.85,2
2842691985,-0.74,-0.66,0.07,0.25,0.67,2
2202754312,0.62,-0.91,0.99,0.0,0.01,0
4166109946,1.35,-1.46,1.0,0.0,0.0,0
1295192495,-0.87,-0.84,0.09,0.12,0.79,1
2878930457,-0.65,0.21,0.01,0.94,0.05,1
2580582213,1.49,0.12,0.97,0.01,0.02,0
2470010267,-0.82,-0.85,0.14,0.08,0.78,2
3743743457,-0.66,-0.7,0.18,0.09,0.74,2
2345812599,-0.85,-0.8,0.08,0.17,0.75,0
2631536997,0.4,-0.03,0.77,0.06,0.17,0
280899913,0.25,1.88,0.0,0.99,0.01,1
4130660098,-0.82,-0.8,0.09,0.13,0.78,0
536115267,-0.71,-0.71,0.1,0.11,0.79,0
214699911,-0.38,-0.06,0.05,0.71,0.24,1
3732909513,-0.33,0.39,0.02,0.91,0.07,1
278163564,1.69,-0.25,0.99,0.0,0.0,0
1553201456,-0.46,2.34,0.0,1.0,0.0,1
4174492587,-0.67,-0.66,0.11,0.11,0.78,1
3242250523,-0.76,-0.73,0.09,0.14,0.77,2
2916172642,-0.96,-1.0,0.14,0.08,0.79,2
3789612581,-0.88,-0.87,0.09,0.1,0.8,2
3046072143,-0.75,-0.76,0.12,0.1,0.79,2
2457398424,-1.02,-1.59,0.92,0.01,0.08,0
532993875,-0.79,-0.16,0.02,0.9,0.08,1
2310731323,-0.2,-0.24,0.2,0.12,0.68,1
1827076732,-0.91,0.17,0.01,0.96,0.03,1
498357276,-0.72,-0.52,0.05,0.57,0.38,0
236170502,0.95,-0.63,0.99,0.0,0.01,0
1185249035,2.61,-0.34,1.0,0.0,0.0,0
127305631,0.73,0.73,0.2,0.19,0.61,2
4086036816,-0.09,0.6,0.03,0.9,0.08,1
974269050,-1.88,-0.54,0.0,0.99,0.01,1
601917440,-0.22,0.0,0.08,0.55,0.37,2
2111270879,0.67,2.27,0.0,0.99,0.01,1
337226421,-1.05,0.35,0.0,0.98,0.01,1
3106917260,-0.41,0.37,0.02,0.92,0.06,1
936275611,-1.23,-0.39,0.01,0.94,0.05,1
4159245152,1.75,1.22,0.82,0.05,0.13,0
114099029,-0.31,-0.23,0.11,0.24,0.65,2
2070445002,-0.4,-1.16,0.95,0.01,0.04,2
3878423896,0.84,0.81,0.22,0.18,0.6,1
2950397721,-0.78,-0.75,0.09,0.14,0.77,2
1909297628,-0.97,-0.98,0.1,0.08,0.81,2
719892604,-0.64,-0.63,0.11,0.11,0.78,2
3103614756,0.91,0.34,0.83,0.05,0.12,0
747875878,1.16,-0.5,0.99,0.0,0.01,0
2296795192,0.39,-1.98,1.0,0.0,0.0,0
2999646223,0.27,0.37,0.14,0.3,0.56,2
1113800948,-1.58,-1.48,0.05,0.21,0.74,0
880759896,-2.0,-2.02,0.06,0.06,0.88,2
3792381618,-0.88,-0.9,0.13,0.08,0.79,2
2802536261,0.11,0.22,0.13,0.32,0.55,1
2911877073,-0.81,-0.81,0.1,0.1,0.8,1
3793926111,-0.82,-0.8,0.09,0.12,0.79,2
3658285698,-0.95,-1.13,0.48,0.05,0.48,2
1373429891,-0.89,0.22,0.01,0.97,0.03,1
2417871799,-0.46,-0.37,0.09,0.27,0.64,0
2740916294,-1.21,1.17,0.0,1.0,0.0,1
4060437195,0.26,0.87,0.03,0.87,0.09,1
3187538396,-0.82,-0.8,0.09,0.12,0.79,2
4094654247,-0.17,-1.43,0.99,0.0,0.01,0
399336192,0.93,0.24,0.88,0.04,0.08,0
541590787,-0.78,-0.78,0.1,0.1,0.8,2
3653455926,-0.6,-0.54,0.09,0.21,0.7,0
2757890904,-0.09,-0.77,0.93,0.01,0.06,0
3837598659,-0.15,-0.03,0.11,0.33,0.56,2
1372172054,-0.68,-0.69,0.12,0.1,0.78,2
1106686892,-0.82,-0.85,0.14,0.08,0.78,2
1131468117,0.3,-1.74,1.0,0.0,0.0,0
2572173053,0.36,-0.47,0.94,0.02,0.05,0
2587808407,-0.82,-0.81,0.09,0.12,0.79,2
148384486,-1.36,1.85,0.0,1.0,0.0,1
3712076237,-0.29,-1.2,0.97,0.01,0.03,0
676801749,-1.0,1.58,0.0,1.0,0.0,1
3901758385,-1.2,0.92,0.0,1.0,0.0,1
3095866924,-0.94,1.88,0.0,1.0,0.0,1
3569017602,0.09,-0.91,0.97,0.01,0.03,0
2556436239,-0.82,-0.77,0.08,0.16,0.76,2
1860275029,0.58,-0.25,0.93,0.02,0.05,0
3404795810,-0.77,-0.79,0.13,0.09,0.78,2
4230892453,0.49,-0.5,0.96,0.01,0.03,0
999850215,-0.25,-1.15,0.97,0.01,0.03,0
4107388705,-0.39,-0.43,0.2,0.1,0.7,2
215255198,0.07,-0.25,0.68,0.07,0.25,0
3917491293,-0.57,-0.71,0.42,0.07,0.51,2
593579816,0.47,1.59,0.01,0.96,0.03,1
3898978250,-1.4,1.44,0.0,1.0,0.0,1
1312090506,-0.22,-0.48,0.64,0.06,0.3,2
1834598146,-0.98,-0.52,0.02,0.83,0.14,1
2225148928,-0.74,-0.75,0.12,0.1,0.79,2
3842524248,-0.85,-0.84,0.09,0.11,0.79,1
2814726722,0.82,0.81,0.21,0.19,0.61,0
729755643,-0.65,-0.42,0.05,0.6,0.34,1
3380975776,-0.41,-1.1,0.94,0.01,0.05,2
3570786623,-1.78,-0.02,0.0,0.99,0.0,1
4054528390,-1.27,-0.2,0.01,0.97,0.03,1
2634993256,-0.37,-0.28,0.1,0.26,0.64,2
3119934809,1.03,-1.49,1.0,0.0,0.0,0
3373268140,-1.44,-0.4,0.01,0.97,0.03,1
3121557502,-1.12,-0.77,0.02,0.77,0.21,1
4162979002,-0.79,-0.8,0.11,0.09,0.79,2
4196634256,-1.09,-0.92,0.05,0.46,0.5,2
4267665021,0.95,2.3,0.01,0.98,0.02,1
2776945684,-1.2,0.16,0.0,0.98,0.01,1
3945696629,-0.94,-0.05,0.01,0.95,0.04,1
808724574,-0.69,-0.81,0.37,0.06,0.57,2
2221425238,-0.36,-0.72,0.8,0.03,0.16,0
720760417,-0.79,1.72,0.0,1.0,0.0,1
1369689252,0.61,0.47,0.33,0.14,0.52,0
450267467,-0.47,-0.64,0.51,0.06,0.43,0
1186945177,0.25,-0.34,0.89,0.03,0.09,0
3068273905,-0.15,-1.05,0.96,0.01,0.03,0
145160168,-0.73,-0.75,0.13,0.09,0.78,2
2583771524,0.68,-0.87,0.99,0.0,0.01,0
2306728147,-1.63,-1.73,0.17,0.04,0.79,2
1624388184,2.25,1.6,0.88,0.04,0.08,0
1968405143,0.27,1.21,0.02,0.94,0.04,1
518170843,-0.33,-0.19,0.09,0.39,0.52,1
2872159432,1.18,0.45,0.88,0.04,0.08,0
2272132929,-0.09,-0.45,0.77,0.05,0.19,0
2926826163,-1.45,-1.3,0.04,0.37,0.59,1
3203443621,-1.0,-1.12,0.32,0.06,0.62,2
2556836379,0.33,-0.68,0.96,0.01,0.03,0
790713388,-0.73,-0.71,0.1,0.12,0.78,1
2006364550,-0.71,-0.71,0.1,0.11,0.79,2
2173195440,-1.62,-1.87,0.46,0.03,0.52,0
280218216,-0.71,-0.74,0.15,0.09,0.77,1
460742431,-0.09,-1.22,0.98,0.0,0.02,0
1796379078,1.18,0.47,0.88,0.04,0.08,0
2725068917,-0.82,-0.8,0.09,0.12,0.79,2
4084068108,1.5,0.81,0.87,0.04,0.08,2
522055524,-0.9,-0.93,0.12,0.08,0.79,1
352633130,-0.99,-0.82,0.05,0.45,0.5,2
992362842,-1.44,-1.52,0.17,0.05,0.78,2
4031920788,-0.46,-0.19,0.05,0.66,0.29,1
879891010,1.3,-1.31,1.0,0.0,0.0,0
1923281437,0.21,1.77,0.0,0.99,0.01,1
183203376,1.97,-0.94,1.0,0.0,0.0,0
954299079,-0.84,-0.84,0.1,0.1,0.8,0
2487433631,-0.67,-0.76,0.27,0.07,0.65,2
1248322060,-0.76,-0.74,0.1,0.12,0.79,2
928799845,-0.22,2.47,0.0,1.0,0.0,1
81731578,-0.56,0.92,0.01,0.98,0.01,1
1291417856,-0.91,-1.21,0.72,0.03,0.26,0
1383673699,-0.79,-0.71,0.07,0.25,0.68,1
3172838105,1.05,1.04,0.21,0.18,0.61,0
709136463,-0.38,-1.09,0.94,0.01,0.05,0
2529217095,-1.8,1.01,0.0,1.0,0.0,1
2008085748,0.96,0.46,0.8,0.06,0.14,2
109427323,0.25,-0.81,0.97,0.01,0.02,0
1988441187,-0.47,-0.79,0.77,0.03,0.2,0
4008896378,0.33,0.1,0.47,0.11,0.41,0
1011739923,-0.5,-0.67,0.52,0.06,0.42,0
1670898910,0.15,-1.37,0.99,0.0,0.01,0
1159086214,0.03,-1.46,0.99,0.0,0.01,0
2201194221,0.7,-1.46,1.0,0.0,0.0,0
966730580,0.34,-0.96,0.98,0.0,0.01,0
2273093418,0.86,-1.64,1.0,0.0,0.0,0
2998410881,-0.54,1.17,0.0,0.99,0.01,1
333317621,-0.69,-0.68,0.1,0.11,0.79,2
793866593,-0.0,0.16,0.1,0.44,0.46,2
4133848483,-1.44,1.63,0.0,1.0,0.0,1
1086319324,-1.11,-1.07,0.07,0.14,0.79,1
2340964869,-1.28,0.77,0.0,1.0,0.0,1
1379423973,0.73,-0.95,0.99,0.0,0.01,0
2120476261,0.4,-0.26,0.89,0.03,0.08,0
407695351,1.58,-0.41,0.99,0.0,0.0,0
1137796468,1.46,-1.25,1.0,0.0,0.0,0
2237478423,-0.26,-0.72,0.86,0.02,0.11,0
3395324679,-0.74,-0.76,0.13,0.09,0.78,2
1271147429,-0.52,-0.21,0.05,0.69,0.26,1
3130354171,-0.64,-0.64,0.11,0.11,0.78,0
942492220,-0.75,-0.74,0.1,0.11,0.79,2
620603737,1.12,-0.16,0.97,0.01,0.02,0
1040181420,2.22,-1.12,1.0,0.0,0.0,0
1482041285,1.37,-1.52,1.0,0.0,0.0,0
2781454550,-0.6,0.14,0.02,0.92,0.06,1
219278908,1.05,-0.03,0.95,0.02,0.03,0
2769548390,-0.42,0.79,0.01,0.97,0.02,1
1281074258,-0.79,-0.84,0.16,0.08,0.76,2
654570015,-0.8,-0.85,0.18,0.08,0.74,2
3249251833,-1.32,1.8,0.0,1.0,0.0,1
3164460276,-0.13,-0.13,0.16,0.16,0.68,0
709902284,-0.84,-0.8,0.09,0.14,0.77,1
811264514,-0.6,-0.61,0.13,0.1,0.77,2
2157566122,0.82,-1.62,1.0,0.0,0.0,0
2460680553,1.12,-0.98,1.0,0.0,0.0,0
2337156655,-0.25,-0.18,0.12,0.23,0.65,2
2369474103,-0.73,-0.64,0.07,0.27,0.65,1
221706740,0.42,1.51,0.01,0.96,0.03,1
736482923,0.02,-0.03,0.22,0.14,0.64,0
2723714271,2.39,-0.94,1.0,0.0,0.0,0
2630822727,-0.71,-0.72,0.12,0.1,0.78,2
1369322842,0.11,0.29,0.1,0.46,0.44,1
4072554069,-0.79,-0.79,0.1,0.1,0.8,2
3436586721,-0.74,-0.72,0.1,0.12,0.78,2
2655827681,-0.95,-0.69,0.03,0.67,0.29,1
1893160339,-0.82,-0.8,0.09,0.13,0.78,2
2238283727,-0.78,-0.75,0.09,0.14,0.77,2
2370023211,-1.49,0.84,0.0,1.0,0.0,1
316838673,-0.59,-0.67,0.28,0.08,0.64,0
160304853,-0.81,-0.74,0.08,0.21,0.72,2
175483328,-0.79,-0.8,0.11,0.09,0.79,1
3601789075,-0.64,-0.64,0.11,0.11,0.78,2
3962271106,-0.67,1.13,0.0,0.99,0.01,1
1819373590,-0.78,-0.77,0.1,0.11,0.79,2
3797405137,-1.55,1.05,0.0,1.0,0.0,1
3452306533,-0.74,-0.9,0.46,0.05,0.48,0
2070678602,0.41,-1.23,0.99,0.0,0.0,0
3479708194,0.03,-0.91,0.96,0.01,0.03,0
274651139,-1.05,0.53,0.0,0.99,0.01,1
1346809321,-1.41,0.92,0.0,1.0,0.0,1
892092857,-0.98,-1.35,0.79,0.02,0.19,0
3180962839,-0.79,-0.77,0.09,0.12,0.78,2
1705339654,0.43,-1.02,0.99,0.0,0.01,0
2080267783,-1.39,0.71,0.0,1.0,0.0,1
3609980369,-1.25,-0.64,0.01,0.89,0.09,2
4203500866,-1.0,-0.37,0.02,0.9,0.09,1
1409840576,-0.76,-0.74,0.1,0.12,0.79,2
2493362432,-0.82,-0.82,0.1,0.1,0.8,2
2027838479,-0.54,-0.54,0.12,0.11,0.77,2
764833414,-0.82,-0.82,0.11,0.09,0.8,2
1340521071,0.14,1.23,0.01,0.96,0.03,1
885466397,-0.97,-1.03,0.18,0.07,0.75,2
387966435,0.54,-0.61,0.97,0.01,0.02,0
715861427,-0.5,-1.91,0.99,0.0,0.01,0
1774870098,0.81,2.39,0.0,0.99,0.01,1
4185040809,-0.75,-0.72,0.09,0.14,0.77,2
4272662512,0.82,-0.72,0.99,0.0,0.01,0
3293715271,-0.27,-1.7,0.99,0.0,0.01,0
658615491,-0.58,-0.02,0.03,0.87,0.1,1
4131908326,0.1,0.38,0.08,0.61,0.31,1
1071856479,-0.77,-0.77,0.1,0.1,0.8,2
3714901937,-0.73,-0.71,0.1,0.13,0.77,2
2506574965,-0.82,1.53,0.0,1.0,0.0,1
1000516704,0.36,0.31,0.22,0.17,0.61,2
2254551554,0.77,0.55,0.45,0.13,0.41,0
442506882,-0.75,-0.8,0.18,0.08,0.74,2
288663614,-0.79,-0.64,0.06,0.44,0.5,1
1046426838,-0.43,-0.84,0.84,0.02,0.14,0
2775326997,1.92,0.06,0.99,0.0,0.01,0
765312542,-1.31,-1.31,0.08,0.08,0.83,2
3167564064,1.33,-1.17,1.0,0.0,0.0,0
2908257577,1.92,-0.16,1.0,0.0,0.0,0
1732984003,1.12,-0.22,0.97,0.01,0.02,0
3508046419,-1.34,1.45,0.0,1.0,0.0,1
1717339138,-1.34,1.16,0.0,1.0,0.0,1
1775491011,0.67,0.35,0.61,0.1,0.29,0
752788370,0.66,-0.63,0.98,0.01,0.02,0
1491464564,-0.41,0.7,0.01,0.96,0.03,1
1099465001,1.41,-0.01,0.98,0.01,0.02,0
2968393875,-0.32,-0.65,0.77,0.04,0.19,0
3799834852,-0.28,-0.65,0.8,0.03,0.16,0
671119891,-0.84,1.32,0.0,1.0,0.0,1
1431244268,1.36,-0.35,0.99,0.0,0.01,0
751685098,-0.06,-0.82,0.94,0.01,0.05,0
3549207092,0.7,1.01,0.08,0.63,0.28,2
1885619857,-1.39,0.82,0.0,1.0,0.0,1
559079718,1.42,1.16,0.51,0.11,0.38,0
2222782509,-1.42,0.27,0.0,0.99,0.01,1
929343955,-1.51,-1.46,0.06,0.13,0.81,2
844272420,-0.77,-0.75,0.09,0.13,0.78,2
558651672,0.27,0.27,0.19,0.19,0.62,2
3239341495,-0.42,-0.08,0.05,0.73,0.22,1
1355292852,-0.08,-0.09,0.17,0.16,0.67,2
651831051,-0.55,0.79,0.01,0.98,0.02,2
701090837,-1.18,0.84,0.0,1.0,0.0,1
4026215365,-0.81,-0.66,0.06,0.41,0.53,1
1122236162,-0.27,-1.38,0.98,0.0,0.02,0
165269782,-0.95,-0.89,0.07,0.2,0.73,2
4071119475,-0.84,-0.84,0.1,0.1,0.8,2
3974493382,0.95,0.7,0.5,0.13,0.38,1
2896336452,0.09,-1.08,0.98,0.0,0.02,0
3545050685,0.55,-1.1,0.99,0.0,0.01,0
1617187348,-0.71,0.21,0.01,0.95,0.04,1
3037463089,-0.51,-0.44,0.09,0.24,0.67,0
2111603971,-0.42,2.45,0.0,1.0,0.0,1
1679521376,0.16,-1.5,1.0,0.0,0.0,0
2907352135,-0.55,-0.35,0.06,0.56,0.38,2
3625290889,0.36,-1.51,1.0,0.0,0.0,0
954219870,-0.64,0.27,0.01,0.94,0.04,1
1795514446,-0.21,0.53,0.02,0.91,0.07,1
2500967168,1.22,-1.68,1.0,0.0,0.0,0
3314513141,1.84,-0.36,1.0,0.0,0.0,0
3399677846,-0.72,-0.97,0.66,0.04,0.3,0
371917764,-1.12,1.63,0.0,1.0,0.0,1
2366055944,-0.73,-0.71,0.1,0.13,0.77,1
3133197572,0.21,-0.3,0.86,0.03,0.11,1
444724607,0.91,-0.61,0.99,0.0,0.01,0
492456628,1.84,-0.56,1.0,0.0,0.0,0
1598955966,0.34,-1.59,1.0,0.0,0.0,0
422227944,-0.74,-0.86,0.35,0.06,0.59,0
3336420701,1.71,-1.45,1.0,0.0,0.0,0
2191843102,-0.71,-0.74,0.15,0.09,0.77,2
682307527,-0.76,-0.61,0.06,0.41,0.53,2
1309374619,-0.66,-0.61,0.09,0.18,0.73,2
3557228238,-0.84,-0.82,0.09,0.11,0.8,1
668947112,-0.65,-0.68,0.16,0.09,0.75,0
1262277806,-0.17,1.1,0.01,0.97,0.02,1
1938326808,-0.77,-0.78,0.12,0.09,0.78,2
2938633183,-0.19,-0.18,0.15,0.16,0.69,2
2115711658,0.24,-1.24,0.99,0.0,0.01,0
3829836931,-1.21,-1.28,0.18,0.06,0.76,0
466203870,-0.85,-0.77,0.07,0.23,0.7,1
2426008237,-1.59,1.3,0.0,1.0,0.0,1
1471525304,-0.64,-0.59,0.09,0.18,0.73,2
926377205,0.41,0.33,0.26,0.15,0.59,2
921675180,1.15,0.38,0.9,0.03,0.07,0
796837663,-0.82,-0.82,0.1,0.11,0.8,2
2798714627,0.39,-0.84,0.98,0.0,0.01,0
3113462875,-1.44,0.95,0.0,1.0,0.0,1
3487668313,-0.61,2.12,0.0,1.0,0.0,1
512312340,-0.82,-0.81,0.09,0.12,0.79,2
2287851223,-0.26,0.26,0.04,0.84,0.12,1
2291804439,-0.82,-0.84,0.14,0.08,0.78,1
2339243447,0.18,0.14,0.21,0.16,0.62,2
2127812703,-0.1,-0.21,0.3,0.11,0.59,0
3872450315,-0.81,-0.84,0.14,0.08,0.78,1
1262513289,-1.55,-1.65,0.18,0.05,0.78,2
956130768,-0.67,-0.66,0.11,0.11,0.78,0
2789981094,-0.39,-0.43,0.2,0.1,0.7,2
664992442,0.21,0.97,0.02,0.91,0.06,1
3863882698,-0.79,-0.71,0.07,0.25,0.68,2
2666457989,-1.05,-0.19,0.01,0.95,0.04,1
1910389575,-1.67,-1.6,0.05,0.16,0.79,2
3785435377,-0.55,-0.6,0.19,0.09,0.72,2
2233457260,-1.62,0.2,0.0,0.99,0.0,1
3186625285,-0.84,-0.87,0.13,0.08,0.79,2
242177248,0.83,0.42,0.72,0.08,0.2,1
1839372656,-0.82,-0.85,0.14,0.08,0.78,2
726174480,-0.38,-0.35,0.12,0.16,0.72,1
922407155,-0.35,-1.05,0.94,0.01,0.05,1
1590598939,1.4,0.85,0.82,0.06,0.13,0
2777776509,-0.88,-0.89,0.11,0.09,0.8,2
1999583787,-1.04,0.46,0.0,0.99,0.01,1
3099535415,-0.78,0.2,0.01,0.95,0.04,1
3574302018,-0.56,-0.54,0.11,0.13,0.76,2
2373807787,0.29,-0.99,0.98,0.0,0.01,0
828828289,0.01,1.48,0.01,0.98,0.01,1
3647483620,0.71,0.68,0.22,0.18,0.6,1
921281855,1.67,-0.52,1.0,0.0,0.0,0
1891434293,-0.73,-0.59,0.06,0.42,0.52,1
3531039728,0.55,0.5,0.23,0.17,0.6,2
3196472129,1.6,0.96,0.86,0.05,0.1,1
2299727080,-0.44,-0.43,0.12,0.13,0.75,1
2714604444,0.11,1.54,0.01,0.98,0.01,1
3029522789,-0.86,-0.82,0.08,0.14,0.77,2
1788856010,-0.79,-0.75,0.09,0.16,0.75,2
338957473,0.06,-1.44,0.99,0.0,0.01,0
1846924347,-0.25,-0.22,0.13,0.17,0.7,1
1802997966,-0.31,0.09,0.05,0.77,0.18,1
768303578,-1.78,-1.35,0.01,0.8,0.19,1
2585414767,0.74,-0.63,0.98,0.0,0.01,0
2094942759,0.42,-0.16,0.87,0.04,0.1,0
2846334885,-1.02,-1.08,0.16,0.07,0.77,2
2957114524,-0.84,-0.82,0.09,0.12,0.79,2
4276171493,-0.29,-0.64,0.78,0.04,0.19,0
3098862311,0.39,-1.28,0.99,0.0,0.0,0
3918983932,-0.2,-0.72,0.89,0.02,0.09,0
1276856134,2.12,-1.8,1.0,0.0,0.0,0
274682742,-0.63,-0.76,0.39,0.06,0.54,0
3998747582,2.55,-0.91,1.0,0.0,0.0,0
1195144276,-0.76,-0.75,0.1,0.11,0.79,0
2751348587,0.41,0.29,0.3,0.14,0.55,2
1458259549,-0.77,-0.8,0.14,0.09,0.77,2
1208266310,-0.54,-0.36,0.06,0.51,0.43,1
694866183,0.38,-1.2,0.99,0.0,0.01,0
1840131058,1.39,0.73,0.86,0.04,0.09,0
4093666973,0.95,2.61,0.0,0.99,0.01,1
581365261,-1.88,-1.23,0.01,0.9,0.09,2
306670276,-0.98,1.34,0.0,1.0,0.0,1
2692804926,0.38,-0.27,0.89,0.03,0.08,0
1935047265,-0.47,-0.47,0.13,0.12,0.75,2
2120454717,-1.83,-1.87,0.09,0.05,0.86,2
1605997061,-0.78,-0.77,0.1,0.11,0.79,1
3117915796,1.56,1.23,0.62,0.09,0.28,0
2077926123,0.52,0.9,0.06,0.73,0.21,1
3623807511,1.16,-1.62,1.0,0.0,0.0,0
1880340213,-0.82,-0.84,0.11,0.09,0.8,2
2829560839,-0.54,-0.53,0.11,0.13,0.76,2
963245131,-0.41,-0.41,0.14,0.12,0.74,2
239048667,-0.89,-0.82,0.07,0.19,0.73,2
2607213510,-0.85,-0.86,0.11,0.09,0.8,2
2444220411,-1.52,-0.67,0.01,0.94,0.05,1
3338445337,0.54,2.45,0.0,0.99,0.0,1
2100165051,-0.92,-0.81,0.06,0.31,0.63,2
547009869,0.69,0.5,0.4,0.14,0.46,0
2981289597,-1.8,-0.5,0.0,0.98,0.01,1
198894413,-0.97,-0.33,0.02,0.9,0.08,1
4099941913,0.25,-0.73,0.96,0.01,0.03,0
873040714,0.82,-0.4,0.97,0.01,0.02,0
4156808632,0.13,-1.22,0.99,0.0,0.01,0
671064568,0.96,0.76,0.43,0.14,0.43,2
250579666,-0.84,-0.86,0.12,0.09,0.79,2
618340081,-1.17,0.12,0.01,0.98,0.02,1
418845232,1.16,-0.26,0.98,0.01,0.02,0
2963194190,1.88,-0.25,1.0,0.0,0.0,0
1939394401,-0.82,-0.86,0.15,0.08,0.77,2
1795641663,-0.71,-0.99,0.72,0.03,0.25,1
3850921801,0.07,1.98,0.0,0.99,0.0,1
4213461981,-0.84,-0.86,0.12,0.09,0.79,2
1197837810,-0.03,0.43,0.05,0.79,0.16,1
4204499980,0.1,0.1,0.18,0.18,0.64,1
685334275,-0.67,-0.77,0.31,0.07,0.62,0
3358334023,-0.45,-0.68,0.64,0.05,0.31,0
937280733,0.15,0.22,0.14,0.26,0.6,2
4196529871,-1.26,-0.76,0.02,0.85,0.13,1
2733025550,1.84,-1.01,1.0,0.0,0.0,0
2843968218,-0.04,-0.55,0.88,0.03,0.1,0
2430027208,1.3,1.34,0.17,0.21,0.62,1
3677666042,0.54,0.27,0.54,0.11,0.35,0
2449871281,-0.82,-0.82,0.1,0.1,0.8,2
3558098864,-0.84,-0.85,0.11,0.09,0.8,2
3207281416,-0.03,1.24,0.01,0.97,0.02,1
3865307973,-0.65,-0.54,0.07,0.32,0.61,1
1301750887,-0.95,-0.66,0.03,0.69,0.27,0
431011503,0.04,-0.16,0.45,0.1,0.45,2
2810886242,0.71,1.73,0.01,0.95,0.03,1
1723938199,-0.27,-0.26,0.15,0.15,0.71,2
2807562685,-1.58,-1.58,0.07,0.08,0.85,2
2946079128,-1.9,0.28,0.0,1.0,0.0,1
947313332,-0.29,-1.52,0.99,0.0,0.01,0
211157604,0.45,-0.13,0.87,0.04,0.1,1
3359941816,-0.8,-0.82,0.12,0.09,0.79,2
447589795,-0.95,-0.95,0.1,0.09,0.81,2
938616798,2.12,-0.21,1.0,0.0,0.0,0
3523416481,-0.71,1.28,0.0,0.99,0.0,1
2823323525,-1.22,0.31,0.0,0.99,0.01,1
924715445,-0.15,0.37,0.04,0.84,0.13,1
727787855,-0.02,-0.54,0.88,0.03,0.1,2
1306686788,-0.22,-1.7,0.99,0.0,0.01,0
3332854770,-1.15,-0.97,0.04,0.48,0.47,1
1938338402,1.63,-1.18,1.0,0.0,0.0,0
1025419258,-0.78,-0.71,0.08,0.21,0.71,1
1233015553,-0.74,0.58,0.01,0.98,0.02,1
753673704,1.45,1.67,0.12,0.47,0.41,2
579642428,-0.85,-0.85,0.1,0.1,0.8,2
4075912059,-1.35,1.58,0.0,1.0,0.0,1
2681220263,-0.06,-0.23,0.44,0.09,0.46,0
783886855,-1.8,-0.16,0.0,0.99,0.01,1
3748957253,-1.3,-0.05,0.0,0.98,0.02,1
798978630,1.39,-0.37,0.99,0.0,0.01,0
2957381608,-0.64,-0.76,0.37,0.07,0.56,2
1473492501,-0.49,-0.47,0.12,0.13,0.75,2
2183045733,-0.69,-0.71,0.14,0.09,0.77,2
3302161784,-0.26,-0.34,0.28,0.1,0.62,2
4277867024,-0.77,-0.73,0.09,0.16,0.75,2
2665729182,1.2,-1.54,1.0,0.0,0.0,0
744300599,-0.78,-0.75,0.09,0.14,0.77,2
2289487916,-0.15,-0.43,0.66,0.06,0.28,0
396334921,0.18,-0.76,0.96,0.01,0.03,0
2536462370,0.46,-0.01,0.81,0.05,0.14,0
2819879987,0.13,-0.47,0.9,0.02,0.08,0
1559452129,-0.77,-0.77,0.1,0.11,0.79,2
3167193442,-1.09,-0.48,0.02,0.89,0.09,2
3585151291,0.71,-1.05,0.99,0.0,0.0,0
392856958,-0.1,-0.56,0.85,0.03,0.12,0
1645417863,0.71,1.39,0.03,0.9,0.08,1
1960710343,-1.3,-0.54,0.01,0.93,0.06,1
3554016929,1.46,1.78,0.09,0.62,0.29,1
3058329814,0.23,0.01,0.46,0.11,0.43,0
3726653682,0.47,1.0,0.04,0.83,0.13,2
240115410,1.09,1.45,0.08,0.68,0.24,1
1108527003,0.54,-1.73,1.0,0.0,0.0,0
1879499932,-0.51,-0.55,0.19,0.09,0.71,0
1364479491,-1.01,-0.95,0.07,0.17,0.76,1
1320987470,1.49,-0.32,0.99,0.0,0.01,0
1247112109,-0.46,-0.09,0.04,0.75,0.2,1
2579080458,-0.74,-0.73,0.1,0.11,0.79,1
3066031465,-2.16,0.05,0.0,1.0,0.0,1
1396291716,-1.41,1.4,0.0,1.0,0.0,1
4158320246,-0.91,-0.91,0.1,0.09,0.81,2
2612890925,-0.0,-0.98,0.97,0.01,0.03,0
779380056,-0.78,-0.88,0.28,0.07,0.66,0
2587433933,0.57,0.37,0.42,0.13,0.45,2
2160116337,-0.38,0.32,0.02,0.9,0.07,1
2687574757,-0.78,-0.79,0.12,0.09,0.79,2
459924375,-1.15,-1.16,0.1,0.08,0.82,2
3677158576,0.79,-0.8,0.99,0.0,0.01,0
567047471,-1.06,0.33,0.0,0.98,0.01,1
458328633,2.69,0.14,1.0,0.0,0.0,0
700659402,-1.27,0.47,0.0,0.99,0.01,1
274179831,0.76,-0.42,0.97,0.01,0.02,0
1767028974,-0.43,-0.36,0.1,0.23,0.67,2
2094837437,-1.05,-1.32,0.65,0.03,0.32,2
3573546340,1.62,-0.29,0.99,0.0,0.0,0
1606954938,0.12,-0.33,0.83,0.04,0.13,0
2016616419,-0.69,0.96,0.0,0.99,0.01,1
102481158,0.61,0.13,0.81,0.05,0.14,0
871166543,-1.01,-1.03,0.12,0.08,0.8,2
3735152806,-0.86,-0.54,0.03,0.73,0.24,1
2651171786,1.94,2.42,0.05,0.8,0.15,2
3555452953,2.55,2.16,0.71,0.06,0.23,1
3421248584,-0.61,-0.65,0.17,0.09,0.74,2
2771259701,1.7,-0.91,1.0,0.0,0.0,0
3987369365,-1.62,-1.64,0.08,0.07,0.85,0
3413359324,-2.0,-0.51,0.0,0.99,0.01,1
3295369321,-0.08,-0.44,0.77,0.05,0.18,0
256273613,2.23,0.16,0.99,0.0,0.0,0
2283787575,2.14,0.75,0.97,0.01,0.02,0
2170245455,-0.66,-0.34,0.04,0.72,0.24,1
1151358232,-1.31,0.28,0.0,0.99,0.01,1
1302100933,1.61,-0.21,0.99,0.0,0.01,0
2666008436,-0.45,-0.31,0.08,0.4,0.52,1
1108957656,-0.86,-0.76,0.07,0.29,0.65,1
2209719060,-1.67,1.66,0.0,1.0,0.0,1
1115509763,-0.75,-0.97,0.6,0.04,0.36,0
4187578611,0.16,0.45,0.08,0.62,0.3,1
2039665838,-0.77,-0.8,0.14,0.09,0.77,2
413535368,-0.41,-0.47,0.22,0.1,0.68,0
906881914,-0.54,-0.81,0.7,0.04,0.26,0
2086126251,-1.3,-0.14,0.01,0.97,0.02,1
866140390,-0.82,-0.81,0.09,0.12,0.79,2
3311224854,1.97,0.05,0.99,0.0,0.01,0
2876607445,1.17,-0.2,0.98,0.01,0.02,0
4059672628,-0.98,0.35,0.01,0.98,0.01,1
281904288,-0.28,-0.32,0.21,0.11,0.68,2
1300811105,-0.82,-0.82,0.1,0.11,0.8,2
1562683773,-0.65,-0.4,0.05,0.64,0.32,2
511157939,0.23,-1.25,0.99,0.0,0.01,0
4248979414,0.52,-0.31,0.93,0.02,0.05,0
2276195721,0.01,1.85,0.0,0.99,0.01,1
2542904685,2.2,-1.01,1.0,0.0,0.0,0
3730777287,-0.69,-0.73,0.18,0.08,0.74,0
1138210616,1.81,-1.04,1.0,0.0,0.0,0
2629696096,-0.9,-0.89,0.09,0.11,0.8,2
3574713751,0.77,1.21,0.06,0.78,0.17,1
1140921457,-0.69,-0.61,0.08,0.25,0.67,1
269641005,0.55,0.04,0.83,0.05,0.12,0
1263737691,-1.16,-1.13,0.07,0.12,0.8,2
1902289228,-0.2,1.18,0.01,0.98,0.02,1
3095478682,-0.08,0.89,0.02,0.94,0.04,1
209302802,1.01,-1.26,1.0,0.0,0.0,0
1911207155,0.02,1.53,0.01,0.98,0.01,1
164247298,-1.13,-1.02,0.06,0.31,0.64,1
357771398,-0.75,-0.78,0.15,0.09,0.77,2
1024963717,-0.77,-0.77,0.1,0.1,0.8,2
640986118,-0.31,-0.99,0.93,0.01,0.06,0
2419955197,-0.43,-1.07,0.93,0.01,0.06,0
1020104198,-1.71,0.77,0.0,1.0,0.0,1
1360358295,-0.13,-1.46,0.99,0.0,0.01,0
3571937255,-1.24,0.73,0.0,1.0,0.0,1
289290403,-0.78,-0.73,0.08,0.18,0.74,2
643375630,-0.72,-0.71,0.1,0.11,0.79,2
2714574276,0.75,0.36,0.7,0.08,0.22,1
1245593306,2.97,-0.45,1.0,0.0,0.0,0
3407659353,1.28,-0.51,0.99,0.0,0.01,0
2158503516,-0.73,0.18,0.01,0.94,0.04,1
1985905529,-1.11,-0.62,0.02,0.85,0.14,1
312349382,-0.73,-0.66,0.08,0.23,0.69,1
2559982544,-0.93,-1.31,0.81,0.02,0.17,2
2229485145,-0.77,-0.77,0.1,0.1,0.8,2
2861982727,0.79,-1.36,1.0,0.0,0.0,0
1380320360,2.0,1.89,0.28,0.11,0.6,1
3543249753,1.34,0.09,0.97,0.01,0.02,0
2785314629,-1.28,0.73,0.0,1.0,0.0,1
1499707688,-0.82,2.2,0.0,1.0,0.0,1
587327899,0.75,0.53,0.47,0.13,0.4,0
4027737883,-0.86,-0.87,0.11,0.09,0.8,0
2103916459,-0.38,-0.18,0.07,0.53,0.4,2
147073200,-0.54,-0.41,0.07,0.37,0.55,2
2199393268,1.54,1.8,0.1,0.54,0.36,1
124953277,-0.77,-0.59,0.05,0.51,0.44,1
2164093548,-0.21,-0.86,0.93,0.01,0.06,0
3068987483,-1.12,-1.03,0.06,0.25,0.69,1
1162002853,1.23,-0.98,1.0,0.0,0.0,0
2289330626,2.45,-1.55,1.0,0.0,0.0,0
2779393190,0.58,-1.14,0.99,0.0,0.0,0
607939756,-1.11,-1.16,0.14,0.07,0.79,2
553947619,2.66,2.53,0.31,0.1,0.6,2
4132779342,-0.76,-0.71,0.08,0.18,0.74,2
361763375,-1.45,-0.55,0.01,0.95,0.04,1
1392105266,-0.85,-0.84,0.1,0.1,0.8,2
2047102532,-0.7,-0.63,0.08,0.22,0.7,2
1654327221,0.46,-0.64,0.97,0.01,0.02,0
81653300,-1.98,0.88,0.0,1.0,0.0,1
1750443865,0.04,-1.48,0.99,0.0,0.01,0
731373784,-0.54,-0.95,0.84,0.02,0.14,0
2686406211,-0.84,-0.84,0.1,0.1,0.8,2
2801673882,-0.05,-1.43,0.99,0.0,0.01,0
82344731,-0.3,0.33,0.03,0.89,0.09,1
1097977605,-0.89,-0.87,0.09,0.12,0.79,2
2100158846,-0.58,0.27,0.02,0.93,0.05,1
2034732425,0.32,0.6,0.08,0.61,0.31,0
402012473,0.7,0.01,0.89,0.03,0.08,0
2160874389,-0.5,0.11,0.02,0.88,0.09,1
283667861,-0.54,-0.53,0.11,0.12,0.77,2
3701762874,1.62,0.21,0.97,0.01,0.02,0
3067379950,-0.8,-0.82,0.13,0.09,0.78,0
877445733,0.77,0.81,0.17,0.23,0.61,2
1480304353,0.73,0.88,0.14,0.36,0.5,0
2654128420,-0.48,-0.45,0.11,0.15,0.74,1
2327597869,-0.87,-0.89,0.12,0.09,0.79,2
2394593653,1.54,-1.07,1.0,0.0,0.0,0
708752080,-0.54,-0.21,0.04,0.73,0.23,1
2578193758,-0.25,-0.3,0.23,0.11,0.66,1
1987772895,-0.34,-0.3,0.12,0.17,0.71,2
3768954678,-1.27,0.21,0.0,0.99,0.01,1
729046279,-0.96,0.71,0.0,0.99,0.01,1
3395663881,0.55,1.0,0.05,0.77,0.17,0
111591547,-0.5,-0.46,0.11,0.16,0.73,2
415671927,-1.41,0.63,0.0,1.0,0.0,1
2898669006,1.3,1.73,0.07,0.74,0.2,0
2870028113,-0.93,-0.93,0.1,0.09,0.81,2
1868023576,0.55,-1.63,1.0,0.0,0.0,0
606446267,-1.01,-0.64,0.03,0.78,0.19,1
288782248,-0.28,0.12,0.05,0.78,0.18,0
771758244,-0.41,-0.89,0.88,0.02,0.1,0
3889003744,-1.23,-0.31,0.01,0.95,0.04,1
3067007969,-0.81,-0.77,0.09,0.15,0.77,2
3663294101,2.66,1.3,0.97,0.01,0.02,0
3160183299,-0.71,-0.76,0.19,0.08,0.73,2
467817349,0.19,0.1,0.27,0.14,0.59,2
1983054829,-1.02,-0.77,0.04,0.64,0.33,1
2548490998,-0.18,-0.18,0.16,0.15,0.69,1
1992537155,1.99,2.75,0.02,0.92,0.05,1
1689008603,-0.85,1.65,0.0,1.0,0.0,1
93119658,0.41,1.56,0.01,0.96,0.03,1
2695462861,-0.82,-0.82,0.1,0.1,0.8,2
2526077724,-0.84,-0.81,0.09,0.14,0.77,2
1073367821,-0.62,1.03,0.0,0.99,0.01,1
1614515260,1.4,1.59,0.13,0.42,0.45,2
477456650,1.34,-0.29,0.99,0.0,0.01,0
343153917,1.64,2.69,0.01,0.96,0.03,1
1292641739,0.82,-0.11,0.94,0.02,0.05,0
3719713710,-0.97,-0.92,0.07,0.17,0.76,2
406946921,1.99,1.75,0.49,0.1,0.41,0
413352901,-0.78,-0.97,0.52,0.05,0.43,1
2975880318,-1.03,-0.92,0.06,0.31,0.63,0
1315954047,-0.15,-0.82,0.93,0.01,0.06,0
1210654159,-0.7,-0.69,0.1,0.11,0.78,2
1930675773,1.02,-1.11,1.0,0.0,0.0,0
654215070,-0.95,-1.11,0.44,0.05,0.51,2
2619843944,-0.82,-0.85,0.15,0.08,0.77,2
1147564441,-1.55,0.77,0.0,1.0,0.0,1
1259034028,1.89,-0.85,1.0,0.0,0.0,0
3274457708,-0.66,-1.07,0.84,0.02,0.14,0
430221680,1.87,-1.28,1.0,0.0,0.0,0
232793107,-0.86,-0.89,0.14,0.08,0.77,2
3651786559,-0.66,0.47,0.01,0.96,0.03,1
3303644806,1.94,0.61,0.97,0.01,0.02,0
1107584865,-0.08,1.42,0.01,0.98,0.01,1
1534333275,1.59,-1.43,1.0,0.0,0.0,0
1826970646,-0.58,-1.22,0.93,0.01,0.06,0
2794078534,-0.1,1.3,0.01,0.98,0.01,1
3041230411,-0.22,-0.63,0.83,0.03,0.14,0
1889370344,-0.55,-0.38,0.07,0.48,0.46,1
1004457340,-0.87,-0.84,0.09,0.14,0.78,2
2635635384,-0.92,-0.94,0.12,0.08,0.8,2
3120197394,0.0,2.11,0.0,1.0,0.0,1
516215684,-1.12,-0.81,0.03,0.72,0.25,1
3330310340,-0.82,-0.88,0.17,0.08,0.75,2
837127361,-0.37,0.01,0.05,0.77,0.19,2
3120105776,0.22,0.63,0.06,0.75,0.19,1
1953548329,-0.68,-0.66,0.1,0.13,0.77,2
1009226340,-0.79,-0.8,0.11,0.09,0.79,2
4166443743,0.41,0.34,0.24,0.16,0.6,2
3436949227,-1.02,-0.94,0.07,0.22,0.71,2
2106457410,-0.73,-0.72,0.1,0.11,0.79,1
3592060670,-0.87,-1.28,0.84,0.02,0.14,0
1975468963,-0.41,-0.42,0.14,0.12,0.74,2
968815185,-1.4,0.12,0.0,0.99,0.01,1
1746524880,-0.85,-0.95,0.27,0.07,0.67,1
2631169024,-0.73,-0.77,0.17,0.08,0.75,0
825088230,-0.71,-0.64,0.08,0.22,0.7,2
3668648093,2.45,1.17,0.97,0.01,0.02,0
1980468450,1.21,0.36,0.91,0.03,0.06,0
1421805369,-0.48,0.12,0.03,0.88,0.09,1
2357352435,-0.8,-0.84,0.15,0.08,0.77,2
115696123,0.5,-0.26,0.92,0.02,0.06,0
3431350406,1.05,-0.01,0.95,0.02,0.04,0
1685151491,-0.35,-0.44,0.29,0.09,0.61,0
3234958234,-1.16,-0.34,0.01,0.94,0.05,2
114649337,-1.18,-0.92,0.03,0.67,0.3,2
1525517155,0.24,0.75,0.04,0.82,0.13,1
1054963861,-0.19,0.54,0.02,0.91,0.07,1
3859201381,-1.05,-1.27,0.56,0.04,0.41,0
1106093983,-0.46,0.95,0.01,0.98,0.01,1
490039457,0.3,-0.33,0.89,0.03,0.08,0
3664130256,0.07,0.38,0.07,0.66,0.27,1
3128417118,1.41,-0.65,1.0,0.0,0.0,0
630989758,-0.54,0.41,0.01,0.95,0.04,1
108720029,0.33,-0.77,0.97,0.01,0.02,0
3058888150,-0.77,-0.77,0.1,0.11,0.79,2
2931224210,0.07,0.74,0.03,0.89,0.08,1
241486038,-1.67,1.04,0.0,1.0,0.0,1
2907413665,-0.33,-1.49,0.99,0.0,0.01,0
1340030839,1.96,0.94,0.94,0.02,0.04,0
1903729255,0.51,-0.12,0.88,0.03,0.09,0
2518464884,-0.62,-0.74,0.37,0.07,0.56,0
1775433202,-0.94,-0.9,0.08,0.14,0.78,2
3989686747,2.03,-0.35,1.0,0.0,0.0,0
1969899613,-0.45,0.53,0.01,0.95,0.04,1
2959946116,0.29,0.61,0.07,0.66,0.27,1
985185438,-0.05,0.78,0.02,0.92,0.06,1
2505871181,-0.62,-0.61,0.11,0.11,0.78,1
3737563682,-0.88,-0.9,0.13,0.08,0.79,2
3928925752,-1.43,0.8,0.0,1.0,0.0,1
1786336462,0.56,-0.9,0.99,0.0,0.01,0
905278568,-1.8,-1.27,0.01,0.85,0.13,1
3031972318,-0.77,-0.41,0.03,0.76,0.2,1
3802073634,-1.37,0.17,0.0,0.99,0.01,1
4264293918,-0.8,-0.79,0.1,0.11,0.8,2
40059390,-0.81,-0.8,0.1,0.11,0.8,2
1740902159,-0.16,-0.13,0.14,0.18,0.68,2
832879519,-0.84,-0.8,0.08,0.16,0.76,2
3596234761,0.24,-0.56,0.94,0.01,0.05,0
4161852052,-0.0,0.3,0.07,0.65,0.28,1
4020518018,-0.91,-0.44,0.02,0.84,0.14,1
3767624105,-0.3,-0.82,0.89,0.02,0.09,0
4227477791,-0.69,-0.57,0.07,0.34,0.59,1
912172771,0.27,-0.54,0.94,0.01,0.05,0
91508203,-0.52,1.55,0.0,1.0,0.0,1
2471181878,-0.3,-0.43,0.39,0.08,0.52,2
1537627166,2.14,-1.34,1.0,0.0,0.0,0
2196880032,-0.46,-0.89,0.85,0.02,0.13,0
3418240338,-0.54,-1.32,0.96,0.01,0.04,0
4264624971,0.09,-0.28,0.75,0.06,0.2,0
3857542864,-0.81,-0.69,0.06,0.34,0.59,1
761459719,0.29,-0.09,0.73,0.07,0.21,1
3254599821,-0.68,-0.66,0.1,0.13,0.77,2
2884642215,-0.48,-0.24,0.06,0.62,0.32,0
1526082039,2.67,0.47,1.0,0.0,0.0,0
1803214269,-0.79,-0.78,0.1,0.11,0.79,2
1714033303,-0.54,-0.26,0.05,0.66,0.28,1
3465763279,-0.82,-0.82,0.1,0.1,0.8,2
2704151653,-1.41,0.57,0.0,1.0,0.0,1
3131280903,-0.1,1.17,0.01,0.97,0.02,1
1555077172,1.0,0.17,0.91,0.03,0.06,0
1065464409,0.91,-0.89,0.99,0.0,0.0,0
1338370231,-1.05,-1.34,0.69,0.03,0.29,0
3126359635,-0.43,0.29,0.02,0.91,0.07,1
2630495139,0.5,-0.9,0.99,0.0,0.01,0
2619152244,-0.3,0.34,0.03,0.89,0.08,1
3946672326,-0.77,-0.6,0.05,0.48,0.47,1
2773287923,-0.73,-0.34,0.03,0.78,0.18,2
1888375478,1.03,2.05,0.01,0.95,0.03,1
3827873766,1.12,0.22,0.92,0.02,0.05,0
1860381578,0.16,0.45,0.08,0.63,0.3,1
2368686942,-1.31,1.76,0.0,1.0,0.0,1
1825213952,-0.66,-0.64,0.1,0.13,0.77,2
206427536,-1.08,0.17,0.01,0.98,0.02,1
1983323519,-0.86,-0.71,0.05,0.43,0.52,2
3127189048,-0.54,-0.85,0.76,0.03,0.21,0
2913005742,-0.45,1.07,0.0,0.98,0.01,1
2497901982,-0.85,-0.84,0.09,0.11,0.79,2
2475359206,-0.8,-0.86,0.19,0.08,0.73,2
1949884427,-0.82,-0.82,0.1,0.11,0.8,2
3673915424,-0.51,0.06,0.03,0.87,0.1,1
4150994705,-1.74,-1.74,0.07,0.07,0.86,2
84760327,1.98,-0.87,1.0,0.0,0.0,0
3710571251,-1.23,-0.54,0.01,0.91,0.08,1
520879164,0.47,-1.01,0.99,0.0,0.01,0
959187404,1.12,-0.82,1.0,0.0,0.0,0
3556675330,-0.98,-1.5,0.9,0.01,0.1,0
4013962283,-0.34,-0.29,0.11,0.2,0.69,1
1782822354,1.42,1.53,0.15,0.29,0.56,2
975918733,0.78,-0.51,0.98,0.01,0.02,0
3257016178,-0.89,-0.88,0.09,0.11,0.8,1
2754931297,-0.65,-0.64,0.1,0.12,0.78,2
1473441771,-0.85,-0.84,0.1,0.1,0.8,2
1573212317,-1.5,-0.37,0.0,0.97,0.02,1
3190326540,0.41,-0.12,0.85,0.04,0.11,0
358703312,0.85,-0.24,0.96,0.01,0.03,0
2904931604,-1.87,-1.84,0.06,0.09,0.85,2
2213683597,-0.7,-0.72,0.14,0.09,0.77,2
3810284703,-0.77,-0.78,0.11,0.09,0.79,2
3690826391,0.5,-1.62,1.0,0.0,0.0,0
3313113758,-0.88,-0.81,0.07,0.2,0.72,2
929753614,-1.03,-0.9,0.05,0.35,0.59,2
1833674604,0.29,-0.78,0.97,0.01,0.02,0
2695042155,0.42,1.14,0.03,0.91,0.07,1
2118241348,0.86,-0.09,0.94,0.02,0.04,0
2086566701,-1.41,-1.59,0.38,0.04,0.59,2
1650981362,0.66,0.11,0.84,0.05,0.11,2
2728931315,0.98,-0.36,0.98,0.01,0.02,0
760745724,-0.93,-1.34,0.83,0.01,0.15,0
2514363484,-0.34,1.45,0.0,0.99,0.01,1
259457531,-0.6,-0.63,0.16,0.09,0.74,0
728995166,-1.22,-0.02,0.01,0.97,0.02,1
760439663,-0.84,-0.86,0.12,0.09,0.79,2
558394992,-0.41,-0.19,0.07,0.57,0.36,2
2925263083,-0.21,-1.4,0.99,0.0,0.01,0
277124981,-1.56,-1.58,0.09,0.07,0.85,0
3727371622,-0.36,-0.64,0.7,0.05,0.25,2
4207858001,1.12,0.06,0.95,0.02,0.04,0
979496375,0.26,0.12,0.33,0.13,0.54,2
2604027675,0.39,1.47,0.01,0.96,0.03,1
1633366502,-0.26,-0.12,0.09,0.4,0.51,1
314378862,0.07,-0.43,0.87,0.03,0.1,0
4214054512,-1.39,0.54,0.0,1.0,0.0,1
4116197018,-0.77,-0.8,0.15,0.08,0.76,2
3526344354,-1.02,0.89,0.0,0.99,0.0,1
3529331549,-0.01,0.12,0.11,0.37,0.52,2
3208489089,-0.45,-0.38,0.1,0.24,0.66,1
4090440655,1.99,0.52,0.98,0.01,0.02,1
3063505562,-1.37,-1.28,0.06,0.21,0.73,2
212138560,-1.47,-1.39,0.06,0.19,0.76,1
3955839763,0.68,-0.16,0.93,0.02,0.05,0
2477803805,-1.04,-0.87,0.05,0.47,0.48,1
4045170499,-0.77,-0.84,0.22,0.07,0.7,2
2118048127,-0.54,-0.76,0.62,0.05,0.33,0
1322859662,0.55,-0.94,0.99,0.0,0.01,0
2065127145,-0.84,-0.86,0.13,0.09,0.79,2
2973196262,-0.54,-0.62,0.27,0.08,0.65,2
1131196302,-0.6,-0.57,0.1,0.14,0.76,2
282439334,-0.82,-0.82,0.11,0.09,0.8,2
2730628111,0.96,0.96,0.2,0.19,0.61,2
3506032077,-0.9,-0.28,0.02,0.89,0.09,1
4108143800,2.27,-0.11,1.0,0.0,0.0,0
2672520360,-0.77,-0.79,0.14,0.09,0.77,2
1327419676,2.33,-1.59,1.0,0.0,0.0,0
3035059726,1.27,-0.7,0.99,0.0,0.0,0
3540199820,-0.82,-0.82,0.11,0.09,0.8,2
3073482333,-0.76,-0.84,0.24,0.07,0.69,2
1795520647,1.58,-0.48,1.0,0.0,0.0,0
2587800470,0.2,0.91,0.03,0.9,0.07,1
877374294,0.13,-0.95,0.97,0.01,0.02,0
1349800794,-0.34,-1.31,0.97,0.0,0.02,0
3370912605,2.62,-1.55,1.0,0.0,0.0,0
3006674031,-0.13,0.15,0.07,0.64,0.29,1
924279634,-0.12,1.3,0.01,0.98,0.01,1
4181784550,-0.66,-0.19,0.03,0.84,0.14,0
3606516482,-0.81,-0.78,0.09,0.13,0.78,2
1412029220,-0.5,-0.51,0.14,0.11,0.75,0
2642382393,-0.85,-0.95,0.29,0.06,0.65,2
2161517486,-1.09,-0.41,0.01,0.91,0.08,1
1697341489,0.22,-0.99,0.98,0.0,0.01,0
56649304,0.66,0.14,0.82,0.05,0.13,0
3743232910,-0.31,-0.12,0.08,0.5,0.42,0
2897860859,-1.34,0.82,0.0,1.0,0.0,1
3363069267,1.93,1.31,0.86,0.04,0.1,0
528121179,1.46,-0.29,0.99,0.0,0.01,0
3793074797,0.27,-0.27,0.86,0.03,0.1,0
4178090534,-0.81,-0.82,0.11,0.09,0.8,2
1897082135,-0.12,-0.32,0.5,0.08,0.41,0
1589137289,-0.39,-0.57,0.52,0.06,0.41,0
3102037657,0.61,0.04,0.85,0.04,0.11,0
3160386486,-0.95,-1.59,0.93,0.01,0.06,0
3928483276,2.2,1.34,0.93,0.02,0.05,0
2748541003,-0.17,-0.38,0.56,0.07,0.37,0
185826596,-1.35,-1.37,0.09,0.07,0.84,0
2254173178,-0.84,-0.67,0.05,0.48,0.47,2
119535497,0.56,-0.77,0.98,0.0,0.01,0
1779042082,0.2,-0.82,0.97,0.01,0.03,1
3201789358,0.07,-0.47,0.88,0.03,0.09,0
2110241083,-0.76,-0.8,0.17,0.08,0.75,2
2781108690,-0.32,-0.15,0.08,0.46,0.46,1
3806194791,-0.55,0.96,0.01,0.98,0.01,1
4174883723,0.1,-0.2,0.65,0.07,0.28,2
3106192553,-0.59,-0.01,0.02,0.88,0.1,1
3172609814,-0.7,-0.78,0.26,0.07,0.67,2
937860125,-1.35,-1.34,0.08,0.09,0.83,2
406588028,-1.73,2.2,0.0,1.0,0.0,1
3460799091,-0.53,-0.33,0.06,0.53,0.41,1
3180085124,1.32,-1.76,1.0,0.0,0.0,0
1373361565,-1.16,-1.15,0.08,0.1,0.82,2
3594450078,-0.04,-0.35,0.7,0.06,0.24,0
880251327,0.94,1.59,0.03,0.88,0.08,0
661722915,0.61,0.84,0.11,0.51,0.39,2
490082549,-0.01,1.65,0.0,0.99,0.01,1
2469725633,-0.95,-0.92,0.08,0.14,0.78,2
3846247681,-0.77,-0.78,0.12,0.09,0.78,2
2948010507,-0.47,0.22,0.02,0.91,0.07,1
658366772,-1.12,-0.98,0.05,0.39,0.56,2
516926107,1.95,1.03,0.93,0.03,0.05,0
1244152468,-0.99,-0.31,0.02,0.91,0.07,0
2971608334,1.17,1.14,0.22,0.17,0.61,2
1108769214,0.99,-1.23,1.0,0.0,0.0,0
3334253249,2.23,-0.41,1.0,0.0,0.0,0
1122114075,-0.66,1.24,0.0,0.99,0.0,0
1060595145,-0.6,-0.71,0.34,0.07,0.58,0
36171158,-0.62,-0.58,0.1,0.17,0.74,2
451958825,0.72,0.48,0.49,0.12,0.39,0
3211639358,-0.17,-1.37,0.99,0.0,0.01,2
1368133136,-1.76,1.81,0.0,1.0,0.0,1
1930239615,-1.8,1.45,0.0,1.0,0.0,1
927057715,-0.29,1.11,0.01,0.98,0.01,1
576757059,0.1,-0.38,0.85,0.03,0.11,0
2650642918,0.69,-0.91,0.99,0.0,0.01,0
1241000851,-0.59,-0.5,0.08,0.25,0.66,2
1921192821,0.09,0.12,0.16,0.21,0.63,2
3948609048,-1.07,0.87,0.0,0.99,0.0,1
1596139116,-0.76,-0.73,0.09,0.14,0.77,2
2079765652,-0.98,0.14,0.01,0.97,0.02,1
2980508547,0.48,1.44,0.02,0.94,0.04,1
1141519886,-1.12,-0.47,0.01,0.9,0.08,2
3702225864,-0.77,-0.79,0.13,0.09,0.78,1
2884049216,0.15,0.12,0.2,0.17,0.63,0
280944753,2.06,1.44,0.87,0.04,0.09,0
3558109646,-0.63,-0.56,0.09,0.21,0.7,1
2586972269,-0.93,-0.11,0.01,0.94,0.05,1
72049246,-0.59,-1.52,0.98,0.0,0.02,0
842532269,-0.34,-0.46,0.38,0.08,0.54,1
148003798,-0.79,-0.82,0.13,0.09,0.78,2
2964092860,0.56,-0.16,0.9,0.03,0.07,0
3766532499,-0.97,0.71,0.0,0.99,0.01,1
1606954393,-0.36,-0.44,0.28,0.09,0.62,2
3168066318,-1.49,0.35,0.0,0.99,0.0,1
2859939695,0.49,-1.12,0.99,0.0,0.01,0
3249374046,-0.77,-0.73,0.09,0.15,0.76,2
458571160,-0.31,0.82,0.01,0.96,0.03,1
3083539562,-0.28,-0.61,0.76,0.04,0.2,0
2558688831,-0.98,0.77,0.0,0.99,0.01,1
1959789641,-1.22,1.15,0.0,1.0,0.0,2
874211655,-0.85,-0.86,0.11,0.09,0.8,2
1069458841,-1.39,2.08,0.0,1.0,0.0,1
1622389763,-1.02,1.45,0.0,1.0,0.0,1
1315176442,1.62,-0.4,0.99,0.0,0.0,0
2139837610,-0.56,-0.9,0.79,0.03,0.18,2
3937128804,0.2,-0.93,0.98,0.0,0.02,0
2937345330,0.48,0.14,0.64,0.09,0.27,0
295919641,-1.0,0.42,0.0,0.98,0.01,1
4156835026,0.49,0.19,0.59,0.1,0.31,1
3321963219,-1.39,-1.34,0.06,0.15,0.79,2
904113996,-0.67,0.56,0.01,0.97,0.02,1
1138437067,0.53,-0.93,0.99,0.0,0.01,0
441931726,-0.78,-0.78,0.1,0.1,0.8,0
1103798993,0.29,-0.67,0.96,0.01,0.03,0
544595087,-0.79,-1.14,0.79,0.02,0.19,2
3554330500,0.4,-1.55,1.0,0.0,0.0,0
338861224,-0.84,-0.84,0.1,0.1,0.8,2
619454649,-0.86,-0.87,0.11,0.09,0.8,2
3616079165,-1.3,-1.51,0.45,0.04,0.51,0
1180466249,-1.7,0.62,0.0,1.0,0.0,1
533900932,1.69,-0.66,1.0,0.0,0.0,2
1440801039,0.49,2.7,0.0,1.0,0.0,1
591739967,-0.23,-0.56,0.76,0.04,0.2,0
1472614161,0.01,-0.01,0.19,0.16,0.65,1
2901614615,-0.72,2.12,0.0,1.0,0.0,1
1830373333,-1.68,0.68,0.0,1.0,0.0,1
3539050319,1.27,2.12,0.02,0.94,0.05,1
1655790883,-0.44,-0.46,0.16,0.11,0.73,2
1095016000,-0.06,-1.12,0.98,0.0,0.02,0
3448092399,0.05,-0.73,0.94,0.01,0.05,0
3597586445,-0.88,-1.04,0.45,0.05,0.5,0
2570521324,-0.57,-0.57,0.12,0.11,0.77,0
3826252854,-0.33,-0.23,0.1,0.3,0.6,2
2640005708,-1.05,1.52,0.0,1.0,0.0,1
2570502856,-0.89,-0.82,0.07,0.23,0.7,1
1949309134,1.4,-1.13,1.0,0.0,0.0,0
466514172,-0.76,-0.77,0.12,0.09,0.78,2
3420158236,-0.45,-0.16,0.05,0.67,0.28,2
4252278635,1.2,-0.62,0.99,0.0,0.01,0
3204149250,-0.8,-0.75,0.08,0.17,0.74,1
479064468,-0.27,0.11,0.05,0.75,0.2,1
1336204972,1.35,-0.63,0.99,0.0,0.0,0
1462573751,0.39,-0.5,0.95,0.01,0.04,0
246089960,0.1,1.03,0.02,0.94,0.04,1
809311656,-0.68,-1.16,0.88,0.01,0.11,0
1114670760,-0.4,-1.22,0.96,0.01,0.03,0
404967448,-0.88,-0.86,0.09,0.11,0.8,2
3800070905,-0.6,2.16,0.0,1.0,0.0,1
2037822167,0.66,-0.34,0.95,0.01,0.03,0
3166078009,0.55,-1.5,1.0,0.0,0.0,0
1929901663,1.76,-0.77,1.0,0.0,0.0,0
692366712,0.43,1.56,0.01,0.96,0.03,1
3751753183,-0.81,-0.84,0.14,0.08,0.78,2
550339258,-1.41,-1.44,0.1,0.06,0.83,2
1220397342,1.15,0.91,0.47,0.13,0.4,2
3489169406,-0.96,0.44,0.01,0.98,0.01,1
653309763,-0.95,1.46,0.0,1.0,0.0,1
4032671083,3.03,3.2,0.13,0.35,0.52,0
3720928395,0.91,-0.98,1.0,0.0,0.0,0
1651951271,1.63,-0.42,1.0,0.0,0.0,0
3247646762,-0.82,0.18,0.01,0.96,0.03,1
2160717561,0.18,1.23,0.01,0.95,0.03,1
3970538988,0.86,-1.25,1.0,0.0,0.0,0
3161515714,-1.13,-0.1,0.01,0.96,0.03,1
3957833942,-0.66,-1.53,0.97,0.0,0.03,0
2765062684,-0.82,-0.82,0.1,0.1,0.8,2
2183393142,-0.88,-0.88,0.1,0.1,0.81,2
2180560058,-0.89,-0.87,0.09,0.12,0.79,1
3716859929,1.02,0.52,0.8,0.06,0.14,0
81655735,0.21,-0.47,0.91,0.02,0.07,0
101485010,2.39,-1.43,1.0,0.0,0.0,0
2793693444,-0.62,1.35,0.0,0.99,0.0,1
4104847949,-0.8,-0.84,0.15,0.08,0.77,2
3587540193,-0.19,0.16,0.06,0.71,0.23,1
2804396007,-0.78,-0.74,0.09,0.15,0.76,2
3231358665,-0.65,-0.86,0.59,0.05,0.36,0
3762818618,1.2,-0.33,0.98,0.0,0.01,2
3914634840,-0.48,-0.45,0.11,0.16,0.73,2
2851894235,-0.47,0.25,0.02,0.91,0.07,1
2980756377,-1.08,-0.06,0.01,0.96,0.03,1
3028499405,-0.15,0.58,0.03,0.9,0.07,1
796039373,0.1,0.18,0.14,0.28,0.59,1
3602445554,-1.17,0.26,0.0,0.98,0.01,1
1891093934,-0.4,-0.37,0.12,0.16,0.72,2
2898374493,-0.65,-0.66,0.12,0.1,0.78,2
3929383677,1.79,-0.74,1.0,0.0,0.0,0
3447670505,-0.42,2.39,0.0,1.0,0.0,1
1726735156,-1.5,0.42,0.0,1.0,0.0,1
1012621908,-1.47,1.45,0.0,1.0,0.0,1
1539375588,-0.61,-0.6,0.11,0.11,0.78,1
101156092,-0.77,-0.81,0.17,0.08,0.75,2
1583311513,-1.46,0.12,0.0,0.99,0.01,1
2508688490,0.3,-1.36,0.99,0.0,0.0,0
3530177185,-0.9,2.2,0.0,1.0,0.0,1
100683546,2.06,-0.77,1.0,0.0,0.0,0
756528599,-1.16,-0.07,0.01,0.97,0.03,1
861818977,-0.69,-0.71,0.15,0.09,0.76,2
3324342768,-0.5,-0.5,0.12,0.12,0.76,2
171385530,0.48,0.93,0.05,0.78,0.17,1
2628930112,-0.87,-0.82,0.08,0.16,0.76,1
944275686,1.91,-1.0,1.0,0.0,0.0,0
1615480792,-0.13,-0.5,0.79,0.04,0.17,0
3183255576,-0.65,-0.63,0.1,0.13,0.77,2
3055584678,0.77,1.51,0.02,0.91,0.06,1
685308057,-0.39,-0.49,0.31,0.09,0.6,0
140071533,-0.82,-0.8,0.09,0.12,0.79,2
852037517,0.08,1.0,0.02,0.94,0.05,1
935325476,-0.94,-0.82,0.06,0.34,0.6,2
2940316386,-1.3,-0.42,0.01,0.95,0.04,1
2824800706,-0.71,-0.07,0.02,0.9,0.08,1
2089442449,0.95,-1.02,1.0,0.0,0.0,0
3453700071,-0.47,-0.48,0.15,0.11,0.74,2
4228256019,1.01,-1.48,1.0,0.0,0.0,0
2689067988,-0.82,-0.84,0.11,0.09,0.8,2
3359845914,0.03,0.8,0.02,0.91,0.06,1
3140807902,-0.63,-0.65,0.14,0.1,0.76,2
2860595267,-0.03,0.45,0.04,0.81,0.15,1
3661093853,-0.91,-0.89,0.09,0.11,0.8,2
561659040,0.04,-0.16,0.47,0.1,0.43,2
2108273608,2.12,-0.27,1.0,0.0,0.0,0
2580883414,-1.26,-1.35,0.22,0.05,0.73,0
344059040,-0.92,-0.89,0.09,0.12,0.79,2
1179107350,-0.6,1.16,0.0,0.99,0.01,1
3420270433,-1.74,2.56,0.0,1.0,0.0,1
3860837001,0.35,-0.17,0.85,0.04,0.11,0
3349509606,-0.78,-0.77,0.1,0.12,0.79,2
1153889772,-0.79,-0.78,0.1,0.11,0.79,2
687420342,-0.85,-0.99,0.38,0.06,0.56,2
2369165481,-0.7,0.18,0.01,0.94,0.05,1
772343491,-0.89,1.73,0.0,1.0,0.0,1
1894800271,0.12,-0.07,0.43,0.11,0.46,0
1548552219,0.74,-0.05,0.91,0.03,0.06,1
3753842690,-0.87,-0.6,0.04,0.68,0.29,1
2892351899,-1.48,0.89,0.0,1.0,0.0,1
127638822,2.06,0.18,0.99,0.0,0.01,0
2264799790,-0.63,-0.72,0.3,0.07,0.63,2
3489249184,-0.36,-0.44,0.29,0.09,0.61,1
2892662762,0.91,-1.55,1.0,0.0,0.0,0
4028334587,1.59,-0.77,1.0,0.0,0.0,0
659902807,-0.8,-0.79,0.1,0.11,0.8,2
1828847465,-0.96,1.07,0.0,1.0,0.0,1
2614587250,1.24,1.22,0.22,0.17,0.62,2
2306386681,1.11,1.45,0.08,0.66,0.26,1
2877980484,2.3,2.06,0.48,0.09,0.43,0
1184095573,-0.45,-0.35,0.09,0.31,0.6,2
973014278,-0.81,-0.65,0.05,0.45,0.49,1
444519621,-1.25,-1.11,0.05,0.36,0.59,1
3269045542,-0.47,-0.43,0.11,0.16,0.73,2
921761444,-0.7,-0.66,0.09,0.15,0.76,2
1495497926,1.72,1.02,0.88,0.04,0.08,0
458790155,-0.85,-0.85,0.1,0.1,0.8,2
4228989625,0.2,0.01,0.43,0.11,0.46,0
2231923067,-1.28,-0.97,0.02,0.72,0.25,2
379479968,-0.25,-0.3,0.22,0.11,0.67,2
1291209125,-0.22,-0.77,0.9,0.02,0.08,0
3488894653,-0.8,-0.81,0.11,0.09,0.8,2
2119205356,-1.27,-1.23,0.07,0.13,0.8,2
4215257267,2.16,-1.76,1.0,0.0,0.0,0
3141418597,-1.51,0.94,0.0,1.0,0.0,1
556199404,0.43,0.52,0.14,0.29,0.57,1
2794527180,-1.31,0.38,0.0,0.99,0.01,1
2689612420,-0.79,-0.82,0.14,0.08,0.77,2
1679044489,1.63,1.66,0.18,0.19,0.64,1
3672363453,0.66,-0.54,0.97,0.01,0.02,0
2783192710,-0.65,-1.33,0.94,0.01,0.05,0
852714589,-0.1,-1.23,0.98,0.0,0.02,0
2828945800,-0.5,-0.46,0.11,0.16,0.73,2
1041982871,-0.52,-1.2,0.94,0.01,0.05,0
3764162314,0.92,0.84,0.26,0.16,0.58,0
3573659378,-1.7,-0.77,0.01,0.96,0.04,1
497608926,-1.74,-1.74,0.07,0.07,0.86,2
1677312801,-0.87,-0.87,0.1,0.1,0.81,2
2305993712,-0.28,-1.52,0.99,0.0,0.01,0
3634153527,1.98,2.41,0.06,0.75,0.19,1
2431341625,-1.17,-0.55,0.01,0.89,0.09,1
950469265,-1.27,-1.34,0.17,0.06,0.77,2
1246927102,0.15,-0.7,0.95,0.01,0.04,0
1425100014,-0.34,-0.41,0.27,0.1,0.64,2
472073397,0.58,-0.34,0.94,0.02,0.04,0
3306147077,0.86,-0.49,0.98,0.01,0.02,0
236947751,-0.91,-0.74,0.05,0.47,0.48,1
196814462,-1.53,-0.08,0.0,0.99,0.01,1
1066964462,2.25,1.1,0.95,0.02,0.03,0
4080538406,0.21,0.03,0.41,0.12,0.48,0
3135284628,-1.95,-1.98,0.08,0.05,0.87,2
741857570,-0.59,-0.62,0.17,0.09,0.74,2
1940869186,-1.62,-0.77,0.01,0.95,0.05,1
3469196147,1.73,-0.36,1.0,0.0,0.0,0
3345556155,-0.62,-0.72,0.32,0.07,0.61,2
2817466725,-0.78,-0.47,0.04,0.72,0.25,2
1363739929,0.7,0.01,0.89,0.03,0.08,0
2202874696,-0.65,-1.21,0.91,0.01,0.08,2
762338985,-0.95,-0.75,0.04,0.54,0.42,1
3177140661,0.85,-0.49,0.98,0.01,0.02,0
2705328844,-0.81,-0.82,0.11,0.09,0.8,0
1812313512,-0.26,0.3,0.03,0.86,0.11,1
735207602,-0.07,-0.27,0.49,0.09,0.43,0
3139227583,-0.7,-0.9,0.57,0.05,0.38,0
1200967894,0.49,0.21,0.56,0.11,0.34,0
2043614323,-0.71,-0.79,0.25,0.07,0.68,2
538099635,0.01,0.75,0.03,0.9,0.07,1
860682541,-1.38,-0.5,0.01,0.95,0.04,1
1629197058,-1.87,1.47,0.0,1.0,0.0,1
1924343155,-1.2,-0.33,0.01,0.95,0.04,1
3884642925,0.11,-1.12,0.98,0.0,0.01,0
2348451795,-1.25,-1.16,0.06,0.24,0.7,1
4169363171,0.2,-0.36,0.88,0.03,0.09,0
1678540854,-0.82,-0.82,0.1,0.1,0.8,1
3617286813,0.73,2.06,0.01,0.98,0.02,1
3452087643,-0.73,-0.73,0.11,0.1,0.79,2
38966329,-0.88,0.12,0.01,0.96,0.03,1
3392810410,-0.78,2.59,0.0,1.0,0.0,1
3162157678,0.13,1.34,0.01,0.97,0.02,1
469018035,-0.8,0.77,0.0,0.99,0.01,1
3570473906,-0.94,-0.89,0.08,0.15,0.77,2
505129105,-1.2,-1.31,0.28,0.05,0.66,0
3614899058,-0.57,0.84,0.01,0.98,0.01,1
3261856916,-0.45,-0.98,0.9,0.02,0.09,0
3481161188,-1.37,0.76,0.0,1.0,0.0,1
1986996721,-0.36,1.88,0.0,1.0,0.0,1
3175251768,-0.06,-0.28,0.54,0.08,0.38,0
1387672484,-0.86,-0.54,0.03,0.73,0.24,2
4093660961,-1.13,-1.01,0.05,0.33,0.62,2
1978817458,-1.11,-0.82,0.03,0.71,0.27,1
2424333690,1.18,-1.67,1.0,0.0,0.0,0
1544795350,0.74,0.55,0.4,0.14,0.46,0
726578517,-0.82,0.18,0.01,0.96,0.03,2
3281509433,-1.27,-0.71,0.01,0.87,0.11,0
3622912011,-0.95,-0.79,0.05,0.45,0.5,2
2582893122,0.78,0.56,0.45,0.13,0.41,1
4141240228,0.51,0.02,0.82,0.05,0.13,0
2855990709,-0.77,0.21,0.01,0.95,0.04,1
1751170544,-0.84,-0.84,0.1,0.1,0.8,2
2601150324,0.76,-0.54,0.98,0.01,0.02,0
3121223262,-1.08,-0.38,0.01,0.91,0.07,1
3055295255,0.24,0.43,0.11,0.46,0.43,1
1486534071,0.84,-0.06,0.93,0.02,0.05,0
1888796790,0.81,2.08,0.01,0.97,0.02,1
736258585,-0.79,-0.77,0.09,0.13,0.78,0
2380076794,0.32,-0.4,0.92,0.02,0.06,0
599620038,2.45,2.33,0.31,0.1,0.59,0
2861218922,0.26,-0.94,0.98,0.0,0.02,0
3332927344,-0.69,-0.69,0.11,0.1,0.79,1
1514619514,1.31,0.33,0.93,0.02,0.04,0
2073446197,-0.51,-0.87,0.81,0.03,0.16,0
1959615924,-0.14,-0.95,0.95,0.01,0.04,0
197535755,-0.85,-0.82,0.09,0.14,0.77,2
765714873,0.57,-0.95,0.99,0.0,0.01,0
4070317979,-0.69,-0.77,0.25,0.08,0.67,1
1101841039,0.1,1.16,0.01,0.95,0.03,1
4197384588,0.8,-0.96,0.99,0.0,0.0,0
624057439,-0.34,1.3,0.0,0.99,0.01,1
4107108018,1.27,0.33,0.93,0.02,0.05,0
2733461599,-1.68,1.59,0.0,1.0,0.0,1
2980452396,0.81,-0.97,0.99,0.0,0.0,0
4117581194,-0.73,-0.77,0.17,0.08,0.75,2
3094381713,-1.56,-1.55,0.07,0.09,0.84,2
3778644944,-0.79,-0.91,0.34,0.06,0.6,0
2066670784,1.02,0.64,0.69,0.09,0.22,0
3085295000,-0.76,-0.78,0.14,0.09,0.78,2
1383440897,-0.74,-0.74,0.11,0.1,0.79,2
268521172,2.2,-0.79,1.0,0.0,0.0,0
4007787260,-1.34,0.77,0.0,1.0,0.0,1
4164190091,-0.28,-0.27,0.14,0.15,0.71,2
2341034689,1.88,-1.15,1.0,0.0,0.0,0
1191062009,1.14,-1.07,1.0,0.0,0.0,0
3360843101,0.25,-0.95,0.98,0.0,0.02,0
3729837682,-0.84,-0.82,0.09,0.13,0.78,0
174816457,-0.42,2.8,0.0,1.0,0.0,1
2177809918,-1.01,0.72,0.0,0.99,0.01,1
2080309672,0.47,-1.81,1.0,0.0,0.0,0
391554420,-0.78,-0.8,0.13,0.09,0.78,2
180839306,-0.64,-0.61,0.1,0.15,0.75,1
1072034153,0.2,0.03,0.39,0.12,0.49,2
2597850990,-1.74,2.48,0.0,1.0,0.0,1
2521979149,-0.77,-1.52,0.96,0.0,0.04,1
215898955,-0.14,0.24,0.06,0.74,0.21,2
2376959107,-0.75,0.52,0.01,0.97,0.02,1
4144770144,-1.43,-1.43,0.08,0.08,0.84,2
3553571464,-0.98,0.64,0.0,0.99,0.01,1
441823157,2.11,-1.05,1.0,0.0,0.0,0
3855106187,-0.23,0.27,0.04,0.83,0.13,2
3839910767,-0.28,0.88,0.01,0.96,0.03,1
3055048904,-0.45,-0.61,0.49,0.07,0.45,0
4136468669,-1.34,-1.41,0.18,0.05,0.77,2
800253776,-0.63,-0.66,0.15,0.09,0.75,2
4111007555,-0.54,0.43,0.01,0.95,0.04,1
1043957634,1.87,-1.05,1.0,0.0,0.0,0
2027407860,0.92,0.7,0.45,0.13,0.42,2
3541395657,-0.77,-0.78,0.11,0.09,0.79,2
658513206,-0.48,-0.45,0.11,0.16,0.73,2
2527314521,-1.23,1.26,0.0,1.0,0.0,1
373021934,-0.84,-0.85,0.11,0.09,0.8,2
2896873999,-0.85,-0.63,0.04,0.61,0.35,1
974713087,0.9,-0.34,0.97,0.01,0.02,0
3883259074,-0.91,-0.97,0.18,0.07,0.75,2
2218858041,-0.02,-0.42,0.8,0.04,0.16,0
1387386267,1.55,-1.32,1.0,0.0,0.0,0
84617438,-1.61,-0.22,0.0,0.99,0.01,1
133488887,-0.79,-0.56,0.04,0.62,0.34,2
160651448,0.16,-0.31,0.84,0.04,0.12,0
71956333,0.06,-1.16,0.98,0.0,0.01,0
3415910644,-0.61,-0.59,0.1,0.14,0.76,2
1803108102,0.55,-1.6,1.0,0.0,0.0,0
1880246459,-1.39,-1.23,0.04,0.42,0.54,1
1337911254,-1.02,0.08,0.01,0.97,0.03,1
4182568415,1.96,-1.18,1.0,0.0,0.0,0
1325407013,-1.13,-0.2,0.01,0.95,0.04,1
452889914,-0.96,-0.12,0.01,0.94,0.05,1
2006600665,-0.13,-0.55,0.83,0.03,0.14,0
3484816269,-2.06,0.3,0.0,1.0,0.0,1
4262121285,2.97,-0.28,1.0,0.0,0.0,0
676012072,2.69,1.02,0.98,0.01,0.01,0
3954436876,-0.56,-0.67,0.35,0.07,0.58,2
669624833,2.27,-0.51,1.0,0.0,0.0,0
1076524167,-0.8,-0.79,0.1,0.11,0.8,2
3443096040,-0.07,-1.04,0.97,0.01,0.03,0
1765503451,-0.27,0.46,0.02,0.91,0.07,1
1220888562,-0.86,-0.85,0.09,0.1,0.8,2
933204184,-0.77,-0.79,0.13,0.09,0.78,2
1068314555,-0.84,-0.84,0.11,0.09,0.8,2
538214466,0.73,0.62,0.3,0.15,0.55,0
1742258008,-1.09,1.31,0.0,1.0,0.0,1
548162287,-0.51,-0.02,0.03,0.84,0.13,1
1158795843,-0.87,-0.88,0.11,0.09,0.8,2
55331276,2.05,-0.29,1.0,0.0,0.0,0
3498083192,-0.79,-0.77,0.09,0.12,0.78,2
3453053763,0.22,-0.58,0.94,0.01,0.05,0
1793040466,-1.58,-1.69,0.2,0.04,0.76,2
1505080914,0.58,0.09,0.81,0.05,0.14,1
3063044371,-1.78,-1.83,0.1,0.05,0.85,2
798759243,-0.8,-0.78,0.09,0.12,0.79,2
3293330430,-1.52,1.43,0.0,1.0,0.0,1
884269832,0.55,-0.11,0.89,0.03,0.08,0
3650033377,1.25,-1.66,1.0,0.0,0.0,0
2481450728,-0.34,0.4,0.02,0.91,0.07,1
4181032576,-0.65,-0.91,0.69,0.04,0.27,0
1609629198,-0.81,-0.77,0.09,0.15,0.77,1
2078732029,-0.54,-1.4,0.97,0.0,0.03,0
299353890,-0.5,-0.48,0.11,0.14,0.75,2
1679886909,-0.66,-0.73,0.23,0.08,0.69,0
1058443350,-0.71,-0.82,0.33,0.07,0.6,2
1030181920,-1.0,0.66,0.0,0.99,0.01,1
1133289519,-0.73,-0.73,0.11,0.1,0.79,0
3152191285,-0.77,-0.82,0.18,0.08,0.74,2
2963625502,1.25,-0.21,0.98,0.01,0.01,0
657509659,1.91,2.36,0.06,0.76,0.18,2
1267800011,-0.43,-0.44,0.14,0.11,0.74,1
1424672477,-0.63,-0.88,0.67,0.04,0.3,0
44113499,-0.41,1.72,0.0,1.0,0.0,1
4158871941,-0.25,1.33,0.0,0.99,0.01,2
1663498120,-0.31,2.3,0.0,1.0,0.0,1
1271299312,0.82,-1.35,1.0,0.0,0.0,0
1108244912,0.57,-0.12,0.89,0.03,0.08,0
3347020534,0.25,-0.52,0.93,0.02,0.05,0
2916129722,-1.0,0.52,0.0,0.99,0.01,1
2088440130,-0.76,-0.49,0.04,0.67,0.29,0
3958714906,0.54,-1.2,0.99,0.0,0.0,0
912238613,-0.85,-0.78,0.07,0.21,0.71,1
2107009347,-0.52,-0.54,0.16,0.1,0.74,2
2309437212,-1.07,-1.02,0.07,0.15,0.77,2
989009525,-0.7,-0.72,0.14,0.09,0.77,2
966485855,-0.87,-1.06,0.53,0.04,0.43,0
1336851054,-0.31,-0.35,0.21,0.11,0.69,0
3669117249,0.03,1.11,0.01,0.96,0.03,1
339670173,-1.02,0.54,0.0,0.99,0.01,1
1450866992,-0.89,0.99,0.0,0.99,0.0,1
2314376870,-1.26,-0.16,0.01,0.97,0.02,1
4042362085,-0.49,-0.47,0.12,0.13,0.75,2
3110144979,0.38,-1.61,1.0,0.0,0.0,0
1299986849,-0.82,0.1,0.01,0.95,0.04,1
4164019995,-1.14,-1.2,0.17,0.06,0.77,1
1172736222,-0.0,-0.16,0.39,0.1,0.5,0
782376358,-1.88,0.32,0.0,1.0,0.0,1
1043436746,0.04,0.26,0.09,0.53,0.38,0
793154134,-1.16,0.12,0.01,0.98,0.02,1
1591251663,-1.64,-1.8,0.28,0.04,0.69,2
981665620,-0.73,-0.78,0.19,0.08,0.73,0
986028016,-1.08,-0.61,0.02,0.84,0.14,2
906554755,1.7,-1.54,1.0,0.0,0.0,0
4283656635,0.54,0.38,0.36,0.14,0.5,0
2718637009,1.02,-0.53,0.99,0.0,0.01,2
383919279,-1.14,0.6,0.0,0.99,0.01,1
270480756,-0.97,-1.3,0.75,0.02,0.23,2
2926509569,0.76,0.29,0.78,0.06,0.16,0
2889750730,-0.77,-0.77,0.1,0.1,0.8,2
607922335,0.51,-1.6,1.0,0.0,0.0,0
1349576247,0.21,-0.75,0.96,0.01,0.03,0
3988966266,0.56,-0.9,0.99,0.0,0.01,0
1898392019,-0.79,-0.84,0.18,0.08,0.74,2
2939462402,-0.12,-0.96,0.96,0.01,0.04,0
1420462735,-0.85,-0.82,0.09,0.13,0.78,2
1462308585,-0.69,-1.93,0.99,0.0,0.01,0
3365370912,-0.64,-0.68,0.18,0.09,0.73,2
2718286919,-0.39,-0.37,0.12,0.15,0.73,1
3045437283,-0.53,-0.57,0.19,0.09,0.72,2
3487087363,-0.75,-0.77,0.13,0.09,0.78,2
3793569901,-1.09,1.16,0.0,1.0,0.0,1
1360474143,1.55,-1.55,1.0,0.0,0.0,0
544214786,-0.61,-0.64,0.16,0.09,0.75,2
1016311718,-0.19,-0.57,0.8,0.04,0.16,2
902593904,-0.43,-1.38,0.97,0.0,0.02,0
3822111075,-0.04,1.04,0.01,0.96,0.03,1
1245229748,-0.03,0.61,0.03,0.88,0.09,1
2012331411,-1.52,-0.71,0.01,0.94,0.05,1
2194640280,0.43,-1.12,0.99,0.0,0.01,0
208746000,-0.79,-0.75,0.09,0.16,0.75,2
320138985,1.31,-1.07,1.0,0.0,0.0,0
2810889761,-0.75,-0.73,0.1,0.12,0.78,2
2283561937,0.2,0.24,0.16,0.22,0.62,2
1170044487,-0.88,-0.54,0.03,0.74,0.22,2
48265471,-1.61,-1.6,0.07,0.08,0.85,2
2544636024,0.81,2.44,0.0,0.99,0.01,1
2453146369,-0.39,0.34,0.02,0.91,0.07,1
3098857308,-0.23,0.93,0.01,0.96,0.03,1
380022078,-0.77,-0.75,0.1,0.12,0.79,0
322901872,1.14,1.16,0.18,0.2,0.62,2
1105095339,-1.23,0.76,0.0,1.0,0.0,1
1780074748,-0.75,-0.76,0.12,0.1,0.79,2
2561397858,-0.96,-1.05,0.23,0.07,0.7,0
772507775,-0.82,-0.82,0.11,0.09,0.8,2
3894284346,-0.22,-0.57,0.77,0.04,0.19,0
2708772957,-0.82,-0.82,0.1,0.1,0.8,2
327012971,1.05,-0.56,0.99,0.0,0.01,0
1438353194,-0.56,-0.96,0.83,0.02,0.14,2
2893421518,-0.34,-0.19,0.08,0.41,0.51,1
2204570508,-1.66,-0.97,0.01,0.91,0.08,1
3139716818,-0.56,-0.49,0.09,0.23,0.68,2
142493053,0.89,0.13,0.9,0.03,0.07,0
1965950816,-1.3,2.66,0.0,1.0,0.0,1
3772206500,-0.72,-0.84,0.34,0.07,0.6,0
3771656835,-0.86,-0.86,0.1,0.1,0.8,2
1456938572,-0.17,2.41,0.0,1.0,0.0,1
1104457769,0.85,0.67,0.4,0.14,0.46,0
3484538696,-0.04,-0.16,0.31,0.11,0.57,2
74125158,0.37,-0.33,0.91,0.02,0.07,0
1559706200,-1.1,-0.86,0.03,0.64,0.33,1
1007600271,-0.18,-1.09,0.96,0.01,0.03,0
954014528,-0.78,-0.81,0.14,0.09,0.77,2
3077801951,1.61,-0.52,1.0,0.0,0.0,0
3648383109,-0.84,-0.82,0.09,0.11,0.8,2
1498262173,0.73,2.11,0.01,0.98,0.01,1
2178850286,2.34,0.76,0.98,0.01,0.01,0
3124221261,0.06,0.54,0.04,0.81,0.15,1
3591617543,-0.84,-0.88,0.14,0.08,0.78,2
879430282,-0.29,-0.52,0.61,0.06,0.33,2
102766546,-0.82,-0.82,0.1,0.1,0.8,2
1343028095,-0.76,0.4,0.01,0.97,0.02,1
37411931,0.08,1.59,0.01,0.98,0.01,1
1081352840,0.3,0.21,0.26,0.15,0.59,0
1277562094,-0.25,0.42,0.03,0.89,0.08,1
2000687191,-0.04,-0.98,0.97,0.01,0.03,0
2904373720,-0.84,-0.86,0.12,0.09,0.79,2
1771273795,-1.02,0.3,0.01,0.98,0.02,1
1956456206,-1.31,-1.6,0.62,0.03,0.36,0
2164430915,0.22,-0.34,0.88,0.03,0.09,0
2602780357,-0.01,-0.01,0.17,0.17,0.66,0
3333181581,-0.86,0.5,0.01,0.98,0.01,1
2776659625,-0.53,-0.58,0.21,0.09,0.7,2
3317494981,1.98,-0.65,1.0,0.0,0.0,0
1526906748,-0.84,-0.77,0.07,0.21,0.71,2
2581745122,-0.58,-0.7,0.38,0.07,0.55,2
2406867205,1.59,-0.13,0.99,0.0,0.01,0
3180757353,0.82,0.46,0.66,0.09,0.25,1
1541182730,-0.58,-0.56,0.11,0.12,0.77,0
649561047,-1.34,0.18,0.0,0.99,0.01,1
222780024,-0.74,-0.71,0.09,0.14,0.77,1
530237079,-1.59,-1.72,0.24,0.04,0.72,0
1585410302,-0.75,0.08,0.01,0.94,0.05,1
1264780406,-0.14,1.08,0.01,0.97,0.02,1
119447867,-0.51,0.46,0.01,0.95,0.04,1
2567937859,1.09,-0.16,0.97,0.01,0.02,0
2498646834,-0.35,1.02,0.01,0.98,0.01,1
2200251352,-0.96,-0.84,0.06,0.32,0.62,1
976035263,-0.54,-0.29,0.05,0.64,0.3,2
2979751183,-0.61,-0.61,0.12,0.11,0.78,2
3868094901,-0.56,-0.48,0.09,0.25,0.66,1
286942981,-0.41,-0.74,0.78,0.03,0.19,0
2186999136,-0.47,-1.05,0.91,0.01,0.07,0
1546206990,-0.36,-0.62,0.68,0.05,0.27,0
145827113,-0.56,-0.74,0.53,0.06,0.42,2
1795477419,-0.7,-0.76,0.21,0.08,0.72,0
437730953,-0.99,-0.86,0.06,0.36,0.59,0
2816633360,-0.67,0.14,0.02,0.93,0.05,1
4037348203,-0.41,1.2,0.0,0.99,0.01,1
393264716,-0.36,-0.57,0.59,0.06,0.35,0
3249072991,-0.46,-0.67,0.61,0.05,0.34,2
3056696498,0.54,1.89,0.01,0.98,0.02,1
3824905053,0.19,-1.18,0.99,0.0,0.01,0
1737441924,-0.2,-1.3,0.98,0.0,0.02,0
262574911,0.97,1.38,0.07,0.72,0.21,1
1604734870,0.05,0.03,0.2,0.16,0.65,1
3587947904,-0.85,-0.88,0.13,0.08,0.79,2
3923800604,-1.62,1.05,0.0,1.0,0.0,1
4095335222,-0.77,-0.77,0.1,0.11,0.79,2
1217824880,-0.62,0.81,0.01,0.98,0.01,1
992266303,-0.33,1.78,0.0,1.0,0.0,1
1486197657,-0.89,-0.85,0.08,0.16,0.76,1
686557600,0.85,-0.27,0.96,0.01,0.03,0
1687539953,-0.28,-0.82,0.89,0.02,0.09,0
976584716,-0.47,1.08,0.0,0.99,0.01,1
154660688,-0.84,-0.85,0.11,0.09,0.8,0
100272253,-0.21,-0.31,0.31,0.1,0.59,0
669859018,0.01,0.32,0.07,0.66,0.27,1
3145755720,0.86,-1.04,1.0,0.0,0.0,0
2163344257,0.12,1.98,0.0,0.99,0.0,1
666472411,1.55,-0.16,0.99,0.0,0.01,0
3523476874,-1.15,-0.04,0.01,0.97,0.02,1
2668553872,-0.63,-0.62,0.11,0.11,0.78,2
2419303685,0.4,-1.04,0.99,0.0,0.01,0
3320987237,-0.75,-0.84,0.26,0.07,0.67,0
518629593,0.56,-0.68,0.98,0.01,0.02,0
2312536595,-0.1,-1.52,0.99,0.0,0.01,0
3580159491,1.44,0.58,0.91,0.03,0.06,0
2116906895,-0.28,-0.91,0.92,0.01,0.06,0
4231263115,-0.45,-0.48,0.17,0.1,0.73,2
3550309125,-2.02,-1.23,0.0,0.94,0.06,1
1721302886,0.34,1.21,0.02,0.93,0.05,1
1725068559,-1.03,0.22,0.01,0.98,0.02,1
514269842,0.75,0.89,0.14,0.34,0.52,2
3745692523,0.7,-1.21,1.0,0.0,0.0,0
3909932312,-0.69,-0.64,0.09,0.18,0.73,2
2932305783,-0.63,-0.57,0.09,0.2,0.71,2
1595032271,-0.89,-0.84,0.08,0.17,0.75,1
2977858381,-0.38,-0.34,0.11,0.18,0.71,2
686274506,-0.38,-0.16,0.07,0.58,0.35,1
2348625342,-0.6,-2.03,0.99,0.0,0.0,0
3406237916,-0.06,-0.84,0.94,0.01,0.05,0
161447803,1.79,1.17,0.86,0.04,0.1,0
3084973894,2.0,1.37,0.87,0.04,0.09,1
2628019742,-1.73,2.0,0.0,1.0,0.0,1
2254932146,-0.19,-0.98,0.95,0.01,0.04,0
2565257165,-0.26,-0.14,0.1,0.33,0.57,1
3379668734,-1.44,-0.63,0.01,0.94,0.05,1
2549774037,-0.22,0.2,0.05,0.78,0.17,1
709024035,-0.31,-0.17,0.09,0.4,0.51,1
2009443908,-0.86,-0.88,0.12,0.09,0.8,2
914412423,-1.05,0.91,0.0,0.99,0.0,1
1449076100,0.43,-0.16,0.87,0.04,0.1,0
1117496788,-1.03,0.06,0.01,0.97,0.03,1
3082350811,0.02,-1.17,0.98,0.0,0.01,0
3483298920,-1.55,0.67,0.0,1.0,0.0,1
3693160435,-0.65,-0.43,0.05,0.59,0.36,0
3248150458,-0.35,-0.78,0.85,0.02,0.13,0
2308660247,-1.12,-1.08,0.07,0.14,0.79,2
3405525364,-0.72,0.56,0.01,0.98,0.02,1
3418299823,-0.63,1.43,0.0,1.0,0.0,1
1238821736,1.46,2.86,0.01,0.98,0.01,1
3859665285,0.82,-1.45,1.0,0.0,0.0,0
648189243,-0.73,-0.99,0.68,0.03,0.29,0
1148068169,-0.87,-0.84,0.09,0.12,0.79,1
3237244230,-0.79,-0.84,0.16,0.08,0.76,0
449813458,-1.73,-1.78,0.1,0.05,0.85,1
299679430,-0.8,-0.81,0.11,0.09,0.8,2
4222847658,-0.3,-0.35,0.22,0.11,0.67,0
2945763328,0.05,0.39,0.07,0.69,0.24,1
3035770921,-0.6,-1.4,0.96,0.0,0.03,0
453638347,-0.19,-1.13,0.97,0.01,0.03,0
2549436998,-1.1,-0.34,0.01,0.93,0.06,1
3229789301,0.57,0.09,0.81,0.05,0.14,2
2370138958,-0.66,0.37,0.01,0.96,0.03,1
2029447167,-0.66,-0.66,0.11,0.11,0.78,2
268628461,2.48,-1.49,1.0,0.0,0.0,0
206028031,-0.68,-0.71,0.16,0.09,0.75,2
3604442758,2.12,-1.3,1.0,0.0,0.0,0
179442957,1.39,1.3,0.26,0.14,0.6,2
1406691554,-1.3,-1.69,0.76,0.02,0.23,0
2790142929,-0.84,-0.54,0.04,0.72,0.25,1
1578912396,-0.88,-1.03,0.43,0.05,0.52,0
1993374241,2.34,2.34,0.19,0.15,0.66,2
1228726993,2.69,-0.66,1.0,0.0,0.0,0
2574535356,-1.46,0.33,0.0,0.99,0.0,1
1571475596,-1.31,0.28,0.0,0.99,0.01,1
1101744256,-0.18,-1.04,0.96,0.01,0.03,0
373932124,-0.82,-0.82,0.1,0.1,0.8,2
4165744583,0.19,1.05,0.02,0.93,0.05,1
529109202,-0.52,0.27,0.02,0.92,0.06,1
734321315,1.5,0.25,0.96,0.01,0.02,0
1771265247,-1.23,-1.41,0.42,0.04,0.54,0
1896801746,-0.77,-0.77,0.1,0.1,0.8,2
1482219434,0.05,-0.43,0.85,0.03,0.11,0
507831308,0.29,0.5,0.1,0.5,0.4,2
1871503902,-0.63,-0.04,0.02,0.88,0.09,1
2153856885,1.92,0.06,0.99,0.0,0.01,0
2517272002,0.86,1.81,0.02,0.94,0.04,1
3052090797,-0.94,-0.97,0.13,0.08,0.79,2
1123483192,-0.58,-1.5,0.97,0.0,0.02,0
535913956,-0.53,-0.93,0.83,0.02,0.14,0
3783794109,-0.81,0.7,0.0,0.99,0.01,1
2078758405,0.31,-0.08,0.74,0.06,0.2,2
398959648,1.13,2.92,0.0,0.99,0.01,1
1090771855,1.47,-0.81,1.0,0.0,0.0,0
3981264127,-0.38,-1.25,0.97,0.01,0.03,2
514708277,0.88,-1.63,1.0,0.0,0.0,0
2416363478,-0.66,-0.63,0.1,0.14,0.76,2
3574286692,0.72,0.61,0.3,0.15,0.55,2
1864174615,0.02,-0.68,0.93,0.02,0.06,0
3024703787,-0.82,-0.81,0.1,0.11,0.8,2
160293935,-0.67,0.22,0.01,0.94,0.04,1
1600132077,-1.97,0.47,0.0,1.0,0.0,1
1049890411,1.27,0.46,0.9,0.03,0.06,0
2263088754,-0.76,-0.8,0.17,0.08,0.75,2
4158384386,1.02,-0.92,1.0,0.0,0.0,0
1148467970,-1.6,-0.55,0.0,0.97,0.03,1
4118217043,0.11,1.58,0.01,0.98,0.01,1
1447185385,-0.77,-0.79,0.13,0.09,0.78,2
4104671898,-0.94,-1.06,0.34,0.06,0.61,2
3376558143,-1.55,-1.52,0.06,0.11,0.83,2
4124033072,0.51,0.45,0.23,0.16,0.6,1
92465454,0.11,-0.5,0.9,0.02,0.08,2
3447477206,-0.81,-0.78,0.09,0.13,0.78,2
1656105904,0.57,-0.97,0.99,0.0,0.01,0
3697544388,-1.04,-1.04,0.09,0.09,0.82,2
1583778064,-1.11,0.6,0.0,0.99,0.01,1
3170274922,0.13,0.14,0.18,0.19,0.63,0
1801956525,-0.61,-1.1,0.89,0.01,0.1,0
902700187,-0.49,-0.5,0.15,0.11,0.75,2
3789545059,-1.34,-1.34,0.08,0.09,0.83,2
4267557334,2.42,-1.01,1.0,0.0,0.0,0
3198848145,-0.91,-0.44,0.02,0.84,0.14,1
3391637106,-0.99,-1.04,0.16,0.07,0.77,2
132674740,0.44,-1.27,1.0,0.0,0.0,0
662967993,0.65,1.62,0.02,0.95,0.04,1
1822195568,-0.87,-0.84,0.09,0.12,0.79,2
2288890578,-0.2,-0.62,0.83,0.03,0.14,1
2903534900,-0.08,0.1,0.09,0.46,0.44,2
440966086,2.28,-0.11,1.0,0.0,0.0,0
2172738200,-0.8,-0.36,0.03,0.82,0.15,1
2331471521,0.85,0.58,0.54,0.12,0.35,1
4091115902,0.43,-0.74,0.98,0.01,0.02,0
3299251872,0.38,0.38,0.19,0.19,0.62,2
2442413814,-0.87,-0.87,0.1,0.1,0.81,2
1942386136,-0.76,-0.68,0.08,0.24,0.69,1
909317875,-1.12,0.69,0.0,0.99,0.0,1
1893541731,0.43,0.87,0.06,0.77,0.18,1
606115644,0.23,0.84,0.03,0.87,0.1,1
3350628491,-0.82,-0.8,0.09,0.12,0.79,2
2349094155,1.34,-1.78,1.0,0.0,0.0,0
3583156948,-1.08,-0.65,0.02,0.82,0.16,2
4108843698,1.71,1.18,0.82,0.05,0.13,0
3654914308,-0.46,-0.36,0.09,0.29,0.62,1
2397567716,-1.35,-1.21,0.05,0.35,0.6,2
2664567333,-0.45,-1.05,0.92,0.01,0.07,0
1136213582,-0.58,-0.58,0.12,0.11,0.77,2
1530504165,-0.38,1.13,0.01,0.98,0.01,1
773209063,-0.12,-0.52,0.81,0.04,0.15,0
1497584626,-0.89,-0.79,0.07,0.27,0.67,2
2237519634,0.55,-1.98,1.0,0.0,0.0,0
1914445559,-1.42,-1.42,0.08,0.08,0.84,1
1602086526,0.31,-1.76,1.0,0.0,0.0,0
1061697319,-0.08,-1.88,1.0,0.0,0.0,0
1968820665,-0.7,-0.71,0.13,0.09,0.78,1
683350653,-1.39,-1.4,0.09,0.08,0.84,2
2063092557,2.22,1.96,0.52,0.09,0.39,2
1968786668,-0.27,-0.2,0.12,0.22,0.66,2
2126408165,-0.82,-0.76,0.08,0.2,0.72,2
1412032810,1.23,-0.11,0.97,0.01,0.02,0
198631528,-1.74,2.12,0.0,1.0,0.0,1
4249060047,0.07,-0.47,0.88,0.03,0.09,0
1562519912,-0.98,-1.01,0.12,0.08,0.8,1
1181171334,-0.92,-0.89,0.08,0.13,0.78,2
640228262,-0.36,-1.3,0.97,0.0,0.02,0
1931016439,-0.34,-0.72,0.82,0.03,0.15,0
2662265300,0.54,-0.9,0.99,0.0,0.01,0
2360482981,0.57,0.19,0.69,0.08,0.23,2
2081922962,-0.81,-0.82,0.11,0.09,0.8,1
1778202741,-0.76,-0.7,0.08,0.19,0.73,1
1048543177,-0.25,-0.3,0.23,0.11,0.66,2
2109229277,-0.17,-0.19,0.17,0.14,0.69,0
331662385,1.02,-1.56,1.0,0.0,0.0,0
1037708422,-0.78,-0.79,0.12,0.09,0.79,2
2121929081,-0.33,0.28,0.03,0.88,0.09,1
2892385551,-0.84,-0.82,0.09,0.12,0.79,2
3821325702,-1.59,0.35,0.0,1.0,0.0,1
1496063118,-0.75,-0.77,0.14,0.09,0.78,2
3364748511,1.26,2.61,0.01,0.98,0.02,1
2341205378,0.68,-0.24,0.94,0.02,0.04,0
2539814421,1.24,-0.88,1.0,0.0,0.0,0
534007590,1.11,1.25,0.14,0.34,0.52,2
3016221458,-1.45,0.11,0.0,0.99,0.01,1
2786393511,0.09,-0.82,0.96,0.01,0.03,0
4139605189,1.02,1.47,0.06,0.76,0.18,1
3240491013,-1.08,0.29,0.0,0.98,0.01,1
2815328714,1.4,-1.06,1.0,0.0,0.0,0
2460630220,-0.89,-1.06,0.48,0.05,0.47,0
1977100411,0.4,0.79,0.06,0.73,0.2,1
1467428834,-0.78,-0.74,0.09,0.15,0.76,2
449552496,0.73,-0.47,0.97,0.01,0.02,0
2253526320,-0.07,1.63,0.0,0.99,0.01,1
1095252334,1.15,-0.31,0.98,0.01,0.01,0
3630578037,-0.48,-0.6,0.37,0.07,0.55,0
2818426777,1.75,1.55,0.41,0.11,0.47,2
3948707728,0.37,-0.69,0.97,0.01,0.02,0
170212609,-0.84,1.05,0.0,0.99,0.0,1
2077285832,-0.54,-0.49,0.1,0.17,0.73,1
468624511,-0.1,0.14,0.08,0.58,0.34,2
4117846084,1.11,-0.66,0.99,0.0,0.01,0
3973130271,-0.5,0.78,0.01,0.97,0.02,1
685329785,0.08,0.08,0.18,0.18,0.64,2
3658991985,0.4,-1.36,1.0,0.0,0.0,0
3305016457,-1.68,1.49,0.0,1.0,0.0,1
3942939861,2.03,-0.71,1.0,0.0,0.0,0
2845957083,-0.84,-0.84,0.1,0.1,0.8,2
1612551938,-0.92,1.36,0.0,1.0,0.0,1
3257409165,0.1,0.05,0.22,0.15,0.64,0
3677042146,0.4,-0.43,0.94,0.02,0.05,0
2309569202,-0.4,0.74,0.01,0.96,0.03,1
1455606913,-1.71,-1.7,0.06,0.09,0.85,2
3981604591,1.89,2.23,0.08,0.65,0.27,0
317486062,-1.07,-0.76,0.03,0.73,0.24,1
3505125660,-0.84,-0.91,0.2,0.07,0.72,1
1615783648,-0.79,2.3,0.0,1.0,0.0,1
1087411458,1.65,-0.54,1.0,0.0,0.0,0
217178618,0.5,-0.87,0.99,0.0,0.01,0
3183223173,-0.26,1.28,0.0,0.99,0.01,1
3918026450,-0.62,-0.61,0.11,0.11,0.78,2
1840206833,0.71,0.37,0.65,0.09,0.26,0
2667634759,-0.9,-0.84,0.07,0.2,0.73,0
4010267685,1.27,1.27,0.19,0.18,0.62,2
4066966573,-0.62,-0.55,0.09,0.21,0.7,2
1475666594,0.02,-0.41,0.82,0.04,0.14,0
2325042653,-0.8,-0.79,0.1,0.11,0.8,2
792709824,-1.11,-1.03,0.06,0.21,0.72,2
291586211,-0.98,-1.32,0.76,0.02,0.22,0
1598872081,-0.81,-0.82,0.12,0.09,0.79,1
2821015496,-1.4,-0.44,0.01,0.96,0.03,1
1458448200,-1.34,0.97,0.0,1.0,0.0,1
256570296,-0.15,-0.12,0.13,0.19,0.67,2
2611412691,0.25,-1.36,0.99,0.0,0.0,0
1662185005,-0.99,1.06,0.0,1.0,0.0,1
884224318,-1.3,2.25,0.0,1.0,0.0,1
2198041181,-0.75,-0.82,0.22,0.08,0.71,0
1255036222,0.45,-0.36,0.93,0.02,0.05,0
695825409,-1.41,0.08,0.0,0.99,0.01,1
904051836,-0.79,-0.8,0.11,0.09,0.79,2
3600823155,-0.84,-0.81,0.09,0.13,0.78,2
867268041,-0.77,-0.76,0.1,0.12,0.79,2
547306174,-1.38,-1.3,0.06,0.19,0.75,1
3052114820,-0.85,-0.84,0.09,0.11,0.79,2
1664201201,-0.74,-0.77,0.15,0.09,0.76,2
2662615048,-0.48,-0.89,0.84,0.02,0.13,0
3765093586,1.27,1.27,0.2,0.18,0.62,2
2386977054,-0.51,-0.82,0.77,0.03,0.2,0
220217294,-0.68,0.0,0.02,0.91,0.07,1
2000906946,-1.55,0.38,0.0,1.0,0.0,1
4137293684,-1.69,1.69,0.0,1.0,0.0,1
4191278050,1.59,-0.44,0.99,0.0,0.0,0
413567230,-0.76,-0.72,0.09,0.15,0.76,1
1278317926,-0.63,-0.54,0.08,0.27,0.65,2
1870214022,0.48,-0.73,0.98,0.01,0.02,0
544624323,2.23,-1.01,1.0,0.0,0.0,0
2455883286,0.4,-1.03,0.99,0.0,0.01,0
854204789,-0.7,0.31,0.01,0.96,0.03,1
1208650199,-0.69,-0.67,0.1,0.12,0.78,2
2759086656,-1.06,-0.26,0.01,0.94,0.05,1
1972223096,-1.41,-1.49,0.17,0.05,0.78,2
3477955748,-0.78,-0.75,0.09,0.14,0.77,2
3174602044,-0.87,-0.82,0.08,0.16,0.76,2
772885362,-0.82,-0.82,0.1,0.11,0.8,2
4153665781,-0.71,0.21,0.01,0.95,0.04,1
3773163717,-0.66,-0.63,0.09,0.15,0.75,2
652365545,-0.56,-0.11,0.03,0.82,0.14,2
559034161,-0.78,-0.04,0.02,0.92,0.06,1
1989374296,-0.74,-0.77,0.14,0.09,0.77,2
2685180242,-1.0,0.28,0.01,0.98,0.02,1
227541901,-0.21,-1.27,0.98,0.0,0.02,0
3525644426,0.04,-0.31,0.73,0.06,0.22,0
3648788697,1.21,1.61,0.07,0.71,0.21,1
594444177,-0.92,0.11,0.01,0.96,0.03,1
2789396693,-0.37,0.04,0.04,0.79,0.17,1
1473760067,-0.77,-0.76,0.1,0.12,0.79,2
3899864690,-0.84,-0.82,0.09,0.11,0.8,2
2364323122,0.86,-0.08,0.94,0.02,0.04,0
2462543878,0.37,-1.23,0.99,0.0,0.01,0
1840700245,0.92,1.12,0.12,0.45,0.43,1
1937116817,-1.23,1.41,0.0,1.0,0.0,1
1740378012,-0.72,-0.82,0.29,0.07,0.64,0
2804243435,1.31,2.45,0.01,0.97,0.02,1
3131004547,-0.02,-1.03,0.97,0.01,0.02,0
2589131468,-0.89,0.73,0.0,0.99,0.01,1
1110835955,-0.79,-0.78,0.1,0.11,0.79,2
3667468990,-0.89,-0.95,0.18,0.07,0.74,2
2440841432,-0.84,-0.91,0.22,0.07,0.71,2
1439568664,-1.17,0.39,0.0,0.99,0.01,1
3005224192,0.2,-0.47,0.91,0.02,0.07,0
2672500521,-0.74,1.11,0.0,0.99,0.0,1
3975204890,-0.61,-0.5,0.08,0.3,0.62,0
3675583679,-0.06,-0.55,0.87,0.03,0.11,0
2862232490,-0.23,-0.94,0.94,0.01,0.05,0
746476011,0.54,-1.31,1.0,0.0,0.0,0
756595278,-0.81,-0.8,0.1,0.11,0.8,2
1266464706,-1.08,1.85,0.0,1.0,0.0,1
2567488532,-0.64,-0.58,0.09,0.2,0.71,1
1746453353,-0.94,0.21,0.01,0.97,0.02,1
39161068,-1.18,0.26,0.0,0.98,0.01,1
3840579676,-1.65,0.54,0.0,1.0,0.0,1
3923514562,-0.66,-0.57,0.08,0.26,0.66,2
941665659,-0.9,-0.77,0.06,0.36,0.58,1
307614279,0.07,-0.04,0.3,0.12,0.58,2
2715228831,-0.54,-0.62,0.27,0.08,0.65,2
4233633398,0.0,-0.55,0.89,0.02,0.09,0
216937721,2.39,1.34,0.95,0.02,0.03,1
3013282620,-0.74,-0.71,0.09,0.15,0.76,2
2744756604,-0.72,0.12,0.01,0.94,0.05,1
3561546594,-0.23,-0.58,0.78,0.04,0.18,0
3277860821,1.59,-1.56,1.0,0.0,0.0,0
2951829189,-0.77,-0.79,0.14,0.09,0.77,2
2618609379,-0.6,-0.67,0.25,0.08,0.67,0
1823207576,0.68,1.34,0.03,0.89,0.08,0
3712004428,-0.87,-1.09,0.58,0.04,0.38,0
2531898268,-0.62,-0.57,0.09,0.18,0.72,2
1938396429,-0.55,0.85,0.01,0.98,0.01,1
3527053929,-0.72,-0.55,0.06,0.48,0.47,1
2652189141,0.99,-0.7,0.99,0.0,0.01,2
822273149,1.04,-0.6,0.99,0.0,0.01,0
35282086,-0.84,-0.79,0.08,0.17,0.75,2
823310658,0.13,0.13,0.18,0.18,0.63,2
2122078195,-0.68,-0.67,0.1,0.11,0.78,2
3335915269,0.15,-0.24,0.77,0.05,0.18,0
4066102115,-0.85,2.05,0.0,1.0,0.0,1
1655491955,-1.83,1.2,0.0,1.0,0.0,1
2078586314,-0.43,0.08,0.03,0.85,0.12,1
3446244693,-0.49,-0.2,0.05,0.68,0.27,2
1281939268,-0.72,-0.72,0.11,0.1,0.79,2
2283043949,-0.05,1.56,0.0,0.99,0.01,1
2839871995,-0.95,-1.06,0.31,0.06,0.63,1
3742642618,-1.23,0.46,0.0,0.99,0.01,1
2147265027,0.03,0.03,0.18,0.17,0.65,2
4251419663,1.94,1.72,0.45,0.1,0.44,1
2364173573,1.47,-0.25,0.99,0.0,0.01,0
2546441151,-0.73,-0.71,0.1,0.12,0.78,2
3929023843,-0.71,-0.77,0.19,0.08,0.73,2
2047988109,1.45,2.88,0.01,0.98,0.01,1
2008240975,-0.61,-0.5,0.07,0.34,0.58,1
2149614950,-0.21,-1.14,0.97,0.01,0.03,0
4236078838,0.96,0.26,0.88,0.04,0.08,1
3736161819,-0.15,-0.44,0.67,0.06,0.27,0
99337382,1.8,-0.81,1.0,0.0,0.0,0
1005212953,-0.99,-0.2,0.01,0.93,0.05,1
2723196223,-0.41,-0.35,0.11,0.2,0.69,1
2924220187,-1.24,0.73,0.0,1.0,0.0,1
358446049,-0.03,0.22,0.08,0.58,0.34,2
2484654695,0.15,1.66,0.01,0.98,0.01,1
2165982346,-0.94,0.44,0.01,0.98,0.01,1
4003847029,-0.82,-0.99,0.48,0.05,0.47,0
3746195187,-0.89,-0.88,0.09,0.11,0.8,2
2299953415,1.45,1.11,0.63,0.09,0.27,0
1733072796,-0.77,1.43,0.0,1.0,0.0,1
1353421867,1.27,-0.4,0.99,0.0,0.01,0
233570353,-1.61,-1.43,0.04,0.44,0.53,2
2467931207,-0.89,-1.21,0.75,0.02,0.22,2
358491458,-0.71,1.78,0.0,1.0,0.0,1
2110034722,-0.59,-0.05,0.03,0.87,0.11,1
4078309963,-0.77,-0.7,0.08,0.21,0.71,1
1876260647,-0.69,-0.66,0.09,0.14,0.76,0
1750984532,-0.89,0.63,0.0,0.99,0.01,1
3423337050,0.24,0.44,0.1,0.49,0.4,1
81304812,-0.82,-0.82,0.1,0.11,0.8,2
194154570,-0.44,-0.91,0.87,0.02,0.11,0
3389868636,-1.24,-1.31,0.17,0.06,0.77,2
2204101284,1.02,-0.13,0.96,0.01,0.03,0
2120072322,-0.17,0.07,0.07,0.59,0.34,2
671945114,0.51,1.45,0.02,0.94,0.04,1
1152956056,-0.71,-0.73,0.13,0.09,0.78,1
424217953,-0.55,-0.54,0.11,0.13,0.76,2
3857326911,0.24,-1.34,0.99,0.0,0.0,0
216945281,-0.1,-0.06,0.13,0.2,0.66,0
758996719,0.04,-0.02,0.23,0.14,0.63,2
142046731,1.01,0.01,0.94,0.02,0.04,0
2555416077,-0.66,-0.68,0.14,0.09,0.76,1
1379839810,0.82,-0.47,0.98,0.01,0.02,0
1844291078,2.45,-1.59,1.0,0.0,0.0,0
1279788897,0.65,-0.61,0.98,0.01,0.02,0
2530794112,-0.65,-0.66,0.12,0.1,0.78,2
979830958,-0.81,-0.84,0.15,0.08,0.77,2
2307987894,-0.65,-1.14,0.88,0.01,0.1,0
2352789581,-0.1,-0.66,0.89,0.02,0.08,0
3109422004,-0.28,-0.41,0.41,0.08,0.51,2
1151852306,0.28,-0.31,0.88,0.03,0.09,0
4241970758,-1.12,-0.6,0.02,0.86,0.12,1
481704078,-0.71,-0.66,0.09,0.18,0.74,2
841124372,-0.75,-0.77,0.14,0.09,0.78,2
2388967305,-0.95,-0.53,0.02,0.81,0.16,2
1094234259,-0.85,2.27,0.0,1.0,0.0,1
381031987,-0.88,-0.4,0.02,0.84,0.14,1
3316309653,-0.3,0.34,0.03,0.89,0.08,1
2828070488,-0.52,-0.55,0.18,0.09,0.72,2
943774640,-0.34,-0.41,0.26,0.1,0.64,2
885349905,-0.48,-0.54,0.22,0.09,0.68,0
3923786288,-0.64,-0.8,0.49,0.06,0.46,2
3314533209,0.28,0.11,0.37,0.13,0.5,0
2115246553,-0.75,-0.25,0.03,0.85,0.12,1
822730342,0.44,-0.78,0.98,0.01,0.02,0
309679328,-0.71,-0.67,0.09,0.16,0.75,2
738739981,0.87,0.62,0.51,0.12,0.37,2
2516937696,-0.06,0.71,0.02,0.91,0.06,1
1724589264,0.47,0.59,0.14,0.32,0.54,0
2004767599,-0.33,0.34,0.02,0.9,0.08,1
3223734908,-0.89,-0.95,0.18,0.07,0.74,2
2814762320,-1.31,0.88,0.0,1.0,0.0,1
1349827952,-1.74,-1.76,0.08,0.06,0.86,2
3025943376,-0.26,-0.15,0.1,0.32,0.58,2
1621068592,-1.53,2.83,0.0,1.0,0.0,1
3805545825,-0.48,0.03,0.03,0.85,0.12,1
1202404779,-0.86,-0.87,0.11,0.09,0.8,2
2087933550,-0.87,-1.13,0.67,0.03,0.3,0
3342639963,0.61,0.63,0.18,0.21,0.61,0
1191335929,-0.65,-1.01,0.81,0.02,0.17,0
1431149709,0.41,2.22,0.0,0.99,0.01,1
2772019525,0.31,-0.02,0.65,0.08,0.27,0
3988417381,-0.76,-0.68,0.08,0.24,0.69,2
1592439919,-0.57,-0.73,0.49,0.06,0.46,0
3615475757,-0.08,-0.33,0.6,0.07,0.33,1
1160328414,0.21,0.06,0.35,0.13,0.53,2
1202964861,0.13,1.12,0.02,0.94,0.04,1
3346698406,-0.01,-0.44,0.82,0.04,0.14,2
2590428203,-1.55,-0.71,0.01,0.94,0.05,1
1760957201,-0.76,-0.73,0.09,0.14,0.77,2
83379819,-0.97,-0.92,0.07,0.17,0.76,2
2155493782,-0.43,-0.41,0.12,0.15,0.74,2
3252986488,0.88,-1.27,1.0,0.0,0.0,0
424571211,1.43,1.88,0.06,0.76,0.18,1
710520312,-0.06,-1.26,0.98,0.0,0.01,0
3661361346,0.86,0.49,0.67,0.09,0.24,0
2891377218,-0.5,1.48,0.0,0.99,0.0,1
1904135405,1.92,1.07,0.92,0.03,0.06,0
1761306249,0.16,1.5,0.01,0.98,0.02,1
2307553504,-0.24,1.42,0.0,0.99,0.01,1
3011882725,0.3,1.22,0.02,0.94,0.04,1
2647165533,-1.59,1.01,0.0,1.0,0.0,1
674416108,-0.86,-0.91,0.17,0.08,0.75,2
1601990898,-0.84,-0.88,0.15,0.08,0.77,2
90353060,-0.11,-0.66,0.89,0.02,0.08,1
3785846027,-1.22,-0.9,0.02,0.73,0.24,1
1633754432,-1.17,0.97,0.0,1.0,0.0,1
4165947662,-0.68,-0.56,0.07,0.34,0.59,2
2433231434,-0.8,-0.84,0.15,0.08,0.77,2
283212948,0.09,-1.47,0.99,0.0,0.0,0
1320023166,-0.9,1.98,0.0,1.0,0.0,1
622087916,-0.77,-0.78,0.11,0.09,0.79,2
2894855686,0.73,-0.49,0.97,0.01,0.02,2
4169040683,-0.84,-0.88,0.14,0.08,0.78,2
480479536,-1.3,0.21,0.0,0.99,0.01,1
617492354,-0.66,-0.84,0.52,0.05,0.43,2
2741728095,-0.8,-0.81,0.11,0.09,0.8,2
2172066281,-0.13,0.29,0.05,0.76,0.19,1
1613609982,-1.61,-1.71,0.18,0.04,0.77,1
166961968,-1.16,-0.69,0.02,0.84,0.14,2
4189032911,0.49,-0.54,0.96,0.01,0.03,0
4145549851,-0.81,-1.78,0.98,0.0,0.02,0
1916866473,1.03,0.17,0.92,0.03,0.06,0
961628654,0.33,-1.26,0.99,0.0,0.01,0
4096360913,0.31,-0.01,0.64,0.08,0.28,0
2582290857,0.16,1.24,0.01,0.96,0.03,1
4198230943,2.09,-0.94,1.0,0.0,0.0,0
1076072050,0.12,-0.3,0.8,0.04,0.15,0
1126473963,1.7,0.9,0.9,0.03,0.07,0
4229267872,-1.15,1.11,0.0,1.0,0.0,1
1251844649,0.67,-1.61,1.0,0.0,0.0,0
3436295697,-0.94,0.67,0.0,0.99,0.01,1
1945184592,-0.43,-0.43,0.14,0.12,0.74,2
3887917660,-0.97,-0.03,0.01,0.95,0.04,1
910004613,0.36,0.22,0.32,0.14,0.54,2
719659214,1.01,-1.0,1.0,0.0,0.0,0
3075483183,1.73,0.82,0.92,0.03,0.05,0
211567880,-1.68,-0.28,0.0,0.99,0.01,1
1179361765,-0.95,-0.9,0.08,0.15,0.77,1
1811474229,0.96,1.45,0.05,0.8,0.15,2
3194667611,-0.78,-0.88,0.28,0.07,0.66,0
336367743,2.61,2.08,0.83,0.04,0.13,2
3610023705,-1.66,1.32,0.0,1.0,0.0,1
1686878421,-0.79,-0.82,0.13,0.09,0.78,2
2402112717,-1.56,-0.33,0.0,0.98,0.02,1
1128533562,0.73,-0.9,0.99,0.0,0.01,0
870836568,0.74,0.55,0.4,0.14,0.46,0
769724993,-0.44,-1.7,0.99,0.0,0.01,0
302355890,-0.81,-0.79,0.09,0.12,0.79,2
2906721127,-1.04,-0.47,0.02,0.88,0.11,1
1204150073,-0.81,-0.84,0.15,0.08,0.77,2
2396725861,-0.75,-0.67,0.08,0.24,0.69,1
707075322,-0.2,0.02,0.08,0.55,0.37,1
952119992,1.84,-0.59,1.0,0.0,0.0,0
1506703353,-1.18,-1.15,0.07,0.12,0.8,2
3669174233,-0.56,1.05,0.0,0.99,0.01,1
2135037190,0.13,0.33,0.1,0.48,0.42,1
3576327348,-0.74,-0.79,0.18,0.08,0.74,0
296928031,-0.71,-0.77,0.2,0.08,0.72,0
574863547,-0.8,-0.71,0.07,0.25,0.68,2
879764233,-0.84,-0.82,0.09,0.13,0.78,2
2735414637,0.28,0.54,0.09,0.58,0.33,1
3497395803,0.82,-0.93,0.99,0.0,0.0,0
4125594232,-0.54,-0.22,0.05,0.71,0.25,2
1614303339,-0.66,-1.02,0.81,0.02,0.17,0
1875538745,-0.79,-0.79,0.1,0.1,0.8,2
4128746334,2.81,1.34,0.98,0.01,0.01,0
1328817584,-0.57,-0.57,0.12,0.11,0.77,0
1406272189,-0.52,0.95,0.01,0.98,0.01,1
310617538,2.0,-0.58,1.0,0.0,0.0,0
3492788116,0.85,0.71,0.34,0.15,0.52,2
437002459,1.74,-1.03,1.0,0.0,0.0,0
1025274392,0.43,-0.61,0.96,0.01,0.03,0
2923577118,-0.31,-0.12,0.08,0.52,0.41,1
920225426,0.61,-0.25,0.93,0.02,0.05,0
1634219871,0.16,-0.72,0.95,0.01,0.04,0
1489270114,-0.11,-0.13,0.18,0.14,0.67,2
834307597,0.42,0.24,0.4,0.13,0.47,0
3162488164,0.33,-1.5,1.0,0.0,0.0,0
2901774444,-0.95,-0.95,0.1,0.09,0.81,2
911067219,-0.32,1.2,0.01,0.98,0.01,1
469996842,2.34,2.36,0.18,0.16,0.66,2
2298338833,-0.66,0.32,0.01,0.95,0.04,1
3870510885,-0.5,0.94,0.01,0.98,0.01,1
4290579575,1.61,-1.59,1.0,0.0,0.0,0
188428650,-0.56,-0.56,0.12,0.11,0.77,2
377576238,-0.82,-0.47,0.03,0.75,0.21,1
638858569,-0.7,-0.67,0.1,0.14,0.77,1
3267097727,-0.4,1.06,0.01,0.98,0.01,1
3508617863,-0.95,-0.89,0.07,0.2,0.73,2
221821151,-0.06,-0.95,0.96,0.01,0.03,0
526323113,-0.36,1.59,0.0,0.99,0.0,1
3208012786,0.32,-1.22,0.99,0.0,0.01,0
3305968056,-0.81,-0.82,0.12,0.09,0.79,2
2760806000,-0.76,-0.49,0.04,0.67,0.29,1
1016394493,0.25,-0.41,0.91,0.02,0.07,0
2298027635,-0.88,0.1,0.01,0.95,0.04,1
804466226,0.82,-0.81,0.99,0.0,0.01,0
2979014956,0.31,0.59,0.08,0.61,0.31,1
408562271,-0.42,0.8,0.01,0.97,0.02,1
179757471,-0.01,-0.14,0.35,0.11,0.54,2
2386247402,-1.2,0.68,0.0,0.99,0.0,1
3263689175,-0.82,-0.81,0.1,0.11,0.8,2
673818382,-0.6,-0.11,0.03,0.85,0.13,1
3393850365,0.03,-1.18,0.98,0.0,0.01,0
3571755963,-0.79,-0.77,0.09,0.13,0.78,1
4224546335,-0.86,0.02,0.01,0.94,0.04,1
2001050187,-0.29,-1.15,0.96,0.01,0.03,0
3376195941,-0.4,-1.41,0.98,0.0,0.02,0
2045300967,-0.51,-1.34,0.96,0.0,0.03,0
2937596578,-0.45,-0.93,0.87,0.02,0.11,0
2234303192,2.17,-0.69,1.0,0.0,0.0,0
452420965,0.69,-1.93,1.0,0.0,0.0,0
3476163260,1.09,0.84,0.5,0.12,0.38,0
1949390694,-0.94,-1.45,0.89,0.01,0.1,0
2955174242,-0.73,-0.74,0.12,0.09,0.78,1
2255935171,0.4,-0.29,0.9,0.03,0.07,0
2375919721,2.28,1.63,0.88,0.04,0.08,0
2803175844,0.03,-0.0,0.2,0.15,0.65,1
1118481558,-0.85,-0.82,0.09,0.14,0.77,2
2743803179,0.05,0.35,0.07,0.65,0.27,2
759644552,-0.43,0.43,0.02,0.93,0.05,1
1009027138,-0.89,-0.87,0.09,0.12,0.79,0
2319940208,-0.93,-1.01,0.23,0.07,0.7,2
1272846086,0.26,1.76,0.01,0.98,0.01,1
2496482794,-0.06,-0.52,0.84,0.03,0.12,0
3937668363,-1.2,0.46,0.0,0.99,0.01,1
809821657,-0.66,-0.68,0.13,0.1,0.77,2
1472549789,-0.71,-0.72,0.12,0.1,0.78,2
1423748019,0.24,-0.18,0.79,0.05,0.16,0
1166585957,-0.64,-0.67,0.17,0.09,0.74,2
2704737495,-0.82,-0.81,0.1,0.11,0.8,2
3629518428,0.66,-0.21,0.93,0.02,0.05,0
4238728244,-1.2,-1.27,0.18,0.06,0.76,1
3540970619,0.6,-0.92,0.99,0.0,0.01,0
3691887330,1.76,1.3,0.77,0.06,0.17,0
653856301,-0.77,-0.77,0.1,0.1,0.8,2
1918144220,-0.82,-0.77,0.08,0.17,0.75,1
2036037766,-0.71,-0.73,0.14,0.09,0.77,2
2149851196,-1.93,-1.98,0.09,0.05,0.86,2
3699822885,-0.74,-1.04,0.74,0.03,0.23,0
1019231268,2.28,0.29,0.99,0.0,0.0,0
2666339653,-0.77,-0.79,0.14,0.09,0.77,1
3117319064,-0.82,-0.79,0.09,0.13,0.78,2
2054337496,0.07,-0.51,0.89,0.02,0.08,1
525829138,0.79,-0.49,0.98,0.01,0.02,0
2667668809,1.39,0.89,0.79,0.06,0.15,0
1160969480,-1.2,0.43,0.0,0.99,0.01,1
3557653154,-0.91,-0.89,0.09,0.11,0.8,2
430344555,-0.92,-0.55,0.03,0.77,0.2,2
2148032113,1.2,-0.84,1.0,0.0,0.0,0
2962673754,-0.7,-0.61,0.07,0.28,0.65,2
663829277,-0.36,-0.93,0.91,0.01,0.08,0
2293658561,-0.03,1.46,0.01,0.98,0.01,1
2254049087,-0.84,-0.87,0.13,0.08,0.79,2
2056317969,1.22,-1.72,1.0,0.0,0.0,0
1368840348,-1.12,-0.93,0.04,0.52,0.44,0
3956269050,-0.61,-0.61,0.11,0.11,0.78,2
3883350584,-0.99,-0.88,0.06,0.31,0.63,2
45083686,-0.53,-0.26,0.05,0.66,0.29,2
3560886581,1.24,0.92,0.6,0.1,0.3,0
3127477227,0.58,0.09,0.81,0.05,0.14,2
1219635881,-0.01,0.43,0.05,0.78,0.17,1
3445253305,-1.27,-1.49,0.49,0.03,0.47,0
2908933313,0.49,0.57,0.15,0.27,0.59,0
4192407066,-0.34,-0.71,0.81,0.03,0.16,0
2003518404,-0.66,-0.71,0.19,0.08,0.72,0
3571469205,-0.05,-0.01,0.14,0.2,0.66,2
3495811032,-1.55,-1.78,0.46,0.03,0.51,0
2235959583,-1.73,0.82,0.0,1.0,0.0,1
1297771796,-0.74,-0.82,0.23,0.07,0.69,0
1169750262,2.45,1.5,0.94,0.02,0.04,0
157570376,-1.24,1.59,0.0,1.0,0.0,2
2270609549,0.3,-0.56,0.95,0.01,0.04,0
3612570477,1.48,1.82,0.09,0.64,0.27,2
1054126902,0.09,-0.41,0.87,0.03,0.1,0
222055124,-0.74,-0.82,0.23,0.07,0.69,0
4109942794,-0.66,-0.78,0.36,0.07,0.58,0
1973707667,-0.52,-0.93,0.84,0.02,0.14,1
2029563868,-1.43,-1.27,0.04,0.41,0.55,1
457824239,-0.22,-0.12,0.11,0.29,0.6,1
3101578865,0.29,-1.01,0.99,0.0,0.01,0
2341853686,-0.84,-0.79,0.08,0.17,0.75,2
2580286529,-1.01,1.72,0.0,1.0,0.0,1
295506725,-1.6,1.91,0.0,1.0,0.0,1
1224600442,-0.66,-0.04,0.02,0.89,0.09,1
419020702,0.27,0.25,0.2,0.18,0.62,2
212498729,2.39,1.98,0.73,0.06,0.21,0
2209846522,0.43,-0.39,0.93,0.02,0.05,0
128647490,-1.45,-0.55,0.01,0.95,0.04,1
4170496928,-0.58,0.17,0.02,0.92,0.06,1
2274188790,-0.55,-1.2,0.93,0.01,0.06,0
3078215006,-0.67,0.12,0.02,0.93,0.06,1
1016281411,2.14,0.06,0.99,0.0,0.0,0
2847624703,2.17,2.59,0.06,0.75,0.19,1
3228367042,1.49,-0.48,0.99,0.0,0.0,0
2977571178,-0.6,-0.71,0.37,0.07,0.56,2
3503486846,1.09,-1.4,1.0,0.0,0.0,0
2386359814,-0.02,0.57,0.03,0.87,0.1,1
2178647217,-1.33,-0.31,0.01,0.96,0.03,1
161260796,-0.74,0.55,0.01,0.98,0.02,1
3247518210,-0.86,1.3,0.0,1.0,0.0,1
2780322232,0.68,-1.03,0.99,0.0,0.0,0
3433126215,-0.71,-0.71,0.12,0.1,0.78,2
1167488950,1.45,-0.13,0.98,0.0,0.01,0
2355154878,-1.78,-0.37,0.0,0.99,0.01,1
3081374345,-0.3,-0.34,0.19,0.11,0.7,2
1873432245,-1.27,-0.41,0.01,0.95,0.05,1
2995765289,-0.07,-0.95,0.96,0.01,0.03,0
1434992319,-0.84,-0.84,0.11,0.09,0.8,2
3473119337,2.48,-0.12,1.0,0.0,0.0,0
3200512434,-0.79,-0.79,0.1,0.1,0.8,2
2562732118,-0.91,0.59,0.0,0.99,0.01,1
424878968,-0.82,-0.81,0.1,0.11,0.8,1
1636822861,0.53,-0.11,0.88,0.03,0.08,0
1554476691,-1.76,1.27,0.0,1.0,0.0,1
3367480778,0.43,-0.94,0.99,0.0,0.01,0
2140634225,-0.77,-0.67,0.07,0.29,0.64,2
3403522077,-1.4,-1.4,0.08,0.08,0.84,0
2540202809,-1.59,-1.62,0.1,0.06,0.84,2
2101026686,-0.52,1.06,0.0,0.99,0.01,1
142666279,1.11,-0.24,0.97,0.01,0.02,0
855346087,-0.35,-0.45,0.32,0.09,0.59,0
330851562,-0.79,-0.77,0.09,0.13,0.78,2
3255688557,0.55,-0.86,0.99,0.0,0.01,0
2564775726,-0.5,-0.67,0.51,0.06,0.43,0
2370109546,-0.48,0.49,0.01,0.95,0.04,1
2623972877,-0.78,-0.82,0.17,0.08,0.75,2
2427170505,1.28,0.48,0.9,0.03,0.07,0
2576720866,-0.04,1.17,0.01,0.97,0.02,1
3198456614,-1.09,0.82,0.0,0.99,0.0,1
1020799349,-0.78,-0.69,0.07,0.27,0.66,0
274606150,-0.42,-1.41,0.98,0.0,0.02,0
1950658254,-0.5,-0.21,0.05,0.67,0.28,1
3164641298,-0.74,0.19,0.01,0.95,0.04,1
3867441555,-0.75,-0.8,0.18,0.08,0.74,0
744531722,-0.41,-0.01,0.04,0.79,0.17,1
4282275530,-0.66,-0.94,0.71,0.03,0.26,0
1001532674,-1.02,0.53,0.0,0.99,0.01,1
3954008459,0.5,-1.09,0.99,0.0,0.01,0
2110502490,-0.85,-0.26,0.02,0.88,0.1,2
77659288,-0.95,1.56,0.0,1.0,0.0,1
2173454474,0.84,-1.47,1.0,0.0,0.0,0
1690485976,-0.96,0.84,0.0,0.99,0.0,1
1154939561,-0.6,-0.24,0.04,0.76,0.2,1
3192762766,-0.84,-0.85,0.11,0.09,0.8,2
2341976959,2.11,-0.13,1.0,0.0,0.0,0
349067866,-0.12,-1.07,0.97,0.01,0.03,0
2635667944,-1.8,2.52,0.0,1.0,0.0,1
1186215533,1.37,2.47,0.01,0.96,0.03,1
4118911991,0.75,-1.63,1.0,0.0,0.0,0
2673915047,0.48,-0.88,0.99,0.0,0.01,0
2595503808,1.48,-1.84,1.0,0.0,0.0,0
67327709,-1.14,1.38,0.0,1.0,0.0,1
676491740,-0.76,-0.7,0.08,0.19,0.73,2
2028053374,-0.89,-0.78,0.06,0.3,0.64,1
3974208281,-0.58,-0.99,0.84,0.02,0.14,0
2681926938,0.03,-0.95,0.97,0.01,0.03,0
2242324798,-0.77,-0.8,0.14,0.09,0.77,1
1182500018,1.54,-1.48,1.0,0.0,0.0,0
2651314066,0.47,0.8,0.07,0.67,0.25,2
607879740,0.84,0.93,0.15,0.27,0.58,2
346233090,-0.5,-0.54,0.19,0.09,0.72,2
984541609,1.44,-0.9,1.0,0.0,0.0,0
1149597983,-0.47,1.52,0.0,0.99,0.0,1
591601653,-0.78,-0.96,0.51,0.05,0.45,0
174580045,-1.3,0.92,0.0,1.0,0.0,1
1278921166,-0.77,-0.81,0.17,0.08,0.75,2
3630937437,-1.35,0.01,0.0,0.98,0.01,1
3920467789,-0.69,-0.66,0.1,0.13,0.77,0
2426990576,0.1,0.37,0.08,0.6,0.32,2
3544620499,0.5,1.41,0.02,0.94,0.04,1
2042321794,-0.12,-0.34,0.55,0.08,0.37,1
1945530747,1.63,-1.15,1.0,0.0,0.0,0
1047217780,-0.96,0.49,0.0,0.98,0.01,1
2830120522,-1.25,-0.28,0.01,0.96,0.03,1
3031721589,-0.71,-0.51,0.05,0.57,0.38,2
2099770682,-1.53,-0.64,0.01,0.95,0.04,1
821490952,-0.88,-0.84,0.09,0.14,0.78,2
3261765552,-0.78,-0.78,0.1,0.1,0.8,2
2706400748,-0.81,-0.84,0.14,0.08,0.78,2
712403005,0.36,0.43,0.15,0.25,0.6,2
686610718,-0.67,-0.55,0.07,0.34,0.59,1
1473031259,-0.01,1.23,0.01,0.97,0.02,1
4165049322,1.35,-1.43,1.0,0.0,0.0,0
270544312,1.35,-1.16,1.0,0.0,0.0,0
2335320120,-0.8,-0.78,0.09,0.12,0.79,2
2003229420,-1.05,-1.06,0.1,0.08,0.82,2
3103332337,-0.16,0.67,0.02,0.92,0.05,1
2376398310,-0.71,-0.37,0.04,0.73,0.23,1
2023113195,-0.84,-0.84,0.1,0.1,0.8,2
2206386265,2.17,2.67,0.05,0.81,0.14,1
489086161,-0.03,-0.13,0.3,0.12,0.58,2
109568328,2.33,-1.62,1.0,0.0,0.0,0
2386706330,0.42,-0.29,0.91,0.02,0.07,0
3416659839,0.07,0.07,0.18,0.17,0.64,2
3445375831,-0.9,-0.95,0.17,0.07,0.76,2
629227727,-0.89,1.66,0.0,1.0,0.0,1
928471905,-0.61,-0.54,0.09,0.22,0.69,2
420609680,-0.84,-0.84,0.11,0.09,0.8,2
2840075767,-0.44,0.0,0.04,0.81,0.15,1
158929736,-0.66,-1.4,0.95,0.01,0.04,0
438308100,0.51,0.46,0.24,0.16,0.6,0
1935691487,-0.08,0.77,0.02,0.93,0.05,1
3906090901,-0.72,-0.74,0.13,0.09,0.78,2
3976259036,0.34,-0.18,0.85,0.04,0.11,0
3851090653,0.34,-1.41,1.0,0.0,0.0,0
3465848588,-0.38,0.66,0.01,0.95,0.03,1
641156730,0.64,1.34,0.03,0.9,0.07,1
3899570637,0.3,-0.76,0.97,0.01,0.02,0
2461509993,2.52,1.16,0.97,0.01,0.02,0
2022368912,-0.81,-0.82,0.12,0.09,0.79,2
2497034877,-0.44,-0.73,0.74,0.04,0.22,2
3153887855,-0.52,-0.92,0.84,0.02,0.14,0
296500055,-0.31,0.5,0.02,0.92,0.06,1
2092974459,-0.72,-0.7,0.1,0.13,0.77,2
2479872310,-0.58,-1.06,0.88,0.02,0.1,0
3964468760,-0.55,-0.36,0.06,0.54,0.4,2
524115920,0.36,0.36,0.19,0.19,0.62,2
1889118346,2.25,-1.26,1.0,0.0,0.0,0
283124279,0.7,-0.7,0.98,0.0,0.01,0
1125898108,0.01,0.06,0.14,0.22,0.64,2
1170760171,0.26,-0.68,0.96,0.01,0.03,0
3180111963,-0.66,0.65,0.01,0.98,0.02,1
2564273742,-0.84,-0.84,0.1,0.1,0.8,2
2817297751,2.39,-0.87,1.0,0.0,0.0,0
784259889,0.16,-0.71,0.95,0.01,0.04,0
706849199,-0.87,-0.89,0.12,0.09,0.79,2
1308411567,-0.91,-0.88,0.08,0.14,0.78,0
247239304,-0.94,1.12,0.0,1.0,0.0,1
1249148682,-0.2,-0.21,0.17,0.14,0.69,2
489447754,-0.52,0.38,0.02,0.94,0.04,2
247279910,-0.91,0.21,0.01,0.97,0.03,1
1993985814,-0.89,-0.87,0.09,0.12,0.79,2
2730282495,-0.42,-0.39,0.12,0.16,0.73,1
1788506108,-0.9,-0.7,0.04,0.56,0.4,1
3786100677,-0.7,-0.56,0.06,0.39,0.54,1
3869118228,-0.82,-0.81,0.09,0.12,0.79,2
3551245574,-0.79,0.65,0.01,0.98,0.01,1
3945589823,-0.73,-0.73,0.11,0.1,0.79,2
508732430,-0.89,0.56,0.0,0.98,0.01,1
3804617081,-0.51,-0.89,0.83,0.02,0.15,2
2436834646,-0.54,-0.57,0.18,0.09,0.73,2
2805938283,-0.78,-0.77,0.1,0.12,0.79,1
2337985028,-0.84,0.49,0.01,0.98,0.02,1
1520944314,-0.57,-1.2,0.93,0.01,0.06,0
3575299396,-0.53,0.53,0.01,0.96,0.03,1
2609874119,-1.46,-1.34,0.05,0.3,0.65,0
567694480,0.91,0.25,0.87,0.04,0.09,0
3770982460,0.82,1.62,0.02,0.92,0.05,1
2824477545,0.25,-0.1,0.7,0.07,0.23,0
1347173048,-0.57,-1.45,0.97,0.0,0.03,0
1227009434,-1.01,-0.34,0.02,0.91,0.08,1
2145356828,-1.32,-0.87,0.02,0.83,0.15,1
3052929547,-1.93,1.17,0.0,1.0,0.0,1
1906165378,-0.19,-0.35,0.44,0.08,0.47,1
3747093474,-0.54,-0.02,0.03,0.86,0.12,1
4243465992,-0.29,-1.73,0.99,0.0,0.01,0
541067258,-0.3,-0.25,0.12,0.2,0.68,2
799410113,-0.74,-0.45,0.04,0.7,0.26,0
1052617639,-0.68,-0.76,0.25,0.08,0.67,0
4249815004,1.5,-1.39,1.0,0.0,0.0,0
2200283027,-0.8,-0.52,0.04,0.69,0.28,1
3476907331,-0.75,0.55,0.01,0.98,0.02,1
1414611051,-0.77,-0.75,0.1,0.12,0.79,2
3935677669,0.5,0.21,0.57,0.1,0.33,2
456340115,-0.84,0.1,0.01,0.95,0.04,1
3913481541,0.09,0.32,0.09,0.54,0.37,1
3553648616,-0.27,-0.37,0.34,0.09,0.57,2
2763262539,-0.76,-0.84,0.24,0.07,0.69,1
3162753262,-0.45,-0.21,0.06,0.63,0.32,1
1697176580,-0.93,-0.73,0.04,0.54,0.42,1
35471736,1.88,1.84,0.22,0.14,0.64,0
1097778416,-0.48,-1.06,0.92,0.01,0.07,0
1088417945,1.49,-0.38,0.99,0.0,0.01,0
416702291,-1.48,1.16,0.0,1.0,0.0,1
3900709960,0.7,1.23,0.04,0.83,0.13,2
3515930442,0.53,0.86,0.08,0.66,0.26,1
3456475814,0.11,-0.15,0.56,0.09,0.35,0
2954958612,-0.34,-0.29,0.12,0.19,0.7,1
3747530961,-1.97,1.73,0.0,1.0,0.0,1
3969771484,-0.84,-1.02,0.52,0.05,0.44,0
3338466538,-0.4,0.46,0.02,0.93,0.05,1
2213074554,-1.55,-1.28,0.02,0.65,0.33,2
859121706,1.18,1.23,0.17,0.23,0.61,2
2638584449,-0.88,-0.79,0.07,0.24,0.69,2
3988619764,1.4,0.08,0.97,0.01,0.02,0
1948384065,-1.61,2.73,0.0,1.0,0.0,1
3292558400,-1.43,0.08,0.0,0.99,0.01,1
1443654087,-0.47,-0.31,0.07,0.43,0.49,2
1335565904,0.28,-0.54,0.94,0.01,0.05,0
1926612597,1.02,-0.25,0.97,0.01,0.02,2
4068697946,-0.86,-0.84,0.09,0.11,0.79,2
3040284628,-0.92,-0.96,0.15,0.08,0.77,1
3474184400,0.27,-1.84,1.0,0.0,0.0,0
3427097874,-1.42,0.05,0.0,0.99,0.01,1
678941974,-0.58,1.96,0.0,1.0,0.0,1
4185050265,-1.0,0.82,0.0,0.99,0.0,1
1714135789,-0.06,2.22,0.0,1.0,0.0,1
105091542,-0.99,-1.02,0.12,0.08,0.8,2
1143572488,-1.62,-1.55,0.06,0.15,0.8,2
1671845760,2.45,0.5,0.99,0.0,0.0,0
1443328735,1.02,0.18,0.92,0.03,0.06,0
111144115,-0.69,-0.67,0.1,0.12,0.78,2
588311493,-0.8,-0.84,0.16,0.08,0.76,1
2020217297,-1.07,0.4,0.0,0.99,0.01,1
54024689,0.79,0.18,0.86,0.04,0.1,0
1922447574,-1.78,-0.29,0.0,0.99,0.01,1
3511463315,1.17,1.65,0.06,0.78,0.16,1
621618295,0.11,-0.13,0.52,0.09,0.39,0
4083182360,-0.79,-0.46,0.04,0.74,0.23,2
2623634567,-0.23,-0.45,0.58,0.07,0.35,0
4023937558,0.86,-0.13,0.94,0.02,0.04,0
3786284482,-1.73,1.72,0.0,1.0,0.0,1
1542068390,-0.74,-0.74,0.11,0.1,0.79,2
3766482247,-0.86,-0.85,0.09,0.1,0.8,2
3017454654,-1.02,1.93,0.0,1.0,0.0,1
3565433979,-0.78,-0.78,0.1,0.1,0.8,2
912653307,1.56,-1.09,1.0,0.0,0.0,0
3197905145,-1.21,-0.2,0.01,0.96,0.03,1
1215251296,-0.33,-0.41,0.29,0.1,0.61,0
4045880660,-1.03,-0.96,0.07,0.2,0.73,2
622521765,1.22,-0.53,0.99,0.0,0.01,0
1953550769,-0.91,-0.82,0.07,0.26,0.67,1
3301975724,-0.84,-0.75,0.07,0.25,0.68,1
1269768544,-0.71,-0.65,0.08,0.21,0.71,1
699978707,-0.79,-0.8,0.11,0.09,0.79,1
4084937968,-0.67,-0.68,0.12,0.1,0.78,2
1330234498,-0.64,-0.64,0.11,0.11,0.78,2
2061570293,-0.76,-0.74,0.1,0.12,0.79,2
2707407076,-0.63,0.03,0.02,0.9,0.08,1
2038577800,2.02,-1.38,1.0,0.0,0.0,0
2713136904,-0.58,-0.7,0.38,0.07,0.55,2
3198946873,-0.84,-0.82,0.09,0.13,0.78,2
3482711229,-0.85,-0.84,0.1,0.1,0.8,2
60898580,-0.5,0.14,0.02,0.89,0.08,1
845237690,-0.4,-0.47,0.25,0.09,0.66,0
1169236205,2.84,-0.8,1.0,0.0,0.0,0
2280084958,-1.27,-1.05,0.03,0.56,0.41,2
3626766086,1.48,-1.15,1.0,0.0,0.0,0
2011974952,-0.88,-0.97,0.26,0.07,0.67,2
975819696,-1.35,-1.38,0.1,0.07,0.83,2
2453515130,-0.35,-0.72,0.81,0.03,0.16,0
3501012709,-0.59,-1.23,0.93,0.01,0.06,0
4294081229,-0.16,-0.66,0.87,0.02,0.1,0
2466679068,-1.48,1.39,0.0,1.0,0.0,1
3899847434,-0.75,-0.77,0.14,0.09,0.78,2
2574944266,0.2,-0.62,0.94,0.01,0.05,0
2504592726,-0.84,-0.84,0.1,0.1,0.8,2
3347391268,-0.63,1.67,0.0,1.0,0.0,1
687934298,-0.97,1.05,0.0,1.0,0.0,1
2445419698,1.21,0.23,0.94,0.02,0.04,0
4077499967,1.88,0.4,0.98,0.01,0.01,0
2308039393,0.39,0.38,0.2,0.18,0.62,1
120279613,-0.64,0.22,0.02,0.94,0.05,1
3382819069,1.05,-0.68,0.99,0.0,0.01,0
505066365,-0.5,0.64,0.01,0.96,0.03,1
3480962190,-0.11,-0.87,0.94,0.01,0.05,0
2603774130,-1.39,1.89,0.0,1.0,0.0,1
328219163,-0.5,-0.19,0.05,0.71,0.24,1
583126002,-0.84,-0.82,0.09,0.11,0.8,2
1915923986,0.4,0.45,0.16,0.24,0.61,2
143183970,2.02,-0.62,1.0,0.0,0.0,0
461270519,-0.84,-0.82,0.09,0.12,0.79,2
998594060,-0.72,-0.75,0.14,0.09,0.77,2
1517502019,0.5,0.8,0.08,0.62,0.29,1
696251115,-0.89,-0.85,0.08,0.16,0.76,2
2733046549,-0.6,-0.41,0.06,0.52,0.42,2
3167023587,2.06,0.18,0.99,0.0,0.01,0
2493172424,-0.74,-0.37,0.03,0.77,0.19,1
3843540438,0.45,-0.41,0.94,0.02,0.05,0
3529995675,-0.59,0.71,0.01,0.98,0.02,1
3466684622,-0.49,0.7,0.01,0.97,0.02,1
3065131647,-0.8,-0.87,0.21,0.07,0.72,0
1106770554,-0.67,-0.66,0.1,0.12,0.78,2
1094879298,0.71,-1.07,0.99,0.0,0.0,0
3737015423,0.26,0.35,0.14,0.27,0.58,1
1889132607,-0.81,-0.79,0.09,0.12,0.79,2
1244713127,-0.84,-0.81,0.09,0.13,0.78,2
1698702990,-0.87,0.81,0.0,0.99,0.01,1
3147939056,-0.73,-0.72,0.1,0.11,0.79,2
1671159124,0.34,-0.14,0.83,0.05,0.13,0
3891030629,0.16,-1.11,0.99,0.0,0.01,0
2737229152,1.5,1.09,0.72,0.08,0.2,2
107099682,0.16,0.75,0.04,0.86,0.1,1
4030597862,-0.66,-1.21,0.91,0.01,0.08,0
1152834149,1.17,-0.68,0.99,0.0,0.0,0
2562421247,-0.66,-0.7,0.18,0.09,0.74,2
3533321894,-1.5,0.89,0.0,1.0,0.0,1
1866004150,-1.01,0.66,0.0,0.99,0.01,1
3908142614,-0.09,-0.43,0.74,0.05,0.21,0
2967341732,-1.46,-0.96,0.01,0.85,0.14,0
2971406735,-1.28,-0.64,0.01,0.9,0.09,1
332554661,-0.76,0.09,0.01,0.94,0.05,1
2987974751,-1.34,0.69,0.0,1.0,0.0,1
1930563507,0.13,-0.61,0.93,0.02,0.06,0
1824052166,-1.16,1.3,0.0,1.0,0.0,1
1698355940,0.0,0.33,0.07,0.68,0.25,1
3795342015,-0.13,-0.66,0.88,0.02,0.09,0
756907137,-0.82,-0.03,0.01,0.93,0.05,1
2741578448,-0.9,0.04,0.01,0.95,0.04,1
3850777357,-0.66,-0.67,0.13,0.1,0.77,2
1416713501,-0.94,-0.07,0.01,0.94,0.04,1
3622778460,-0.09,-1.36,0.99,0.0,0.01,0
2452398043,-0.15,-1.52,0.99,0.0,0.01,0
315782301,1.7,1.48,0.44,0.11,0.45,1
395908030,-0.44,-0.64,0.57,0.06,0.37,0
1400997982,-1.32,-1.23,0.06,0.21,0.73,1
1832492483,0.92,0.2,0.89,0.03,0.08,0
1603293209,-0.89,-0.9,0.1,0.09,0.81,2
2089862480,0.39,-1.05,0.99,0.0,0.01,0
1752334737,-1.14,0.24,0.0,0.98,0.01,1
1766066066,-0.94,0.18,0.01,0.97,0.02,1
1463103549,-0.61,-1.23,0.93,0.01,0.06,0
3529469352,-1.33,-0.65,0.01,0.91,0.08,1
4046946008,-0.32,-0.54,0.6,0.06,0.34,0
2671496667,0.54,0.16,0.7,0.08,0.22,0
2346916665,0.6,-0.65,0.98,0.01,0.02,0
3352582106,-0.94,-0.89,0.08,0.15,0.77,0
3277438064,-0.08,-0.21,0.35,0.1,0.54,1
3417778597,-0.88,-0.88,0.1,0.1,0.81,2
3990076747,0.8,1.34,0.04,0.84,0.12,1
1337541938,-0.82,-0.82,0.1,0.11,0.8,2
3424574028,2.02,1.11,0.93,0.02,0.05,0
3474403691,-1.54,0.1,0.0,0.99,0.01,1
3010902618,-0.58,-0.21,0.04,0.76,0.2,1
4007339725,1.17,0.19,0.94,0.02,0.04,0
3442538978,0.94,-1.4,1.0,0.0,0.0,0
2355187277,1.94,0.69,0.96,0.01,0.03,0
2007620579,-0.1,0.96,0.01,0.95,0.03,1
1796094116,1.5,0.81,0.87,0.04,0.08,0
3916180552,-0.76,-0.77,0.12,0.09,0.78,2
697961982,1.08,1.12,0.17,0.21,0.61,2
1889504802,1.01,-0.84,0.99,0.0,0.0,0
911568909,-0.75,-0.77,0.13,0.09,0.78,0
1360599007,-0.63,-0.64,0.12,0.1,0.77,2
3111856940,-0.79,-0.78,0.1,0.11,0.79,2
3856478475,-0.74,-0.76,0.13,0.09,0.78,2
405878913,-0.11,-0.19,0.26,0.11,0.62,2
2451757383,-0.74,-0.79,0.18,0.08,0.74,2
1381913023,-0.74,-0.71,0.09,0.15,0.76,2
1989067519,-1.87,-0.59,0.0,0.98,0.01,1
3969621179,-1.35,-1.39,0.12,0.06,0.82,2
2000044781,-0.61,-0.04,0.03,0.87,0.1,1
859669938,0.36,0.26,0.28,0.15,0.57,1
2990823923,-0.76,-0.73,0.09,0.14,0.77,2
968034905,-0.47,-1.63,0.99,0.0,0.01,0
1235956698,-0.4,-0.41,0.15,0.12,0.73,2
545525031,-1.41,-1.39,0.07,0.1,0.83,2
570855220,2.34,0.98,0.97,0.01,0.02,0
385973117,-0.03,-0.02,0.16,0.18,0.66,1
1828236191,-0.45,-0.66,0.6,0.05,0.35,0
1835452766,-0.82,-0.85,0.15,0.08,0.77,0
2879540243,-0.84,-0.84,0.1,0.1,0.8,2
1251029034,-0.79,-0.7,0.07,0.27,0.66,1
3357400194,0.97,-0.61,0.99,0.0,0.01,0
322295042,0.13,-1.27,0.99,0.0,0.01,0
2074975049,-0.81,-0.74,0.08,0.21,0.72,1
4020450965,-0.29,0.11,0.05,0.77,0.19,1
769479416,0.82,1.49,0.03,0.89,0.08,1
615412233,2.17,0.43,0.99,0.0,0.01,0
2284055547,-1.2,0.46,0.0,0.99,0.01,1
955358785,-0.08,-1.5,0.99,0.0,0.01,0
2368570727,0.54,-0.63,0.97,0.01,0.02,0
3126403093,1.42,0.52,0.92,0.03,0.05,0
783633342,-0.36,0.16,0.03,0.85,0.12,1
3016899035,-0.82,-0.8,0.09,0.12,0.79,2
3689522908,-1.38,1.18,0.0,1.0,0.0,1
2208503518,-0.49,-0.57,0.27,0.09,0.64,1
2103324373,-1.83,-1.78,0.05,0.12,0.83,2
1510916381,1.72,-0.31,0.99,0.0,0.0,0
2085026902,-1.47,-1.63,0.33,0.04,0.63,2
2053358820,-0.26,-0.03,0.07,0.59,0.34,2
646993495,-0.36,1.24,0.0,0.99,0.01,1
1110666122,-0.91,0.75,0.0,0.99,0.01,1
547867570,-0.17,-0.16,0.15,0.16,0.69,0
2478107730,-0.78,-0.8,0.13,0.09,0.78,2
2494388229,0.1,-0.84,0.96,0.01,0.03,0
4048461804,-0.09,2.09,0.0,1.0,0.0,1
3280223991,-0.8,-0.81,0.11,0.09,0.8,2
1459091276,0.35,-0.69,0.97,0.01,0.03,0
3218632163,-0.77,-0.71,0.08,0.18,0.74,2
4281325245,-0.78,-0.82,0.15,0.08,0.76,0
2926751432,-0.45,-0.21,0.06,0.6,0.34,0
3695934489,0.37,-0.01,0.71,0.07,0.22,2
1042488088,-0.85,-0.85,0.1,0.1,0.8,1
509043712,-0.61,-0.72,0.34,0.07,0.59,2
470015525,-1.44,-1.34,0.05,0.22,0.72,1
2766535475,-0.7,-1.16,0.87,0.02,0.12,0
3363418138,1.25,-0.11,0.97,0.01,0.02,0
978900222,-1.27,-1.33,0.14,0.06,0.79,2
3601595616,-0.97,-0.84,0.06,0.37,0.58,2
3611165624,1.2,0.81,0.69,0.09,0.22,2
2415117415,-0.89,-0.92,0.14,0.08,0.78,2
648578639,-0.09,0.14,0.08,0.56,0.36,2
2231893141,1.72,-0.66,1.0,0.0,0.0,0
3098604084,-1.87,0.26,0.0,1.0,0.0,1
740005885,-1.0,-0.17,0.01,0.94,0.05,1
3778570114,-0.88,-0.86,0.09,0.11,0.8,2
2836686558,1.3,-1.41,1.0,0.0,0.0,0
159356777,-1.21,1.51,0.0,1.0,0.0,1
2273131893,-0.19,-1.33,0.98,0.0,0.01,0
3701475482,-0.86,-0.91,0.17,0.08,0.75,2
1488824069,0.65,1.06,0.06,0.75,0.19,0
3471938045,0.57,0.53,0.23,0.17,0.6,2
770180100,-0.72,-0.74,0.13,0.09,0.78,2
1214209926,1.06,-0.45,0.98,0.0,0.01,0
1476510112,-1.84,-1.65,0.03,0.45,0.52,2
930350911,1.59,-0.05,0.99,0.0,0.01,0
317334063,-1.1,-0.79,0.03,0.72,0.25,1
489012955,-1.26,-1.28,0.1,0.07,0.83,1
3263758499,0.14,-0.99,0.98,0.0,0.02,0
990537614,-0.59,-0.45,0.07,0.41,0.52,1
3867973905,-1.76,1.8,0.0,1.0,0.0,1
1466392803,-0.1,0.21,0.07,0.67,0.26,2
2729702750,0.36,0.06,0.59,0.09,0.32,0
3496944421,0.18,-0.31,0.85,0.04,0.11,0
2741827814,0.86,0.09,0.9,0.03,0.07,1
3691016286,-0.04,-0.04,0.17,0.17,0.66,2
1432791243,0.23,-0.18,0.77,0.05,0.17,0
1956552274,-1.67,-1.65,0.06,0.09,0.84,1
90924664,-0.87,-0.86,0.09,0.1,0.8,2
3688367664,-0.54,-0.74,0.59,0.05,0.36,0
4115851147,0.57,0.79,0.11,0.49,0.4,2
2264807611,2.42,0.56,0.99,0.0,0.01,0
1547546041,-0.45,-0.44,0.13,0.12,0.75,2
2699990712,-1.28,0.58,0.0,0.99,0.0,1
723176820,-1.02,-0.73,0.03,0.7,0.27,0
488042669,-0.81,-0.79,0.09,0.12,0.79,2
641486662,-0.46,-0.49,0.17,0.1,0.73,2
4046405804,-1.45,-1.45,0.08,0.07,0.84,2
3435480694,0.37,2.53,0.0,1.0,0.0,1
1893752978,-0.26,-0.43,0.49,0.08,0.43,2
2089192875,-0.72,-1.12,0.83,0.02,0.15,0
3099984013,1.2,-0.26,0.98,0.01,0.01,0
1489930029,-0.59,-0.66,0.24,0.08,0.67,2
233549717,-0.82,-0.84,0.12,0.09,0.79,0
3324958742,-0.9,-0.94,0.14,0.08,0.78,2
4008723344,0.78,-1.49,1.0,0.0,0.0,0
1749293448,0.12,1.28,0.01,0.96,0.03,1
2222719767,-0.86,-0.9,0.16,0.08,0.76,2
1540145922,-0.26,1.84,0.0,1.0,0.0,1
576434381,-0.77,0.08,0.01,0.94,0.05,1
1200130289,-1.52,-1.01,0.01,0.85,0.13,1
2297936535,-0.25,-0.5,0.64,0.06,0.3,0
2259139730,0.17,-0.57,0.93,0.02,0.06,0
421767332,-0.93,-0.82,0.06,0.28,0.65,1
473010455,0.58,0.21,0.68,0.08,0.23,0
2038518686,-0.54,-1.07,0.9,0.01,0.09,0
4051914203,0.11,-0.99,0.98,0.0,0.02,0
2188450245,0.13,-0.89,0.97,0.01,0.02,1
839449645,1.18,-1.06,1.0,0.0,0.0,0
1337165208,-1.56,2.47,0.0,1.0,0.0,1
3783800934,-0.54,-1.01,0.87,0.02,0.11,0
1509228591,-1.55,0.08,0.0,0.99,0.01,1
1118041627,2.39,-0.43,1.0,0.0,0.0,0
531190477,-0.58,0.86,0.01,0.98,0.01,1
738306586,-0.42,-0.34,0.1,0.25,0.65,0
4248128259,-1.26,-1.34,0.19,0.06,0.76,2
780203225,1.55,2.06,0.05,0.81,0.14,1
1363224626,0.32,0.01,0.62,0.09,0.3,1
3897967985,-1.02,-0.7,0.03,0.73,0.24,1
1202626703,-0.61,-0.52,0.08,0.28,0.64,2
3469103194,0.21,-0.56,0.93,0.02,0.05,0
261177522,0.18,-0.87,0.97,0.01,0.02,0
3748377195,-0.77,-0.77,0.1,0.1,0.8,2
2029570050,-1.4,-1.33,0.06,0.18,0.76,2
1185918754,0.47,-1.21,0.99,0.0,0.0,0
1621497262,-0.61,-1.06,0.87,0.02,0.12,0
3315453513,-0.43,-0.58,0.45,0.07,0.48,0
4267412342,1.7,-0.17,0.99,0.0,0.01,0
271314859,1.65,1.84,0.13,0.41,0.47,1
3468600605,0.29,-0.89,0.98,0.0,0.02,0
1789046840,-0.77,-0.75,0.09,0.13,0.78,2
1728942450,-0.34,0.15,0.04,0.83,0.13,1
1391846619,-0.48,0.83,0.01,0.97,0.02,1
1939179742,-0.37,-0.34,0.12,0.17,0.72,2
3157923798,-0.8,-0.82,0.13,0.09,0.78,2
87127901,-1.64,-1.76,0.2,0.04,0.76,2
711744841,-0.82,-0.82,0.1,0.1,0.8,2
262564366,-1.03,2.55,0.0,1.0,0.0,1
1785715127,-0.77,-0.77,0.1,0.11,0.79,2
2260701213,-0.84,-0.82,0.09,0.13,0.78,0
56787434,-0.65,2.39,0.0,1.0,0.0,1
3545374361,0.08,0.71,0.03,0.88,0.09,1
3095831562,-1.11,-1.09,0.08,0.11,0.81,2
4091096198,-1.28,0.9,0.0,1.0,0.0,1
4192504949,-1.32,-1.3,0.07,0.1,0.83,2
2485898493,-0.95,-0.5,0.02,0.82,0.15,1
2196063022,-0.65,-1.34,0.95,0.01,0.05,0
3538185303,-1.31,-1.35,0.12,0.06,0.82,2
1200930879,-0.71,-1.12,0.84,0.02,0.14,0
2621009095,-0.54,0.59,0.01,0.96,0.03,1
3134896213,0.34,0.99,0.03,0.88,0.09,1
1999526009,-1.22,0.31,0.0,0.99,0.01,1
3168866804,-1.02,-0.87,0.05,0.41,0.54,0
632407129,-1.15,-1.05,0.06,0.25,0.69,2
2328489886,-0.82,-0.84,0.12,0.09,0.79,2
4077739421,-0.75,-0.56,0.05,0.53,0.42,1
675753294,-0.74,-0.99,0.66,0.04,0.31,0
3078467509,-0.38,-0.5,0.4,0.08,0.52,2
3380362254,-0.89,-0.89,0.1,0.1,0.81,2
1139434392,-0.79,-0.97,0.5,0.05,0.46,0
418317292,-0.92,1.25,0.0,1.0,0.0,1
2796213781,-0.27,-0.23,0.13,0.18,0.7,1
3536223176,-0.84,-0.82,0.09,0.13,0.78,2
669484856,-1.87,-1.84,0.06,0.09,0.85,2
3765599159,0.63,1.06,0.06,0.77,0.17,1
2593274332,-1.39,0.08,0.0,0.99,0.01,1
1478080480,-1.16,1.68,0.0,1.0,0.0,1
3822791393,0.48,-0.82,0.98,0.0,0.01,0
3157927464,-0.68,0.82,0.01,0.98,0.01,1
2146204338,1.66,0.06,0.98,0.01,0.01,0
3956082157,-0.05,0.77,0.02,0.92,0.06,1
535041799,1.23,-0.61,0.99,0.0,0.01,0
1994409432,-0.77,-0.79,0.13,0.09,0.78,2
2565954250,0.26,-0.75,0.97,0.01,0.03,0
1071093363,-0.0,1.92,0.0,0.99,0.0,1
4000813413,-0.76,-0.82,0.21,0.08,0.71,0
443074106,-0.44,-0.75,0.76,0.04,0.21,0
515175075,-0.74,-1.28,0.9,0.01,0.09,0
1425993325,-1.66,-0.19,0.0,0.99,0.01,1
1136101797,0.63,-0.91,0.99,0.0,0.01,0
3832766335,-0.13,-0.22,0.29,0.11,0.6,2
442406055,-1.49,0.59,0.0,1.0,0.0,1
1065441795,0.27,-1.34,0.99,0.0,0.0,0
1798258535,-0.64,-0.72,0.28,0.08,0.65,0
2356433939,1.62,1.7,0.15,0.26,0.59,2
182399816,-1.0,-0.69,0.03,0.72,0.25,1
421041031,0.65,2.17,0.01,0.98,0.01,1
4110731096,-0.44,-0.35,0.09,0.27,0.64,1
1398601871,-0.81,-0.92,0.31,0.06,0.62,1
787423042,-0.85,-0.87,0.12,0.09,0.8,2
3635278547,-0.82,-0.69,0.06,0.39,0.55,1
2652129015,-1.01,-1.03,0.12,0.08,0.8,2
3871937256,-0.52,-0.45,0.09,0.24,0.67,1
3986750648,-1.32,-0.8,0.01,0.86,0.13,0
3041154362,-1.4,0.54,0.0,1.0,0.0,1
3687481850,-0.75,-0.76,0.12,0.1,0.79,2
2103936424,-0.71,-0.64,0.08,0.22,0.7,1
952007720,0.13,0.05,0.24,0.14,0.62,2
3751917710,-0.77,-1.0,0.62,0.04,0.34,0
3995600877,0.46,0.46,0.19,0.19,0.61,1
1073550289,-0.09,0.45,0.04,0.85,0.12,1
3867456326,0.09,0.57,0.04,0.81,0.15,1
2179680919,-1.3,1.59,0.0,1.0,0.0,1
3335833441,1.75,-0.87,1.0,0.0,0.0,0
3924120669,-0.0,-0.77,0.94,0.01,0.05,0
2990785786,0.21,0.16,0.23,0.16,0.62,2
3049933943,-1.3,1.23,0.0,1.0,0.0,1
3604909169,-1.12,-1.11,0.08,0.1,0.81,2
3167686134,-0.78,1.34,0.0,1.0,0.0,1
3773391197,-0.82,-0.78,0.08,0.16,0.76,2
3647770722,-0.69,-0.15,0.02,0.87,0.11,1
3416891335,-0.6,-0.68,0.27,0.08,0.65,2
769862955,2.28,1.78,0.8,0.05,0.15,2
1818167435,-0.98,0.43,0.0,0.98,0.01,1
1657791259,0.24,-1.55,1.0,0.0,0.0,0
3569811242,-0.31,0.11,0.04,0.79,0.17,1
4168221952,-0.59,-0.62,0.17,0.09,0.74,2
3042509113,-0.2,-0.29,0.3,0.1,0.6,2
1688413777,-0.46,-0.72,0.69,0.04,0.27,0
3926605373,-0.05,1.7,0.0,0.99,0.01,1
2908988784,2.73,-1.7,1.0,0.0,0.0,0
2376905027,-0.07,-0.77,0.93,0.01,0.06,0
1733102904,-0.99,-1.06,0.2,0.07,0.73,0
821531369,-0.21,-0.36,0.43,0.09,0.49,0
2523858493,0.7,1.25,0.04,0.85,0.11,1
2127747379,1.99,-0.19,1.0,0.0,0.0,0
3749932508,-0.61,1.59,0.0,1.0,0.0,1
3382832283,-0.77,-0.73,0.09,0.15,0.76,0
2809553447,0.08,1.31,0.01,0.97,0.02,1
2154273816,0.09,-0.77,0.95,0.01,0.04,0
2915983659,-0.09,-0.53,0.84,0.03,0.13,0
1008455780,-0.66,-0.95,0.73,0.03,0.23,0
1833216456,1.77,0.52,0.96,0.01,0.03,0
3721051004,-0.77,-0.81,0.15,0.08,0.76,0
2262984262,-0.6,-0.54,0.09,0.21,0.7,2
2259848046,2.55,-0.35,1.0,0.0,0.0,0
76703164,0.74,-1.34,1.0,0.0,0.0,0
3776989105,-0.77,-0.82,0.2,0.08,0.73,1
2038188540,0.21,0.3,0.14,0.28,0.58,0
3781879787,-2.02,-2.02,0.06,0.07,0.87,2
482137607,0.43,0.2,0.47,0.12,0.42,2
1354543315,0.58,0.3,0.54,0.11,0.35,0
408028455,0.24,0.32,0.14,0.26,0.59,2
307851657,-1.12,-1.21,0.22,0.06,0.72,0
2717606783,0.24,0.14,0.27,0.14,0.59,1
3738404108,-0.68,-0.65,0.1,0.15,0.76,2
2844083712,-0.59,0.08,0.02,0.9,0.08,1
1726238362,-1.21,1.27,0.0,1.0,0.0,1
565262864,-1.31,2.36,0.0,1.0,0.0,1
4263215147,0.33,0.49,0.12,0.4,0.48,1
1359866642,0.58,-0.18,0.91,0.03,0.06,0
3210824432,-0.57,-0.84,0.72,0.04,0.25,2
3481856805,0.61,1.79,0.01,0.97,0.02,1
1978366923,1.42,0.49,0.92,0.03,0.05,0
188188079,-0.41,-0.19,0.07,0.57,0.37,0
1673249805,0.5,-0.37,0.94,0.02,0.04,0
1139256497,-0.8,-0.78,0.09,0.12,0.79,2
136282836,1.7,1.89,0.12,0.42,0.46,2
236626048,-1.17,-1.42,0.58,0.03,0.39,0
3466770055,2.53,1.72,0.92,0.02,0.05,0
1482379888,0.84,0.89,0.16,0.23,0.6,2
2888351374,-0.02,0.76,0.02,0.91,0.06,1
3549808614,-0.41,-0.38,0.12,0.16,0.72,0
482131990,-1.16,-0.9,0.03,0.67,0.3,1
2775891102,-1.33,-0.54,0.01,0.93,0.06,1
508071627,-1.2,0.68,0.0,0.99,0.0,1
1426865377,-0.84,-0.85,0.11,0.09,0.8,1
1288807467,-1.05,-0.21,0.01,0.94,0.05,1
4053274200,0.3,-0.46,0.93,0.02,0.06,0
3815304704,-0.77,-0.78,0.12,0.09,0.78,2
3856598527,-1.03,-1.03,0.09,0.09,0.82,2
3019403328,0.67,0.51,0.36,0.14,0.5,1
2142160033,1.45,0.11,0.97,0.01,0.02,0
846198631,-0.48,-0.51,0.16,0.1,0.73,2
3192512527,-1.88,-0.75,0.0,0.98,0.02,1
3853098432,-0.56,-0.75,0.55,0.05,0.4,0
1825243803,1.91,-0.21,1.0,0.0,0.0,0
3082750899,-0.61,0.34,0.01,0.95,0.04,2
636147262,0.04,-1.22,0.99,0.0,0.01,0
2485458980,-0.61,-0.47,0.07,0.39,0.54,1
2626942368,0.7,-0.89,0.99,0.0,0.01,0
2023604029,-0.36,-1.05,0.94,0.01,0.05,0
2418674082,0.49,1.41,0.02,0.94,0.04,1
1849167995,-0.71,-0.63,0.08,0.26,0.67,2
87490807,0.74,-0.85,0.99,0.0,0.01,0
3567349749,-0.93,-0.92,0.09,0.1,0.81,2
1203693661,-0.67,-0.54,0.07,0.37,0.56,1
182659650,-1.6,-0.93,0.01,0.91,0.08,1
3763700560,-0.78,-0.81,0.14,0.09,0.77,2
3868484486,-1.52,-1.52,0.07,0.08,0.84,2
1143183834,-0.88,1.07,0.0,0.99,0.0,1
2511415612,-0.81,-0.82,0.11,0.09,0.8,2
4208005018,-0.81,-0.32,0.02,0.84,0.13,1
2265982509,-0.13,-0.37,0.59,0.07,0.34,2
2941706797,-1.69,-1.69,0.07,0.07,0.86,0
191172345,-0.54,-0.51,0.11,0.14,0.75,2
3750418626,0.84,-0.66,0.99,0.0,0.01,0
1579829176,-0.85,-0.92,0.2,0.07,0.72,0
975160851,1.07,-0.63,0.99,0.0,0.01,0
4224487971,-0.84,-0.8,0.08,0.16,0.76,0
1728310216,-0.9,-0.58,0.03,0.73,0.23,2
873358653,-0.77,-0.78,0.12,0.09,0.78,2
2948064286,-0.95,-0.47,0.02,0.84,0.14,1
571474466,1.22,-0.94,1.0,0.0,0.0,0
484221012,-0.81,-0.79,0.09,0.12,0.79,2
2380935263,-0.21,-1.06,0.96,0.01,0.03,0
1770576955,1.16,-1.52,1.0,0.0,0.0,0
1533072745,-0.79,0.23,0.01,0.96,0.03,1
3554004309,-1.0,1.07,0.0,1.0,0.0,1
989797898,2.16,0.93,0.96,0.02,0.03,0
1691438113,1.49,-0.12,0.99,0.0,0.01,0
1021940567,-0.79,-0.77,0.09,0.12,0.78,1
883118280,-0.36,-0.86,0.88,0.02,0.1,0
369057670,-0.84,-0.84,0.11,0.09,0.8,2
3039027370,-0.47,-0.6,0.4,0.07,0.52,1
3162339548,0.08,-0.61,0.92,0.02,0.06,0
1322568446,-0.34,0.47,0.02,0.92,0.06,1
1258282574,-0.81,-0.75,0.08,0.19,0.73,2
1699032011,1.16,0.55,0.85,0.05,0.11,0
2020581031,-0.87,-0.97,0.28,0.06,0.65,0
1395814314,-0.03,-1.05,0.97,0.0,0.02,0
3941621870,-0.17,0.54,0.03,0.9,0.07,1
2376618034,-0.9,0.55,0.0,0.98,0.01,1
4099092030,-1.41,-1.43,0.09,0.07,0.84,2
3928005292,-0.42,0.71,0.01,0.96,0.03,1
3255295624,0.9,0.88,0.22,0.18,0.6,2
4009594178,-0.56,-0.63,0.24,0.08,0.68,0
4212480740,-0.49,0.11,0.03,0.88,0.09,1
164664656,-1.02,0.71,0.0,0.99,0.01,1
713694309,1.48,2.94,0.01,0.98,0.01,1
1241871515,-0.85,-0.85,0.1,0.1,0.8,2
3322650475,2.34,-1.02,1.0,0.0,0.0,0
359344113,-1.5,-1.41,0.05,0.22,0.73,1
721004517,0.05,0.76,0.03,0.9,0.08,1
387016916,0.61,-0.74,0.98,0.0,0.01,0
2776224375,-0.76,-0.52,0.04,0.63,0.33,2
4048986281,-1.13,0.09,0.01,0.98,0.02,1
1727973312,1.78,1.32,0.77,0.06,0.17,0
2438044041,-0.77,-0.71,0.08,0.19,0.73,2
1700496488,0.29,0.02,0.55,0.1,0.35,0
2047734841,-0.21,0.41,0.03,0.88,0.09,1
1281110743,-0.82,0.04,0.01,0.94,0.05,1
1621407819,-0.71,-0.67,0.09,0.15,0.76,2
2198502993,-0.12,-0.12,0.16,0.16,0.68,2
430774193,-0.93,-1.69,0.96,0.0,0.04,0
4104842016,-0.74,-0.71,0.09,0.14,0.77,2
2094393499,-0.85,-0.8,0.08,0.17,0.75,2
4064909021,-0.8,-0.81,0.11,0.09,0.8,2
2628154939,-0.68,-0.69,0.12,0.1,0.78,2
707087230,-0.14,1.7,0.0,0.99,0.01,1
2685846201,-1.63,-1.21,0.01,0.8,0.19,1
3345054498,0.52,0.07,0.78,0.06,0.16,0
2412438988,-0.06,-0.4,0.74,0.05,0.21,0
1509730800,-0.47,-1.17,0.94,0.01,0.05,0
2529245043,-0.47,-1.16,0.94,0.01,0.05,0
3175518636,-0.64,-0.66,0.15,0.09,0.76,1
2131316314,-1.24,1.75,0.0,1.0,0.0,1
3286945522,0.65,-1.24,1.0,0.0,0.0,0
1491129918,2.33,1.02,0.97,0.01,0.02,0
316767334,0.05,0.6,0.04,0.85,0.11,1
1807130483,-1.5,0.21,0.0,0.99,0.01,1
965383346,2.14,-1.54,1.0,0.0,0.0,0
879408445,-0.78,-0.78,0.1,0.1,0.8,2
3021592859,2.25,0.17,0.99,0.0,0.0,0
3167665192,0.2,-1.41,0.99,0.0,0.0,0
1434326768,-0.92,-0.89,0.08,0.13,0.78,2
4194365901,1.34,0.41,0.93,0.02,0.05,2
3775968783,-0.78,-0.77,0.1,0.12,0.79,2
3954414812,-0.58,-0.33,0.05,0.64,0.31,2
4203159050,-0.97,-0.9,0.07,0.2,0.73,2
961413113,-0.07,-0.76,0.93,0.01,0.06,0
100242235,-0.76,-0.6,0.06,0.46,0.49,1
3750854297,1.3,2.11,0.02,0.93,0.05,1
372180135,1.55,-1.51,1.0,0.0,0.0,0
381198290,-0.58,-0.55,0.11,0.14,0.76,1
470035810,-0.93,-0.84,0.07,0.23,0.7,1
3218256938,0.42,-1.59,1.0,0.0,0.0,1
2066155810,-0.08,0.22,0.07,0.66,0.27,1
394648535,0.55,-0.5,0.96,0.01,0.03,0
1517283704,-0.77,0.56,0.01,0.98,0.02,1
3698219651,-0.26,1.05,0.01,0.97,0.02,1
285597983,0.85,-0.76,0.99,0.0,0.01,0
1837584553,1.99,0.25,0.99,0.0,0.01,0
2665244087,-0.84,-0.78,0.08,0.18,0.74,2
1062046335,-1.21,-1.47,0.58,0.03,0.39,2
2439863815,0.32,-1.27,0.99,0.0,0.01,0
4015660924,-0.89,-0.5,0.03,0.78,0.19,1
1591114772,0.78,0.45,0.62,0.1,0.28,0
2474298165,-0.38,0.0,0.04,0.77,0.19,1
3428177600,-0.76,-0.77,0.11,0.1,0.79,2
2174145825,-0.71,-0.72,0.12,0.1,0.78,2
931837150,-1.2,-1.17,0.07,0.12,0.81,1
1558191336,-1.48,-1.65,0.33,0.04,0.64,2
340358999,-0.88,-0.89,0.11,0.09,0.8,2
3277657186,-0.15,-0.09,0.12,0.23,0.65,1
155850298,-0.79,-0.81,0.12,0.09,0.79,2
2490863497,-1.52,1.5,0.0,1.0,0.0,1
599686730,-0.79,-0.79,0.1,0.1,0.8,2
3947359826,-1.49,0.65,0.0,1.0,0.0,1
3367723904,2.16,0.54,0.98,0.01,0.01,0
3746261075,0.28,-1.34,0.99,0.0,0.0,0
1891403005,-0.84,-0.84,0.1,0.1,0.8,2
2541331129,-0.71,-0.71,0.11,0.1,0.79,2
483531985,-0.06,-0.66,0.91,0.02,0.07,0
716671940,-0.74,-0.63,0.07,0.33,0.61,1
3207242010,-0.82,-0.84,0.14,0.08,0.78,2
1023837918,-0.76,-0.75,0.1,0.11,0.79,1
4110680169,-0.21,0.08,0.06,0.67,0.27,1
3114821119,-1.16,0.38,0.0,0.99,0.01,1
4173848971,0.07,2.41,0.0,1.0,0.0,1
2965635479,0.12,-1.02,0.98,0.0,0.02,0
3322811959,1.4,-1.0,1.0,0.0,0.0,0
3183193252,0.95,-0.97,1.0,0.0,0.0,0
1125819667,0.24,1.05,0.02,0.92,0.06,1
2412613469,-1.52,0.16,0.0,0.99,0.01,1
606029465,-0.67,-0.69,0.13,0.1,0.77,2
3405791454,-0.15,-1.05,0.96,0.01,0.03,0
1177574879,0.04,-1.11,0.98,0.0,0.02,0
4026542400,-0.84,-0.85,0.12,0.09,0.79,2
2933045238,-0.84,-0.77,0.07,0.21,0.71,2
1586944136,-0.75,-0.71,0.09,0.16,0.75,2
1324358939,-0.82,-0.63,0.05,0.54,0.41,2
1344432496,1.07,1.37,0.1,0.59,0.31,2
4052479220,-0.97,-0.97,0.09,0.09,0.81,0
3256569372,0.2,0.24,0.16,0.22,0.62,1
1890619816,1.59,-1.12,1.0,0.0,0.0,0
3212637987,-0.75,0.12,0.01,0.94,0.05,1
2940420251,-0.9,-1.42,0.9,0.01,0.09,0
3961997682,-1.09,-1.15,0.17,0.07,0.76,2
1638183555,-0.19,-0.14,0.13,0.2,0.68,2
3210433261,-0.54,0.04,0.03,0.88,0.1,1
2939998037,-0.84,-0.31,0.02,0.86,0.12,1
3223433249,-0.65,-0.54,0.07,0.31,0.62,2
2525291056,-0.82,-0.82,0.11,0.09,0.8,2
2344190505,-0.31,-1.69,0.99,0.0,0.01,0
4022717901,-0.34,-0.45,0.36,0.09,0.55,1
2571499918,-0.54,-0.52,0.11,0.13,0.76,0
178496942,-1.08,0.62,0.0,0.99,0.01,1
4012902005,-1.45,-1.84,0.73,0.02,0.26,0
3011000128,-0.74,-0.89,0.42,0.06,0.52,2
649861901,-0.32,-0.04,0.06,0.66,0.28,2
1606390545,1.37,-1.28,1.0,0.0,0.0,0
425804144,-1.05,-1.32,0.65,0.03,0.32,0
3041037780,-0.89,0.14,0.01,0.96,0.03,1
1820498707,1.12,0.77,0.63,0.1,0.27,0
2629681970,1.21,1.02,0.41,0.13,0.46,1
2790307112,-1.25,-1.15,0.06,0.26,0.69,2
2847033024,-0.13,-0.13,0.16,0.16,0.68,1
4292960356,-0.57,-1.52,0.98,0.0,0.02,0
1636172063,0.83,-0.08,0.93,0.02,0.05,0
565677946,1.8,-1.8,1.0,0.0,0.0,0
2519411326,0.62,0.59,0.22,0.18,0.61,0
434602340,-0.77,-0.71,0.08,0.19,0.73,1
4055792717,-0.61,-0.36,0.05,0.64,0.31,1
370401242,-0.41,-0.45,0.18,0.1,0.71,2
2415203448,1.7,0.51,0.96,0.02,0.03,0
3257687542,-0.18,1.25,0.01,0.98,0.01,1
501014667,0.17,-0.8,0.96,0.01,0.03,0
2564530842,-0.85,-0.88,0.13,0.08,0.79,2
796779245,1.21,-1.02,1.0,0.0,0.0,0
921629680,-0.64,-1.56,0.97,0.0,0.02,0
183305637,-0.84,0.2,0.01,0.96,0.03,1
4174542085,-0.86,-0.3,0.02,0.87,0.11,1
971497398,-0.78,-0.77,0.1,0.12,0.79,2
3463246670,-1.78,-0.84,0.0,0.96,0.04,1
3018421348,-0.45,-0.72,0.7,0.04,0.26,0
1377392116,-1.66,1.97,0.0,1.0,0.0,1
3187866866,0.52,-0.63,0.97,0.01,0.02,0
865076591,-0.5,-0.54,0.18,0.1,0.72,2
3894752320,-0.73,-0.6,0.06,0.38,0.56,2
3693121192,1.35,0.26,0.95,0.02,0.03,0
1662484259,-0.84,-0.87,0.13,0.08,0.79,2
2074120554,-0.37,0.92,0.01,0.97,0.02,1
4263618688,0.48,-0.86,0.98,0.0,0.01,0
1441148538,-0.32,0.28,0.03,0.88,0.1,1
3494981041,-0.38,-1.28,0.97,0.0,0.03,0
1185471978,-1.25,-1.05,0.04,0.52,0.44,2
1535079472,-0.73,-0.82,0.28,0.07,0.65,0
2646896377,-0.2,-0.34,0.4,0.09,0.51,0
3524775174,-0.35,-1.12,0.95,0.01,0.04,0
1752514493,0.78,0.74,0.22,0.18,0.6,0
3404249791,0.56,1.08,0.04,0.82,0.13,1
2583538756,0.23,1.33,0.01,0.96,0.03,1
1249162294,-0.57,1.85,0.0,1.0,0.0,1
3529907803,-1.01,-0.65,0.03,0.77,0.2,1
59404456,-0.47,-1.21,0.95,0.01,0.04,0
3845559472,-1.14,-0.19,0.01,0.96,0.04,1
3587217116,-0.2,-0.81,0.91,0.02,0.07,0
1471074014,-0.45,-0.9,0.86,0.02,0.12,0
3211720746,0.91,0.16,0.9,0.03,0.07,1
3306348820,1.56,-0.22,0.99,0.0,0.01,0
3787390560,-1.16,-0.19,0.01,0.96,0.03,1
108334066,-1.2,0.26,0.0,0.99,0.01,1
3302885427,0.35,0.05,0.6,0.09,0.31,0
931219675,-1.56,0.16,0.0,0.99,0.01,1
80186619,2.36,2.36,0.19,0.15,0.66,2
1234764934,-0.48,-0.51,0.18,0.1,0.72,0
1036929022,-0.58,-0.7,0.38,0.07,0.55,0
141836949,-0.28,0.67,0.02,0.94,0.04,1
1404035663,-0.9,-0.89,0.09,0.11,0.8,1
1997069435,-0.04,-0.38,0.73,0.05,0.21,2
458701352,-0.84,-0.91,0.2,0.07,0.72,2
1303292573,-0.08,-0.54,0.84,0.03,0.12,1
1755918975,-1.07,-0.95,0.05,0.34,0.61,1
1556478096,0.54,1.95,0.01,0.98,0.01,1
3630881078,1.54,-1.34,1.0,0.0,0.0,0
475236629,2.56,-0.38,1.0,0.0,0.0,0
1634078036,-0.5,-0.71,0.58,0.05,0.37,0
1004580467,-0.71,-0.2,0.03,0.85,0.12,1
1765954716,-0.67,-0.91,0.65,0.04,0.31,0
4150082300,-0.5,-0.36,0.07,0.4,0.52,2
2005944587,-0.58,-0.53,0.1,0.18,0.73,2
2465814750,-0.84,-0.85,0.11,0.09,0.8,0
2102128519,-0.87,-0.95,0.23,0.07,0.7,2
2370414599,-0.61,1.41,0.0,1.0,0.0,1
2610077677,0.94,1.21,0.1,0.56,0.34,1
4283365726,-1.27,-1.23,0.07,0.12,0.81,2
118731531,-0.07,1.41,0.01,0.98,0.01,1
2088680755,-1.1,1.05,0.0,1.0,0.0,1
4054598029,-0.15,-0.1,0.13,0.21,0.66,1
4155614089,-0.78,-0.8,0.13,0.09,0.78,2
1620578114,-1.13,-1.2,0.17,0.06,0.77,2
3921232723,0.26,1.03,0.02,0.91,0.06,1
1456324792,0.64,0.21,0.75,0.07,0.18,0
3456770416,-0.69,-0.66,0.1,0.13,0.77,2
885923017,-0.93,-0.73,0.04,0.54,0.42,2
1251176637,-1.1,0.96,0.0,1.0,0.0,1
274217559,1.22,0.87,0.64,0.1,0.26,2
3587193038,0.4,-1.65,1.0,0.0,0.0,0
2111846834,-0.82,-0.81,0.1,0.11,0.8,2
2867850274,-0.65,-0.54,0.07,0.31,0.62,1
2314632178,-0.44,0.19,0.02,0.89,0.09,1
2298239086,-0.84,-0.81,0.09,0.13,0.78,2
1810854335,-0.59,-0.67,0.28,0.08,0.64,2
2530239452,0.89,1.45,0.04,0.85,0.11,1
2972779034,-0.58,-0.59,0.13,0.1,0.77,2
2915225023,-0.87,1.02,0.0,0.99,0.0,1
2958701522,0.72,1.91,0.01,0.97,0.02,1
3421305180,-1.49,0.68,0.0,1.0,0.0,1
2461629126,-0.73,0.96,0.0,0.99,0.01,1
3959821873,-1.02,-0.55,0.02,0.84,0.14,1
2051994049,-1.06,-1.09,0.11,0.08,0.81,1
1163461693,0.26,-0.1,0.7,0.07,0.23,0
746196087,0.21,0.14,0.24,0.15,0.61,2
1397440601,-0.14,-1.06,0.97,0.01,0.03,0
340303485,0.24,-0.01,0.52,0.1,0.38,2
3832171122,0.12,0.97,0.02,0.93,0.05,1
1998861104,0.65,-0.76,0.99,0.0,0.01,0
3285879382,-1.81,0.24,0.0,1.0,0.0,1
1788206956,-0.54,-0.41,0.08,0.36,0.56,2
181852544,-0.82,-0.82,0.1,0.1,0.8,1
3370714248,-0.26,-0.73,0.86,0.02,0.11,0
4245546857,-0.89,-1.41,0.9,0.01,0.09,0
1187261345,0.94,3.02,0.0,1.0,0.0,1
3181865483,-0.23,-1.78,1.0,0.0,0.0,0
1252215008,-0.8,-0.87,0.21,0.07,0.72,2
2822480361,1.08,-0.02,0.95,0.01,0.03,0
1013121704,-1.02,0.93,0.0,0.99,0.0,1
3203227743,2.08,-0.77,1.0,0.0,0.0,0
1699909980,0.81,-1.64,1.0,0.0,0.0,0
3137954246,1.59,-0.35,0.99,0.0,0.0,0
1470536757,-0.87,-0.85,0.09,0.11,0.8,2
2052661836,1.23,-0.79,1.0,0.0,0.0,0
4015119819,-0.77,-1.0,0.62,0.04,0.34,0
4285522601,0.57,2.0,0.01,0.98,0.01,1
1753141802,-0.91,-0.96,0.17,0.07,0.76,2
2031072054,-0.66,-0.49,0.06,0.48,0.46,1
1065062810,2.05,0.56,0.98,0.01,0.01,0
2888282747,-0.77,0.02,0.01,0.93,0.05,1
2384671767,0.97,-1.3,1.0,0.0,0.0,0
1032331239,1.27,-0.21,0.98,0.01,0.01,0
4162445817,0.45,-0.84,0.98,0.0,0.01,0
4094548618,0.12,-1.04,0.98,0.0,0.02,0
2206016293,-0.13,2.16,0.0,1.0,0.0,2
4266722122,-0.69,-0.52,0.06,0.48,0.46,1
1449550731,-1.15,0.51,0.0,0.99,0.01,1
3754830277,-0.84,-0.89,0.17,0.08,0.75,2
2714463841,-0.0,0.05,0.14,0.23,0.63,2
1195143145,0.14,-0.49,0.9,0.02,0.08,0
2048695677,-1.28,-0.91,0.02,0.78,0.2,1
1380723083,-0.82,-0.8,0.09,0.13,0.78,2
658777608,-0.51,-1.42,0.97,0.0,0.02,0
2377850269,1.14,-0.03,0.96,0.01,0.03,0
1448434031,-1.21,1.34,0.0,1.0,0.0,1
3786299285,-0.65,0.1,0.02,0.92,0.06,1
4078852249,0.89,-0.18,0.95,0.01,0.03,0
3046895736,-1.44,0.3,0.0,0.99,0.01,1
788715644,-1.02,0.38,0.0,0.98,0.01,1
752474325,-0.52,-0.52,0.13,0.11,0.76,2
2970291413,-0.64,-1.02,0.82,0.02,0.16,0
1610904870,1.59,-0.39,0.99,0.0,0.0,0
578281132,1.67,0.27,0.97,0.01,0.02,0
1057860676,0.23,-0.23,0.82,0.04,0.13,0
1184815589,-1.18,-0.99,0.04,0.51,0.45,1
3746045551,0.75,0.06,0.88,0.03,0.08,0
1090489269,-0.56,-0.14,0.04,0.8,0.16,1
3815666468,-0.0,-0.05,0.22,0.14,0.65,2
4104391452,0.15,0.15,0.18,0.19,0.63,2
2458390363,-0.28,0.89,0.01,0.96,0.02,1
3066556847,0.3,0.77,0.05,0.79,0.16,1
1013604300,-0.84,-0.78,0.08,0.2,0.73,2
2405296846,-0.55,-0.63,0.26,0.08,0.66,0
415867303,0.48,1.91,0.01,0.98,0.01,1
2165585827,-0.89,-0.87,0.09,0.13,0.78,2
815722806,1.98,1.13,0.92,0.03,0.05,0
2999435300,2.42,0.89,0.98,0.01,0.01,0
3489815535,-0.75,-1.24,0.88,0.01,0.1,0
3624696931,-0.77,-0.77,0.11,0.1,0.79,2
1862546675,-0.16,-0.1,0.12,0.24,0.64,2
4007492024,-0.53,-0.56,0.18,0.09,0.73,0
2304001219,-1.23,2.05,0.0,1.0,0.0,1
1139805607,-0.62,-0.66,0.17,0.09,0.74,1
796446535,-0.72,-0.28,0.03,0.82,0.15,1
3325196092,-1.49,-0.61,0.01,0.95,0.04,1
607823046,-0.81,-0.82,0.11,0.09,0.8,2
4096560698,0.19,-0.22,0.78,0.05,0.17,0
1818150733,-0.53,-0.21,0.05,0.71,0.24,2
2869639836,-0.91,-0.22,0.02,0.91,0.07,2
1178044030,-0.46,-0.02,0.04,0.82,0.15,1
2106027325,-1.09,-0.07,0.01,0.96,0.03,1
1744421842,-0.84,-0.79,0.08,0.17,0.75,2
1867444698,0.52,-1.03,0.99,0.0,0.01,0
1659886217,-1.63,2.39,0.0,1.0,0.0,1
1156116032,2.36,2.34,0.2,0.14,0.66,2
2393371224,0.89,-0.33,0.97,0.01,0.02,0
2811743750,-0.31,-0.79,0.87,0.02,0.11,0
3104915908,-0.62,-0.06,0.02,0.87,0.1,1
3140481622,-0.8,-0.84,0.16,0.08,0.76,2
1138362975,-1.22,0.51,0.0,0.99,0.01,1
1507198566,-1.73,-1.7,0.06,0.09,0.85,2
2369334574,2.31,0.68,0.98,0.01,0.01,0
506772217,-1.51,1.38,0.0,1.0,0.0,1
3567166086,-0.51,-1.14,0.93,0.01,0.06,0
1296338154,0.51,-1.41,1.0,0.0,0.0,0
2641440494,-0.22,-1.65,0.99,0.0,0.01,0
4114681906,-0.3,1.02,0.01,0.97,0.02,1
3233732829,-0.69,-0.68,0.1,0.11,0.79,0
187718264,0.21,0.18,0.21,0.17,0.62,2
306165233,-0.15,-0.84,0.93,0.01,0.06,0
433132553,-0.76,-0.89,0.4,0.06,0.54,0
1377991435,2.02,-1.32,1.0,0.0,0.0,0
1625613899,-0.87,-0.89,0.12,0.09,0.79,2
2813058116,-0.76,-0.5,0.04,0.66,0.3,1
859670210,1.3,-0.35,0.99,0.0,0.01,0
973298246,-1.7,1.3,0.0,1.0,0.0,1
3119762531,-0.95,-0.82,0.05,0.38,0.56,1
3540659873,-0.87,0.94,0.0,0.99,0.01,1
4270319858,-1.45,-0.91,0.01,0.87,0.12,1
1684567463,2.72,1.7,0.95,0.02,0.03,0
3388611298,-0.72,0.71,0.01,0.98,0.01,1
3385487111,0.2,0.29,0.14,0.28,0.58,2
1181459839,-0.39,-0.44,0.2,0.1,0.7,2
1959743785,1.84,1.06,0.9,0.03,0.07,0
3722838067,-0.17,1.68,0.0,0.99,0.0,1
3934965551,-1.23,1.7,0.0,1.0,0.0,1
2341593294,-0.78,-0.81,0.14,0.09,0.77,2
2228644211,-0.84,-0.84,0.1,0.1,0.8,2
399838869,0.54,1.46,0.02,0.94,0.04,1
2494964792,-0.7,-0.88,0.51,0.05,0.44,0
3887546380,-0.29,-0.19,0.1,0.29,0.61,1
2243330457,-0.6,1.02,0.0,0.99,0.01,1
2982049823,-0.42,-0.92,0.88,0.02,0.1,2
1860097954,1.28,-0.49,0.99,0.0,0.01,0
1791107254,-0.79,-0.71,0.07,0.25,0.68,2
2016806047,-1.68,-1.38,0.02,0.69,0.29,2
717515506,-0.61,0.55,0.01,0.97,0.02,1
2015355824,-0.19,-0.78,0.91,0.02,0.07,0
959498459,-0.81,-0.79,0.09,0.12,0.79,2
2287889263,0.13,0.87,0.03,0.91,0.07,1
3788175356,0.62,0.92,0.09,0.62,0.3,2
806490979,-0.63,-0.77,0.42,0.06,0.52,2
2148573269,-0.77,-0.8,0.14,0.09,0.77,2
266642661,-0.38,-0.21,0.08,0.47,0.45,1
4292179357,-0.1,1.64,0.0,0.99,0.01,1
3467731865,-1.68,-0.78,0.01,0.95,0.04,1
4078380089,-0.53,-0.58,0.21,0.09,0.7,2
1232681799,-1.55,0.4,0.0,1.0,0.0,1
2194989287,-0.13,0.04,0.09,0.46,0.45,2
2347273010,-0.56,-0.47,0.08,0.27,0.65,2
2159501549,0.82,-1.26,1.0,0.0,0.0,0
2588523118,-1.06,0.34,0.0,0.98,0.01,1
3460853413,0.41,0.4,0.2,0.19,0.62,2
2161315000,0.95,-0.56,0.99,0.0,0.01,0
548533707,-0.82,-0.76,0.08,0.2,0.72,2
430002597,-0.28,0.65,0.02,0.94,0.04,1
1354612716,0.18,-1.43,0.99,0.0,0.0,0
1149172047,-0.76,-0.75,0.1,0.11,0.79,2
3418890552,0.87,-0.36,0.97,0.01,0.02,0
3552157310,-0.74,1.33,0.0,1.0,0.0,1
1787242516,-0.28,-1.55,0.99,0.0,0.01,0
2630820815,-0.64,-0.63,0.11,0.11,0.78,2
2773780877,-0.82,-0.41,0.03,0.81,0.16,2
3547141716,1.97,-1.36,1.0,0.0,0.0,0
621772809,-0.81,-0.82,0.11,0.09,0.8,2
3703119501,-1.5,-0.79,0.01,0.92,0.07,1
259689678,0.26,-0.85,0.97,0.01,0.02,0
719776535,-0.85,-0.89,0.15,0.08,0.77,0
1081562108,-0.89,-1.37,0.87,0.01,0.11,0
2711348522,-0.78,-0.64,0.06,0.41,0.53,1
3494251922,0.45,2.22,0.0,0.99,0.01,1
3561571239,-1.23,-1.23,0.09,0.09,0.83,2
2324135021,1.66,-1.52,1.0,0.0,0.0,0
1951799434,-0.84,-0.81,0.09,0.14,0.77,1
3701900348,2.27,1.12,0.96,0.02,0.03,0
2313368401,1.75,0.17,0.98,0.01,0.01,0
4142692117,-0.79,-0.92,0.36,0.06,0.58,0
2249679980,-1.47,0.68,0.0,1.0,0.0,1
1987972149,0.8,-0.88,0.99,0.0,0.01,0
2103379343,0.59,0.63,0.16,0.23,0.61,2
3016971713,1.2,0.59,0.85,0.05,0.11,0
4163825007,1.9,2.14,0.11,0.49,0.4,0
2374234736,-0.99,-0.08,0.01,0.95,0.04,1
3861731346,-0.87,0.46,0.01,0.98,0.02,1
3403079859,-1.04,-1.11,0.19,0.07,0.74,2
2719726957,0.11,-0.17,0.61,0.08,0.31,0
3651796686,0.46,0.41,0.23,0.17,0.6,0
3396679277,-0.85,0.68,0.0,0.99,0.01,1
4199710834,-0.5,-0.84,0.79,0.03,0.18,0
1249372251,-1.04,-0.95,0.06,0.23,0.7,1
3655136629,1.17,-0.89,1.0,0.0,0.0,0
1527053760,0.04,1.36,0.01,0.97,0.02,1
299665228,0.43,-0.88,0.98,0.0,0.01,0
1890195839,-1.12,0.53,0.0,0.99,0.01,1
4205416862,-0.68,-0.51,0.06,0.49,0.46,2
1707564207,2.17,1.98,0.42,0.1,0.48,0
4206928033,-1.27,0.56,0.0,0.99,0.0,1
3733627202,-0.79,-0.76,0.09,0.15,0.77,2
2058240919,1.58,0.95,0.86,0.05,0.1,0
56446540,-1.26,0.66,0.0,0.99,0.0,1
2643191064,-0.59,-0.62,0.17,0.09,0.74,2
3907234051,-1.09,-1.15,0.17,0.07,0.76,0
1931475042,-1.2,-1.14,0.07,0.17,0.76,1
976367149,0.53,-0.51,0.96,0.01,0.03,0
3956359202,-1.11,0.26,0.0,0.98,0.01,1
3997948945,-0.82,-0.82,0.11,0.09,0.8,2
1103664296,-1.37,-1.42,0.14,0.06,0.8,2
2787413445,-1.5,-1.51,0.08,0.07,0.85,2
3225990648,2.25,-0.66,1.0,0.0,0.0,0
2784782930,2.3,1.07,0.96,0.01,0.02,0
2174963054,-0.54,-0.23,0.05,0.71,0.25,2
2078811322,0.41,0.89,0.05,0.8,0.15,1
3623288212,-0.74,-0.78,0.16,0.08,0.75,2
1044913871,-0.79,-0.89,0.29,0.07,0.64,0
585074496,0.28,0.46,0.11,0.44,0.45,1
1545991328,-0.68,-0.57,0.07,0.32,0.61,1
281573906,-1.51,-0.67,0.01,0.94,0.05,1
63461737,2.91,0.88,0.99,0.0,0.0,0
2021294601,-0.47,-0.31,0.07,0.46,0.47,2
3553135540,-0.66,-0.75,0.27,0.07,0.65,2
4221959654,-0.42,-0.72,0.74,0.04,0.22,0
2435974741,-1.51,-1.54,0.1,0.06,0.84,2
792506607,0.33,0.38,0.16,0.23,0.61,2
1597775889,-0.8,-0.76,0.08,0.16,0.76,2
2323989250,0.85,-1.59,1.0,0.0,0.0,0
3202183801,-1.61,1.96,0.0,1.0,0.0,1
4039023591,-0.79,-0.78,0.1,0.11,0.79,2
1584755738,1.02,0.75,0.53,0.12,0.35,0
3003109402,0.34,0.18,0.37,0.13,0.5,0
64247839,-0.73,-1.15,0.84,0.02,0.14,0
2762312318,-0.4,0.14,0.03,0.86,0.11,1
3752690913,1.36,-0.35,0.99,0.0,0.01,0
2632123678,-0.71,-0.66,0.08,0.19,0.72,2
3887508614,-0.84,-0.89,0.17,0.08,0.75,2
4060895689,-1.32,-0.84,0.02,0.84,0.14,1
2674685986,-0.82,-0.1,0.02,0.92,0.06,1
148283256,0.73,-0.05,0.91,0.03,0.06,0
3000876028,0.7,-0.41,0.96,0.01,0.03,0
2949624832,-0.53,0.31,0.02,0.93,0.05,1
3149474427,-1.1,1.36,0.0,1.0,0.0,1
859860391,-0.57,-1.15,0.92,0.01,0.07,0
1794840909,-0.84,-0.75,0.07,0.25,0.68,1
3623372883,0.47,-1.15,0.99,0.0,0.01,0
3650160293,-0.89,-1.12,0.62,0.04,0.35,0
3485159207,-0.66,0.25,0.01,0.94,0.04,1
1575364240,-1.1,-1.12,0.1,0.08,0.82,2
2432681894,0.24,1.02,0.02,0.91,0.06,1
732408826,-0.71,-0.76,0.19,0.08,0.73,1
1759878916,0.96,1.18,0.12,0.48,0.41,2
145812756,-0.58,-0.62,0.19,0.09,0.72,2
3402894547,-0.57,-0.04,0.03,0.86,0.11,1
3524041688,0.04,0.36,0.07,0.67,0.26,1
1273408112,-0.04,-1.18,0.98,0.0,0.02,0
873618549,1.8,-0.01,0.99,0.0,0.01,0
3555339826,-0.69,-0.66,0.09,0.14,0.76,2
3871994806,-0.79,-0.86,0.21,0.07,0.72,2
3166194087,-0.12,2.47,0.0,1.0,0.0,1
1560969594,0.88,-1.15,1.0,0.0,0.0,0
1764757999,0.66,-0.99,0.99,0.0,0.01,0
2332444599,2.27,1.23,0.95,0.02,0.04,0
3895158283,-0.58,-0.58,0.12,0.11,0.77,2
1344936413,-0.54,0.19,0.02,0.92,0.07,1
1888184779,-0.09,0.84,0.02,0.94,0.04,1
1901768554,-0.72,-0.72,0.11,0.1,0.79,2
2654834117,-0.04,0.39,0.05,0.77,0.18,1
1534806399,-0.81,-0.81,0.1,0.1,0.8,2
2294165229,-1.48,1.76,0.0,1.0,0.0,1
3574108334,-1.52,-0.75,0.01,0.93,0.06,1
527607751,-1.7,-1.68,0.06,0.09,0.85,2
2727035319,0.38,0.07,0.6,0.09,0.31,2
1695415392,-0.77,-0.7,0.08,0.23,0.7,1
1797993899,-0.41,-0.41,0.14,0.12,0.74,2
295604428,-1.87,-1.93,0.1,0.05,0.85,0
1457475845,0.55,-0.72,0.98,0.0,0.02,0
3072554880,-0.53,-0.11,0.04,0.8,0.16,1
1709046056,0.17,1.7,0.01,0.98,0.01,1
607456205,-0.82,-0.81,0.1,0.11,0.8,2
552414853,1.34,-0.77,1.0,0.0,0.0,0
3422641398,1.51,2.78,0.01,0.97,0.02,1
2724572869,-1.62,-1.55,0.06,0.15,0.8,2
3716992370,0.12,-0.54,0.91,0.02,0.07,0
2134278093,-0.33,-0.16,0.08,0.47,0.45,1
2979463809,-0.85,-0.86,0.11,0.09,0.8,2
821838932,-0.22,-1.3,0.98,0.0,0.02,0
3481239169,1.52,-0.59,1.0,0.0,0.0,0
955238091,-1.28,0.19,0.0,0.99,0.01,1
2145387345,1.41,0.2,0.96,0.01,0.03,0
1064781182,1.24,-1.01,1.0,0.0,0.0,0
1182845551,-0.73,-0.71,0.1,0.13,0.77,1
1269035545,-0.34,-0.23,0.09,0.31,0.6,2
2517671227,-1.5,0.54,0.0,1.0,0.0,1
4095888653,-0.39,-0.57,0.52,0.06,0.41,0
3522969926,1.76,0.41,0.97,0.01,0.02,0
3123811784,-0.54,-0.63,0.29,0.08,0.63,2
835209846,1.81,-0.99,1.0,0.0,0.0,0
156083835,-0.2,-0.84,0.92,0.01,0.06,0
268988230,0.48,-0.2,0.9,0.03,0.07,0
2654809884,-0.05,-0.89,0.95,0.01,0.04,0
613610889,-0.28,-0.21,0.11,0.23,0.66,2
921884512,-0.77,-0.21,0.02,0.87,0.1,1
3965915335,-1.18,0.13,0.0,0.98,0.02,1
2341435993,-0.77,-0.89,0.33,0.06,0.61,2
2025591426,-1.74,-1.73,0.07,0.08,0.86,2
1452304381,0.21,-0.09,0.62,0.08,0.3,2
3337211244,-0.44,-0.58,0.44,0.07,0.49,0
1234590593,-0.24,2.08,0.0,1.0,0.0,1
3332481942,-0.56,2.52,0.0,1.0,0.0,1
1223256249,0.31,0.29,0.21,0.17,0.62,2
1301979852,-0.4,0.14,0.03,0.86,0.11,1
2978884823,2.2,-0.59,1.0,0.0,0.0,0
1733729683,-0.23,-0.38,0.45,0.08,0.47,0
3938299948,-0.45,-0.41,0.11,0.17,0.72,1
3743318948,-0.89,-0.89,0.1,0.1,0.81,2
2358599888,1.09,-0.41,0.98,0.0,0.01,0
2720902045,-0.77,-0.78,0.12,0.09,0.78,2
2308840845,-1.7,-1.18,0.01,0.85,0.13,1
1606266296,-0.36,-0.28,0.1,0.26,0.64,2
1536742701,-0.47,-0.61,0.45,0.07,0.48,2
1391123122,0.38,1.91,0.01,0.98,0.01,1
1318562583,-0.15,2.34,0.0,1.0,0.0,1
4065177322,-0.74,-0.79,0.18,0.08,0.74,0
2518699238,-1.06,-0.86,0.04,0.55,0.41,2
155909853,-1.33,0.91,0.0,1.0,0.0,1
3197820589,-0.73,-0.48,0.04,0.64,0.31,2
4293990653,0.01,-0.68,0.92,0.02,0.06,0
1810087671,0.52,-0.34,0.94,0.02,0.05,0
2626617835,-0.84,0.78,0.0,0.99,0.01,1
997063537,-0.93,-0.89,0.08,0.15,0.77,2
3069114497,0.33,-0.77,0.97,0.01,0.02,0
2983265305,-0.09,-1.39,0.99,0.0,0.01,0
1290126470,-0.54,-0.42,0.08,0.34,0.58,2
737201480,-0.89,-0.88,0.09,0.12,0.79,1
511269855,-0.56,-0.59,0.15,0.1,0.75,2
2141808043,0.9,0.01,0.93,0.02,0.05,0
4039797566,-0.41,-0.45,0.21,0.1,0.69,0
4019682186,0.29,1.12,0.02,0.93,0.05,1
193149461,-0.06,-0.08,0.19,0.15,0.67,2
1966611026,-0.91,-1.13,0.58,0.04,0.38,2
3098064374,-0.81,-0.8,0.1,0.11,0.8,2
439381634,-0.75,-0.02,0.02,0.92,0.06,1
1998866028,-0.05,0.37,0.05,0.76,0.18,1
3951386585,1.42,1.0,0.73,0.08,0.19,2
3877392936,-0.69,0.04,0.02,0.92,0.06,1
2201427722,-0.11,1.78,0.0,0.99,0.0,1
1162369152,-1.81,-1.8,0.06,0.08,0.86,2
1861724173,-0.73,-0.72,0.1,0.11,0.79,2
918638706,1.27,0.28,0.94,0.02,0.04,0
2980224086,-0.07,-0.21,0.39,0.1,0.51,2
2216137473,0.08,1.73,0.0,0.99,0.01,1
4048768709,-0.82,-0.77,0.08,0.16,0.76,2
1038599517,0.74,0.06,0.88,0.03,0.08,0
2628877609,-0.46,0.32,0.02,0.92,0.06,1
909434282,0.2,-1.21,0.99,0.0,0.01,0
1803000766,-0.24,-0.52,0.68,0.05,0.27,0
2440345411,0.87,-1.54,1.0,0.0,0.0,0
3823901598,0.35,0.25,0.28,0.14,0.57,0
1696551148,0.14,0.43,0.08,0.62,0.3,1
3819276074,-0.29,-0.39,0.31,0.09,0.6,0
1736708863,-0.65,-0.69,0.17,0.09,0.74,2
1723276070,-0.49,-1.03,0.9,0.01,0.08,0
2321702360,-0.09,-1.56,0.99,0.0,0.01,0
3288359467,-0.09,0.67,0.02,0.91,0.07,1
4258988790,-0.36,-0.47,0.35,0.09,0.56,0
4224532506,-0.37,-0.29,0.1,0.23,0.66,0
2465490704,-0.74,-0.73,0.1,0.11,0.79,0
3198090959,-0.76,-0.73,0.09,0.14,0.77,2
2536552812,-0.74,-0.73,0.1,0.11,0.79,2
2514049594,-1.48,1.52,0.0,1.0,0.0,1
990550237,-0.8,-0.22,0.02,0.88,0.1,1
2670784903,-0.96,-0.9,0.07,0.18,0.75,0
1138388307,1.1,-1.73,1.0,0.0,0.0,0
4119023883,-0.95,-1.11,0.42,0.05,0.53,0
3012201214,-0.8,-0.79,0.1,0.11,0.8,2
536829868,-0.13,0.03,0.1,0.42,0.48,2
2487974364,1.7,2.28,0.04,0.86,0.1,1
4008175429,-1.23,-0.42,0.01,0.94,0.05,1
56591099,-0.03,-1.56,0.99,0.0,0.0,0
1611012745,-0.48,-1.2,0.95,0.01,0.05,0
1441137584,0.17,0.2,0.16,0.22,0.62,1
797692935,-1.34,-1.21,0.05,0.33,0.62,2
801750304,-0.63,-0.71,0.26,0.08,0.66,2
2135556407,-0.72,0.86,0.0,0.99,0.01,1
1667614373,-0.81,-0.9,0.27,0.07,0.66,2
2230189683,-0.97,-0.69,0.03,0.69,0.27,2
1733556048,-1.56,0.88,0.0,1.0,0.0,1
1190526022,-0.7,-0.43,0.04,0.67,0.29,1
397367742,-0.61,0.96,0.0,0.99,0.01,2
3685054900,2.22,-0.59,1.0,0.0,0.0,0
1874630422,-0.82,-0.76,0.08,0.19,0.73,2
3176573310,-0.13,-0.18,0.21,0.13,0.66,2
48081420,-0.97,-0.85,0.06,0.32,0.62,2
4061250274,2.0,-1.59,1.0,0.0,0.0,0
2642011920,0.93,-1.62,1.0,0.0,0.0,0
1470008425,-0.79,-0.67,0.06,0.35,0.59,1
92816758,1.34,-0.09,0.98,0.01,0.02,0
700533420,-1.02,-0.95,0.07,0.2,0.73,2
1081830864,0.32,-1.12,0.99,0.0,0.01,0
2796030056,2.02,-0.89,1.0,0.0,0.0,0
2728536217,2.02,1.88,0.32,0.11,0.57,2
4263647233,-0.15,-0.5,0.78,0.04,0.18,2
3457190307,-0.74,-0.73,0.1,0.11,0.79,2
1795760643,3.03,-1.5,1.0,0.0,0.0,0
784296394,-0.91,-0.84,0.07,0.2,0.73,2
823709331,-0.66,-0.69,0.16,0.09,0.75,0
428500824,0.71,-0.66,0.98,0.0,0.01,0
4238239499,1.67,-1.15,1.0,0.0,0.0,0
1813067489,-0.63,-0.58,0.09,0.18,0.73,2
639670564,-0.71,-0.69,0.1,0.13,0.78,2
1768067179,-1.16,-0.88,0.03,0.7,0.27,2
3061074183,-1.53,-0.71,0.01,0.94,0.05,1
4224066676,-0.96,0.33,0.01,0.98,0.02,1
1653227528,1.32,2.91,0.0,0.99,0.01,1
1584154088,0.29,-1.71,1.0,0.0,0.0,0
600671742,-0.11,-0.97,0.96,0.01,0.03,0
800536650,0.4,-1.48,1.0,0.0,0.0,0
980336061,1.43,0.45,0.93,0.02,0.05,0
664005295,-1.26,-1.27,0.1,0.07,0.83,2
190321456,2.09,0.4,0.99,0.01,0.01,0
2046843534,-0.56,-1.16,0.92,0.01,0.07,0
2379930608,0.77,0.77,0.2,0.19,0.61,2
3455312331,2.81,1.47,0.97,0.01,0.02,0
1735028976,-1.02,2.55,0.0,1.0,0.0,1
3918795966,-0.75,-1.03,0.71,0.03,0.26,2
4093103379,0.07,-0.07,0.35,0.11,0.53,0
4084335541,-1.31,0.6,0.0,0.99,0.0,1
2672757414,-0.76,-0.8,0.17,0.08,0.75,2
3004423511,-0.86,-0.84,0.09,0.11,0.79,2
1915874676,-0.18,-1.68,0.99,0.0,0.0,0
1138418371,0.71,0.77,0.15,0.25,0.59,2
181261423,-0.48,-0.61,0.41,0.07,0.52,2
304827096,-1.28,0.01,0.0,0.98,0.02,1
1293634133,-0.05,-0.06,0.17,0.16,0.66,1
2715920310,0.52,0.28,0.48,0.12,0.4,0
3667177642,1.42,-0.99,1.0,0.0,0.0,0
2354374789,-1.04,0.18,0.01,0.97,0.02,1
2143747095,-0.37,-0.48,0.36,0.08,0.55,2
1124399800,-0.86,-0.89,0.13,0.08,0.78,2
303209495,-0.84,-0.98,0.38,0.06,0.56,2
550980146,-1.22,-0.46,0.01,0.93,0.06,1
3217604938,-1.05,-1.06,0.1,0.08,0.82,0
1065596750,-1.78,1.27,0.0,1.0,0.0,1
1362338590,-0.71,-0.67,0.09,0.15,0.76,2
1166853076,1.68,-0.17,0.99,0.0,0.01,0
1238187181,0.45,-1.43,1.0,0.0,0.0,0
2980486316,-1.72,-1.71,0.07,0.08,0.86,2
4205448449,0.37,-0.65,0.96,0.01,0.03,0
1775093196,-0.36,-0.62,0.68,0.05,0.28,0
1473676317,-1.3,1.12,0.0,1.0,0.0,1
3699896292,-1.8,0.34,0.0,1.0,0.0,1
2134194027,-1.17,-0.36,0.01,0.94,0.05,1
1507901581,-0.82,-0.82,0.1,0.1,0.8,2
1333396594,0.57,-1.26,1.0,0.0,0.0,0
4086236987,-0.82,-0.84,0.11,0.09,0.8,2
2347685738,-0.28,0.71,0.02,0.95,0.04,1
4102378551,-0.87,-0.5,0.03,0.77,0.2,1
2439615259,-0.77,1.12,0.0,0.99,0.0,1
2007697166,-0.66,-0.45,0.05,0.56,0.38,1
567744823,-0.97,-0.7,0.03,0.68,0.29,1
773332399,0.18,0.88,0.03,0.9,0.08,1
3234029964,-0.62,-0.23,0.04,0.78,0.18,1
3461307051,-0.61,-0.61,0.13,0.1,0.77,2
1577250774,0.85,-0.4,0.97,0.01,0.02,0
3614033611,-0.87,-0.87,0.1,0.1,0.81,2
1383698196,-0.42,-0.38,0.11,0.16,0.72,0
1924714583,-1.21,-0.29,0.01,0.95,0.04,1
1965482858,-1.36,2.42,0.0,1.0,0.0,1
4274170042,0.99,0.65,0.63,0.1,0.27,2
2015429054,0.16,-0.24,0.77,0.05,0.17,0
1846331635,-0.8,-1.41,0.93,0.01,0.07,0
717833785,-0.71,-0.69,0.1,0.13,0.78,2
583090563,-1.11,-0.32,0.01,0.94,0.05,1
3462638601,-0.71,-0.51,0.05,0.56,0.39,2
1256518061,-0.4,2.66,0.0,1.0,0.0,1
3036812030,-0.8,-0.77,0.09,0.13,0.78,2
1778735912,-0.38,-1.06,0.94,0.01,0.05,1
3751671172,-0.12,0.86,0.02,0.95,0.04,1
4101012217,-1.28,0.61,0.0,0.99,0.0,1
1123846564,-0.51,-0.47,0.1,0.17,0.73,2
1357200205,0.04,0.99,0.02,0.94,0.04,1
118627274,-0.18,-0.39,0.56,0.07,0.37,0
3346121737,0.54,0.0,0.84,0.05,0.12,0
2149428234,0.01,0.04,0.15,0.2,0.65,1
1122908935,-0.71,-0.71,0.1,0.11,0.79,2
1185527251,-0.07,0.22,0.07,0.65,0.28,1
238996537,-0.38,-0.77,0.83,0.03,0.15,0
1986767896,1.52,0.52,0.93,0.02,0.04,0
1399786270,0.61,-0.51,0.97,0.01,0.02,0
1988222234,-0.85,-0.41,0.03,0.82,0.15,1
3608229249,-1.35,1.23,0.0,1.0,0.0,1
1302677701,0.89,-0.85,0.99,0.0,0.01,0
3035116041,-0.41,-0.89,0.87,0.02,0.11,2
1286310593,2.73,-1.48,1.0,0.0,0.0,0
2680109868,-0.61,-0.15,0.03,0.83,0.14,1
848458831,-1.64,-0.87,0.01,0.93,0.06,1
3388449346,1.61,-1.55,1.0,0.0,0.0,0
2881785844,-0.79,-0.74,0.08,0.17,0.74,2
3407349743,-0.86,-0.85,0.09,0.1,0.8,2
2724507969,-0.54,-0.62,0.28,0.08,0.64,0
1387198269,-0.86,-0.71,0.05,0.43,0.52,1
1407607738,-0.98,-0.78,0.04,0.55,0.41,1
1795657602,2.05,-1.38,1.0,0.0,0.0,0
2560191941,-1.12,-0.62,0.02,0.85,0.13,1
3928081453,-0.38,-0.65,0.69,0.05,0.26,2
1354466660,-0.28,-1.05,0.95,0.01,0.04,0
3855528899,0.13,1.78,0.0,0.99,0.01,1
103513055,-0.73,-0.79,0.21,0.08,0.71,2
1192123675,0.45,1.26,0.02,0.92,0.06,1
2201250092,-0.05,-0.02,0.14,0.2,0.66,1
2121586503,0.45,0.45,0.19,0.19,0.61,0
294935447,1.06,0.66,0.7,0.08,0.21,1
3291698934,-0.81,-0.78,0.09,0.13,0.78,2
3813350965,-1.74,0.03,0.0,0.99,0.0,1
2728862762,-0.13,0.03,0.09,0.44,0.46,1
4047203188,1.87,-1.22,1.0,0.0,0.0,0
3382189162,-1.45,0.84,0.0,1.0,0.0,1
2571758532,-0.66,-1.64,0.98,0.0,0.02,0
1039975571,-1.06,-0.66,0.02,0.8,0.17,0
149413088,-0.79,-0.77,0.09,0.12,0.78,2
957944470,0.36,0.85,0.05,0.81,0.15,2
2139588411,-1.15,-1.16,0.1,0.08,0.82,2
307424150,-1.22,-0.96,0.03,0.66,0.31,2
713848015,-1.34,-1.5,0.36,0.04,0.6,0
1466521585,-0.49,-1.07,0.92,0.01,0.07,0
2434260010,1.45,0.39,0.94,0.02,0.04,0
655270603,-0.61,-0.49,0.07,0.33,0.59,2
3088978856,-0.78,-0.86,0.24,0.07,0.69,2
2265517269,-1.15,-1.43,0.64,0.03,0.33,0
4233722455,-0.85,-0.89,0.15,0.08,0.77,2
35654393,-0.14,-0.63,0.87,0.03,0.11,0
1482467653,-1.5,-0.95,0.01,0.87,0.11,1
1365280092,-1.02,-0.46,0.02,0.88,0.11,1
2401199328,-0.71,-0.69,0.09,0.14,0.77,1
2411998479,-0.82,-0.93,0.29,0.07,0.64,2
1683254323,-0.43,-0.58,0.45,0.07,0.48,2
1714469710,-0.01,-0.93,0.96,0.01,0.03,0
3231411765,2.17,-0.8,1.0,0.0,0.0,0
3767277141,-0.57,-0.99,0.85,0.02,0.13,0
52094506,0.47,-0.39,0.94,0.02,0.04,0
2173751291,1.07,-0.61,0.99,0.0,0.01,0
3281649562,-0.3,0.66,0.02,0.94,0.04,1
3122001001,0.75,2.5,0.0,0.99,0.01,1
702346209,-0.44,-0.41,0.12,0.15,0.74,2
2599594442,-0.71,-0.82,0.35,0.06,0.58,2
3539479174,-0.13,0.2,0.06,0.7,0.24,1
1787810649,-0.65,-0.77,0.38,0.06,0.55,2
434178549,0.01,-1.72,1.0,0.0,0.0,0
2480868888,0.42,0.39,0.21,0.18,0.61,2
3323261137,0.66,1.82,0.01,0.96,0.03,1
869098038,-0.82,-1.47,0.94,0.01,0.06,0
3076517475,0.4,0.41,0.18,0.21,0.62,1
825169700,-1.7,-0.86,0.01,0.95,0.05,1
2531056885,-0.26,-0.37,0.35,0.09,0.56,0
2338427019,-1.04,-0.84,0.04,0.55,0.41,2
241944415,0.53,0.01,0.83,0.05,0.12,0
3235731696,0.84,-0.25,0.96,0.01,0.03,0
2596928513,-0.47,-0.46,0.12,0.13,0.75,2
2275923141,-0.81,1.12,0.0,0.99,0.0,1
327949018,0.79,0.59,0.42,0.14,0.44,1
3583768271,0.32,0.4,0.15,0.26,0.59,2
659272975,-0.54,-0.51,0.11,0.14,0.75,2
858258880,1.88,1.32,0.83,0.05,0.12,0
3744180200,-1.39,2.22,0.0,1.0,0.0,1
1356359231,1.5,-0.89,1.0,0.0,0.0,0
3094843833,-0.78,-0.75,0.09,0.14,0.77,2
1955537048,-0.01,-1.16,0.98,0.0,0.02,0
305183840,-0.84,-0.82,0.09,0.12,0.79,1
1470001672,-1.34,-1.2,0.05,0.36,0.6,1
1160293013,-0.8,-0.76,0.08,0.16,0.76,2
62069597,0.42,-1.66,1.0,0.0,0.0,0
4109223974,1.96,-0.52,1.0,0.0,0.0,0
2019365155,-0.57,1.03,0.0,0.99,0.01,1
695517017,-0.61,0.04,0.02,0.9,0.08,1
37132737,-0.23,1.84,0.0,1.0,0.0,1
718740723,-0.02,-0.16,0.37,0.11,0.53,0
3855682779,-0.1,-0.23,0.36,0.1,0.54,0
576652879,-0.56,1.32,0.0,0.99,0.0,1
3284341560,0.11,-1.22,0.99,0.0,0.01,0
1238343350,-0.4,1.59,0.0,0.99,0.0,1
1025681566,-0.54,-0.5,0.1,0.16,0.73,2
2977335107,0.44,2.34,0.0,0.99,0.0,1
3740978033,-0.86,-0.86,0.1,0.1,0.8,2
2730526706,-0.34,-0.33,0.14,0.14,0.72,2
2027985453,-0.99,-0.41,0.02,0.88,0.1,1
1252317063,-0.62,-0.51,0.07,0.33,0.59,2
122463776,1.07,-0.46,0.98,0.0,0.01,0
1524591448,-1.78,0.03,0.0,0.99,0.0,1
1449998502,1.35,2.31,0.02,0.95,0.04,1
2259600644,0.51,-0.58,0.97,0.01,0.02,0
1225112847,-1.2,-0.21,0.01,0.96,0.03,1
4062915826,0.02,0.01,0.18,0.16,0.65,2
285881161,-0.77,-0.75,0.1,0.12,0.79,0
841223624,1.94,0.92,0.94,0.02,0.04,0
4127375792,-0.75,-0.82,0.23,0.07,0.69,2
2555556165,0.6,-1.45,1.0,0.0,0.0,0
1321465393,-0.59,-0.74,0.47,0.06,0.47,2
1754682015,1.31,0.35,0.93,0.02,0.05,0
3705697806,2.67,2.11,0.85,0.04,0.11,0
1502923231,-1.32,-1.5,0.4,0.04,0.56,2
1100033982,-1.23,-0.19,0.01,0.96,0.03,1
738349593,-1.73,1.46,0.0,1.0,0.0,1
888100345,-0.8,-0.77,0.09,0.15,0.77,2
2014908410,0.28,-1.52,1.0,0.0,0.0,0
2311514100,-0.53,0.84,0.01,0.98,0.02,1
3984281512,-0.71,2.05,0.0,1.0,0.0,1
1329323423,1.4,-0.54,0.99,0.0,0.0,0
513992367,-1.87,-0.33,0.0,0.99,0.01,1
2494114399,2.16,-1.26,1.0,0.0,0.0,0
3004739653,-0.84,-0.05,0.01,0.93,0.05,1
258872398,2.34,-0.99,1.0,0.0,0.0,0
2307789562,-0.41,-0.67,0.68,0.05,0.27,0
3528633806,0.17,-0.51,0.91,0.02,0.07,0
909525288,-0.42,-0.41,0.12,0.13,0.74,2
1112638524,0.04,0.6,0.04,0.85,0.11,1
1387723024,-0.1,-0.57,0.86,0.03,0.11,0
3167991102,-0.77,-0.78,0.11,0.09,0.79,2
862660514,-0.45,0.94,0.01,0.98,0.01,1
1306280009,-0.6,-0.95,0.8,0.03,0.17,0
3213229438,-0.72,-1.07,0.8,0.02,0.18,0
1873161038,-0.42,0.08,0.03,0.85,0.12,1
3748396828,-0.09,-1.34,0.99,0.0,0.01,2
1485680625,0.54,1.46,0.02,0.94,0.04,1
2799659904,-1.08,0.05,0.01,0.97,0.02,1
3389047723,0.65,0.17,0.81,0.06,0.14,0
2720379139,-0.85,-1.2,0.79,0.02,0.19,2
2829444473,-0.8,-1.02,0.58,0.04,0.37,0
2613154923,-1.12,0.14,0.01,0.98,0.02,1
1482787651,1.07,-1.7,1.0,0.0,0.0,0
3520520698,0.98,-1.12,1.0,0.0,0.0,0
3789325216,-1.49,-1.04,0.01,0.83,0.16,1
227910664,0.37,-0.14,0.84,0.04,0.11,0
3029353118,1.22,0.84,0.68,0.09,0.23,0
3831647198,1.27,0.26,0.94,0.02,0.04,0
1949718491,-0.36,-0.16,0.07,0.53,0.4,1
79405520,-1.46,0.7,0.0,1.0,0.0,1
3160562372,-0.62,-0.68,0.21,0.08,0.7,0
3807643350,0.62,-0.98,0.99,0.0,0.01,0
743068495,-0.86,0.24,0.01,0.96,0.03,1
3904928754,-1.23,-1.48,0.56,0.03,0.41,0
98828183,1.91,-1.47,1.0,0.0,0.0,0
1812895064,-0.68,-0.6,0.08,0.25,0.67,1
2570248818,0.82,1.02,0.12,0.44,0.44,1
1625980812,-0.71,1.58,0.0,1.0,0.0,1
2368708761,-0.77,-0.76,0.1,0.12,0.79,2
1315260438,1.75,0.8,0.93,0.02,0.05,0
2337407550,-0.27,-0.33,0.24,0.11,0.65,2
2368636456,0.99,-1.39,1.0,0.0,0.0,0
2556155375,0.0,2.34,0.0,1.0,0.0,1
3115823626,-0.03,-0.15,0.32,0.11,0.57,2
3767642004,-0.58,-0.6,0.15,0.1,0.76,2
4203472375,-0.16,-1.46,0.99,0.0,0.01,0
3680864910,-0.73,0.51,0.01,0.97,0.02,1
719860290,-0.77,-0.8,0.14,0.09,0.77,2
1049139124,-0.76,-0.72,0.09,0.15,0.76,1
3693574479,0.33,0.22,0.28,0.14,0.58,1
4076009104,-0.47,-0.48,0.14,0.11,0.75,1
3318718778,0.31,0.68,0.06,0.72,0.22,2
1901252551,-0.72,-0.68,0.09,0.16,0.75,1
3713924344,-1.3,-0.28,0.01,0.96,0.03,1
2599091146,-0.18,0.04,0.08,0.55,0.37,1
3624400242,-0.78,-0.79,0.12,0.09,0.79,2
672921473,-0.85,-0.82,0.09,0.13,0.78,2
2199403257,-0.66,0.98,0.0,0.99,0.01,1
2065232481,2.7,-1.36,1.0,0.0,0.0,0
2801255185,-1.2,-0.13,0.01,0.97,0.03,1
2520074729,-0.28,1.98,0.0,1.0,0.0,1
3686843013,-0.84,-0.81,0.09,0.13,0.78,2
3158571212,0.91,0.14,0.9,0.03,0.07,0
3322179926,-0.44,-0.77,0.79,0.03,0.18,0
881962646,-0.47,1.06,0.0,0.99,0.01,1
1668077836,-1.02,0.65,0.0,0.99,0.01,1
677567486,-0.82,-0.73,0.07,0.25,0.68,2
1554069666,1.53,1.6,0.16,0.24,0.6,2
1087858842,-0.69,-0.62,0.08,0.21,0.71,2
1526327941,0.82,-0.24,0.95,0.01,0.03,0
625470777,0.29,-0.04,0.65,0.08,0.27,0
2408268496,-1.04,2.22,0.0,1.0,0.0,1
4079965318,-1.27,-1.16,0.05,0.3,0.65,2
4126281991,-0.66,-0.55,0.07,0.3,0.63,2
2748736878,-1.18,2.25,0.0,1.0,0.0,1
3550933821,-0.51,-0.61,0.33,0.08,0.59,2
3859968358,-0.86,-0.17,0.02,0.91,0.07,1
2385784465,-1.39,1.07,0.0,1.0,0.0,1
843375252,1.66,-1.59,1.0,0.0,0.0,0
3580396711,-0.72,-0.66,0.08,0.19,0.72,2
3306258563,-0.9,-1.02,0.33,0.06,0.61,1
2303123446,-0.41,2.8,0.0,1.0,0.0,1
2866211930,-1.15,-1.06,0.06,0.23,0.71,1
680675949,-0.51,-0.47,0.11,0.16,0.73,2
3674134690,-1.58,-1.54,0.06,0.12,0.82,2
2311861550,2.03,-1.09,1.0,0.0,0.0,0
920362970,1.13,1.16,0.18,0.21,0.61,2
1746241766,-1.26,-0.53,0.01,0.92,0.07,1
574380887,2.55,-0.4,1.0,0.0,0.0,0
1366380150,-0.41,0.01,0.04,0.8,0.16,1
855087394,-0.7,-0.66,0.09,0.16,0.75,2
1802076456,1.47,0.15,0.97,0.01,0.02,0
66592960,-0.31,-0.31,0.15,0.13,0.72,0
3648755308,-0.63,-0.71,0.26,0.08,0.66,2
451229441,-0.24,-0.07,0.09,0.44,0.47,0
471317960,-1.28,0.01,0.0,0.98,0.02,1
3099090308,-0.84,-0.84,0.1,0.1,0.8,2
4254291157,-0.75,1.11,0.0,0.99,0.0,1
3173935456,0.29,0.45,0.12,0.39,0.49,2
2267420228,-0.72,0.81,0.0,0.99,0.01,1
1250726096,-1.07,-1.02,0.07,0.17,0.76,1
4114932932,2.75,0.25,1.0,0.0,0.0,0
3901478656,-0.75,-0.77,0.13,0.09,0.78,2
3428831629,0.66,-1.73,1.0,0.0,0.0,0
3069029997,0.07,-1.02,0.98,0.0,0.02,0
1018973602,-0.76,-1.16,0.83,0.02,0.15,0
824047175,-0.8,-0.84,0.15,0.08,0.77,2
1233953546,0.04,1.3,0.01,0.97,0.02,1
2509396400,-0.73,-0.66,0.08,0.21,0.71,2
1081831812,-1.37,-0.62,0.01,0.93,0.06,2
4069512933,1.15,-1.01,1.0,0.0,0.0,0
326703211,1.27,1.11,0.36,0.13,0.51,2
2932658085,-0.89,-0.88,0.09,0.11,0.8,0
2952660816,-0.73,-0.74,0.12,0.09,0.78,2
4238735928,-0.77,1.64,0.0,1.0,0.0,1
681550144,-0.56,0.93,0.01,0.98,0.01,1
2879703165,1.38,-1.12,1.0,0.0,0.0,0
4077413874,0.47,-0.41,0.94,0.02,0.04,0
2117446901,-0.35,0.95,0.01,0.97,0.02,1
2402143172,1.89,0.66,0.96,0.01,0.03,0
2399306333,1.95,-0.28,1.0,0.0,0.0,0
2024320022,-0.9,-0.87,0.08,0.14,0.78,2
246420674,1.76,-0.77,1.0,0.0,0.0,0
2535230452,0.61,0.34,0.52,0.12,0.36,2
1281691450,-1.65,-0.65,0.0,0.96,0.03,1
3954360710,-1.41,0.75,0.0,1.0,0.0,1
543194373,-1.76,0.86,0.0,1.0,0.0,1
3367109552,-0.05,-1.73,1.0,0.0,0.0,0
209436261,1.07,-0.81,0.99,0.0,0.0,0
1215542461,-0.51,0.07,0.03,0.88,0.1,1
157491002,-1.17,-0.82,0.02,0.77,0.21,1
2970319661,1.15,1.37,0.12,0.47,0.42,1
3891661292,-1.02,-0.64,0.02,0.79,0.18,2
763804827,-0.72,-0.71,0.1,0.12,0.78,2
3522127471,-0.53,-0.2,0.05,0.72,0.24,2
3953434526,1.7,-1.32,1.0,0.0,0.0,0
3257118144,-0.72,-0.77,0.19,0.08,0.73,2
1038915862,-0.85,-0.86,0.11,0.09,0.8,2
3817074223,-0.13,-1.0,0.96,0.01,0.03,0
3887007035,0.7,0.96,0.1,0.55,0.35,0
3926699182,-0.39,0.56,0.02,0.94,0.04,1
3382869656,-0.58,-0.47,0.08,0.32,0.6,2
3015782275,2.11,2.17,0.16,0.22,0.62,2
3292204465,-0.97,-0.9,0.07,0.2,0.73,1
2525171900,-0.23,-0.27,0.2,0.12,0.68,2
4165613284,-0.84,-0.81,0.09,0.13,0.78,2
3972518736,0.26,-0.98,0.98,0.0,0.01,0
1911079888,0.16,-0.45,0.9,0.02,0.08,0
3793234139,-0.01,-0.01,0.17,0.17,0.66,2
766201527,-0.03,1.47,0.01,0.98,0.01,1
1352839830,0.11,0.62,0.04,0.83,0.13,1
3862004022,0.94,-1.97,1.0,0.0,0.0,0
2155049114,-1.02,-1.63,0.93,0.01,0.07,0
623044054,-1.09,-0.98,0.06,0.28,0.66,2
757288287,-0.93,-1.04,0.31,0.06,0.63,2
92757501,0.16,0.07,0.26,0.14,0.6,2
1390586550,-1.45,2.5,0.0,1.0,0.0,1
2679793774,-0.76,-0.71,0.09,0.16,0.75,2
3574420507,-0.98,-1.11,0.34,0.05,0.6,0
145822423,-0.67,-0.7,0.15,0.09,0.76,2
1975724678,0.96,-0.4,0.98,0.01,0.02,0
4004878626,1.36,0.55,0.9,0.03,0.07,0
168363086,-0.55,-0.41,0.07,0.43,0.51,1
187157431,-1.3,-1.3,0.08,0.08,0.83,2
2781262539,-0.9,-0.62,0.03,0.69,0.27,1
217558508,0.11,-0.73,0.95,0.01,0.04,0
3708190155,-0.5,-1.65,0.99,0.0,0.01,0
3011532110,-0.86,-0.81,0.08,0.17,0.75,2
2339186443,-0.85,-0.82,0.09,0.14,0.77,2
2033528020,2.27,2.7,0.06,0.76,0.18,1
2951022135,-0.66,-0.82,0.45,0.06,0.49,2
402772415,-0.19,-1.12,0.97,0.01,0.03,0
3928110728,-0.78,-1.0,0.59,0.04,0.37,0
1759750393,0.54,0.48,0.24,0.16,0.6,1
2756697523,-0.95,0.26,0.01,0.97,0.02,1
1507029210,-0.61,-1.04,0.85,0.02,0.13,0
1561349153,-1.05,0.94,0.0,1.0,0.0,1
2501793656,0.62,1.23,0.04,0.87,0.1,1
4209346609,0.99,1.33,0.08,0.66,0.26,1
774378481,-0.84,-0.9,0.2,0.07,0.72,2
2114305162,0.51,-0.93,0.99,0.0,0.01,0
4168195654,1.02,0.25,0.9,0.03,0.07,1
43393319,-0.69,-1.3,0.93,0.01,0.07,0
1369624179,0.04,-0.09,0.33,0.12,0.55,0
2738179028,-0.64,-0.58,0.09,0.2,0.71,2
1805280164,-0.85,-0.82,0.09,0.14,0.77,2
1084631992,-0.88,0.45,0.01,0.98,0.02,1
355664173,-0.76,-0.76,0.11,0.1,0.8,2
4157042518,-0.87,-0.89,0.12,0.09,0.79,2
4181369541,-0.5,-0.21,0.05,0.68,0.27,2
3239818601,-0.98,-1.05,0.19,0.07,0.74,0
970166333,-0.69,-0.73,0.18,0.08,0.74,0
2078154264,0.6,0.12,0.81,0.05,0.14,2
312928924,-0.88,-0.86,0.09,0.11,0.8,2
3976574748,-0.66,0.37,0.01,0.96,0.03,1
304022898,1.4,-0.76,1.0,0.0,0.0,0
3530131300,-1.16,-0.33,0.01,0.94,0.05,1
3568512295,-0.81,-0.77,0.09,0.15,0.77,2
2163979962,0.01,-0.21,0.53,0.09,0.39,0
1805687005,-1.8,2.2,0.0,1.0,0.0,1
2469579126,-0.66,-0.61,0.09,0.17,0.74,1
3050461747,-0.82,-1.02,0.53,0.05,0.43,0
3776862851,-0.86,-0.84,0.09,0.13,0.79,2
1315092428,0.4,0.13,0.54,0.1,0.36,1
4137405734,-0.51,-0.3,0.06,0.56,0.38,1
503460845,-1.03,-0.43,0.02,0.89,0.1,1
3731799708,0.23,0.52,0.08,0.63,0.29,1
2311883372,-0.72,-0.73,0.12,0.1,0.79,2
3396429348,0.62,0.6,0.21,0.18,0.61,1
2184345520,-0.5,-0.47,0.11,0.14,0.75,2
3780323554,-0.36,-0.1,0.06,0.64,0.3,1
127640629,0.79,-1.24,1.0,0.0,0.0,0
2593050210,0.91,-1.34,1.0,0.0,0.0,0
3449119187,-0.64,-0.64,0.11,0.11,0.78,2
1624757320,-0.61,-0.63,0.15,0.09,0.76,2
3097361978,-0.79,-0.79,0.1,0.1,0.8,2
3146364904,-1.84,-1.83,0.06,0.08,0.86,2
1682971624,-0.18,-0.73,0.9,0.02,0.08,0
3108598357,0.67,1.02,0.07,0.68,0.24,2
1068054799,-0.94,0.84,0.0,0.99,0.01,1
1440122963,1.35,0.02,0.97,0.01,0.02,0
707164709,-1.59,1.84,0.0,1.0,0.0,1
4107925110,-0.71,-0.72,0.13,0.09,0.78,1
239499740,0.01,0.08,0.13,0.27,0.6,2
2575293652,2.56,-0.41,1.0,0.0,0.0,0
4155815570,-0.61,-0.51,0.08,0.28,0.64,1
3717959461,-0.73,1.08,0.0,0.99,0.01,1
3314299296,-0.69,-0.98,0.74,0.03,0.23,2
2032608881,-0.79,-0.8,0.11,0.09,0.79,2
164041116,-0.86,-0.88,0.12,0.09,0.8,2
2501062064,-0.59,-0.59,0.12,0.11,0.77,2
2126967063,1.09,-1.52,1.0,0.0,0.0,0
460139293,-0.75,0.09,0.01,0.94,0.05,1
1020890282,0.12,-0.03,0.37,0.12,0.52,2
2565882889,-0.82,-0.81,0.1,0.11,0.8,2
3190824706,-0.8,-0.87,0.21,0.07,0.72,0
144251125,1.84,-0.32,1.0,0.0,0.0,0
3219815633,-0.87,-1.01,0.39,0.06,0.55,2
2469592734,-0.8,-0.77,0.09,0.15,0.77,2
1202645552,-0.45,0.04,0.03,0.84,0.13,1
167320067,0.86,0.91,0.17,0.23,0.6,2
2454004933,2.42,0.53,0.99,0.0,0.01,0
2240343337,-0.79,-0.82,0.13,0.09,0.78,2
2929491265,0.18,-1.39,0.99,0.0,0.0,0
1636263092,-0.74,1.16,0.0,0.99,0.0,1
552948542,2.36,0.56,0.99,0.0,0.01,0
3585894009,-0.1,0.09,0.09,0.49,0.42,1
313754011,-0.81,-0.81,0.1,0.1,0.8,1
3784867911,-1.46,1.96,0.0,1.0,0.0,1
3759997228,-0.06,-0.71,0.92,0.02,0.06,0
1483780916,-1.25,1.52,0.0,1.0,0.0,1
526842019,-0.65,-0.43,0.05,0.59,0.36,2
1320711624,-0.37,-0.52,0.44,0.07,0.48,0
2457928802,-0.65,-0.57,0.08,0.24,0.68,2
54822700,0.31,-1.39,1.0,0.0,0.0,0
2634440461,2.33,2.7,0.07,0.69,0.24,1
1028089108,-0.75,-0.77,0.14,0.09,0.78,2
3509072838,-1.06,0.01,0.01,0.96,0.03,1
3760541530,-0.72,0.47,0.01,0.97,0.02,1
3221664028,-1.47,-1.47,0.08,0.08,0.84,2
1613198022,-0.74,0.6,0.01,0.98,0.02,1
173825002,-0.67,-0.91,0.65,0.04,0.31,0
3696927226,-0.56,-0.51,0.1,0.18,0.72,0
83451493,-1.16,2.09,0.0,1.0,0.0,1
325398368,2.06,1.95,0.3,0.11,0.59,2
1949310222,-0.03,-0.25,0.53,0.08,0.38,0
935260274,0.4,-0.92,0.98,0.0,0.01,0
305100096,2.16,-0.59,1.0,0.0,0.0,0
3318718919,-0.82,0.27,0.01,0.96,0.03,1
3580682735,-0.74,-0.18,0.02,0.88,0.1,1
3421682429,1.02,-1.53,1.0,0.0,0.0,0
3982230546,-1.16,-1.41,0.56,0.03,0.4,2
2456920510,0.15,-1.02,0.98,0.0,0.02,0
563389770,-0.63,-0.65,0.14,0.1,0.76,2
2258863176,0.06,0.72,0.03,0.89,0.08,1
1644386354,-0.77,-0.77,0.11,0.1,0.79,2
2640224766,-0.58,2.22,0.0,1.0,0.0,1
1760850683,0.29,0.22,0.24,0.15,0.61,2
3116717831,-0.87,-0.86,0.09,0.1,0.8,1
1586391092,0.23,2.52,0.0,1.0,0.0,1
705109550,-1.54,0.75,0.0,1.0,0.0,1
3845488306,1.1,-0.53,0.99,0.0,0.01,0
2337667630,1.23,-0.42,0.99,0.0,0.01,0
812623432,-0.61,-0.63,0.14,0.1,0.76,2
1980942635,1.09,1.21,0.14,0.32,0.53,2
2069034150,1.21,0.45,0.89,0.04,0.07,0
2238994830,-1.05,-1.09,0.14,0.07,0.79,2
700795059,1.51,0.35,0.95,0.02,0.03,0
4085773173,-0.88,0.31,0.01,0.97,0.02,1
1650613449,-0.59,-0.65,0.23,0.08,0.69,0
1779536271,-0.95,-0.8,0.05,0.42,0.52,1
3998901040,0.41,-0.91,0.98,0.0,0.01,0
175866822,-0.42,-0.73,0.76,0.04,0.21,0
1503432435,1.6,0.72,0.92,0.03,0.06,0
586297191,-1.15,-0.68,0.02,0.84,0.14,1
1501024156,-0.47,-0.42,0.11,0.17,0.72,2
1929448580,-1.34,1.73,0.0,1.0,0.0,1
2278365498,-1.0,-0.78,0.04,0.58,0.38,2
2970173251,-0.79,-0.82,0.14,0.08,0.77,2
2284161230,0.32,0.22,0.28,0.15,0.58,0
4265449646,0.1,0.11,0.17,0.19,0.64,2
4203897703,0.75,0.52,0.48,0.13,0.39,0
1854220883,1.07,-0.63,0.99,0.0,0.01,0
3285217188,0.53,0.5,0.21,0.18,0.61,2
1191025774,-0.79,-0.77,0.09,0.12,0.78,2
2771352852,-1.74,-1.76,0.08,0.06,0.86,2
851389598,-0.7,-0.71,0.12,0.1,0.78,1
3718556367,-1.31,2.55,0.0,1.0,0.0,1
3232962294,-0.45,-0.16,0.05,0.69,0.26,1
3515821276,-0.54,-0.61,0.27,0.08,0.65,0
4031710026,1.1,-1.12,1.0,0.0,0.0,0
1023137173,0.63,-0.84,0.99,0.0,0.01,0
1792196870,-0.89,-0.12,0.01,0.93,0.06,1
3093916061,-0.88,-0.91,0.14,0.08,0.78,2
2583285536,2.05,-0.6,1.0,0.0,0.0,0
2583158020,-0.66,-0.67,0.12,0.1,0.78,2
3295051073,0.81,-1.56,1.0,0.0,0.0,0
4222028214,-0.82,-0.77,0.08,0.17,0.75,1
2673888579,1.66,-0.23,0.99,0.0,0.01,0
2478012519,-0.36,0.87,0.01,0.97,0.02,1
2855062157,-0.67,-0.57,0.07,0.3,0.63,2
2660313838,-0.82,-1.01,0.51,0.05,0.44,2
1436296641,-0.55,-1.54,0.98,0.0,0.02,0
1115126701,-1.05,0.95,0.0,1.0,0.0,1
2414392673,0.22,-0.61,0.94,0.01,0.05,0
2667971534,-0.8,-1.11,0.75,0.03,0.23,2
708316076,-1.15,1.73,0.0,1.0,0.0,1
3833256571,-0.91,-0.89,0.09,0.11,0.8,2
1849493893,1.45,-0.72,1.0,0.0,0.0,0
2230029434,-1.07,-1.01,0.07,0.18,0.75,1
2571257997,-0.45,1.12,0.0,0.99,0.01,1
182894492,-1.63,-1.41,0.03,0.53,0.44,2
3416153879,-0.29,-0.39,0.31,0.09,0.6,0
2244151821,-0.79,-0.77,0.09,0.13,0.78,2
183711802,1.73,0.88,0.91,0.03,0.06,0
148258418,1.16,-0.89,1.0,0.0,0.0,0
3121464084,-1.06,-1.02,0.08,0.14,0.78,1
1418817543,-1.2,-0.58,0.01,0.89,0.09,1
3906854254,0.28,0.49,0.1,0.5,0.4,1
637991008,-0.85,-0.87,0.12,0.09,0.8,2
725259553,1.5,-0.41,0.99,0.0,0.0,0
698457338,-0.29,-0.74,0.86,0.02,0.12,0
1709331184,0.75,2.2,0.01,0.98,0.01,1
1699243713,1.22,-0.24,0.98,0.01,0.01,0
2027297201,1.41,-0.54,0.99,0.0,0.0,0
4153588410,-0.89,-0.93,0.14,0.08,0.78,2
1424360742,-0.76,-0.72,0.09,0.15,0.76,2
2464251501,0.09,-0.74,0.95,0.01,0.04,0
670353794,-0.57,-0.52,0.1,0.18,0.72,2
1049772245,-0.16,-0.33,0.47,0.08,0.44,0
1133807629,-0.28,-1.28,0.98,0.0,0.02,0
1003948253,-0.54,-0.89,0.8,0.03,0.17,0
2638965617,-0.3,-0.29,0.14,0.15,0.72,1
103186650,0.52,-0.29,0.93,0.02,0.05,0
3674284413,-0.59,-0.58,0.11,0.12,0.77,2
1714625142,-1.35,-0.28,0.01,0.97,0.03,1
1236711396,0.16,0.45,0.08,0.62,0.3,1
3733578443,-0.39,-0.75,0.8,0.03,0.17,0
354700942,-0.2,-1.32,0.98,0.0,0.02,0
245514823,-1.15,-0.91,0.03,0.63,0.34,0
2384031924,0.9,0.9,0.2,0.19,0.61,1
1890465344,-1.03,-0.99,0.08,0.15,0.78,0
4166070957,-0.41,-0.4,0.13,0.13,0.74,2
1654684700,0.54,-1.26,1.0,0.0,0.0,0
1237200324,-0.89,-0.86,0.08,0.14,0.78,2
2095090116,0.41,-1.42,1.0,0.0,0.0,0
729458908,-1.12,-0.54,0.02,0.88,0.1,1
3503545137,-0.07,-0.73,0.92,0.02,0.06,0
1597666545,-0.38,-0.38,0.14,0.13,0.73,0
1492451179,0.99,-0.54,0.99,0.0,0.01,2
2553719036,-0.82,2.14,0.0,1.0,0.0,1
3897141669,-0.77,1.06,0.0,0.99,0.0,1
2557301104,-0.73,-0.71,0.1,0.13,0.77,2
112573067,-0.48,-0.69,0.59,0.05,0.35,0
46097953,-1.06,0.26,0.01,0.98,0.02,1
2045455561,-0.34,-1.11,0.95,0.01,0.04,0
1327354173,-0.4,-0.45,0.23,0.1,0.68,2
373087254,-1.27,-1.04,0.03,0.61,0.36,0
2887838027,-0.31,-0.07,0.07,0.61,0.32,0
651804227,-0.01,-1.45,0.99,0.0,0.01,0
4008893503,-0.16,0.54,0.03,0.9,0.07,2
3083609676,-0.95,0.71,0.0,0.99,0.01,1
2792968320,-1.54,-0.08,0.0,0.99,0.01,1
3259666014,-0.79,-0.7,0.07,0.27,0.66,1
559733602,2.03,0.27,0.99,0.0,0.01,0
2929963461,1.88,1.79,0.26,0.12,0.62,2
635064748,-0.89,-0.8,0.07,0.26,0.67,1
3780729289,0.34,-1.2,0.99,0.0,0.01,0
4197732275,-0.91,-0.86,0.08,0.17,0.75,0
1998986023,-1.3,-0.73,0.01,0.88,0.11,2
2921455041,0.41,1.98,0.0,0.99,0.01,1
676165482,-0.9,-0.64,0.04,0.67,0.29,1
3965609605,-0.73,-0.79,0.21,0.08,0.71,2
3608160808,0.53,3.0,0.0,1.0,0.0,1
3198913704,-0.44,0.07,0.03,0.85,0.12,1
602434327,1.79,0.63,0.95,0.02,0.03,0
1969744267,-0.26,-1.05,0.95,0.01,0.04,0
224267964,-0.57,-0.99,0.85,0.02,0.13,0
989358191,-1.39,1.36,0.0,1.0,0.0,1
3129954536,0.39,0.35,0.22,0.17,0.61,1
2926801714,-0.81,-0.82,0.11,0.09,0.8,2
54081918,-0.21,-0.32,0.34,0.1,0.57,2
3409144036,-0.61,-0.27,0.04,0.74,0.22,1
3663978685,1.8,1.65,0.36,0.11,0.53,1
2156219583,-0.9,-0.93,0.12,0.08,0.79,2
2870920798,1.26,-0.09,0.97,0.01,0.02,0
3611336482,0.47,-1.32,1.0,0.0,0.0,0
3785275026,-0.8,-0.81,0.11,0.09,0.8,2
1376628358,-0.55,0.03,0.03,0.88,0.1,1
3528688331,-1.13,-0.19,0.01,0.95,0.04,1
498001485,-0.21,1.76,0.0,0.99,0.0,1
1821419717,0.73,2.3,0.0,0.99,0.01,1
2267393233,-0.77,0.22,0.01,0.95,0.03,1
3305917307,-0.31,-0.54,0.61,0.06,0.33,0
1528604817,2.02,1.97,0.22,0.13,0.65,1
2901113179,-0.76,-0.77,0.11,0.1,0.79,2
2276652639,-0.79,-0.77,0.09,0.13,0.78,1
796048636,-1.51,-0.79,0.01,0.92,0.07,1
1690893930,-0.54,-0.61,0.23,0.09,0.68,2
2500718548,-1.33,-1.54,0.46,0.04,0.5,0
2854019578,-0.8,-0.8,0.1,0.1,0.8,2
3572027625,-0.78,-0.45,0.04,0.74,0.23,1
2607352411,2.83,-0.67,1.0,0.0,0.0,0
336892314,-0.73,-0.72,0.1,0.11,0.79,2
2941296319,-1.32,-1.18,0.05,0.36,0.6,0
1389761037,0.1,0.51,0.06,0.75,0.19,1
378411011,-0.46,-0.69,0.63,0.05,0.32,1
3232003765,0.06,-0.41,0.85,0.03,0.12,0
2677011922,0.95,0.15,0.91,0.03,0.06,0
3508301762,-0.36,0.42,0.02,0.92,0.06,1
2316750405,1.45,-1.05,1.0,0.0,0.0,0
3700842000,-0.36,-1.35,0.98,0.0,0.02,0
3047380557,0.77,-1.09,1.0,0.0,0.0,0
3709001771,-0.42,-0.41,0.13,0.13,0.74,2
3689901164,-0.39,1.02,0.01,0.98,0.01,1
3925623984,1.27,-0.22,0.98,0.01,0.01,0
1214663236,-0.92,-0.84,0.07,0.23,0.7,1
2353637742,0.24,2.41,0.0,1.0,0.0,1
2076943578,-0.89,-0.47,0.03,0.81,0.16,1
906241409,-1.21,0.3,0.0,0.99,0.01,1
2842603986,-0.14,-0.16,0.18,0.14,0.68,2
2043583804,-0.82,-0.77,0.08,0.17,0.75,1
3265594902,-1.02,-1.07,0.15,0.07,0.78,2
1279942486,-0.5,-0.59,0.28,0.08,0.63,2
529202222,-0.73,-0.2,0.02,0.86,0.11,1
2420178834,-1.58,-1.38,0.03,0.5,0.46,1
3402103628,-0.78,-0.71,0.08,0.21,0.71,2
2705198884,0.42,0.33,0.27,0.15,0.58,2
2646575177,-1.08,-0.71,0.02,0.78,0.2,1
1321562281,-1.01,-1.02,0.11,0.08,0.81,2
3549757728,-1.12,0.43,0.0,0.99,0.01,1
3557592443,-0.1,0.42,0.04,0.84,0.12,1
460257246,-0.18,-0.86,0.93,0.01,0.06,0
1260999252,-0.69,-0.66,0.09,0.14,0.76,2
4180730753,-0.84,0.12,0.01,0.95,0.04,1
1201359234,0.31,-1.23,0.99,0.0,0.01,0
3145198649,-0.1,-1.41,0.99,0.0,0.01,0
283198359,-1.18,-0.62,0.02,0.87,0.11,2
2259501414,-1.59,1.8,0.0,1.0,0.0,1
4037514923,-1.51,-1.22,0.02,0.69,0.29,0
3854924602,-0.79,-0.78,0.1,0.11,0.79,2
1559075212,-1.21,0.91,0.0,1.0,0.0,1
4145449233,-1.78,0.7,0.0,1.0,0.0,1
985854568,-0.01,-0.19,0.44,0.1,0.46,1
2287579266,-0.54,0.01,0.03,0.87,0.1,2
3817012018,-0.29,-0.23,0.12,0.21,0.67,2
1008707549,-0.89,-0.88,0.09,0.12,0.79,1
2050767029,-0.77,0.5,0.01,0.97,0.02,1
1747266262,1.58,0.62,0.93,0.02,0.05,0
3173153347,-0.89,2.44,0.0,1.0,0.0,1
3099513809,-0.97,-0.89,0.07,0.21,0.72,0
1497280650,0.82,0.26,0.84,0.05,0.12,0
910409067,-0.85,-0.85,0.1,0.1,0.8,2
3698901729,0.71,0.71,0.2,0.19,0.61,0
371115813,-0.54,-0.08,0.03,0.83,0.14,1
1597487201,-0.87,-0.75,0.06,0.33,0.61,1
1675149454,-0.73,-1.21,0.88,0.01,0.11,0
420641031,0.08,0.03,0.22,0.15,0.64,0
658206653,2.39,-1.37,1.0,0.0,0.0,0
3542680583,-0.81,-0.79,0.09,0.12,0.79,2
2055619065,-0.5,-1.09,0.92,0.01,0.07,0
2202404130,-1.2,-0.87,0.02,0.74,0.23,2
3198529978,-0.25,1.11,0.01,0.98,0.02,1
3913295078,1.06,-0.94,1.0,0.0,0.0,0
4050344002,0.26,-1.84,1.0,0.0,0.0,0
450377796,2.91,2.59,0.61,0.07,0.33,2
3758376998,-0.6,0.09,0.02,0.91,0.07,1
3207922686,0.28,2.12,0.0,0.99,0.01,1
455812496,-1.3,1.77,0.0,1.0,0.0,1
616276616,0.21,1.12,0.02,0.94,0.05,1
465053697,-1.35,1.16,0.0,1.0,0.0,1
1370270001,-0.77,-0.77,0.11,0.1,0.79,2
3394222689,-0.6,-0.82,0.61,0.05,0.34,1
2061270374,1.23,2.12,0.02,0.94,0.04,1
1443674568,-0.92,0.18,0.01,0.97,0.03,1
59727862,-0.67,-0.47,0.05,0.55,0.39,1
488118975,1.51,0.8,0.88,0.04,0.08,0
2776852995,-0.39,0.34,0.02,0.91,0.07,1
3254650670,0.57,1.83,0.01,0.97,0.02,1
2937793808,-0.63,-0.66,0.17,0.09,0.74,2
1132892094,1.15,0.85,0.56,0.11,0.32,0
3657304598,0.34,1.56,0.01,0.97,0.02,1
2909216778,-0.66,-0.62,0.09,0.17,0.74,2
1766431844,-1.53,1.04,0.0,1.0,0.0,1
2574640514,-1.71,0.57,0.0,1.0,0.0,1
717097269,-0.85,-0.84,0.09,0.11,0.79,2
2881601704,-0.28,1.45,0.0,0.99,0.01,1
556574131,-1.43,-1.39,0.06,0.12,0.81,2
2928201620,-1.07,-1.12,0.15,0.07,0.78,2
4242574699,-0.34,-0.19,0.08,0.42,0.5,2
2578345002,-0.73,0.27,0.01,0.95,0.03,1
3839581232,0.05,-1.56,1.0,0.0,0.0,0
3031326036,-1.74,1.79,0.0,1.0,0.0,1
1637879229,-0.81,-0.79,0.09,0.12,0.79,2
2042982082,0.43,0.52,0.14,0.28,0.58,0
269565899,-0.71,-0.67,0.09,0.16,0.75,2
846742916,0.18,0.43,0.09,0.56,0.35,1
3742702910,0.02,-1.32,0.99,0.0,0.01,0
816949584,0.04,-0.54,0.9,0.02,0.08,0
2026328352,0.59,2.53,0.0,0.99,0.0,1
1756390721,0.04,0.64,0.03,0.87,0.1,1
1700639361,0.61,-0.79,0.99,0.0,0.01,0
4032199532,-0.87,-0.84,0.09,0.12,0.79,2
641602779,-1.41,-0.29,0.01,0.97,0.02,1
2941556190,0.01,-0.61,0.91,0.02,0.07,0
3236502968,-1.64,1.63,0.0,1.0,0.0,1
675078324,-0.82,-0.82,0.11,0.09,0.8,2
3402365667,-0.15,-1.4,0.99,0.0,0.01,0
3324931261,0.83,-1.17,1.0,0.0,0.0,0
1683783813,-1.76,1.02,0.0,1.0,0.0,1
787210188,-1.27,-1.11,0.04,0.41,0.55,1
2503391493,0.86,0.71,0.36,0.14,0.5,0
1124619106,-0.76,-0.81,0.18,0.08,0.74,2
2798214016,-0.75,-0.72,0.09,0.14,0.77,2
2398123095,-0.13,-1.49,0.99,0.0,0.01,0
1680304165,0.39,-1.8,1.0,0.0,0.0,0
377447997,-0.63,-0.66,0.15,0.09,0.75,0
4200624010,-1.11,0.78,0.0,0.99,0.0,1
3771057737,-0.85,-0.87,0.12,0.09,0.8,2
728835884,-0.68,-0.72,0.18,0.08,0.74,2
4181836058,-0.84,-0.85,0.11,0.09,0.8,2
4009800075,-0.17,0.53,0.03,0.9,0.07,2
4105253362,-0.66,-0.13,0.03,0.87,0.11,1
1255060282,0.08,-0.39,0.85,0.03,0.12,0
4005576827,-1.37,-1.15,0.03,0.57,0.4,0
3611427909,1.14,-0.33,0.98,0.01,0.01,0
1702698069,-1.37,-0.21,0.01,0.97,0.02,1
953251314,-0.67,0.29,0.01,0.95,0.04,2
3449215999,-0.53,-0.47,0.09,0.21,0.69,0
1458376709,-0.21,-0.93,0.94,0.01,0.05,0
4238884365,-0.77,-0.66,0.07,0.34,0.6,2
3065079042,-0.82,-0.85,0.14,0.08,0.78,2
3152246920,0.36,-0.12,0.83,0.05,0.13,0
158748523,-1.28,-0.95,0.02,0.75,0.23,1
2613165288,-0.16,-0.15,0.15,0.17,0.68,1
151286288,-0.34,-0.41,0.27,0.1,0.63,2
264638925,-0.78,-0.78,0.1,0.1,0.8,2
1719961406,0.54,-0.7,0.98,0.01,0.02,0
1661185087,-1.01,0.99,0.0,1.0,0.0,1
1361825729,-1.24,-0.38,0.01,0.95,0.04,1
1006662732,0.03,0.1,0.14,0.25,0.61,0
1319899831,-1.59,0.49,0.0,1.0,0.0,1
2194231094,0.33,0.01,0.63,0.08,0.29,1
3538940519,-0.58,0.03,0.02,0.89,0.09,1
802322011,-1.49,-1.43,0.06,0.16,0.79,0
549027861,0.82,-0.99,0.99,0.0,0.0,0
1789044030,2.14,1.44,0.89,0.03,0.07,0
221325833,0.96,0.97,0.2,0.2,0.61,2
1156470780,-0.49,-0.12,0.04,0.77,0.19,2
3644944607,0.3,-1.02,0.99,0.0,0.01,0
701281102,-0.89,0.35,0.01,0.97,0.02,1
750293902,-0.16,0.09,0.07,0.6,0.33,0
144873681,-1.24,1.62,0.0,1.0,0.0,1
1733074914,-0.82,-0.74,0.07,0.24,0.69,1
4179296178,-0.76,-0.75,0.1,0.11,0.79,0
1546296516,0.7,-0.18,0.93,0.02,0.05,0
1674752413,-0.79,-0.79,0.1,0.1,0.8,2
973237360,1.43,0.27,0.96,0.01,0.03,0
463159915,-0.38,-0.36,0.12,0.15,0.73,0
4252161142,-0.72,-1.32,0.92,0.01,0.07,0
3999423869,-0.4,-1.37,0.97,0.0,0.02,0
3427521018,0.43,-0.05,0.82,0.05,0.13,0
333700349,-0.97,-0.64,0.03,0.75,0.23,1
74630805,-0.24,-0.33,0.3,0.1,0.6,1
4022822111,-0.78,-0.76,0.09,0.13,0.78,2
3913344217,0.18,-0.38,0.88,0.03,0.09,0
1871750913,0.31,-0.11,0.78,0.06,0.16,0
439720446,-0.84,-0.84,0.1,0.1,0.8,2
1798923415,-0.86,-0.82,0.08,0.16,0.76,2
3444972396,1.21,0.97,0.48,0.12,0.4,0
2115717701,-0.01,-1.05,0.97,0.0,0.02,0
2809970911,0.03,1.23,0.01,0.97,0.02,1
2468517263,1.78,1.21,0.84,0.05,0.11,0
3608096431,-1.36,0.36,0.0,0.99,0.01,1
4220521423,1.09,1.99,0.02,0.94,0.04,1
3905433590,-0.93,-0.67,0.04,0.66,0.3,1
3016597061,-0.52,-0.3,0.06,0.58,0.36,1
3262360989,-0.81,-0.82,0.11,0.09,0.8,0
67744229,0.29,0.05,0.51,0.1,0.39,0
2259513194,-1.43,2.11,0.0,1.0,0.0,1
2912236314,-1.5,-0.58,0.01,0.96,0.04,1
3742932642,-0.03,-0.89,0.96,0.01,0.03,0
1926235191,0.25,-0.47,0.92,0.02,0.06,0
4179093073,-1.08,0.46,0.0,0.99,0.01,1
2710482080,-0.72,-0.77,0.19,0.08,0.73,0
810820070,-0.29,-1.02,0.94,0.01,0.05,0
692310392,0.95,-0.56,0.99,0.0,0.01,0
159873344,-0.76,-0.74,0.1,0.12,0.79,2
1375815807,-0.61,-0.64,0.16,0.09,0.75,2
1534982842,-0.37,-0.18,0.07,0.52,0.41,1
709156988,-0.14,0.89,0.01,0.95,0.03,1
2218005910,-0.28,-0.54,0.65,0.05,0.29,2
56636147,1.07,-1.33,1.0,0.0,0.0,0
2521732264,0.38,0.68,0.08,0.64,0.28,1
3605224596,-1.88,1.08,0.0,1.0,0.0,1
1627084480,-0.89,-0.86,0.08,0.14,0.78,0
736580316,-0.95,-0.56,0.03,0.79,0.18,0
51653907,0.47,-0.12,0.87,0.04,0.09,0
1349561407,-0.06,-0.05,0.15,0.18,0.66,2
3227377349,0.13,-1.09,0.98,0.0,0.01,0
402333166,0.24,-0.45,0.91,0.02,0.07,0
1043904155,-0.71,-0.7,0.1,0.12,0.78,2
1539951181,0.62,-0.64,0.98,0.01,0.02,0
3222976661,-0.77,-0.84,0.2,0.08,0.72,0
611179239,1.92,-1.51,1.0,0.0,0.0,0
2923150209,-0.81,-0.42,0.03,0.78,0.19,1
1657016881,-0.17,0.22,0.05,0.75,0.2,1
1615144035,-0.58,-0.42,0.07,0.45,0.48,2
450504635,-0.26,-0.06,0.08,0.53,0.39,1
3175472881,-0.82,0.2,0.01,0.96,0.03,1
3232161906,-0.87,-0.88,0.11,0.09,0.8,2
4220233372,-0.35,-0.31,0.12,0.17,0.71,2
652299468,-0.86,-0.74,0.06,0.33,0.61,2
977918327,-0.61,-0.62,0.13,0.1,0.77,2
2603955666,0.5,-1.47,1.0,0.0,0.0,0
758308286,-0.04,0.04,0.13,0.26,0.61,2
2405609222,-1.84,-1.84,0.06,0.07,0.87,2
676518591,-0.84,-0.84,0.11,0.09,0.8,2
4000225240,-1.06,-0.36,0.01,0.92,0.07,1
2359251115,-0.82,-0.86,0.16,0.08,0.76,2
1205591587,-1.08,-0.66,0.02,0.81,0.16,1
849949482,-0.86,-0.9,0.16,0.08,0.76,2
3838854573,-0.76,-0.65,0.07,0.31,0.62,1
543521495,2.44,0.14,1.0,0.0,0.0,0
3250968693,0.92,0.22,0.88,0.04,0.08,0
383327965,-0.28,0.25,0.03,0.85,0.12,1
897369643,0.43,0.39,0.22,0.17,0.61,0
3611484413,1.18,1.49,0.09,0.61,0.29,1
1787460094,0.35,2.64,0.0,1.0,0.0,1
876758385,-0.71,-0.8,0.29,0.07,0.64,2
2289654769,-1.76,1.84,0.0,1.0,0.0,1
2058885236,-0.11,1.46,0.0,0.99,0.01,1
2922051282,-0.89,-0.76,0.06,0.36,0.58,2
1164312924,-0.37,1.98,0.0,1.0,0.0,1
1210412512,-0.28,-0.29,0.16,0.13,0.71,1
3407974030,0.26,-1.76,1.0,0.0,0.0,0
3550250818,-0.37,1.02,0.01,0.98,0.01,1
3722068641,0.21,0.31,0.13,0.3,0.57,2
1443729346,-0.54,-1.05,0.89,0.01,0.09,0
2352867633,-0.71,-0.74,0.15,0.09,0.77,2
2354756865,-0.15,-0.68,0.89,0.02,0.09,1
2815292658,0.51,-1.56,1.0,0.0,0.0,0
1209930457,0.77,0.18,0.85,0.04,0.11,0
275328904,-0.85,-0.82,0.09,0.13,0.78,2
533716847,-0.69,-0.58,0.07,0.32,0.61,1
2650849590,-0.87,-0.89,0.12,0.09,0.79,2
2405133909,-0.84,-0.81,0.09,0.14,0.77,2
4172669833,-1.34,-1.35,0.09,0.08,0.84,2
3620111529,-0.84,-0.84,0.11,0.09,0.8,2
2358770316,0.02,0.21,0.1,0.48,0.42,1
321221901,-0.77,-0.76,0.1,0.11,0.79,2
2387179051,-0.82,-0.72,0.07,0.27,0.66,1
3447301271,0.11,-0.54,0.91,0.02,0.07,0
3643326806,1.37,-1.97,1.0,0.0,0.0,0
3034394651,0.76,-1.43,1.0,0.0,0.0,0
586427638,-0.26,-0.28,0.18,0.12,0.7,2
2938815985,-0.82,-0.82,0.1,0.1,0.8,2
1188972538,2.98,2.42,0.85,0.04,0.11,0
2865905706,2.56,2.53,0.21,0.13,0.66,1
2569514283,-1.45,0.68,0.0,1.0,0.0,1
3175827825,-0.85,-0.82,0.09,0.13,0.78,2
284047231,0.68,-1.23,1.0,0.0,0.0,0
3854252761,0.29,1.34,0.01,0.95,0.03,1
3747691768,-0.77,-0.77,0.11,0.1,0.79,2
470737341,0.08,-0.89,0.96,0.01,0.03,0
2800015193,-0.16,0.28,0.05,0.78,0.17,1
1286143845,-1.05,1.71,0.0,1.0,0.0,1
46876466,-0.82,-0.88,0.17,0.08,0.75,2
1449016169,-1.9,0.62,0.0,1.0,0.0,1
876108953,-0.47,-0.45,0.12,0.13,0.75,2
870084599,0.01,-0.84,0.95,0.01,0.04,0
4126410932,-0.89,-0.84,0.08,0.18,0.74,2
2518346222,-0.15,1.16,0.01,0.97,0.02,1
3495453386,-1.23,1.07,0.0,1.0,0.0,1
4234950574,1.88,1.0,0.92,0.03,0.05,1
2555895221,-1.04,0.21,0.01,0.98,0.02,1
1864098639,-0.78,-0.77,0.1,0.12,0.79,2
1451648057,1.27,1.81,0.05,0.83,0.13,1
2272020279,0.51,1.64,0.01,0.96,0.03,1
2739854763,1.16,-0.17,0.97,0.01,0.02,0
2400938469,-1.02,-0.82,0.04,0.56,0.4,1
2804535775,2.91,-0.1,1.0,0.0,0.0,0
224306792,-0.65,2.17,0.0,1.0,0.0,1
1603768828,0.73,-0.46,0.97,0.01,0.02,0
2094888241,-0.77,-0.82,0.18,0.08,0.74,2
3812243874,0.9,-0.33,0.97,0.01,0.02,0
1950739188,-0.27,-0.21,0.12,0.21,0.67,1
852769619,-0.71,-0.73,0.14,0.09,0.77,2
3964253771,-1.35,0.75,0.0,1.0,0.0,1
959896926,-0.88,-0.84,0.09,0.14,0.78,2
3081366043,-0.26,-0.39,0.41,0.08,0.5,2
40222815,-0.71,-0.76,0.17,0.08,0.74,0
3369556566,1.96,-0.38,1.0,0.0,0.0,0
1732077490,-0.49,-0.41,0.09,0.24,0.66,0
3664781998,-0.03,0.21,0.08,0.56,0.35,0
3292998498,-0.59,-1.01,0.85,0.02,0.13,0
4001032366,1.02,1.55,0.04,0.83,0.12,1
891676173,-0.13,-0.15,0.18,0.14,0.68,0
4274051522,-0.6,-0.47,0.07,0.37,0.56,0
2581758767,-0.55,-0.71,0.49,0.06,0.45,2
1424318370,1.79,-0.98,1.0,0.0,0.0,0
3127089121,1.12,-0.51,0.99,0.0,0.01,0
2021120992,0.08,0.14,0.14,0.24,0.62,0
1916220207,-0.66,-0.64,0.1,0.13,0.77,2
4098751925,-1.88,0.02,0.0,1.0,0.0,1
3256142980,-0.04,0.06,0.12,0.32,0.57,2
2103403437,-0.96,0.71,0.0,0.99,0.01,1
1987650741,0.59,-1.54,1.0,0.0,0.0,0
1465790708,-0.26,0.79,0.01,0.95,0.03,1
2286757589,-1.49,-1.48,0.07,0.08,0.84,2
1622775803,-1.15,0.0,0.01,0.97,0.02,1
3130871701,-0.54,0.4,0.01,0.94,0.04,1
1364710980,-0.68,-0.67,0.1,0.11,0.78,0
2034527757,-0.77,0.22,0.01,0.95,0.03,1
1464313188,-0.39,-1.28,0.97,0.0,0.03,0
2210403189,-0.01,-0.46,0.84,0.03,0.13,0
2877202057,-0.76,-0.77,0.12,0.09,0.78,2
3814193150,-1.53,-1.54,0.08,0.07,0.85,2
3226271925,0.68,-1.05,0.99,0.0,0.0,0
4216888231,1.13,1.09,0.24,0.16,0.6,0
3081201866,-0.73,-0.05,0.02,0.91,0.07,1
1050470383,-0.63,-0.5,0.07,0.39,0.54,1
1272989700,1.12,-0.66,0.99,0.0,0.01,0
918189298,-1.0,0.31,0.01,0.98,0.02,1
1542419911,-0.65,0.74,0.01,0.98,0.01,1
3004922873,-0.63,0.12,0.02,0.92,0.06,1
3587381540,2.44,-0.13,1.0,0.0,0.0,0
3797307708,-0.9,0.71,0.0,0.99,0.01,1
1305114484,1.24,1.11,0.32,0.14,0.54,0
1566605226,-0.86,0.28,0.01,0.97,0.02,1
2356575515,-0.3,-0.25,0.12,0.2,0.69,2
1871240555,-0.37,-0.0,0.05,0.75,0.2,1
2640855394,-1.06,0.75,0.0,0.99,0.0,1
689896699,-1.2,0.11,0.0,0.98,0.01,1
4229760992,0.33,-0.93,0.98,0.0,0.01,0
852081621,-0.18,1.02,0.01,0.97,0.02,1
2591193336,-0.77,-0.73,0.09,0.15,0.76,1
1579331845,0.92,-0.54,0.98,0.0,0.01,0
4182769623,-0.28,0.05,0.06,0.7,0.24,1
2289517779,-0.82,-0.86,0.15,0.08,0.77,0
4106054289,0.17,2.36,0.0,1.0,0.0,1
2661685702,-0.57,-0.95,0.82,0.02,0.15,1
3007156924,-1.06,-1.16,0.26,0.06,0.68,2
1124445046,-1.16,-1.58,0.81,0.01,0.17,2
926765396,-0.68,-0.65,0.1,0.15,0.76,2
1361022238,-0.76,-0.8,0.17,0.08,0.75,2
657245845,-1.23,-1.26,0.11,0.07,0.82,2
1485254315,1.73,-1.69,1.0,0.0,0.0,0
1589379263,0.55,-0.88,0.99,0.0,0.01,0
3668993262,-0.84,-0.82,0.09,0.12,0.79,2
2052020036,-0.74,-0.74,0.11,0.1,0.79,2
2643977462,0.4,1.7,0.01,0.97,0.02,1
3839467900,-0.66,-0.76,0.29,0.07,0.63,2
2358764153,1.05,-0.77,0.99,0.0,0.0,0
883995931,-0.71,-0.74,0.16,0.09,0.75,2
4117050068,0.84,0.71,0.33,0.15,0.53,2
2057365513,-1.27,-0.55,0.01,0.92,0.07,1
3211125506,-0.95,-0.93,0.09,0.12,0.8,2
2414772179,-0.89,0.36,0.01,0.97,0.02,1
4115508178,-1.05,-1.05,0.09,0.09,0.82,2
924940031,0.66,0.77,0.14,0.32,0.54,1
70977611,-0.31,-0.29,0.14,0.15,0.72,2
1353134673,-0.68,-0.59,0.08,0.28,0.65,1
878228601,-0.94,-1.17,0.6,0.04,0.37,2
1898724069,-0.56,1.52,0.0,1.0,0.0,1
591633522,0.03,0.66,0.03,0.88,0.09,1
3040012489,-0.89,-0.94,0.15,0.08,0.77,0
2772648562,1.44,-1.0,1.0,0.0,0.0,0
1683964124,0.13,-1.49,1.0,0.0,0.0,0
2807635913,-0.29,-0.6,0.73,0.04,0.23,0
2016142964,-0.84,-1.31,0.88,0.01,0.11,0
2287014450,-0.59,-0.72,0.42,0.06,0.51,0
3727923887,0.38,0.34,0.22,0.17,0.61,2
3862684363,-0.89,-0.87,0.09,0.13,0.78,2
3356216603,0.22,-0.43,0.9,0.02,0.07,0
3120880553,0.37,0.61,0.1,0.55,0.35,0
196490614,-1.3,-1.28,0.07,0.11,0.82,2
1450520175,-0.06,-0.39,0.73,0.05,0.22,0
3695893003,-0.56,-0.77,0.6,0.05,0.36,0
1225942854,1.1,0.56,0.82,0.06,0.13,0
3529423720,-0.86,2.44,0.0,1.0,0.0,1
2882571713,0.54,-1.47,1.0,0.0,0.0,2
2020798249,-0.77,-0.8,0.15,0.08,0.76,2
1754666142,-0.97,1.12,0.0,1.0,0.0,1
3415975056,-1.76,-1.78,0.08,0.06,0.86,2
3152418175,-0.84,-0.82,0.09,0.12,0.79,2
40687256,0.31,1.2,0.02,0.93,0.05,2
1596745329,-0.51,-0.33,0.07,0.49,0.44,1
3545962279,0.47,0.01,0.81,0.05,0.14,0
4285745344,-0.71,-0.66,0.09,0.18,0.74,2
3860506026,-0.21,-0.22,0.16,0.14,0.7,2
287343630,1.55,-0.89,1.0,0.0,0.0,0
3820197885,-0.65,-0.64,0.1,0.12,0.78,0
355181739,-0.73,-0.67,0.08,0.19,0.72,2
952783689,-0.56,0.0,0.03,0.87,0.1,0
3111979393,-0.03,1.16,0.01,0.97,0.02,1
3416533275,-0.54,-0.53,0.12,0.12,0.77,2
3750514510,-0.09,0.03,0.11,0.35,0.54,1
3386290712,-0.62,1.4,0.0,1.0,0.0,1
1710896336,-1.61,1.31,0.0,1.0,0.0,1
2825461395,-0.86,-0.04,0.01,0.94,0.05,1
2413281285,1.63,-1.7,1.0,0.0,0.0,0
196025014,-0.2,-0.07,0.1,0.35,0.55,2
1545776787,-0.78,-0.72,0.08,0.19,0.73,2
741858402,-1.45,-0.25,0.0,0.98,0.02,1
252452296,0.03,0.09,0.14,0.24,0.62,2
1923532617,-0.86,-0.87,0.11,0.09,0.8,2
2025871361,-0.82,-0.82,0.1,0.11,0.8,2
4048845646,-0.62,-0.59,0.1,0.15,0.75,1
2268266227,-0.79,-0.8,0.11,0.09,0.79,2
405237983,0.21,-1.16,0.99,0.0,0.01,0
593342028,-0.84,0.29,0.01,0.97,0.03,1
1104920464,-0.81,-0.78,0.09,0.13,0.78,2
1490540396,0.57,-1.0,0.99,0.0,0.01,0
1359820215,0.48,-1.02,0.99,0.0,0.01,0
4057799304,0.0,0.11,0.12,0.32,0.56,2
1756282573,-1.18,-1.22,0.13,0.07,0.8,2
2750309206,-1.67,-1.58,0.05,0.21,0.75,1
3795515352,-0.56,-0.51,0.1,0.19,0.71,0
3409618706,1.27,0.11,0.96,0.01,0.03,0
2600880964,-0.77,-0.66,0.07,0.31,0.62,2
3746358009,-1.27,-1.55,0.61,0.03,0.36,2
3983732971,-0.93,-0.86,0.07,0.2,0.73,1
3100461660,-0.67,0.21,0.01,0.94,0.05,1
411075842,0.25,-1.52,1.0,0.0,0.0,0
1427813073,-0.46,-0.02,0.04,0.81,0.15,1
1803206667,0.3,-1.07,0.99,0.0,0.01,0
1221082261,-0.38,1.69,0.0,1.0,0.0,1
3362156634,0.43,0.42,0.19,0.19,0.62,2
2974456972,-1.42,1.83,0.0,1.0,0.0,1
1582928543,-1.52,0.25,0.0,0.99,0.0,1
2990423822,0.0,-0.07,0.24,0.13,0.63,0
2624560561,0.08,-1.27,0.99,0.0,0.01,0
3682238382,0.9,-0.74,0.99,0.0,0.01,0
2681566066,1.15,0.12,0.94,0.02,0.04,0
2032593737,-0.81,-0.84,0.15,0.08,0.77,2
3788960138,-1.52,0.76,0.0,1.0,0.0,1
337820504,-0.82,-0.81,0.09,0.12,0.79,0
1172278023,-0.77,-0.79,0.13,0.09,0.78,2
1306494814,-1.48,-1.45,0.06,0.12,0.82,0
3242398512,-0.76,-0.43,0.04,0.73,0.23,1
2869890964,-0.7,-0.63,0.08,0.22,0.7,2
2139833237,-0.93,-0.91,0.09,0.11,0.8,2
1988898033,-1.84,-1.87,0.08,0.06,0.86,2
2565588552,2.75,-1.18,1.0,0.0,0.0,0
171753964,-0.58,-0.19,0.04,0.78,0.19,1
4024372711,-0.82,-0.86,0.15,0.08,0.77,2
2266626524,-0.72,-0.69,0.09,0.15,0.76,2
2529147573,0.25,-1.25,0.99,0.0,0.01,0
3564876632,0.44,0.87,0.06,0.76,0.18,1
2007120055,-0.61,-0.87,0.68,0.04,0.28,0
3215362749,-0.53,1.47,0.0,0.99,0.0,2
1558597395,-0.85,-0.88,0.13,0.08,0.79,2
41126880,-0.81,-0.72,0.07,0.25,0.68,1
3654273970,0.13,-0.19,0.67,0.07,0.26,2
3763184161,-0.74,-0.47,0.04,0.68,0.28,1
110019484,-1.09,-1.0,0.06,0.24,0.7,2
3450346633,-1.39,-1.38,0.07,0.1,0.83,1
1533009688,-0.71,-0.25,0.03,0.83,0.14,1
1649419811,-1.81,0.87,0.0,1.0,0.0,1
3048218202,-0.47,-0.65,0.52,0.06,0.42,0
2508366173,-0.07,1.76,0.0,0.99,0.01,1
2512153588,0.21,-1.05,0.98,0.0,0.01,0
1766523746,1.39,-0.29,0.99,0.0,0.01,0
1646020069,-0.61,-0.78,0.5,0.06,0.45,2
3751848139,2.08,1.81,0.53,0.09,0.38,2
3702184878,-1.14,-1.05,0.06,0.23,0.71,0
4189240769,-0.78,-0.79,0.12,0.09,0.79,2
2047888579,1.23,1.7,0.06,0.77,0.17,1
1622891962,-0.81,-0.82,0.11,0.09,0.8,2
1179407784,-0.4,-0.65,0.66,0.05,0.29,0
1708799770,-0.87,-0.89,0.12,0.09,0.79,0
2371832570,0.81,-0.56,0.98,0.01,0.01,0
2178547922,-0.88,-0.89,0.11,0.09,0.8,2
2605279073,-0.71,-0.71,0.1,0.11,0.79,2
3538441044,1.55,2.41,0.02,0.94,0.04,1
2358541497,-1.5,-1.65,0.29,0.04,0.67,2
2818331789,-0.03,0.23,0.08,0.6,0.32,1
3924511537,0.07,-0.64,0.93,0.02,0.06,0
394788030,-0.67,-0.64,0.09,0.15,0.75,2
2765103228,-0.8,0.07,0.01,0.94,0.05,1
2905939420,-0.88,-0.96,0.24,0.07,0.69,2
762238354,-0.57,-0.74,0.51,0.06,0.43,0
2567236013,1.25,-0.05,0.97,0.01,0.02,0
4065691466,-1.32,-1.01,0.02,0.72,0.25,1
820070283,-0.97,-0.99,0.11,0.08,0.8,2
871371197,-0.66,0.25,0.01,0.94,0.04,1
405785376,-0.38,-0.45,0.24,0.1,0.66,2
1553364331,-0.81,-0.74,0.08,0.21,0.72,1
174727915,-0.95,2.17,0.0,1.0,0.0,1
3497560987,1.7,0.03,0.99,0.0,0.01,0
848425453,-0.67,-0.32,0.04,0.75,0.21,1
3766699109,0.54,0.9,0.07,0.7,0.23,0
479145876,1.16,0.16,0.94,0.02,0.04,1
2526471675,-0.04,2.52,0.0,1.0,0.0,1
2288347256,1.88,0.25,0.98,0.01,0.01,0
92690213,2.47,1.62,0.93,0.02,0.05,0
3469136909,-0.89,-0.89,0.1,0.1,0.81,2
329988556,-0.43,-0.45,0.16,0.11,0.73,2
1757407802,-1.0,-0.9,0.06,0.26,0.68,1
1956128667,0.04,-1.1,0.98,0.0,0.02,0
3940973453,2.66,2.11,0.84,0.04,0.12,1
3265692858,-0.37,-1.12,0.95,0.01,0.04,2
361469885,-0.66,-0.61,0.09,0.18,0.73,2
197841948,-1.14,-1.26,0.29,0.05,0.66,0
2360130535,-0.66,-0.07,0.02,0.88,0.09,1
63138580,-0.87,0.6,0.0,0.98,0.01,1
4053465269,2.45,2.23,0.46,0.09,0.45,2
4118544763,-0.99,0.49,0.0,0.99,0.01,1
2320290323,-0.71,-0.76,0.17,0.08,0.74,2
3607443084,0.93,0.86,0.25,0.16,0.58,2
345233867,1.73,-1.28,1.0,0.0,0.0,0
3533642313,0.67,0.15,0.83,0.05,0.12,0
2300490362,-0.31,-0.06,0.07,0.62,0.31,2
3788213295,-1.38,-0.12,0.0,0.98,0.02,1
146542743,-1.02,0.2,0.01,0.97,0.02,1
2835279072,0.14,0.16,0.17,0.2,0.63,2
355359299,-0.92,-0.92,0.1,0.09,0.81,2
1559661876,0.94,-0.4,0.98,0.01,0.02,0
4131378465,-1.17,-1.05,0.05,0.3,0.64,1
3556602351,-0.1,0.43,0.04,0.84,0.12,1
1975888582,-1.17,1.1,0.0,1.0,0.0,1
1109224243,-0.18,-0.18,0.16,0.15,0.69,2
331535074,-0.58,-0.01,0.03,0.88,0.1,1
2009766910,-0.94,-0.91,0.08,0.13,0.79,1
3078501533,0.66,0.66,0.2,0.19,0.61,2
3420697276,-0.7,-0.71,0.12,0.1,0.78,2
523907581,0.34,-1.05,0.99,0.0,0.01,0
177738347,1.45,-0.22,0.99,0.0,0.01,0
4268146196,-0.21,-1.51,0.99,0.0,0.01,0
2257021260,0.58,1.38,0.02,0.92,0.06,1
3434257211,-1.26,1.26,0.0,1.0,0.0,1
1480096307,-0.6,-1.49,0.97,0.0,0.03,0
4044433720,0.03,-0.76,0.94,0.01,0.05,0
2891002169,-0.36,-0.04,0.05,0.7,0.24,1
2623612810,1.23,-0.45,0.99,0.0,0.01,0
4157351619,-0.61,-0.66,0.2,0.09,0.71,0
1229210157,-0.62,-0.82,0.58,0.05,0.37,1
546045734,-0.2,-0.42,0.58,0.07,0.35,0
1096968789,-1.6,-0.99,0.01,0.89,0.1,1
1323989620,0.16,-0.13,0.61,0.08,0.31,0
51421088,0.57,0.59,0.18,0.21,0.61,1
1732766213,0.57,0.35,0.44,0.13,0.43,1
2788492370,2.55,-1.08,1.0,0.0,0.0,0
2783965798,-0.79,-0.8,0.11,0.09,0.79,2
1705717796,-0.34,-0.36,0.17,0.12,0.72,2
75185897,0.56,2.52,0.0,0.99,0.0,1
3013626788,-0.82,-0.82,0.1,0.1,0.8,2
2235997384,-0.39,-1.62,0.99,0.0,0.01,0
3776180488,-0.5,0.66,0.01,0.97,0.02,1
3392150848,-0.01,0.44,0.05,0.79,0.16,1
1905624227,-0.76,-0.76,0.11,0.1,0.8,2
903409862,0.86,-1.11,1.0,0.0,0.0,0
4031875701,-0.84,-0.84,0.1,0.1,0.8,2
447049655,-0.61,-0.78,0.5,0.06,0.45,2
4061186081,-0.82,-0.84,0.12,0.09,0.79,2
1506820469,1.23,0.29,0.93,0.02,0.05,0
2093202258,-1.58,-0.25,0.0,0.98,0.01,1
1419583301,-0.1,-0.24,0.38,0.1,0.52,1
1957968238,-1.27,-1.32,0.14,0.06,0.79,2
2129276316,-0.4,-0.07,0.05,0.72,0.23,2
2305491448,-0.74,-0.5,0.04,0.64,0.31,2
1548201497,1.53,-1.87,1.0,0.0,0.0,0
1788829233,-0.39,-0.07,0.05,0.71,0.24,1
1992695585,-0.85,-0.87,0.12,0.09,0.8,2
892310569,-1.69,-1.78,0.16,0.04,0.8,2
512723298,-0.17,-0.13,0.13,0.19,0.68,2
1738602048,1.05,0.31,0.89,0.03,0.07,0
4254997382,1.85,-0.32,1.0,0.0,0.0,0
682973709,0.13,-1.32,0.99,0.0,0.01,0
2599749744,-1.28,-0.59,0.01,0.91,0.07,1
3185279271,0.71,0.85,0.14,0.35,0.51,1
4267970306,-0.7,-0.74,0.17,0.08,0.74,2
4218709426,0.22,0.25,0.17,0.21,0.62,0
1636328074,-1.78,0.24,0.0,1.0,0.0,1
996917330,-0.84,-0.78,0.08,0.18,0.74,2
2005691611,-0.81,-0.82,0.11,0.09,0.8,1
3062769503,2.84,2.61,0.49,0.08,0.43,2
66965326,-0.95,-1.02,0.2,0.07,0.73,2
3517998813,-1.1,2.42,0.0,1.0,0.0,1
2068566150,0.69,-1.16,1.0,0.0,0.0,0
1698393049,-0.81,-0.82,0.11,0.09,0.8,2
2923707737,-0.56,-0.42,0.07,0.4,0.53,1
3243234461,0.23,0.02,0.44,0.11,0.45,2
2316391789,-1.43,-0.56,0.01,0.95,0.04,1
3952240738,-0.72,-0.75,0.14,0.09,0.77,2
1010884121,-1.34,0.48,0.0,0.99,0.0,1
692902357,1.55,0.55,0.93,0.02,0.04,0
3461545231,-1.07,0.34,0.0,0.98,0.01,1
2679624594,-1.36,-1.37,0.09,0.08,0.84,2
3544841510,-0.71,0.65,0.01,0.98,0.01,1
224604429,-1.15,-0.32,0.01,0.94,0.05,1
1203769527,0.93,1.07,0.14,0.36,0.51,0
3157831575,0.05,-0.3,0.73,0.06,0.21,0
1471139289,-0.8,-0.61,0.05,0.54,0.41,2
1508736364,-0.84,-0.82,0.09,0.13,0.78,2
3284222090,1.05,1.41,0.08,0.68,0.24,1
1396184902,-1.06,-1.15,0.22,0.06,0.72,0
3970672226,-0.45,-0.44,0.12,0.13,0.75,0
1696982206,0.16,-0.98,0.98,0.0,0.02,0
909713736,-1.73,1.03,0.0,1.0,0.0,1
649884100,-0.77,-0.77,0.1,0.11,0.79,2
676417214,-1.24,-1.24,0.09,0.09,0.83,2
2716430488,0.46,-1.55,1.0,0.0,0.0,0
2177529891,-0.51,-0.71,0.58,0.05,0.37,0
3024787508,-0.92,-0.11,0.01,0.94,0.05,2
2582576780,-1.16,0.02,0.01,0.97,0.02,2
1153258645,0.06,-1.03,0.98,0.0,0.02,0
2561201752,1.2,-1.27,1.0,0.0,0.0,0
1449610040,1.65,0.79,0.91,0.03,0.06,0
291295348,-0.84,-0.21,0.02,0.9,0.09,1
4138422942,-1.39,-0.65,0.01,0.93,0.06,1
436772617,-0.56,-0.56,0.12,0.11,0.77,2
2881603264,-0.05,-0.09,0.21,0.14,0.66,1
3500727212,-1.39,0.55,0.0,1.0,0.0,1
2227727884,1.21,-0.56,0.99,0.0,0.01,0
619585065,-1.72,-1.72,0.07,0.07,0.86,2
4285002084,-0.81,1.92,0.0,1.0,0.0,1
1716596437,0.17,-0.96,0.98,0.0,0.02,0
3961508779,-0.89,-0.87,0.09,0.12,0.79,2
3800055899,-0.53,-0.29,0.05,0.63,0.32,1
2829164316,-0.44,-1.6,0.99,0.0,0.01,0
2149259662,-1.02,-0.08,0.01,0.95,0.04,0
2055195793,-0.84,-0.84,0.1,0.1,0.8,2
2717308652,-0.08,0.45,0.04,0.84,0.12,2
3376735819,-0.3,-0.26,0.12,0.17,0.7,1
3794220164,-0.61,0.2,0.02,0.93,0.05,1
353684069,-1.59,0.37,0.0,1.0,0.0,1
2417597174,-0.97,-0.61,0.03,0.77,0.2,1
4218036675,1.05,-0.64,0.99,0.0,0.01,0
1930532918,-0.84,-0.82,0.09,0.12,0.79,2
1800240206,-0.7,-0.77,0.24,0.08,0.68,2
568315287,-0.41,-0.11,0.05,0.7,0.25,1
2703523598,-0.33,-0.31,0.13,0.15,0.72,0
1163177218,-0.84,-0.81,0.09,0.13,0.78,1
2320399590,-1.66,0.98,0.0,1.0,0.0,1
2851993201,1.24,-0.61,0.99,0.0,0.01,0
1656458450,-1.46,-0.08,0.0,0.98,0.01,1
3269752467,-0.61,-0.6,0.11,0.11,0.78,2
3124234427,-0.3,-0.28,0.13,0.15,0.71,2
2538485422,0.36,0.49,0.13,0.34,0.53,0
4154827103,0.48,1.02,0.04,0.84,0.12,2
2136822989,-0.05,-0.82,0.94,0.01,0.05,0
2094036512,-1.05,-1.1,0.16,0.07,0.77,2
715443817,-0.52,-0.33,0.06,0.51,0.42,1
1009809551,1.2,-0.33,0.98,0.0,0.01,0
2940750951,-0.53,-0.74,0.6,0.05,0.35,1
1805429516,-0.43,1.2,0.0,0.99,0.01,1
1239615616,-0.36,-0.55,0.56,0.06,0.38,2
2506270229,0.16,-0.81,0.96,0.01,0.03,0
3938666375,-0.51,1.45,0.0,0.99,0.0,1
3089377938,-0.85,-0.89,0.15,0.08,0.77,2
436796364,1.45,-0.06,0.98,0.01,0.01,0
452841268,1.15,-0.91,1.0,0.0,0.0,0
2001582756,1.22,1.23,0.19,0.19,0.62,2
4120365540,1.41,-1.1,1.0,0.0,0.0,0
3888482940,-0.82,-0.81,0.09,0.12,0.79,2
1609425811,-1.93,-1.71,0.03,0.48,0.49,2
737491021,-0.84,-0.84,0.1,0.1,0.8,2
2610640078,2.27,1.64,0.87,0.04,0.09,0
4172947196,0.91,-1.39,1.0,0.0,0.0,0
3995069044,0.37,-0.52,0.95,0.01,0.04,0
2790390312,-1.91,2.14,0.0,1.0,0.0,1
2469596698,-0.53,-0.53,0.12,0.11,0.76,2
1067437571,-1.27,-1.2,0.06,0.18,0.75,2
3933124938,1.15,-0.45,0.99,0.0,0.01,0
3644514481,-0.84,-0.85,0.12,0.09,0.79,2
1612488724,-0.87,-0.84,0.09,0.14,0.78,2
658036226,0.77,-0.75,0.99,0.0,0.01,0
392947474,-0.12,-0.13,0.17,0.15,0.68,2
3824248643,3.05,2.75,0.59,0.07,0.35,2
656359553,-1.55,-0.06,0.0,0.99,0.01,1
2154353122,-0.17,-1.04,0.96,0.01,0.03,0
2559254478,-0.14,-0.14,0.16,0.16,0.68,1
3505269218,1.55,-2.05,1.0,0.0,0.0,0
1123890004,0.54,-0.95,0.99,0.0,0.01,0
1093652139,0.97,0.13,0.92,0.03,0.06,0
2124847002,-0.64,-0.32,0.04,0.71,0.24,2
2195473449,0.46,-1.02,0.99,0.0,0.01,0
868637515,-0.61,-0.59,0.1,0.14,0.76,2
3372673338,-1.08,-1.41,0.72,0.02,0.25,0
149151854,-0.84,-0.72,0.06,0.34,0.6,1
2009249310,-0.53,1.59,0.0,1.0,0.0,1
1206381934,-0.73,-0.7,0.09,0.14,0.76,2
3739568658,1.8,-1.3,1.0,0.0,0.0,0
379221905,0.72,0.19,0.83,0.05,0.12,0
2685695401,-1.04,-0.66,0.02,0.79,0.19,1
2193660798,-0.77,-0.77,0.1,0.1,0.8,2
3633657944,0.09,-0.4,0.85,0.03,0.11,0
4043563905,-0.92,-0.04,0.01,0.94,0.04,1
646554771,0.65,1.0,0.08,0.67,0.25,1
2223303260,-0.89,-0.85,0.08,0.14,0.77,2
2135357266,-1.88,-2.02,0.19,0.04,0.78,2
4244054400,-0.95,-1.67,0.95,0.0,0.04,0
1162483298,-0.1,-0.11,0.18,0.15,0.67,2
2057548019,-0.94,-0.66,0.03,0.68,0.28,2
3889985409,1.54,1.58,0.17,0.2,0.63,2
4153935234,1.17,-0.01,0.96,0.01,0.03,0
3921461538,-0.8,-0.66,0.06,0.39,0.55,2
89473131,0.33,-0.54,0.94,0.01,0.04,0
1423789262,-1.43,1.55,0.0,1.0,0.0,1
3056415324,-0.71,0.26,0.01,0.95,0.04,1
1879721367,1.41,-0.48,0.99,0.0,0.01,0
228729362,-1.68,1.34,0.0,1.0,0.0,1
1501280830,-0.76,-0.77,0.12,0.09,0.78,2
1658601689,-0.82,-0.8,0.09,0.13,0.78,2
3040408025,-0.84,-0.87,0.14,0.08,0.78,2
840074074,-0.35,-0.3,0.11,0.19,0.69,2
4150063517,0.36,-0.12,0.83,0.05,0.13,0
549783000,1.31,-0.64,0.99,0.0,0.0,0
2482170870,-1.34,0.23,0.0,0.99,0.01,1
1474891450,2.3,-1.73,1.0,0.0,0.0,0
2200129080,-0.79,-0.79,0.1,0.1,0.8,0
3507304933,-0.84,-0.82,0.09,0.12,0.79,2
2222739776,0.27,-0.45,0.92,0.02,0.06,0
737511405,-1.55,-1.45,0.05,0.25,0.7,2
2761774119,2.25,1.67,0.85,0.04,0.11,0
704878730,-0.74,-1.51,0.96,0.0,0.04,0
1539880174,-1.41,0.3,0.0,0.99,0.01,1
1448104672,-0.69,-0.71,0.15,0.09,0.76,2
3993612995,-0.33,2.45,0.0,1.0,0.0,1
843302039,0.29,0.42,0.13,0.36,0.51,1
3939207133,-1.71,-0.67,0.0,0.97,0.03,1
2124426590,-0.76,-0.75,0.1,0.11,0.79,0
3776619201,-0.82,0.6,0.01,0.98,0.01,1
3484192854,-1.73,-1.62,0.04,0.24,0.72,0
467588411,-0.85,-0.56,0.04,0.7,0.27,1
1068902217,-0.9,0.08,0.01,0.96,0.03,1
3330143560,-1.45,2.86,0.0,1.0,0.0,1
3274744653,-0.9,2.31,0.0,1.0,0.0,1
2313130520,0.45,0.71,0.09,0.58,0.33,1
1718737773,-0.69,-0.56,0.07,0.36,0.57,1
888023882,0.46,0.79,0.07,0.68,0.25,1
533709279,-0.11,1.27,0.01,0.98,0.02,1
1385062961,1.99,-1.34,1.0,0.0,0.0,0
2621572296,-0.75,-0.84,0.28,0.07,0.65,2
2877027748,0.9,-1.14,1.0,0.0,0.0,0
1919884998,0.52,-0.38,0.94,0.02,0.04,0
3919224579,0.35,0.49,0.13,0.36,0.51,2
2162812821,-0.69,-0.71,0.14,0.09,0.77,2
1488291673,0.06,0.27,0.1,0.5,0.4,1
715118517,0.34,-0.95,0.98,0.0,0.01,0
3394942838,-0.34,-0.32,0.13,0.15,0.72,2
1312018895,-0.63,-1.52,0.97,0.0,0.03,0
1392708666,-0.3,-1.37,0.98,0.0,0.02,0
414643822,0.73,0.46,0.53,0.12,0.35,1
1048749617,1.12,0.76,0.66,0.09,0.24,0
319976796,1.07,1.33,0.11,0.53,0.36,1
4172898321,-0.85,-0.84,0.09,0.11,0.79,2
201612283,-1.44,-1.36,0.06,0.19,0.75,2
3738200428,-0.9,-0.86,0.08,0.15,0.76,1
3143317308,1.88,1.78,0.28,0.12,0.61,2
2317050092,1.3,-1.05,1.0,0.0,0.0,0
144419082,0.12,0.54,0.05,0.76,0.18,1
4072383551,0.4,-1.39,1.0,0.0,0.0,0
2678966394,-0.84,-0.84,0.1,0.1,0.8,2
2656888061,-0.19,-0.5,0.73,0.05,0.23,0
2064073375,-1.4,-1.44,0.11,0.06,0.82,2
2159293113,0.6,-1.02,0.99,0.0,0.01,0
715323250,-0.78,-0.81,0.14,0.09,0.77,2
1130439593,-0.26,-0.15,0.1,0.31,0.59,1
2858165602,-0.95,-0.9,0.08,0.15,0.77,1
407594840,-0.77,-0.95,0.49,0.05,0.46,0
2149169638,-1.47,-1.46,0.07,0.09,0.84,2
971909568,-0.12,-1.04,0.97,0.01,0.03,0
4061254967,-0.82,-0.82,0.1,0.1,0.8,2
2058740544,0.79,-1.06,1.0,0.0,0.0,1
1054650681,-0.56,-1.17,0.93,0.01,0.06,0
2869012342,-0.97,0.39,0.01,0.98,0.01,1
3057207253,-0.42,-0.42,0.14,0.12,0.74,0
2843552555,0.91,-0.21,0.96,0.01,0.03,0
3848289028,-1.16,-1.11,0.07,0.16,0.77,0
2743068048,-0.89,0.64,0.0,0.99,0.01,1
2224471493,-0.32,-0.58,0.67,0.05,0.28,0
2973424128,-0.25,-0.08,0.09,0.45,0.46,2
2670126346,-1.3,-0.61,0.01,0.91,0.07,1
4016838048,-0.03,-0.02,0.16,0.18,0.66,2
2064556103,-0.57,1.8,0.0,1.0,0.0,1
2390156446,2.42,-0.09,1.0,0.0,0.0,0
2043851691,0.19,-1.88,1.0,0.0,0.0,0
489709010,0.49,0.49,0.19,0.19,0.61,2
2651103187,0.96,-0.14,0.95,0.01,0.03,0
902861815,-0.91,-0.82,0.07,0.24,0.69,1
2058462994,-0.81,-0.79,0.09,0.12,0.79,2
2121394367,0.77,0.67,0.28,0.15,0.56,2
2969780739,0.57,-1.02,0.99,0.0,0.01,0
2766339586,-0.89,0.32,0.01,0.97,0.02,1
3790876907,-0.86,-0.8,0.08,0.19,0.74,2
1401073896,-0.84,-0.86,0.12,0.09,0.79,0
211283790,-0.66,-0.77,0.31,0.07,0.62,2
2084708866,-1.54,1.18,0.0,1.0,0.0,1
1390058343,0.03,-0.47,0.87,0.03,0.11,0
3807858884,-0.78,-0.76,0.09,0.13,0.78,2
838781303,-0.61,0.47,0.01,0.96,0.03,1
389806624,0.33,0.4,0.15,0.25,0.6,0
3638139002,-0.81,-0.75,0.08,0.19,0.73,2
399893238,-0.0,1.21,0.01,0.97,0.02,1
1292061881,0.76,-1.58,1.0,0.0,0.0,0
76189828,-0.25,-0.77,0.89,0.02,0.09,0
3000543453,-0.86,-0.84,0.09,0.11,0.79,2
723319133,-0.8,-0.8,0.1,0.1,0.8,2
579117501,-0.74,-0.76,0.13,0.09,0.78,2
2413712644,-0.49,0.88,0.01,0.98,0.02,1
3440589233,-0.54,-0.54,0.12,0.11,0.76,2
3707703587,0.76,-0.66,0.98,0.0,0.01,0
101737634,-0.64,1.15,0.0,0.99,0.01,0
116197968,-0.57,-1.2,0.93,0.01,0.06,0
4211248122,0.82,0.22,0.85,0.04,0.1,2
1973950612,-0.8,0.13,0.01,0.95,0.04,1
3793563161,-0.25,1.15,0.01,0.98,0.01,1
2647100346,0.04,-0.72,0.94,0.01,0.05,0
3857454426,-0.45,-0.26,0.07,0.52,0.41,2
2775613184,1.2,0.05,0.96,0.01,0.03,0
1470179272,-1.23,-0.66,0.02,0.87,0.11,2
259374874,-1.28,-1.24,0.07,0.13,0.8,2
1304898404,1.8,-0.48,1.0,0.0,0.0,0
2215995886,0.97,-0.42,0.98,0.01,0.02,0
912729357,-1.03,0.66,0.0,0.99,0.01,1
1230759970,0.49,0.08,0.73,0.07,0.2,0
1674884847,0.79,0.97,0.13,0.41,0.46,1
217696823,2.02,-1.54,1.0,0.0,0.0,0
3726167791,-0.17,-0.05,0.1,0.34,0.56,1
932729416,-0.01,-1.0,0.97,0.01,0.03,0
3824337683,-0.95,1.84,0.0,1.0,0.0,1
425372025,-0.03,0.01,0.14,0.21,0.65,2
3563641451,1.23,-1.66,1.0,0.0,0.0,0
1641318958,-1.08,1.27,0.0,1.0,0.0,1
789025604,1.89,-0.55,1.0,0.0,0.0,0
2395849495,-0.38,1.08,0.01,0.98,0.01,1
1721718420,-0.91,-0.95,0.14,0.08,0.78,2
3987237653,-1.15,0.28,0.0,0.98,0.01,1
1530232937,1.12,-0.15,0.97,0.01,0.02,0
1439658989,-1.59,-0.77,0.01,0.94,0.05,1
2987089864,0.32,2.23,0.0,0.99,0.0,1
972827848,-0.19,0.71,0.02,0.94,0.05,2
1662765253,-1.58,0.7,0.0,1.0,0.0,1
856394785,-0.08,0.52,0.03,0.87,0.1,1
3234083590,-1.01,1.51,0.0,1.0,0.0,1
328699265,-1.02,-0.11,0.01,0.95,0.04,1
812295397,-0.4,-0.73,0.77,0.03,0.19,0
2648991818,-0.4,0.16,0.03,0.86,0.11,1
3071222257,-0.74,-0.77,0.14,0.09,0.77,1
2254256351,-0.56,0.03,0.02,0.88,0.09,1
4262210152,0.01,0.12,0.12,0.33,0.55,2
1834448806,-0.8,-0.85,0.18,0.08,0.74,0
1281486553,-0.04,-0.03,0.16,0.18,0.66,2
3434889227,0.54,0.7,0.13,0.38,0.49,2
3226429629,-0.51,-0.15,0.04,0.75,0.2,1
2559525029,2.88,2.64,0.49,0.08,0.43,2
1196389040,-0.82,-0.77,0.08,0.17,0.75,1
1132246089,-0.89,-0.89,0.09,0.1,0.8,2
2600864658,-0.82,-0.84,0.11,0.09,0.8,2
4024971578,-0.81,-0.47,0.03,0.74,0.22,1
462048691,-1.23,1.12,0.0,1.0,0.0,1
1442711069,-0.6,0.13,0.02,0.92,0.07,1
2419947927,-0.81,-1.98,0.99,0.0,0.01,0
1772649140,-0.92,-1.01,0.25,0.07,0.69,0
660224059,-0.73,-0.74,0.12,0.09,0.78,0
246714719,-0.81,-0.81,0.1,0.1,0.8,2
1586859701,-1.06,0.08,0.01,0.97,0.02,1
2440060953,-0.33,-0.22,0.1,0.31,0.59,0
3745897759,-0.48,1.63,0.0,1.0,0.0,1
2416147240,-1.05,0.79,0.0,0.99,0.0,1
2219929121,-0.52,-1.21,0.94,0.01,0.05,0
2507042644,0.8,0.61,0.42,0.14,0.44,0
3300882912,-0.48,-0.49,0.14,0.11,0.75,1
4142344572,-0.89,-0.92,0.12,0.08,0.79,0
4130069713,-0.76,-1.09,0.77,0.02,0.2,0
116268170,-0.6,-0.65,0.2,0.09,0.71,2
2696850958,-0.8,-0.8,0.1,0.1,0.8,1
647571816,-0.76,-0.79,0.15,0.08,0.76,2
3092133907,-0.82,-0.81,0.1,0.11,0.8,2
2338658129,1.41,-1.59,1.0,0.0,0.0,0
1806862610,-1.37,0.4,0.0,0.99,0.0,1
4052995312,-0.11,-0.17,0.23,0.12,0.65,0
2220195175,0.55,-1.24,1.0,0.0,0.0,0
4269403387,-0.89,-0.89,0.1,0.1,0.81,2
2513069424,-1.02,-0.79,0.04,0.62,0.35,2
4081516440,-0.48,-1.11,0.93,0.01,0.06,0
3140641722,0.62,2.78,0.0,1.0,0.0,1
4069810402,-0.61,-1.35,0.95,0.01,0.04,0
138013043,-0.65,-0.62,0.1,0.14,0.76,0
2203593878,-0.66,-0.62,0.1,0.15,0.75,2
53058989,-0.34,-0.38,0.21,0.1,0.68,2
955674951,-1.06,0.46,0.0,0.99,0.01,1
2189341401,0.68,0.08,0.86,0.04,0.1,0
778254553,-0.84,-0.81,0.09,0.13,0.78,2
3136512273,-0.66,-0.49,0.06,0.5,0.44,1
403147395,-0.26,-1.0,0.94,0.01,0.05,0
2689201017,0.71,0.5,0.43,0.13,0.44,2
718986956,-0.75,-0.72,0.09,0.14,0.77,2
3661116957,-0.59,-0.62,0.17,0.09,0.74,2
2998939857,0.74,0.81,0.15,0.25,0.59,1
2586193096,1.88,1.64,0.48,0.1,0.42,2
850140804,-0.38,1.79,0.0,1.0,0.0,1
1205291661,-0.65,-0.9,0.68,0.04,0.28,1
1849742620,-0.09,-0.98,0.96,0.01,0.03,0
131454827,0.7,-0.2,0.93,0.02,0.05,0
634578782,-0.63,-0.33,0.04,0.7,0.26,1
1841518517,-0.23,-0.03,0.08,0.53,0.39,0
1057826425,-0.82,-0.86,0.15,0.08,0.77,2
3099780245,-0.89,-0.91,0.11,0.09,0.8,2
877545315,-0.78,-0.63,0.06,0.43,0.51,1
2537718965,1.52,-1.18,1.0,0.0,0.0,0
867508149,-0.89,0.79,0.0,0.99,0.01,1
3378422429,-0.21,0.23,0.04,0.8,0.16,1
3608426223,-0.08,-1.45,0.99,0.0,0.01,0
2407449703,0.28,0.67,0.06,0.73,0.21,1
1070911163,2.34,0.56,0.99,0.0,0.01,0
1502720069,-0.14,-0.13,0.16,0.16,0.68,2
864374983,-0.26,-0.73,0.86,0.02,0.11,0
1282484045,-0.24,-0.41,0.48,0.08,0.45,2
2998309558,2.22,0.41,0.99,0.0,0.01,0
1464889236,0.45,0.9,0.05,0.78,0.17,1
3017543123,-0.82,-0.84,0.12,0.09,0.79,2
1446619243,0.73,-0.93,0.99,0.0,0.01,0
3416627799,-1.68,-0.91,0.01,0.93,0.06,2
3997125594,-0.77,-0.77,0.1,0.11,0.79,2
2480820625,0.0,0.06,0.13,0.25,0.62,0
872433537,-1.45,1.56,0.0,1.0,0.0,1
1194999683,-0.65,-0.71,0.23,0.08,0.69,1
2245551107,-0.84,0.8,0.0,0.99,0.01,1
78956673,1.63,1.65,0.18,0.18,0.64,0
2269391844,0.09,0.04,0.23,0.14,0.63,2
654045991,-0.71,-0.53,0.05,0.52,0.42,1
1474622758,-1.04,-1.55,0.89,0.01,0.1,0
3020470354,-1.12,0.85,0.0,1.0,0.0,1
1461107858,0.18,0.04,0.34,0.12,0.54,2
3386119256,-0.34,-0.84,0.88,0.02,0.1,0
604276868,0.21,0.17,0.21,0.17,0.62,0
3092414999,-0.84,-0.87,0.13,0.08,0.79,2
3425246285,-0.1,0.45,0.04,0.85,0.12,1
106390115,0.41,0.37,0.22,0.17,0.61,0
4096794633,0.15,-0.51,0.91,0.02,0.07,0
416701527,1.49,1.01,0.78,0.06,0.15,2
2066799892,-0.85,-0.82,0.09,0.13,0.78,2
3722500795,-0.17,-0.14,0.14,0.18,0.68,2
4146538646,1.04,0.79,0.5,0.12,0.38,0
3349520031,1.2,-1.76,1.0,0.0,0.0,0
2614871025,0.52,-0.26,0.92,0.02,0.06,0
513432524,-0.1,-0.75,0.92,0.02,0.06,0
1358442968,-0.65,1.25,0.0,0.99,0.0,1
3501284557,-0.56,-0.5,0.09,0.2,0.71,2
2777317098,-0.84,-0.36,0.02,0.84,0.13,2
1431495504,-0.79,-0.82,0.13,0.09,0.78,2
367567137,-0.49,-0.66,0.53,0.06,0.41,0
2637621738,-0.84,-0.29,0.02,0.87,0.11,1
4152076785,0.38,-1.52,1.0,0.0,0.0,0
3751492229,-0.76,-0.78,0.14,0.09,0.78,0
3676864924,0.23,0.57,0.07,0.69,0.24,1
3338689688,-0.52,-0.57,0.21,0.09,0.7,2
600998034,-0.2,1.5,0.0,0.99,0.01,1
3135840932,-1.45,-0.39,0.01,0.97,0.03,1
2910964340,-1.28,-0.95,0.02,0.74,0.24,1
1824773329,0.6,0.6,0.19,0.19,0.61,2
540824781,-0.8,-0.77,0.09,0.13,0.78,2
3651506097,-0.98,-0.96,0.08,0.11,0.8,2
2264309340,-0.19,-0.79,0.91,0.02,0.07,0
2672622103,-1.76,0.12,0.0,1.0,0.0,1
4250938512,-0.86,-0.86,0.1,0.1,0.8,0
2549582305,-0.28,-0.33,0.23,0.11,0.66,0
3745601239,-0.62,-0.62,0.12,0.11,0.78,2
3623301755,0.44,-0.36,0.93,0.02,0.05,0
1305940707,2.08,0.26,0.99,0.0,0.01,0
3546385566,1.04,2.66,0.0,0.99,0.01,1
2747548650,-0.85,-0.41,0.03,0.82,0.15,2
3320364851,0.79,1.54,0.02,0.91,0.06,1
1434435996,0.8,2.72,0.0,0.99,0.0,1
3210007923,0.81,-1.6,1.0,0.0,0.0,0
1447852204,-0.33,-0.98,0.93,0.01,0.06,0
3452436996,1.21,1.02,0.4,0.13,0.47,0
4222086737,0.94,0.95,0.19,0.2,0.61,2
2676537723,-0.66,-0.63,0.09,0.15,0.75,2
2006149797,-0.96,-0.76,0.04,0.56,0.4,1
1832804844,0.13,0.14,0.18,0.19,0.63,2
228293373,-0.59,-0.25,0.04,0.73,0.23,1
2081826474,-0.71,-1.43,0.95,0.01,0.04,0
614451319,-0.93,0.77,0.0,0.99,0.01,1
1492537097,-0.69,-0.3,0.03,0.78,0.18,2
210302780,0.11,-1.17,0.99,0.0,0.01,0
2709636315,0.37,-0.54,0.95,0.01,0.04,0
2188341121,-0.8,-0.85,0.18,0.08,0.74,2
1093882970,-0.34,-0.24,0.1,0.3,0.61,1
2463769001,-1.04,1.04,0.0,1.0,0.0,1
3242519277,0.75,-0.75,0.99,0.0,0.01,0
2839278622,-1.17,0.13,0.01,0.98,0.02,1
513209311,-1.78,-1.6,0.03,0.42,0.55,2
3882367146,-0.89,0.87,0.0,0.99,0.01,1
1392209547,-0.47,-0.54,0.26,0.09,0.65,1
95070638,-0.43,-0.89,0.87,0.02,0.11,0
3374380309,1.59,-0.51,1.0,0.0,0.0,0
1300062123,-0.77,-0.77,0.1,0.1,0.8,2
3582416036,0.3,1.4,0.01,0.96,0.03,1
1973374326,1.12,1.07,0.24,0.16,0.6,1
772036236,0.82,2.17,0.01,0.98,0.02,1
3785258599,-1.33,0.05,0.0,0.98,0.01,1
3905285713,-0.76,1.83,0.0,1.0,0.0,1
977119656,-0.89,-0.82,0.07,0.23,0.7,1
637256976,0.04,-1.2,0.99,0.0,0.01,0
3081075934,-0.92,-0.45,0.02,0.83,0.14,1
507102749,-0.19,-1.37,0.98,0.0,0.01,0
3299969952,-1.3,0.34,0.0,0.99,0.01,1
1458233838,0.15,-1.16,0.99,0.0,0.01,0
1836961745,0.06,-0.74,0.94,0.01,0.04,0
3530619732,-0.3,-0.35,0.21,0.11,0.68,0
2192429667,-0.37,-0.53,0.48,0.07,0.45,2
3304826275,-0.65,-0.86,0.59,0.05,0.36,0
2068912113,0.92,-0.25,0.96,0.01,0.03,0
3718727649,-1.05,0.31,0.01,0.98,0.01,1
752700137,0.07,-1.07,0.98,0.0,0.02,0
3936148660,0.06,0.37,0.07,0.65,0.28,1
1152670190,-0.81,-0.81,0.1,0.1,0.8,1
3331749181,-0.55,-0.76,0.58,0.05,0.37,2
59806204,-0.09,1.88,0.0,0.99,0.0,1
3648355199,-0.25,-0.17,0.11,0.26,0.63,1
1103266094,2.3,-0.76,1.0,0.0,0.0,0
1214399117,-0.89,-0.81,0.07,0.23,0.7,2
1606831933,-0.91,-1.23,0.75,0.02,0.23,2
1101223779,0.54,-0.23,0.92,0.02,0.06,0
3303024690,-0.44,-0.4,0.11,0.16,0.72,2
1940278122,-0.15,-0.08,0.12,0.25,0.63,1
1403327321,-0.71,0.01,0.02,0.92,0.06,1
164806500,0.88,0.39,0.79,0.06,0.15,0
673180252,-0.75,-0.84,0.26,0.07,0.67,0
3934157145,1.38,-1.02,1.0,0.0,0.0,0
2949467866,2.36,-1.28,1.0,0.0,0.0,0
600369566,-0.77,-0.76,0.1,0.11,0.79,2
3856985617,-0.84,-0.87,0.13,0.08,0.79,2
2973218898,-0.94,1.15,0.0,1.0,0.0,1
2546629930,-0.49,-0.52,0.17,0.1,0.73,2
3242508887,-0.01,2.27,0.0,1.0,0.0,1
2159947893,1.66,-1.74,1.0,0.0,0.0,0
974692310,-0.34,-0.24,0.1,0.3,0.61,2
2192401569,0.24,0.16,0.26,0.15,0.6,2
1211788912,-0.77,-0.8,0.15,0.08,0.76,2
2957689877,-0.8,-0.84,0.16,0.08,0.76,2
560612692,-0.3,-0.89,0.91,0.01,0.07,0
1215900487,-0.18,-0.21,0.18,0.13,0.69,2
312944185,-0.96,-1.55,0.92,0.01,0.07,0
81954652,0.87,-1.05,1.0,0.0,0.0,0
2293353206,-1.41,0.48,0.0,0.99,0.0,1
3970838837,0.78,-1.09,1.0,0.0,0.0,0
1169430677,-0.39,-0.82,0.85,0.02,0.13,0
1478912929,-0.85,-0.8,0.08,0.17,0.75,2
709553495,0.35,0.28,0.24,0.16,0.6,2
4030425181,-1.37,0.32,0.0,0.99,0.01,1
2523524195,-1.13,-1.2,0.17,0.06,0.77,0
2556072908,0.23,1.56,0.01,0.97,0.02,1
489569915,-0.89,-0.89,0.09,0.1,0.8,2
110975268,-0.1,0.43,0.04,0.84,0.12,1
1040400447,-1.27,-0.64,0.01,0.9,0.09,1
1069764511,1.32,-0.5,0.99,0.0,0.01,0
2963589269,-0.87,-1.18,0.74,0.03,0.23,0
440686336,0.43,-0.75,0.98,0.01,0.02,0
1626654591,-0.85,-1.04,0.51,0.05,0.44,0
476074446,-0.34,0.18,0.03,0.85,0.12,1
1740535387,1.48,-0.38,0.99,0.0,0.01,0
388820018,-0.74,-0.75,0.12,0.1,0.79,2
3602670452,-0.39,0.84,0.01,0.97,0.02,1
87533124,1.22,2.56,0.01,0.98,0.02,1
4236412174,-0.35,-0.31,0.12,0.18,0.7,2
102720241,-0.85,0.04,0.01,0.95,0.04,1
553106148,-0.66,-0.13,0.03,0.86,0.11,1
974443466,-0.42,-0.71,0.73,0.04,0.23,0
3216244001,1.2,0.61,0.84,0.05,0.11,0
2603872873,-0.99,-1.34,0.77,0.02,0.21,0
1621949448,-0.33,-1.16,0.96,0.01,0.03,0
3067772811,0.97,0.05,0.93,0.02,0.05,0
1632858431,0.39,-0.22,0.88,0.03,0.09,0
1695206934,-1.32,-0.71,0.01,0.89,0.1,1
1401943697,0.56,-1.42,1.0,0.0,0.0,0
4017971385,-0.25,-1.03,0.95,0.01,0.04,0
2982126224,-0.97,-0.67,0.03,0.71,0.26,2
980854550,1.93,-1.12,1.0,0.0,0.0,0
3333898746,-0.15,-0.09,0.12,0.23,0.65,1
884314563,-0.33,-0.91,0.91,0.01,0.07,1
2091581141,-0.76,-0.77,0.11,0.1,0.79,2
589133701,-1.26,-1.36,0.24,0.05,0.71,0
3227763293,-0.3,-0.63,0.76,0.04,0.2,0
4001219931,-1.34,-0.01,0.0,0.98,0.01,1
1174393126,-0.97,0.51,0.0,0.98,0.01,1
2826105728,-0.79,-0.87,0.23,0.07,0.7,2
1872609489,0.2,0.43,0.09,0.54,0.37,1
3938391037,-0.12,-0.53,0.82,0.04,0.15,0
2175375181,-0.82,-0.82,0.11,0.09,0.8,2
880897320,1.39,-0.65,1.0,0.0,0.0,0
2349469716,-0.77,-0.77,0.1,0.11,0.79,2
3470977706,0.59,0.07,0.83,0.05,0.12,0
2319727724,-1.09,0.96,0.0,1.0,0.0,1
3359786628,-1.18,-0.35,0.01,0.94,0.05,1
2775679427,-0.51,0.77,0.01,0.97,0.02,1
806051943,-0.9,0.07,0.01,0.95,0.04,1
1350516773,-0.84,-0.82,0.09,0.12,0.79,0
4057409591,-0.64,-0.61,0.1,0.13,0.76,2
3862345512,-0.76,0.63,0.01,0.98,0.01,1
1385554312,2.08,0.4,0.99,0.01,0.01,0
1620814709,-1.55,0.29,0.0,0.99,0.0,1
3622641401,0.19,-1.13,0.99,0.0,0.01,0
4244101139,0.29,-1.64,1.0,0.0,0.0,0
3901215894,-0.77,-0.8,0.15,0.08,0.76,2
1592475350,-0.69,-0.55,0.06,0.38,0.55,1
3125659584,-0.69,-0.69,0.11,0.1,0.79,2
2048865514,0.17,-0.95,0.98,0.0,0.02,0
76818137,-0.93,0.82,0.0,0.99,0.01,1
621210487,0.73,0.13,0.86,0.04,0.1,0
1180875516,-1.23,0.17,0.0,0.98,0.01,1
1373702324,-0.68,-0.69,0.12,0.1,0.78,2
715849604,1.98,0.03,0.99,0.0,0.0,0
1932633305,0.19,-0.66,0.95,0.01,0.04,0
369154107,0.41,1.63,0.01,0.97,0.02,1
2843631700,-1.54,-0.82,0.01,0.92,0.07,1
691105159,-0.77,0.25,0.01,0.96,0.03,1
2501377863,-0.35,-1.28,0.97,0.0,0.02,0
3284820189,-0.63,-0.65,0.14,0.1,0.76,0
3127131578,0.2,-1.52,1.0,0.0,0.0,0
3008986891,-0.13,0.82,0.02,0.94,0.04,2
1627229695,-0.79,-0.73,0.08,0.2,0.72,2
160574040,0.01,-1.04,0.97,0.0,0.02,0
3838944679,0.46,-0.5,0.95,0.01,0.03,0
3495632896,1.67,2.36,0.03,0.9,0.07,1
1894858590,-1.22,0.54,0.0,0.99,0.01,1
1591483485,-0.89,-0.74,0.05,0.43,0.52,1
3941589188,1.51,0.45,0.94,0.02,0.04,0
2836505654,-0.78,-0.77,0.1,0.11,0.79,2
319262709,-0.4,-0.66,0.68,0.05,0.27,2
252461878,-0.59,-0.29,0.05,0.69,0.27,1
900642891,-0.91,-0.6,0.03,0.72,0.24,2
2459882199,-0.8,-0.82,0.12,0.09,0.79,2
1581003581,-0.26,-0.11,0.09,0.41,0.5,0
2878998428,-0.23,1.68,0.0,0.99,0.0,1
2238940710,0.81,-1.23,1.0,0.0,0.0,0
3306042505,0.29,-0.84,0.98,0.01,0.02,0
1810473971,0.26,-0.65,0.95,0.01,0.04,0
1455343712,1.01,0.84,0.38,0.14,0.48,0
4032338330,-1.26,-0.79,0.02,0.84,0.15,1
3768637134,-1.62,-1.67,0.11,0.05,0.84,2
3298594016,-0.75,-0.74,0.1,0.11,0.79,2
107512736,0.54,1.96,0.01,0.98,0.01,1
2239867231,-0.63,-0.68,0.2,0.08,0.72,1
2333887206,1.05,1.07,0.18,0.2,0.61,2
67405472,-0.35,-0.13,0.07,0.57,0.36,2
297629703,-1.15,-1.06,0.06,0.23,0.71,1
4052129507,0.31,0.65,0.07,0.68,0.25,2
685649911,0.29,0.58,0.08,0.62,0.3,1
4236294114,-0.12,0.19,0.07,0.67,0.26,1
3593599878,-0.78,-0.81,0.14,0.09,0.77,2
3908700665,-0.86,-0.92,0.19,0.07,0.74,2
483405532,-0.46,-0.51,0.21,0.09,0.69,0
3980783969,1.62,0.02,0.98,0.01,0.01,0
594622301,1.02,0.07,0.93,0.02,0.05,0
3682533559,-0.75,-0.74,0.1,0.11,0.79,2
337072498,1.91,1.37,0.83,0.05,0.12,0
2619477045,-0.77,-0.71,0.08,0.19,0.73,1
912733121,-0.41,0.24,0.02,0.89,0.08,1
386860242,1.92,-0.86,1.0,0.0,0.0,0
1821366084,-0.7,-0.76,0.21,0.08,0.72,2
1079579257,0.53,-0.82,0.98,0.0,0.01,0
2218746051,-0.45,-0.38,0.1,0.22,0.68,2
4230389296,-0.89,-0.84,0.08,0.17,0.75,2
1674605136,0.84,-0.33,0.96,0.01,0.03,0
3011718015,-0.81,-0.77,0.08,0.16,0.76,2
611754873,0.03,-1.67,1.0,0.0,0.0,0
1946376452,-0.92,-0.84,0.07,0.22,0.71,2
4232732728,-1.17,-1.16,0.08,0.09,0.82,1
1118130897,-0.87,-0.89,0.12,0.09,0.79,2
3730605045,-0.45,0.04,0.03,0.84,0.13,2
1936917946,-0.41,-0.08,0.05,0.71,0.24,1
1658958070,-0.94,-0.94,0.1,0.09,0.81,2
4161222090,1.34,-0.2,0.98,0.01,0.01,0
3169849587,0.34,-0.53,0.94,0.01,0.04,0
1450521040,-1.63,-1.39,0.03,0.59,0.38,1
3851813988,0.5,-0.61,0.97,0.01,0.02,0
360305016,0.76,0.28,0.79,0.06,0.15,0
1139656823,2.59,-0.18,1.0,0.0,0.0,0
1398425146,0.55,0.61,0.15,0.24,0.6,2
180039088,-0.8,-0.55,0.04,0.64,0.31,1
2270935320,0.02,2.11,0.0,1.0,0.0,1
3246452994,-0.17,-0.66,0.87,0.02,0.1,0
2800769304,-0.66,0.71,0.01,0.98,0.01,1
2934915217,-0.47,-1.06,0.92,0.01,0.07,0
3043957412,-0.25,-0.57,0.74,0.04,0.22,0
1997944773,-1.27,0.86,0.0,1.0,0.0,1
735787581,-0.61,-0.78,0.52,0.05,0.43,0
1927358770,0.31,2.03,0.0,0.99,0.01,1
2400614322,-1.2,-1.2,0.09,0.08,0.83,2
1694852609,0.25,-0.97,0.98,0.0,0.01,0
4148827122,0.84,2.39,0.0,0.99,0.01,1
3511998202,-0.95,-0.99,0.14,0.08,0.79,2
4136025247,-0.32,1.05,0.01,0.98,0.02,1
2556887102,0.85,-0.25,0.96,0.01,0.03,0
1436887470,-0.25,-0.75,0.88,0.02,0.1,0
3289556012,-0.81,-0.82,0.12,0.09,0.79,2
2120829654,-0.3,0.22,0.03,0.85,0.12,1
409556085,-1.12,-0.13,0.01,0.96,0.03,1
3077129665,-0.88,-1.58,0.95,0.0,0.05,0
3607558102,-0.24,0.03,0.07,0.64,0.3,1
1052669600,0.25,-0.36,0.89,0.03,0.08,1
2675760676,-0.27,-0.62,0.79,0.04,0.18,0
3828957813,1.73,-1.45,1.0,0.0,0.0,0
2913837862,-0.66,-0.84,0.54,0.05,0.41,0
1116942150,1.91,1.88,0.21,0.15,0.65,2
3781978410,-0.19,-1.05,0.96,0.01,0.03,0
1905572629,1.23,-0.29,0.98,0.01,0.01,0
1668297032,-0.21,-0.11,0.11,0.3,0.59,0
2587352843,-0.16,-0.06,0.11,0.3,0.59,2
216518798,-0.29,-1.5,0.99,0.0,0.01,0
1740922996,0.41,-0.69,0.97,0.01,0.02,0
482761724,0.2,-1.16,0.99,0.0,0.01,0
2423586354,2.2,0.51,0.99,0.01,0.01,0
2961512398,1.1,1.16,0.16,0.24,0.6,2
3783314182,2.33,1.64,0.89,0.03,0.07,0
229006703,-0.42,-1.64,0.99,0.0,0.01,0
150978685,2.14,-1.47,1.0,0.0,0.0,0
71047602,0.77,0.77,0.2,0.19,0.61,2
428433730,-0.89,0.87,0.0,0.99,0.01,1
1180441301,-0.28,-0.28,0.15,0.14,0.71,0
227431597,-0.75,0.37,0.01,0.96,0.03,1
2836498912,-0.82,-0.82,0.1,0.1,0.8,2
2653964424,-0.8,-0.73,0.08,0.21,0.71,2
2892022677,2.45,-0.89,1.0,0.0,0.0,0
3818854885,-0.41,-0.25,0.08,0.44,0.48,1
3442414058,-0.84,-0.82,0.09,0.12,0.79,2
1009924633,-1.09,-0.77,0.03,0.73,0.24,1
3695479953,-0.99,-0.84,0.05,0.4,0.55,2
2192338861,-0.23,1.8,0.0,1.0,0.0,1
3378359442,0.82,0.8,0.21,0.19,0.61,2
201906803,-0.74,-0.75,0.12,0.1,0.79,2
4288923087,-0.74,-0.77,0.14,0.09,0.77,2
2535378246,0.13,0.08,0.22,0.15,0.63,2
3293987159,-0.41,-0.41,0.14,0.12,0.74,2
1473730148,-0.77,2.08,0.0,1.0,0.0,1
4271157145,-1.34,-0.07,0.0,0.98,0.02,1
1175748968,2.17,-0.54,1.0,0.0,0.0,0
3192089305,-1.05,-0.23,0.01,0.94,0.05,1
3457561151,-0.74,-1.06,0.77,0.03,0.21,1
2822335974,-0.4,-0.76,0.8,0.03,0.17,0
1460820187,0.62,-1.37,1.0,0.0,0.0,0
2161407935,3.0,2.41,0.87,0.03,0.1,0
2276305913,-0.59,0.17,0.02,0.92,0.06,1
344146814,-0.67,-0.66,0.1,0.12,0.78,2
1681611792,-0.78,-0.84,0.2,0.08,0.72,2
1058214841,-0.15,2.02,0.0,1.0,0.0,1
3594178576,-0.9,-0.54,0.03,0.77,0.2,1
2362128910,-1.8,0.89,0.0,1.0,0.0,1
396051154,-1.16,0.68,0.0,0.99,0.0,1
3445998918,-0.84,-0.89,0.16,0.08,0.76,2
2988680031,-0.17,-0.88,0.94,0.01,0.05,0
1835146420,-0.45,-0.27,0.07,0.49,0.44,0
3891188782,0.23,1.91,0.0,0.99,0.01,1
308429338,0.15,-0.37,0.87,0.03,0.1,0
3452403943,0.21,1.53,0.01,0.97,0.02,1
4208094018,0.66,-0.41,0.96,0.01,0.03,0
476009460,0.65,-1.31,1.0,0.0,0.0,0
1653953983,-1.48,-0.41,0.01,0.97,0.03,1
677247738,-0.57,1.45,0.0,1.0,0.0,1
1183206363,-1.34,-1.34,0.08,0.08,0.84,2
922074915,-0.35,-1.11,0.95,0.01,0.04,0
4292359809,0.19,0.21,0.17,0.21,0.62,2
2741234013,-0.6,-0.64,0.18,0.09,0.73,2
1741918765,-1.78,-1.54,0.03,0.57,0.41,1
3479597179,0.29,-0.02,0.62,0.08,0.29,0
3917639609,-0.05,-1.53,0.99,0.0,0.01,0
602400438,1.96,-0.76,1.0,0.0,0.0,0
2985141475,1.27,1.3,0.18,0.2,0.62,2
1864833600,0.9,1.02,0.14,0.32,0.54,2
3967087567,0.29,0.49,0.11,0.48,0.41,1
1270231802,-0.79,-0.86,0.21,0.07,0.72,2
2852770471,0.82,-0.38,0.97,0.01,0.02,0
1171599469,1.55,0.54,0.94,0.02,0.04,0
3653845774,-0.32,0.65,0.02,0.95,0.04,1
1299728239,-0.81,-0.84,0.14,0.08,0.78,2
2802233559,-0.82,-0.81,0.1,0.11,0.8,2
2559233136,-1.91,0.0,0.0,1.0,0.0,1
593233622,-1.01,-0.71,0.03,0.72,0.25,2
261795989,-0.45,0.95,0.01,0.98,0.01,1
1063456166,-0.71,1.27,0.0,0.99,0.0,1
3960168993,-0.48,-0.45,0.11,0.16,0.73,0
1469798461,-0.79,-0.75,0.09,0.16,0.75,2
1261910680,-0.89,-0.84,0.08,0.17,0.75,2
799401389,1.09,0.12,0.94,0.02,0.04,0
159834707,-0.38,1.2,0.0,0.99,0.01,1
3807298714,-0.78,-0.81,0.14,0.09,0.77,0
134264759,-0.76,-0.74,0.1,0.12,0.79,2
2283482424,-0.74,-0.73,0.1,0.11,0.79,2
588851189,-0.15,-0.64,0.87,0.03,0.11,0
2256761303,2.09,-1.66,1.0,0.0,0.0,0
3576392436,0.54,0.52,0.21,0.18,0.61,1
3936099447,-1.27,-1.27,0.09,0.08,0.83,2
3487874062,-0.48,-0.69,0.58,0.05,0.36,0
2013441224,-0.85,-0.87,0.12,0.09,0.8,2
1184007812,-0.81,-0.5,0.04,0.71,0.25,1
3962739847,0.78,-0.45,0.97,0.01,0.02,0
2472885975,-0.49,-1.1,0.92,0.01,0.07,0
4120106148,-1.01,-0.59,0.02,0.81,0.16,1
2598765694,0.35,0.9,0.04,0.84,0.12,1
78380340,-0.15,0.72,0.02,0.93,0.05,1
4145950187,-0.14,-0.14,0.16,0.16,0.68,2
117265612,-0.25,1.63,0.0,0.99,0.0,1
4162459939,-0.66,-0.55,0.07,0.32,0.61,1
2711113510,0.16,0.07,0.27,0.13,0.59,0
1926963468,-0.49,-0.98,0.88,0.02,0.1,0
4252787969,-0.27,0.66,0.02,0.94,0.04,1
1631567249,-0.95,-0.91,0.08,0.14,0.78,1
3297111437,-0.24,0.54,0.02,0.92,0.06,1
2144010059,-0.86,-0.87,0.11,0.09,0.8,2
3299412065,-0.78,-0.77,0.1,0.11,0.79,2
1064580973,-0.95,-0.91,0.08,0.15,0.77,2
1652792860,-0.11,-0.14,0.19,0.14,0.67,2
1558951820,2.31,-0.9,1.0,0.0,0.0,0
1414367496,-1.65,-0.79,0.01,0.95,0.05,1
2108216061,-0.16,-0.48,0.73,0.05,0.22,0
3427402177,1.31,1.02,0.56,0.11,0.33,2
3841177293,-0.74,-0.77,0.15,0.09,0.76,2
3098513522,-1.02,-1.46,0.85,0.01,0.14,0
3938360185,0.25,-0.45,0.91,0.02,0.07,0
3662665208,-0.35,-0.77,0.84,0.03,0.13,0
2929330838,-0.82,-0.82,0.1,0.11,0.8,2
1438992867,1.3,-0.56,0.99,0.0,0.01,0
1387212917,-0.82,-1.56,0.95,0.0,0.04,0
2131561820,-0.84,-0.85,0.11,0.09,0.8,2
1051839803,-1.24,0.25,0.0,0.99,0.01,1
3056376508,2.59,-0.66,1.0,0.0,0.0,0
4273405892,-0.8,-0.77,0.09,0.13,0.78,2
3741601061,-1.06,-0.89,0.04,0.48,0.47,1
3669005667,-0.7,-0.35,0.04,0.75,0.22,1
3546299109,-2.0,1.46,0.0,1.0,0.0,1
2677544578,-0.56,-0.61,0.2,0.09,0.71,2
2464774565,-0.68,-0.14,0.02,0.87,0.11,1
713043559,-0.55,0.62,0.01,0.97,0.02,1
1710143892,2.17,0.27,0.99,0.0,0.01,0
238720291,0.41,-1.11,0.99,0.0,0.01,0
832359344,-0.77,-0.73,0.09,0.15,0.76,1
3690002338,-0.29,-0.3,0.17,0.12,0.71,2
3720384994,-0.66,-0.45,0.05,0.59,0.36,2
2612871883,-0.64,-0.23,0.03,0.8,0.17,1
2095325431,-0.59,-0.7,0.36,0.07,0.57,0
1949284697,-0.07,0.8,0.02,0.93,0.05,1
852199251,-1.9,-0.47,0.0,0.99,0.01,1
730416003,-0.85,-0.7,0.05,0.43,0.52,2
2918588508,1.17,0.05,0.95,0.01,0.03,0
885980870,1.03,-0.42,0.98,0.01,0.01,0
56714813,-0.25,-0.09,0.09,0.42,0.49,1
2112616497,-0.48,0.95,0.01,0.98,0.01,1
593623660,-0.63,-0.63,0.12,0.11,0.78,2
2412642150,-0.16,-0.51,0.77,0.04,0.18,0
1261653595,-0.88,1.63,0.0,1.0,0.0,1
4121920275,-1.41,-1.47,0.15,0.06,0.8,0
2084656927,2.66,-0.2,1.0,0.0,0.0,0
75510608,-0.02,-0.36,0.73,0.05,0.22,0
3201722173,1.54,-1.05,1.0,0.0,0.0,0
3146072681,-0.04,0.7,0.03,0.91,0.07,1
2821942920,-0.89,0.67,0.0,0.99,0.01,1
3227293788,-0.38,0.73,0.01,0.96,0.03,1
2562752302,-1.62,-1.52,0.05,0.23,0.72,2
3889650090,0.17,-1.36,0.99,0.0,0.01,0
1523225679,0.84,0.77,0.25,0.16,0.59,1
2172719547,-1.9,-0.94,0.0,0.96,0.04,1
978707990,2.83,0.89,0.99,0.0,0.01,0
320081293,-1.73,-0.07,0.0,0.99,0.01,1
823629892,1.09,-0.97,1.0,0.0,0.0,0
3488077111,-0.91,0.22,0.01,0.97,0.02,1
2605475620,0.46,0.47,0.18,0.2,0.61,2
2453418895,-0.65,-0.81,0.48,0.06,0.47,0
3375558990,-0.84,-0.74,0.07,0.27,0.66,1
2046097310,-0.84,1.12,0.0,0.99,0.0,1
448051751,-0.76,-0.75,0.1,0.11,0.79,2
3275528970,-0.79,-0.77,0.09,0.12,0.78,2
4049361187,-0.85,-0.22,0.02,0.9,0.08,1
3234158773,-1.05,-1.05,0.09,0.09,0.82,0
1979889974,-0.84,-0.86,0.12,0.09,0.79,2
437010000,0.21,0.6,0.06,0.73,0.21,1
56006011,-0.84,-0.82,0.09,0.12,0.79,2
1708926862,-0.78,-0.77,0.1,0.12,0.79,2
3249258420,-0.75,1.05,0.0,0.99,0.01,1
259141341,-1.46,-1.02,0.02,0.82,0.16,1
195227530,-1.6,1.31,0.0,1.0,0.0,1
245923091,-0.77,-0.8,0.15,0.08,0.76,2
3057491333,-0.8,-0.81,0.11,0.09,0.8,0
4275275519,-0.86,-0.81,0.08,0.17,0.75,1
311574180,-1.03,1.7,0.0,1.0,0.0,1
4059098498,-0.93,-0.72,0.04,0.56,0.4,1
1893821640,-0.61,-0.72,0.34,0.07,0.59,2
516681525,0.33,-0.33,0.9,0.03,0.08,0
2819294606,-0.21,-0.59,0.8,0.04,0.17,0
3466293570,-0.93,-0.94,0.11,0.09,0.81,1
3630824218,-0.82,-0.32,0.02,0.85,0.12,1
2816160447,0.61,-0.25,0.93,0.02,0.05,0
220564013,-1.9,-0.99,0.0,0.95,0.04,1
3805273058,-0.82,-0.84,0.12,0.09,0.79,0
1456500989,-0.32,-0.6,0.69,0.05,0.26,0
3703216286,-1.5,1.23,0.0,1.0,0.0,1
2884420232,-1.2,-0.88,0.03,0.73,0.24,1
2296934182,-0.61,-0.47,0.07,0.38,0.55,2
3932467319,-1.71,1.34,0.0,1.0,0.0,1
2153434858,-0.79,-0.8,0.11,0.09,0.79,2
2773745424,0.1,-1.51,1.0,0.0,0.0,0
3443258796,-0.79,2.02,0.0,1.0,0.0,1
66167562,-0.82,-0.75,0.07,0.22,0.7,1
2470645155,-0.44,-0.81,0.82,0.03,0.16,0
2421648137,-0.46,0.32,0.02,0.92,0.06,1
3610677091,-0.03,-0.78,0.94,0.01,0.05,0
1160476291,2.55,1.05,0.98,0.01,0.01,0
2640100051,0.7,-0.95,0.99,0.0,0.01,0
1346256583,-0.03,-0.69,0.92,0.02,0.06,0
2172704447,-0.84,1.02,0.0,0.99,0.0,1
2026095965,-0.17,-0.18,0.17,0.14,0.69,1
2219551261,-0.38,-1.15,0.95,0.01,0.04,0
2081938254,-0.8,0.45,0.01,0.97,0.02,1
301504635,-1.15,1.45,0.0,1.0,0.0,1
725817513,0.54,-1.62,1.0,0.0,0.0,0
522786499,-0.58,-0.1,0.03,0.84,0.13,1
705462213,0.81,0.66,0.35,0.14,0.5,2
238547629,-0.81,-0.78,0.09,0.13,0.78,2
2683586759,-0.43,-0.56,0.41,0.07,0.51,2
2775775988,-0.05,-0.08,0.19,0.15,0.66,2
2884598113,0.19,-0.36,0.88,0.03,0.09,0
2010374611,2.91,2.55,0.67,0.06,0.27,0
1393131655,1.52,-0.56,1.0,0.0,0.0,0
1559720207,-0.8,-0.81,0.11,0.09,0.8,2
2621408393,-1.34,-1.4,0.14,0.06,0.8,2
1160542447,-0.56,1.84,0.0,1.0,0.0,1
1861477768,-0.63,-0.59,0.09,0.17,0.74,1
2667350118,-0.56,-1.47,0.97,0.0,0.02,0
73288796,-0.24,0.05,0.06,0.66,0.27,1
3618784346,0.04,-1.28,0.99,0.0,0.01,0
748106145,-0.63,0.18,0.02,0.93,0.05,1
1532072527,-0.65,-0.95,0.75,0.03,0.22,0
1574701586,-0.09,-0.54,0.84,0.03,0.13,0
1512512102,-0.0,0.54,0.04,0.84,0.12,0
3703401303,-0.68,-0.71,0.15,0.09,0.76,2
203535476,-0.64,0.74,0.01,0.98,0.01,1
3113047672,-1.61,1.08,0.0,1.0,0.0,2
2210608891,-0.41,-0.35,0.11,0.2,0.69,2
1238418825,0.68,2.23,0.0,0.99,0.01,1
2910036843,-0.77,0.15,0.01,0.95,0.04,1
424232210,-0.46,-0.82,0.8,0.03,0.17,0
3441480807,-1.05,-1.12,0.19,0.07,0.74,0
4226791036,0.1,0.19,0.13,0.29,0.58,2
229368716,-0.71,-0.67,0.09,0.15,0.76,1
3694234981,0.49,2.34,0.0,0.99,0.01,1
227460405,-0.89,-0.79,0.07,0.27,0.67,2
3378172920,-0.04,0.42,0.05,0.79,0.16,1
2796115241,-0.82,-0.81,0.1,0.11,0.8,2
892240511,-0.88,-0.9,0.13,0.08,0.79,2
4089013414,-0.82,-0.84,0.12,0.09,0.79,2
1232281536,1.47,0.25,0.96,0.01,0.03,0
2371713966,-0.42,-0.42,0.13,0.12,0.74,2
2659141701,-1.12,-0.15,0.01,0.96,0.03,1
1655338848,-0.1,0.1,0.09,0.51,0.4,2
3976588407,-0.15,-0.25,0.31,0.1,0.58,0
303392162,-0.86,-0.8,0.08,0.19,0.74,1
1408332737,1.02,-0.54,0.99,0.0,0.01,0
3923483991,0.19,0.46,0.09,0.59,0.32,1
1289516052,-0.9,-0.89,0.09,0.11,0.8,2
3251181236,0.4,0.47,0.15,0.25,0.6,1
2708594047,-1.9,-1.04,0.0,0.95,0.05,1
1708045889,-0.23,-1.42,0.99,0.0,0.01,0
3313922229,-0.71,-0.61,0.07,0.32,0.61,1
4047381155,0.44,0.03,0.75,0.06,0.18,0
1399179592,-0.32,-0.3,0.14,0.15,0.72,0
2990154073,0.25,0.62,0.06,0.71,0.22,1
1567884189,-0.9,-0.89,0.09,0.1,0.8,2
1571686421,-0.9,-0.33,0.02,0.88,0.1,1
3996312991,-1.23,-1.21,0.08,0.1,0.82,1
398415667,-1.28,1.16,0.0,1.0,0.0,1
3154814767,-0.56,0.2,0.02,0.92,0.06,1
3612328088,-1.2,-1.02,0.04,0.48,0.48,0
4096328722,1.93,1.93,0.19,0.16,0.65,2
703341764,-0.16,-0.13,0.13,0.19,0.68,2
2479983060,-1.52,1.3,0.0,1.0,0.0,1
2200109639,-0.68,-0.67,0.1,0.11,0.78,2
2916341917,-0.32,-0.56,0.64,0.05,0.3,0
3986510316,1.3,-0.18,0.98,0.01,0.01,0
1838033308,-1.17,-0.1,0.01,0.97,0.03,1
808002815,0.1,0.1,0.18,0.19,0.64,2
49947138,-1.87,0.95,0.0,1.0,0.0,1
654487373,-0.63,-0.56,0.09,0.21,0.7,1
3552622124,-1.62,1.06,0.0,1.0,0.0,1
2449467011,-0.62,-0.61,0.11,0.11,0.78,2
453008510,-0.07,0.01,0.13,0.26,0.61,1
2430912645,0.4,0.36,0.23,0.17,0.61,2
2041776957,-1.55,-0.12,0.0,0.99,0.01,1
222642571,-0.71,-0.51,0.05,0.54,0.41,1
4283268144,-0.33,0.33,0.03,0.9,0.08,1
4043855521,-0.64,0.88,0.01,0.98,0.01,1
1821743493,0.78,-1.1,1.0,0.0,0.0,0
91249465,-0.13,-0.75,0.92,0.02,0.07,0
4245576702,-1.45,-1.33,0.05,0.28,0.67,2
480801801,-0.64,-0.79,0.47,0.06,0.47,0
3167433163,-0.01,0.37,0.06,0.73,0.21,1
2548148604,-0.71,-0.7,0.1,0.12,0.78,2
375626951,-0.02,1.2,0.01,0.97,0.02,1
1046972594,-0.82,-0.82,0.1,0.1,0.8,2
55908596,-0.78,0.32,0.01,0.96,0.03,1
2687116762,-1.14,1.21,0.0,1.0,0.0,1
280957118,0.15,-1.48,1.0,0.0,0.0,0
1106775264,-0.73,-0.89,0.48,0.05,0.47,0
221761045,-0.82,-0.82,0.11,0.09,0.8,2
2225227814,-0.84,-0.73,0.06,0.32,0.62,2
620606107,-1.4,-0.38,0.01,0.96,0.03,1
2871042933,0.51,-0.01,0.84,0.05,0.12,0
1881744788,1.37,-0.02,0.98,0.01,0.02,0
84483673,-0.8,0.1,0.01,0.94,0.04,1
2059026762,-0.66,0.83,0.01,0.98,0.01,1
1779502048,0.61,2.3,0.0,0.99,0.01,1
1723271499,0.61,0.82,0.12,0.47,0.42,1
2903326697,1.84,0.47,0.97,0.01,0.02,0
3047758125,-0.34,1.04,0.01,0.98,0.01,1
1305270452,-0.81,-0.95,0.41,0.06,0.53,0
4227491806,-0.31,-1.41,0.98,0.0,0.02,0
2114169360,0.64,0.7,0.15,0.25,0.6,2
4171998584,0.03,0.87,0.02,0.92,0.05,1
1802112462,-0.45,-0.63,0.52,0.06,0.42,0
1808485242,-0.73,-0.67,0.08,0.19,0.72,2
690377638,0.78,0.09,0.89,0.03,0.08,0
1082205391,-0.43,-0.63,0.57,0.06,0.37,1
1604667371,-1.44,0.78,0.0,1.0,0.0,1
3694917168,-0.76,-0.77,0.11,0.1,0.79,2
4206644455,-0.07,-0.41,0.74,0.05,0.21,2
2101049754,1.58,0.09,0.98,0.01,0.01,0
265713993,-0.81,0.87,0.0,0.99,0.01,1
1409375268,2.08,-1.55,1.0,0.0,0.0,0
2238562064,-1.2,1.2,0.0,1.0,0.0,1
3612546956,-0.84,-0.86,0.12,0.09,0.79,2
3224093151,0.76,-1.09,1.0,0.0,0.0,0
118159656,-0.55,-0.4,0.07,0.45,0.49,1
1366441458,-0.49,-0.49,0.13,0.12,0.75,1
1976852704,0.39,0.07,0.62,0.09,0.29,0
1889197508,-0.9,-1.15,0.63,0.03,0.34,0
2315926533,-1.11,-0.95,0.05,0.44,0.51,2
2929126871,1.93,1.93,0.19,0.16,0.65,2
2293924590,-0.75,-0.77,0.14,0.09,0.78,2
3055612351,-0.07,-0.17,0.31,0.11,0.58,0
340023772,-1.52,1.06,0.0,1.0,0.0,1
979961721,0.61,-0.36,0.95,0.01,0.04,0
353396422,0.02,-0.14,0.4,0.1,0.5,0
164929177,-0.57,1.82,0.0,1.0,0.0,1
2687392458,-0.75,-0.74,0.1,0.11,0.79,2
3484284044,-0.56,1.13,0.0,0.99,0.01,1
470480363,-0.75,-0.47,0.04,0.68,0.28,1
1453500703,-1.06,-1.11,0.15,0.07,0.78,2
1239874865,-1.12,-1.05,0.07,0.19,0.74,2
941679315,-0.8,-0.84,0.15,0.08,0.77,0
1367533183,-0.87,-0.94,0.21,0.07,0.72,2
1169711773,-0.62,-0.03,0.02,0.88,0.09,1
1156972503,-0.1,0.19,0.07,0.65,0.28,1
974773899,1.3,-1.63,1.0,0.0,0.0,0
2563437284,-1.83,-0.87,0.0,0.96,0.03,1
501036430,-0.82,-0.62,0.05,0.54,0.41,1
3875419510,0.66,-0.53,0.97,0.01,0.02,0
4213513434,0.42,0.7,0.09,0.61,0.3,1
1710436179,1.31,-0.87,1.0,0.0,0.0,0
4178202274,-1.05,-1.11,0.18,0.07,0.76,0
3414382457,0.0,0.61,0.03,0.87,0.1,1
2659896095,1.16,-1.43,1.0,0.0,0.0,0
2164690706,-0.89,-0.89,0.09,0.1,0.8,2
2644787474,-0.92,-0.89,0.08,0.13,0.78,2
1627112189,-1.5,2.02,0.0,1.0,0.0,1
495251589,-0.77,-0.98,0.57,0.04,0.39,0
290267479,-0.35,-0.3,0.12,0.19,0.7,2
4047792589,0.56,0.41,0.34,0.14,0.51,0
330151603,-0.98,-0.98,0.09,0.09,0.81,2
4243481980,1.81,-0.51,1.0,0.0,0.0,0
2651543928,-0.77,-0.71,0.08,0.19,0.73,2
693521638,-0.7,-0.89,0.55,0.05,0.4,1
3894209729,1.35,0.95,0.7,0.08,0.22,0
1564828312,-0.97,-0.58,0.03,0.79,0.18,1
3798481978,-0.79,-0.8,0.11,0.09,0.79,2
42441079,-0.58,-0.45,0.07,0.37,0.56,1
2026019381,-0.15,-0.6,0.85,0.03,0.12,0
1584566839,-0.5,-0.59,0.29,0.08,0.63,2
3403998588,1.38,1.42,0.17,0.21,0.62,2
1533878511,-0.97,-0.95,0.09,0.11,0.8,2
4058593594,-1.04,-0.66,0.02,0.78,0.19,1
331718460,-0.61,-0.63,0.14,0.1,0.76,2
2858173426,1.07,2.16,0.01,0.96,0.03,1
640217060,-1.28,1.45,0.0,1.0,0.0,1
3648723080,-0.02,-0.2,0.44,0.1,0.46,0
1520768066,-0.74,0.43,0.01,0.97,0.02,1
2044973718,-0.03,0.42,0.05,0.79,0.16,1
3735073858,0.17,-1.06,0.98,0.0,0.01,0
1728981564,-0.54,0.58,0.01,0.96,0.03,1
2336742276,-0.26,0.83,0.01,0.96,0.03,1
2839840273,0.3,0.33,0.17,0.21,0.62,2
315968261,-1.27,-1.41,0.33,0.05,0.63,2
1182988514,-0.53,-0.61,0.28,0.08,0.64,2
2817151700,-0.66,-1.07,0.84,0.02,0.14,0
3728229999,-1.84,1.55,0.0,1.0,0.0,1
2896267586,-0.88,-0.86,0.09,0.11,0.8,2
2000210699,0.21,0.14,0.23,0.15,0.61,2
1084989248,-0.25,0.28,0.03,0.85,0.12,1
1612875011,-1.55,1.8,0.0,1.0,0.0,1
1015479804,-0.27,-0.36,0.32,0.1,0.59,0
3535879754,-0.15,-1.91,1.0,0.0,0.0,0
1866833391,1.34,-0.19,0.98,0.01,0.01,0
2448933783,-0.19,-0.81,0.92,0.02,0.07,0
3874199022,-0.88,0.16,0.01,0.96,0.03,1
360274249,-0.48,-0.65,0.5,0.06,0.44,2
1772944100,0.34,0.35,0.18,0.2,0.62,2
3515812639,-0.27,-1.3,0.98,0.0,0.02,0
233753131,0.64,0.95,0.09,0.63,0.29,1
1838603583,-0.04,-0.25,0.51,0.09,0.4,2
846154185,-0.68,-0.59,0.08,0.28,0.65,0
1979536620,-1.1,-0.07,0.01,0.96,0.03,1
1512135050,-0.48,0.13,0.02,0.89,0.09,1
936080336,-0.86,-0.86,0.1,0.1,0.8,2
716694439,-0.61,-0.73,0.36,0.07,0.57,0
2090165219,1.49,0.93,0.83,0.05,0.12,1
188748880,-0.61,-1.36,0.95,0.01,0.04,0
1970459147,0.69,1.02,0.08,0.65,0.27,2
282490696,-0.87,-0.65,0.04,0.6,0.36,1
3324793535,-1.16,-1.13,0.08,0.11,0.81,0
2881366865,1.3,-0.1,0.98,0.01,0.02,0
845154920,0.69,1.42,0.02,0.91,0.07,2
4024917088,2.34,2.34,0.19,0.15,0.66,2
1672932517,-0.94,0.87,0.0,0.99,0.0,1
2080651737,0.44,-1.7,1.0,0.0,0.0,0
3805051264,-0.69,-0.67,0.1,0.12,0.78,1
3586016393,-1.25,-1.58,0.69,0.02,0.29,0
2429882068,0.31,2.08,0.0,0.99,0.01,1
330785156,-0.1,-0.81,0.93,0.01,0.05,0
3620633383,0.86,-0.73,0.99,0.0,0.01,0
907823138,-0.87,-0.86,0.09,0.1,0.8,2
1424386744,-0.73,-0.82,0.26,0.07,0.66,2
713228176,1.31,-1.05,1.0,0.0,0.0,0
3053426885,-0.31,-0.68,0.81,0.03,0.16,0
1983045885,-0.77,-0.82,0.17,0.08,0.75,0
272150880,-0.93,-0.11,0.01,0.94,0.05,1
1457195518,2.69,2.23,0.77,0.05,0.18,0
2890163462,-0.29,0.26,0.03,0.86,0.11,1
278378878,-0.85,-0.85,0.1,0.1,0.8,2
3971909221,-0.48,0.65,0.01,0.96,0.03,1
658111043,-0.77,0.39,0.01,0.97,0.02,1
440569223,-0.11,-0.56,0.85,0.03,0.12,0
4071485143,-0.54,-0.86,0.77,0.03,0.2,2
2743899630,-0.76,-1.3,0.91,0.01,0.08,0
631378742,-0.71,-0.61,0.07,0.3,0.63,2
2530818386,2.05,-0.77,1.0,0.0,0.0,0
587213692,-0.74,-0.74,0.11,0.1,0.79,2
1162612283,-1.06,0.25,0.01,0.98,0.02,1
3432757138,-0.76,-0.79,0.15,0.08,0.76,2
3113073505,-0.65,-0.48,0.06,0.48,0.46,1
3669668964,-1.52,-1.54,0.09,0.07,0.84,2
2100572963,0.32,-0.95,0.98,0.0,0.01,0
2405290303,-0.58,-0.61,0.16,0.09,0.75,2
2949984206,0.01,0.19,0.1,0.47,0.43,2
2054389663,0.8,-1.22,1.0,0.0,0.0,0
3659132851,0.61,-1.12,0.99,0.0,0.0,0
2308056653,-0.66,-0.69,0.14,0.09,0.76,0
1272911893,-0.8,-0.82,0.12,0.09,0.79,2
3142625345,0.33,1.06,0.03,0.91,0.07,2
3032765534,0.38,0.92,0.04,0.83,0.12,1
1899757089,-0.85,-0.82,0.09,0.13,0.78,2
365412371,-0.2,-0.68,0.87,0.02,0.11,0
1890757379,1.41,0.96,0.75,0.07,0.18,0
2980456082,-0.94,-0.84,0.06,0.28,0.65,2
1710539629,-1.25,-0.17,0.01,0.97,0.03,1
730946701,1.07,-0.71,0.99,0.0,0.01,0
4120973398,-0.66,0.77,0.01,0.98,0.01,1
1736093704,-0.09,-1.35,0.99,0.0,0.01,0
428992552,1.2,1.2,0.2,0.18,0.62,2
3971415023,-1.51,2.47,0.0,1.0,0.0,1
3496382221,-0.84,-0.81,0.09,0.14,0.77,2
4197483593,-0.12,-0.13,0.17,0.15,0.68,2
662351122,-0.47,1.22,0.0,0.99,0.01,1
1457237917,-1.01,2.17,0.0,1.0,0.0,1
2713232692,0.11,-1.25,0.99,0.0,0.01,0
1707452320,-0.89,2.36,0.0,1.0,0.0,1
1648610572,1.5,-0.85,1.0,0.0,0.0,0
3093619804,-0.8,-0.8,0.1,0.1,0.8,2
2447456729,0.13,0.57,0.05,0.78,0.17,1
2187715006,-1.81,2.16,0.0,1.0,0.0,1
2537489862,-1.55,-1.02,0.01,0.86,0.13,1
4162449054,-0.84,-0.84,0.11,0.09,0.8,2
1875137677,1.2,1.47,0.11,0.54,0.35,0
3679752016,-0.76,-0.75,0.1,0.11,0.79,2
3715608168,-0.82,-0.82,0.1,0.1,0.8,2
3291011427,-1.55,-0.06,0.0,0.99,0.01,1
1064164336,-0.26,-0.48,0.58,0.07,0.36,2
2752394599,-0.78,-0.76,0.09,0.13,0.78,2
1246028167,-0.33,0.89,0.01,0.97,0.02,1
380595182,0.95,0.18,0.9,0.03,0.07,0
448638751,0.27,0.12,0.34,0.13,0.53,2
439108956,1.27,-0.41,0.99,0.0,0.01,0
1330109513,-0.53,-0.29,0.06,0.61,0.33,2
2792981614,1.79,-0.03,0.99,0.0,0.01,0
894014742,0.55,-0.08,0.88,0.03,0.09,0
2615973671,-0.01,0.46,0.05,0.8,0.15,1
2527521849,0.73,0.19,0.83,0.05,0.12,0
2793281490,-1.45,-1.45,0.07,0.09,0.84,2
1068102483,-1.02,-1.04,0.11,0.08,0.81,0
3518159706,-0.89,-0.9,0.1,0.09,0.81,1
1145885689,-0.81,-0.8,0.1,0.11,0.8,2
3707378093,-1.4,-0.1,0.0,0.98,0.01,1
2858879074,-0.28,0.26,0.03,0.85,0.11,1
3849390818,0.28,0.82,0.04,0.84,0.12,1
2663398794,-0.84,-0.72,0.06,0.32,0.61,0
4107206748,-0.07,0.79,0.02,0.93,0.05,1
4117226597,-0.55,-0.28,0.05,0.66,0.29,1
1183019112,-1.14,-0.44,0.01,0.92,0.07,1
3134027041,-0.95,-0.71,0.04,0.65,0.32,1
1312060193,1.73,0.35,0.97,0.01,0.02,0
3952189179,0.59,0.55,0.22,0.18,0.61,2
1947619279,0.06,-0.89,0.96,0.01,0.03,0
393896897,0.33,-1.62,1.0,0.0,0.0,0
506602825,0.26,-0.46,0.92,0.02,0.06,0
4093937346,0.31,0.2,0.28,0.14,0.58,0
3870030183,-0.76,-0.76,0.11,0.1,0.8,2
336306849,-1.31,0.5,0.0,0.99,0.0,1
2158716252,0.52,-1.48,1.0,0.0,0.0,0
3233347198,-0.79,-0.77,0.09,0.13,0.78,2
2972781156,-0.13,-1.22,0.98,0.0,0.02,0
1268901284,0.18,-0.65,0.94,0.01,0.04,0
3766341025,-1.2,-1.04,0.05,0.41,0.54,2
1899073583,-0.82,-0.81,0.1,0.11,0.8,0
2011170978,-0.42,-1.39,0.98,0.0,0.02,0
4212312947,-0.8,-0.82,0.13,0.09,0.78,2
1302499580,-0.95,-0.77,0.05,0.52,0.44,0
2165975710,-0.55,-0.41,0.07,0.41,0.52,1
2442748273,-0.77,-0.82,0.2,0.08,0.73,2
1476446078,0.32,0.17,0.34,0.13,0.52,1
4235860183,-1.62,-1.63,0.08,0.07,0.85,1
2345686484,0.67,-0.94,0.99,0.0,0.01,0
1705236839,-0.82,-0.82,0.1,0.11,0.8,2
105586158,1.84,0.5,0.97,0.01,0.02,0
636540093,-1.05,-1.23,0.44,0.04,0.51,0
761553274,0.87,-0.98,1.0,0.0,0.0,0
2804486942,0.48,-0.35,0.93,0.02,0.05,0
61120436,0.24,1.61,0.01,0.98,0.02,1
2201893143,-0.27,-0.67,0.83,0.03,0.14,0
1140884088,-1.66,-0.08,0.0,0.99,0.01,1
3154531661,-0.23,1.12,0.01,0.98,0.02,1
1829634011,1.73,1.6,0.32,0.12,0.56,2
3711914323,-0.81,-0.81,0.1,0.1,0.8,1
2641945281,-0.1,1.59,0.0,0.99,0.01,1
3428397904,-0.14,-1.32,0.98,0.0,0.01,0
2388755514,0.28,-1.95,1.0,0.0,0.0,0
2180185806,0.76,-0.77,0.99,0.0,0.01,0
602031505,-0.4,-0.19,0.07,0.57,0.37,2
580480994,-0.73,-0.8,0.23,0.08,0.7,0
3731255387,-0.87,-0.87,0.1,0.1,0.81,2
3820900711,1.85,-0.75,1.0,0.0,0.0,0
1965537067,-1.11,0.1,0.01,0.97,0.02,1
2794636150,-0.77,-0.74,0.09,0.14,0.77,0
3011703768,-1.43,1.81,0.0,1.0,0.0,1
4009315793,-0.04,-0.09,0.22,0.13,0.65,2
826615908,-1.5,-1.4,0.05,0.24,0.71,1
3231011679,-0.82,-0.81,0.1,0.11,0.8,2
3953542841,-1.73,-1.13,0.01,0.89,0.1,2
3037815765,-0.87,-0.82,0.08,0.17,0.75,2
3914090265,-0.97,-0.65,0.03,0.73,0.24,1
1356361415,-0.48,-0.67,0.55,0.06,0.39,0
219292983,0.71,-0.91,0.99,0.0,0.01,0
2791278404,-0.8,-0.8,0.1,0.1,0.8,2
1158422371,1.27,0.25,0.94,0.02,0.04,0
1102617130,0.2,1.84,0.0,0.99,0.01,1
2578017480,-0.5,-0.47,0.11,0.16,0.73,1
2028455256,0.13,-1.05,0.98,0.0,0.01,0
544696070,-1.71,1.83,0.0,1.0,0.0,1
2011041452,0.4,-0.6,0.96,0.01,0.03,0
2121863348,-0.84,-0.85,0.11,0.09,0.8,2
2711878895,0.85,-1.8,1.0,0.0,0.0,0
1688940667,-0.63,-0.66,0.15,0.09,0.75,2
3546824610,-0.8,-0.82,0.12,0.09,0.79,2
3031473799,0.8,1.54,0.02,0.91,0.06,1
3217830376,-0.97,-0.97,0.09,0.09,0.81,2
3839890395,-0.71,-0.72,0.13,0.09,0.78,2
1071034057,2.2,-1.23,1.0,0.0,0.0,0
2525307750,0.38,0.01,0.68,0.08,0.24,0
3217742609,-0.78,-0.77,0.1,0.12,0.79,2
3049296420,-0.35,-0.56,0.59,0.06,0.35,2
2058984376,-0.86,-0.87,0.11,0.09,0.8,2
921785557,1.52,-1.06,1.0,0.0,0.0,0
1395914424,1.47,1.26,0.44,0.12,0.45,0
1004253502,1.48,-0.63,1.0,0.0,0.0,0
1304675654,-0.75,1.03,0.0,0.99,0.01,1
1963843272,-1.01,-0.97,0.08,0.14,0.78,2
1766651113,-1.49,2.45,0.0,1.0,0.0,1
3952425647,-0.87,-0.82,0.08,0.16,0.76,2
2035779480,-0.82,-0.81,0.09,0.12,0.79,2
507396232,-0.84,-0.82,0.09,0.11,0.8,2
2810458742,0.01,-0.78,0.94,0.01,0.04,0
3889375876,0.54,-0.49,0.96,0.01,0.03,0
3393824845,-0.21,-1.48,0.99,0.0,0.01,0
4241549408,0.18,2.16,0.0,0.99,0.0,1
4188445429,-0.33,-0.32,0.13,0.15,0.72,1
1026775188,-0.16,1.34,0.01,0.98,0.01,1
2725345813,-0.56,-0.38,0.06,0.51,0.42,2
4159921574,-0.47,-0.48,0.15,0.11,0.74,2
2115317112,-1.13,-0.99,0.05,0.39,0.56,1
1315579300,0.95,-1.39,1.0,0.0,0.0,0
3576030744,-0.8,-0.02,0.01,0.93,0.06,1
1888290995,0.63,0.28,0.65,0.09,0.26,1
3376469052,-0.65,-0.38,0.05,0.66,0.29,2
2922109087,-0.54,-0.77,0.64,0.05,0.32,0
465248579,2.0,1.88,0.31,0.11,0.58,2
1212230079,-0.85,-0.84,0.1,0.1,0.8,1
2604366809,-0.85,-0.85,0.1,0.1,0.8,2
3749118402,-0.67,-0.68,0.12,0.1,0.78,2
2238801046,-0.44,-1.32,0.97,0.0,0.03,0
4195574869,-0.95,0.75,0.0,0.99,0.01,1
3246104141,-1.55,-1.51,0.06,0.12,0.82,1
428746232,0.13,0.45,0.07,0.67,0.26,1
3652085364,-0.92,-0.31,0.02,0.89,0.09,1
421525416,1.52,-1.05,1.0,0.0,0.0,0
2461341517,-0.21,0.18,0.05,0.76,0.19,2
1722656647,-0.48,-0.44,0.11,0.17,0.73,2
1112437903,-0.29,1.28,0.0,0.99,0.01,1
3930314771,0.13,-1.05,0.98,0.0,0.01,0
3376989552,-0.94,-0.95,0.11,0.08,0.8,2
665715079,-1.55,0.35,0.0,1.0,0.0,1
1984157497,-0.38,-0.37,0.14,0.13,0.73,2
3624339021,-0.64,-1.07,0.85,0.02,0.13,0
1986918436,1.34,1.72,0.08,0.69,0.23,2
1500309264,0.43,0.33,0.28,0.15,0.57,1
795273803,-0.35,1.88,0.0,1.0,0.0,1
1009376384,0.31,-0.88,0.98,0.0,0.02,0
1367246996,0.29,0.31,0.18,0.2,0.62,1
326437745,-0.85,-0.74,0.06,0.31,0.63,2
390046630,-0.22,2.17,0.0,1.0,0.0,1
2425902147,1.66,0.8,0.91,0.03,0.06,1
1888388975,2.55,-0.56,1.0,0.0,0.0,0
2456018347,-1.26,1.46,0.0,1.0,0.0,1
3869847223,-0.54,-1.45,0.97,0.0,0.02,0
1593347505,-1.25,-0.66,0.01,0.89,0.1,1
3236672528,-0.32,-0.71,0.82,0.03,0.15,0
173884962,-0.47,-1.66,0.99,0.0,0.01,0
2104598121,0.62,-0.92,0.99,0.0,0.01,0
580242683,0.66,0.77,0.14,0.31,0.55,2
742817541,-0.55,-0.56,0.13,0.11,0.76,2
2512778137,-1.45,0.12,0.0,0.99,0.01,1
4281808840,-0.89,0.78,0.0,0.99,0.01,1
2027610050,0.91,-1.02,1.0,0.0,0.0,0
137036826,1.62,-0.07,0.99,0.0,0.01,0
2128368984,-0.57,-0.5,0.09,0.23,0.69,2
3365476766,-0.08,-0.78,0.93,0.01,0.05,0
3327435706,-0.25,-0.69,0.84,0.03,0.13,0
1770686376,2.27,-1.2,1.0,0.0,0.0,0
2055982865,-0.85,-0.84,0.09,0.11,0.79,2
405729392,0.33,-0.07,0.76,0.06,0.18,0
1024730987,-0.5,-0.09,0.04,0.79,0.17,2
534783084,-0.67,-0.29,0.04,0.77,0.19,1
4175546451,0.56,-1.23,1.0,0.0,0.0,0
918265997,-0.33,1.05,0.01,0.98,0.01,1
1485269632,-1.04,1.96,0.0,1.0,0.0,1
1828948763,-1.14,2.62,0.0,1.0,0.0,1
2098046302,-0.14,-0.01,0.1,0.36,0.54,1
1261898448,-0.71,-0.69,0.1,0.13,0.78,2
4079806567,-0.7,-0.14,0.02,0.87,0.1,1
3630869269,0.87,0.59,0.55,0.12,0.34,2
1345302707,-0.86,0.87,0.0,0.99,0.01,1
3095204579,0.44,-0.21,0.89,0.03,0.08,2
3118254456,1.67,1.82,0.14,0.34,0.52,0
2080422840,0.33,-0.92,0.98,0.0,0.01,0
3737984919,-1.16,1.52,0.0,1.0,0.0,1
239265382,-0.53,-0.08,0.03,0.82,0.14,1
2512182185,-0.77,-0.82,0.2,0.08,0.73,2
2705067425,1.09,-1.27,1.0,0.0,0.0,0
3507538814,1.22,0.2,0.94,0.02,0.04,0
1114066880,2.66,-0.45,1.0,0.0,0.0,0
3463830134,-0.69,-0.75,0.21,0.08,0.71,1
2527452039,-0.82,-0.66,0.06,0.43,0.51,2
3685824509,-1.78,-1.33,0.01,0.81,0.17,1
2960420869,-0.7,-0.72,0.14,0.09,0.77,2
2405303438,-0.58,-0.65,0.25,0.08,0.67,1
2700267307,-0.86,-0.85,0.09,0.1,0.8,0
3665168096,0.33,0.76,0.06,0.76,0.18,1
3059496576,0.66,1.26,0.04,0.86,0.1,1
1391489034,-0.73,-0.71,0.1,0.12,0.78,2
1938725275,-0.34,-0.26,0.1,0.25,0.65,2
3174032950,-1.06,-0.0,0.01,0.96,0.03,1
694162790,2.7,0.77,0.99,0.0,0.01,0
3167885496,-0.23,-1.16,0.97,0.01,0.03,0
2019054143,-0.82,-0.82,0.1,0.1,0.8,2
1413670660,0.08,-0.94,0.97,0.01,0.02,0
124932959,1.11,0.77,0.63,0.1,0.27,0
3386133693,-0.25,0.36,0.03,0.88,0.09,1
3834366477,-0.84,-0.82,0.09,0.12,0.79,2
1193606506,-0.47,0.12,0.03,0.88,0.1,1
3002858022,-0.33,0.28,0.03,0.88,0.09,1
1070629383,-0.33,-0.36,0.19,0.11,0.7,2
179639424,1.68,1.59,0.26,0.13,0.61,2
555339916,-0.0,1.52,0.01,0.98,0.01,1
3087375352,-0.23,-1.45,0.99,0.0,0.01,0
3497604692,-1.73,0.86,0.0,1.0,0.0,1
2727605575,0.82,0.71,0.3,0.15,0.55,0
3239809415,-0.71,0.38,0.01,0.96,0.03,1
767762989,-0.85,-0.84,0.09,0.11,0.79,1
2201238197,-0.9,-0.8,0.06,0.28,0.65,2
1878561126,-0.72,-0.18,0.02,0.87,0.11,1
2993465606,0.65,0.23,0.74,0.07,0.19,0
3044473686,1.17,0.49,0.87,0.04,0.09,0
2203671357,-0.29,-1.6,0.99,0.0,0.01,0
3275656206,1.45,-0.89,1.0,0.0,0.0,0
1881481673,-0.66,-0.0,0.02,0.9,0.08,1
3339005542,-0.75,-0.74,0.1,0.11,0.79,2
3950742994,-0.68,-0.58,0.07,0.3,0.63,1
1605077531,0.12,1.2,0.01,0.96,0.03,1
3215579753,-0.17,-0.7,0.89,0.02,0.09,0
90752096,-0.56,-0.43,0.07,0.38,0.55,0
1642035848,0.38,-1.06,0.99,0.0,0.01,0
4146558305,-1.34,-0.65,0.01,0.92,0.07,1
695257297,1.15,2.05,0.02,0.94,0.04,2
514350174,-0.07,-1.53,0.99,0.0,0.01,0
3717721903,0.48,-0.17,0.89,0.03,0.08,0
1611390904,-0.54,-0.61,0.25,0.08,0.67,0
1902771126,0.0,-0.02,0.19,0.15,0.65,2
3201646259,-0.28,1.74,0.0,1.0,0.0,1
387204548,-0.37,-0.35,0.12,0.15,0.73,2
480938859,-0.36,0.38,0.02,0.91,0.07,1
1633505414,-1.16,-0.16,0.01,0.96,0.03,1
1542366581,-0.66,-0.7,0.18,0.09,0.74,2
3555132465,-0.15,-0.12,0.13,0.19,0.67,2
234709229,-0.66,-0.67,0.13,0.1,0.77,2
3356433736,0.16,0.16,0.18,0.19,0.63,2
3291645040,0.77,0.26,0.81,0.05,0.13,2
86573522,1.21,1.3,0.15,0.26,0.58,0
1330515230,-0.25,-0.17,0.11,0.25,0.64,0
4024097265,-0.48,-0.53,0.21,0.09,0.7,2
128590248,-0.36,0.38,0.02,0.91,0.06,2
2212048975,-0.53,-0.6,0.25,0.09,0.66,0
3417801032,-0.81,1.45,0.0,1.0,0.0,1
696634481,-0.44,-1.18,0.95,0.01,0.04,0
3686910324,1.25,-0.85,1.0,0.0,0.0,0
459990441,1.89,0.36,0.98,0.01,0.01,0
3701436024,-0.46,-0.26,0.07,0.54,0.39,0
238599014,1.12,1.28,0.14,0.37,0.5,2
2961566230,0.11,0.38,0.08,0.59,0.33,2
3542824000,2.09,-0.09,1.0,0.0,0.0,0
560318038,-0.99,-0.28,0.01,0.92,0.07,1
4043725627,-0.89,0.09,0.01,0.95,0.03,1
4141607749,-1.3,-1.38,0.17,0.06,0.77,2
3779503594,-1.15,-1.11,0.07,0.14,0.79,2
2532582172,-1.36,-0.07,0.0,0.98,0.02,1
1598463363,1.12,-0.71,0.99,0.0,0.0,0
476694272,0.26,-0.72,0.96,0.01,0.03,0
803138128,-1.31,0.34,0.0,0.99,0.01,1
2113714461,-0.5,-0.33,0.07,0.48,0.45,2
4206856770,-0.92,1.45,0.0,1.0,0.0,1
1340109125,-0.89,-0.88,0.09,0.11,0.8,2
3209878472,-0.75,-0.81,0.2,0.08,0.72,0
3159716894,-1.53,0.44,0.0,1.0,0.0,1
3039142251,-0.36,-0.45,0.32,0.09,0.59,0
3904225542,-1.7,0.77,0.0,1.0,0.0,1
674242871,-0.14,0.19,0.06,0.7,0.24,1
3413780419,-0.82,-0.84,0.11,0.09,0.8,2
845048452,0.59,0.97,0.07,0.72,0.21,1
4095827278,0.14,-0.82,0.96,0.01,0.03,0
1957332042,-0.4,-1.2,0.96,0.01,0.04,0
269532871,-1.65,0.43,0.0,1.0,0.0,1
3919649658,-1.47,0.14,0.0,0.99,0.01,1
2990761195,-0.84,-1.71,0.97,0.0,0.03,2
3183958474,-0.69,-0.84,0.46,0.06,0.48,2
2449037260,1.5,0.76,0.89,0.04,0.08,1
1076863692,-0.84,-0.23,0.02,0.89,0.09,1
2849070456,-0.6,-0.19,0.03,0.8,0.17,1
851741966,-0.75,-0.12,0.02,0.9,0.08,1
1359906785,-0.72,-0.8,0.25,0.07,0.68,0
2621033384,-0.23,-0.24,0.16,0.14,0.7,1
2880959638,-0.95,1.0,0.0,0.99,0.0,1
2524408048,-0.84,-0.82,0.09,0.13,0.78,2
1105923941,0.17,-0.6,0.93,0.02,0.05,0
3538055920,-1.39,-1.56,0.36,0.04,0.6,0
3863888214,0.01,-0.33,0.73,0.06,0.22,0
1293287447,0.52,-1.52,1.0,0.0,0.0,0
644120854,2.06,-1.59,1.0,0.0,0.0,0
2152083412,-1.78,-0.96,0.01,0.94,0.05,1
1853277009,-1.14,-0.17,0.01,0.96,0.03,1
2404672314,-0.69,-0.74,0.2,0.08,0.72,0
379113034,0.76,1.54,0.02,0.92,0.06,1
927980097,-0.71,-0.84,0.41,0.06,0.53,0
2669370583,-1.32,1.84,0.0,1.0,0.0,1
2514638751,-0.52,-0.39,0.08,0.38,0.55,2
956249108,-0.8,-0.77,0.09,0.13,0.78,2
2114620535,1.24,1.48,0.11,0.5,0.38,0
1383093589,-0.61,-0.31,0.04,0.7,0.26,2
1312281426,-1.3,0.62,0.0,0.99,0.0,1
2955021807,-0.48,-0.57,0.3,0.08,0.62,0
1666289255,-1.55,-0.52,0.01,0.97,0.03,1
1451602441,0.42,-1.41,1.0,0.0,0.0,0
3176184202,-0.9,-0.9,0.1,0.1,0.81,2
1429712936,0.52,-0.25,0.92,0.02,0.06,0
304129942,-1.38,0.87,0.0,1.0,0.0,1
1627850245,0.92,1.42,0.05,0.81,0.14,1
2544146386,-0.82,-0.76,0.08,0.19,0.73,2
1305986765,1.67,-1.04,1.0,0.0,0.0,0
3175729849,-0.41,-0.8,0.83,0.03,0.15,2
3538164249,-0.86,-0.91,0.17,0.08,0.75,2
647181302,1.87,0.66,0.96,0.02,0.03,0
347234259,-0.44,-0.49,0.23,0.09,0.68,0
3188706572,0.04,-0.63,0.92,0.02,0.06,0
1268195153,-0.88,-0.91,0.14,0.08,0.78,2
899585805,1.45,-0.95,1.0,0.0,0.0,0
1405965519,0.94,-1.7,1.0,0.0,0.0,0
4277837113,2.09,-0.81,1.0,0.0,0.0,0
1520825762,0.23,-0.03,0.54,0.1,0.37,0
2688685132,-0.86,-0.95,0.26,0.07,0.67,1
2250802918,-0.77,-0.75,0.09,0.13,0.78,2
4195417677,-0.35,-0.5,0.45,0.08,0.48,2
282137324,0.96,-0.64,0.99,0.0,0.01,0
2731992446,-0.82,-0.04,0.01,0.93,0.05,1
212429303,-1.12,0.05,0.01,0.97,0.02,1
445246150,1.23,-1.49,1.0,0.0,0.0,0
4038403069,-1.05,1.2,0.0,1.0,0.0,1
4292800712,-0.1,-0.76,0.92,0.02,0.06,0
332296539,-0.82,-0.68,0.06,0.41,0.53,2
1364629972,-0.54,0.34,0.02,0.94,0.05,1
2473753340,1.48,-0.88,1.0,0.0,0.0,0
2606949388,1.64,-0.6,1.0,0.0,0.0,0
163743238,-0.45,1.05,0.01,0.98,0.01,1
2212047407,1.3,2.22,0.02,0.95,0.04,1
2246249715,1.64,-0.47,1.0,0.0,0.0,0
4140403334,-0.82,1.55,0.0,1.0,0.0,1
2022523485,-0.8,-0.79,0.1,0.11,0.8,2
824999004,0.62,0.06,0.85,0.04,0.11,0
2763002309,2.55,2.2,0.65,0.07,0.28,0
689032599,0.43,0.18,0.5,0.11,0.39,0
2269317864,0.95,2.02,0.01,0.96,0.03,1
1332538599,0.29,0.71,0.05,0.76,0.18,2
956019169,-0.66,-0.7,0.18,0.09,0.74,2
3995841927,-0.86,0.05,0.01,0.95,0.04,1
2368250935,-1.22,1.24,0.0,1.0,0.0,1
878576252,1.49,-1.3,1.0,0.0,0.0,0
1219555502,-0.06,-1.48,0.99,0.0,0.01,2
1172261101,-0.92,1.61,0.0,1.0,0.0,1
916085248,-1.68,0.55,0.0,1.0,0.0,1
1317604164,-0.75,-0.7,0.08,0.18,0.74,0
1661644518,0.09,0.95,0.02,0.93,0.05,1
1421340164,-0.68,0.35,0.01,0.96,0.03,1
126227049,-0.22,-0.4,0.5,0.08,0.42,2
3619999607,-1.07,-0.77,0.03,0.72,0.25,1
1528196735,-1.11,-1.11,0.09,0.09,0.82,2
3745816177,-0.26,-0.24,0.14,0.16,0.7,2
3933792614,-1.16,-1.12,0.07,0.14,0.79,2
2376723436,1.84,-0.61,1.0,0.0,0.0,0
767245925,-0.28,-0.52,0.62,0.06,0.32,0
551192455,-0.71,-0.73,0.13,0.09,0.78,2
3819684632,-0.85,-0.85,0.1,0.1,0.8,2
3098148572,-0.78,-0.84,0.19,0.08,0.74,2
156361177,-1.04,-1.06,0.11,0.08,0.81,2
896128160,-0.89,0.44,0.01,0.98,0.02,1
612021708,-2.03,0.02,0.0,1.0,0.0,1
1897195681,-0.46,-0.29,0.07,0.47,0.46,1
3596857246,1.45,-0.84,1.0,0.0,0.0,0
3214435175,-0.82,-0.7,0.06,0.33,0.6,2
3672499088,-1.41,-0.67,0.01,0.93,0.06,1
136959345,-0.75,-0.72,0.09,0.14,0.77,2
1378730903,-0.36,-0.31,0.11,0.2,0.69,2
3795926469,-0.71,-0.76,0.17,0.08,0.74,2
1026158728,-0.64,-1.1,0.87,0.02,0.11,0
2439555012,-0.61,-0.61,0.12,0.11,0.78,0
896013147,1.12,0.87,0.49,0.12,0.39,0
270069532,-1.48,1.13,0.0,1.0,0.0,1
3988166935,-1.07,0.08,0.01,0.97,0.02,1
1254561371,-1.04,-1.04,0.09,0.09,0.82,0
2130914247,-1.06,-0.73,0.03,0.75,0.22,1
3044514167,0.33,1.94,0.0,0.99,0.01,1
1740504509,-0.51,-0.52,0.14,0.11,0.76,1
1911776231,-0.1,-0.12,0.18,0.15,0.67,2
625941823,-0.71,-0.98,0.69,0.03,0.27,2
4217724456,1.09,1.0,0.27,0.15,0.58,0
1441056888,-0.78,-0.81,0.14,0.09,0.77,1
2282421652,0.61,-1.28,1.0,0.0,0.0,0
2423936505,-0.79,-0.82,0.13,0.09,0.78,2
931630377,-0.86,-0.8,0.08,0.19,0.74,2
3964716165,-0.29,0.0,0.06,0.67,0.27,1
1434045348,1.69,0.41,0.96,0.01,0.02,0
2166547924,-1.23,-1.28,0.13,0.06,0.8,2
1265549905,-0.42,-0.75,0.78,0.03,0.19,0
728760437,-0.79,-0.81,0.12,0.09,0.79,2
2944509949,-0.7,-0.82,0.35,0.06,0.58,2
2088648267,-1.23,-0.97,0.03,0.67,0.3,1
2402150878,-0.84,-0.8,0.08,0.16,0.76,2
3497470147,-0.68,2.22,0.0,1.0,0.0,1
3328185668,-0.38,-0.1,0.06,0.67,0.28,1
3468334175,-0.86,-0.86,0.1,0.1,0.8,2
1930900650,-0.39,-0.85,0.87,0.02,0.11,0
2049415823,0.87,-0.34,0.97,0.01,0.02,0
770923253,-0.71,-0.59,0.06,0.37,0.56,2
861812344,0.43,-0.32,0.92,0.02,0.06,2
1395149344,0.75,1.13,0.07,0.72,0.21,1
588180192,-0.4,-0.18,0.07,0.58,0.36,1
697992086,1.08,-1.52,1.0,0.0,0.0,0
1695830809,-0.75,2.23,0.0,1.0,0.0,1
1470632360,-0.71,-0.71,0.11,0.1,0.79,2
3673843273,-1.21,0.69,0.0,0.99,0.0,1
2058406297,-1.26,1.13,0.0,1.0,0.0,1
1828972473,1.5,-0.76,1.0,0.0,0.0,0
1225128774,-0.59,-0.63,0.19,0.09,0.73,2
3027188145,-0.94,0.39,0.01,0.98,0.02,1
3843665534,-0.81,-0.79,0.09,0.12,0.79,2
3395206447,-0.98,0.79,0.0,0.99,0.01,1
583848021,-1.21,-0.98,0.03,0.61,0.36,0
3323922010,0.64,-1.22,1.0,0.0,0.0,0
1311099862,1.9,1.92,0.18,0.18,0.65,2
2596725688,-0.88,-0.88,0.1,0.1,0.81,2
3173582171,-0.76,-0.75,0.1,0.11,0.79,2
2498284128,-0.68,-0.78,0.31,0.07,0.62,0
4011115811,-0.79,1.71,0.0,1.0,0.0,1
1381395223,-1.56,-1.93,0.67,0.02,0.31,0
3990669092,-0.69,0.21,0.01,0.94,0.04,1
2680038637,-0.82,-0.8,0.09,0.12,0.79,0
2196721908,-0.71,1.03,0.0,0.99,0.01,1
2493636891,-0.94,1.12,0.0,1.0,0.0,1
3623548267,-0.8,-0.82,0.13,0.09,0.78,2
4097165609,-0.36,-0.56,0.58,0.06,0.36,0
3832362041,-0.53,-0.33,0.06,0.53,0.41,2
1219313652,-1.31,1.91,0.0,1.0,0.0,1
1276070284,-0.85,-0.94,0.25,0.07,0.68,2
1048522175,-0.69,-0.71,0.15,0.09,0.76,1
456339278,0.26,-1.25,0.99,0.0,0.01,0
3789415250,-1.44,-1.49,0.13,0.06,0.81,2
395908270,2.27,1.67,0.86,0.04,0.1,0
2350380761,-1.07,-0.98,0.06,0.24,0.7,0
991748622,1.01,0.35,0.86,0.04,0.09,0
2957348768,-1.42,0.79,0.0,1.0,0.0,1
1998487674,0.92,0.07,0.92,0.02,0.06,0
2593572647,-0.72,-0.71,0.1,0.12,0.78,2
2126610264,-0.7,-0.82,0.35,0.06,0.58,1
946795077,0.9,-0.93,0.99,0.0,0.0,0
2362653296,-0.7,-0.73,0.15,0.09,0.76,0
828812677,-0.24,-0.84,0.91,0.02,0.07,0
2409416523,-1.22,-0.33,0.01,0.95,0.04,1
2879133896,-0.5,1.12,0.0,0.99,0.01,1
852375161,-1.39,1.55,0.0,1.0,0.0,1
135877884,-0.23,0.76,0.02,0.95,0.04,1
1373882971,-0.56,-0.03,0.03,0.86,0.11,1
2954907291,-1.13,-0.3,0.01,0.94,0.05,2
1938397625,1.41,1.36,0.24,0.15,0.62,1
3514881446,-0.31,-1.26,0.97,0.0,0.02,0
345289242,-1.13,1.35,0.0,1.0,0.0,1
1420284504,-0.89,-0.76,0.06,0.36,0.58,1
4116825232,-0.21,-0.23,0.17,0.13,0.7,1
895637682,-0.54,0.05,0.02,0.88,0.09,1
744789458,-0.82,-0.82,0.1,0.1,0.8,2
1213040366,-0.52,-0.02,0.03,0.85,0.12,1
1719190274,-0.32,-0.84,0.89,0.02,0.09,0
2382212556,-0.36,-0.32,0.12,0.17,0.71,0
577449993,0.25,-1.36,0.99,0.0,0.0,0
2837146660,-1.27,2.11,0.0,1.0,0.0,1
2174649068,-1.68,-1.7,0.08,0.07,0.85,2
301605001,0.01,-0.54,0.89,0.02,0.09,0
502229264,-1.06,0.22,0.01,0.98,0.02,1
1790618919,0.67,-0.97,0.99,0.0,0.01,0
2884618440,-0.31,-0.33,0.17,0.12,0.71,2
3724319901,-0.37,-0.96,0.92,0.01,0.07,0
2082248054,-0.0,-1.61,1.0,0.0,0.0,0
3064147736,-0.79,-0.79,0.1,0.1,0.8,2
1064399018,0.97,0.91,0.25,0.16,0.59,0
625625335,0.04,-0.61,0.91,0.02,0.07,0
406559484,-0.22,-0.47,0.62,0.06,0.32,0
174012979,-0.93,-0.26,0.02,0.91,0.08,1
2125811551,1.51,0.08,0.98,0.01,0.02,0
3331756783,-0.47,-0.36,0.08,0.32,0.6,1
1056702139,-0.11,-0.15,0.21,0.13,0.66,2
162244409,0.96,-0.08,0.95,0.02,0.04,0
2099705746,0.51,-1.08,0.99,0.0,0.01,0
901663424,-0.74,-0.84,0.28,0.07,0.65,2
579244094,0.53,0.2,0.62,0.09,0.29,0
2887044193,-0.75,-1.6,0.97,0.0,0.03,0
3691430931,-0.97,-1.02,0.15,0.07,0.77,2
1907951282,-0.77,0.24,0.01,0.96,0.03,1
3926745317,0.34,0.67,0.07,0.67,0.26,0
2289947494,-0.75,-0.74,0.1,0.11,0.79,2
3962189815,-1.12,1.05,0.0,1.0,0.0,1
3330263624,-0.7,-0.7,0.11,0.1,0.79,2
740511279,0.84,-1.05,1.0,0.0,0.0,0
1815416983,-0.74,-0.74,0.11,0.1,0.79,2
1504379369,0.97,-0.74,0.99,0.0,0.01,0
549808869,-0.39,0.86,0.01,0.97,0.02,1
2232963307,-0.76,-0.84,0.24,0.07,0.69,0
3566744071,-0.51,-0.59,0.26,0.09,0.65,2
1206094915,-0.39,-1.11,0.94,0.01,0.05,0
3728314032,-0.79,-0.77,0.09,0.12,0.78,2
1604326362,-0.79,-0.8,0.11,0.09,0.79,2
2773368724,-0.8,-0.84,0.16,0.08,0.76,0
3780191489,-1.13,-0.97,0.05,0.44,0.51,2
1357009874,-1.09,-1.15,0.17,0.07,0.76,1
3094480463,-0.09,1.32,0.01,0.98,0.01,1
1047645263,-0.82,1.52,0.0,1.0,0.0,1
4010594889,-0.96,-0.95,0.09,0.11,0.8,0
1844107983,0.89,1.27,0.07,0.71,0.22,2
2228879262,-0.38,0.06,0.04,0.82,0.15,1
2862551520,1.43,1.05,0.67,0.09,0.24,0
828389765,1.02,-0.77,0.99,0.0,0.01,0
159976261,-0.18,-0.8,0.92,0.02,0.07,0
2430567866,-0.5,-0.72,0.62,0.05,0.33,2
1891965792,-0.77,-0.35,0.03,0.81,0.16,1
1240067856,-0.76,-0.8,0.17,0.08,0.75,0
2034174885,-0.92,-0.86,0.07,0.18,0.74,0
102882378,-0.54,-0.65,0.35,0.07,0.58,0
4007719626,-0.96,-0.67,0.03,0.7,0.27,1
2916072231,-0.43,-1.26,0.96,0.01,0.03,0
3999563883,-0.89,-0.82,0.07,0.19,0.73,2
3663474723,-1.71,-0.09,0.0,0.99,0.01,1
2012101974,-0.89,-0.89,0.11,0.09,0.8,2
1341419595,-0.18,1.23,0.01,0.98,0.01,1
476188273,-0.6,-0.57,0.1,0.14,0.76,2
2296827092,-0.16,-1.03,0.96,0.01,0.03,0
2214604939,-0.77,-0.77,0.1,0.1,0.8,0
1123659076,-0.81,-0.94,0.37,0.06,0.57,2
163230945,-0.54,-0.89,0.8,0.03,0.18,0
3280301903,-0.77,-0.75,0.1,0.12,0.79,2
1601664239,-0.73,-0.73,0.11,0.1,0.79,2
1426087157,-1.45,-1.07,0.02,0.78,0.2,1
1739216143,-0.28,-0.45,0.48,0.08,0.44,0
1569194084,-1.2,-1.12,0.06,0.22,0.72,2
532963827,-0.77,-0.78,0.12,0.09,0.78,2
1426442280,1.53,1.87,0.08,0.64,0.27,1
1983087171,-1.52,2.23,0.0,1.0,0.0,1
2256521075,0.1,1.92,0.0,0.99,0.01,1
3366694391,-0.71,-0.7,0.1,0.12,0.78,1
1782108412,-1.41,-1.39,0.07,0.09,0.83,2
96410999,2.05,2.3,0.11,0.5,0.39,1
4225915327,2.81,-1.04,1.0,0.0,0.0,0
3757625602,-0.77,-0.79,0.13,0.09,0.78,2
2339905997,-1.69,-1.34,0.02,0.74,0.24,1
1217219905,-0.77,-1.18,0.84,0.02,0.15,0
4124521528,-0.21,2.42,0.0,1.0,0.0,1
1943447306,-0.96,-1.28,0.74,0.02,0.24,0
2896434371,-0.7,-0.81,0.33,0.07,0.6,0
2886217278,-0.41,2.28,0.0,1.0,0.0,1
220742211,-0.05,-0.74,0.93,0.01,0.06,0
1068483689,-0.8,-0.81,0.11,0.09,0.8,2
659462457,-1.02,-0.95,0.07,0.2,0.73,1
1476795362,0.84,-0.46,0.98,0.01,0.02,0
1952637069,-0.75,-1.41,0.94,0.01,0.05,0
1515774627,-0.5,-1.03,0.9,0.01,0.09,0
1164537609,-0.81,-0.77,0.09,0.15,0.77,2
1415964419,0.84,0.52,0.61,0.1,0.29,0
1361351669,-0.06,-0.38,0.72,0.05,0.23,1
3873367761,1.2,-0.56,0.99,0.0,0.01,0
3258865589,-0.87,-0.82,0.08,0.17,0.75,1
3537028781,-0.66,-0.74,0.25,0.08,0.67,2
436177939,-0.76,-0.81,0.18,0.08,0.74,1
1997789128,0.22,-1.25,0.99,0.0,0.01,0
1561600123,2.48,0.03,1.0,0.0,0.0,0
506642930,-0.56,0.17,0.02,0.92,0.07,1
1126152072,-0.93,-1.02,0.27,0.06,0.67,0
441585444,-1.35,1.15,0.0,1.0,0.0,1
1180715321,-0.28,-0.36,0.26,0.1,0.64,0
2359151473,-0.5,0.22,0.02,0.91,0.07,1
2977767236,-0.62,0.08,0.02,0.91,0.07,1
3513684647,-0.85,-0.81,0.08,0.16,0.76,2
477221064,-0.14,-0.48,0.75,0.05,0.2,0
977470878,-0.84,-0.85,0.12,0.09,0.79,2
2001955660,-1.43,-1.59,0.32,0.04,0.64,2
2412489806,0.71,-0.79,0.99,0.0,0.01,0
2321002956,0.01,0.19,0.1,0.46,0.44,1
1877980551,-0.7,-0.21,0.03,0.84,0.13,1
3138667899,-0.72,-0.72,0.11,0.1,0.79,2
266906277,2.02,0.5,0.98,0.01,0.01,0
2584761902,-1.2,-0.98,0.04,0.57,0.39,0
3330341806,-0.57,-0.89,0.78,0.03,0.19,0
151335809,2.16,-0.08,1.0,0.0,0.0,0
3797482474,-1.34,0.04,0.0,0.98,0.01,1
611278812,-1.17,0.59,0.0,0.99,0.01,1
437473665,-0.44,0.88,0.01,0.97,0.02,1
3729581395,0.11,-0.8,0.96,0.01,0.03,0
1687692727,-0.66,-0.26,0.03,0.79,0.18,1
428990036,1.4,0.14,0.97,0.01,0.02,0
212049783,1.87,-0.74,1.0,0.0,0.0,0
4094258397,2.14,-1.3,1.0,0.0,0.0,0
758487427,0.4,-1.02,0.99,0.0,0.01,0
2883848090,0.84,-1.3,1.0,0.0,0.0,0
3472560204,-0.37,0.76,0.01,0.96,0.03,1
3220689602,1.12,2.41,0.01,0.97,0.02,1
2591644924,0.23,-0.61,0.94,0.01,0.04,0
131428961,-0.74,-0.58,0.06,0.47,0.48,1
927781329,-0.41,-0.41,0.14,0.12,0.74,2
300446022,-0.89,-0.89,0.11,0.09,0.8,2
921198118,-0.77,-0.72,0.08,0.18,0.74,2
3758091796,-0.62,2.42,0.0,1.0,0.0,1
2103734830,0.76,0.26,0.8,0.06,0.14,0
3916480261,-0.27,-0.84,0.91,0.02,0.08,0
4182362431,0.36,-0.37,0.92,0.02,0.06,0
2526378865,-0.8,-0.81,0.11,0.09,0.8,0
941519148,0.23,-0.54,0.93,0.02,0.05,0
3755586917,-0.77,-0.86,0.28,0.07,0.65,0
3175417030,0.43,0.48,0.16,0.23,0.61,1
2321026949,-0.13,0.37,0.04,0.83,0.13,1
2986364651,0.38,-0.3,0.9,0.03,0.07,0
3271455005,-1.22,-0.23,0.01,0.96,0.03,1
854225728,-0.87,-0.9,0.14,0.08,0.78,2
1096700745,0.14,2.05,0.0,0.99,0.0,1
2006871879,-0.92,0.43,0.01,0.98,0.01,1
2511610981,-1.2,-1.23,0.11,0.07,0.82,2
1277043242,1.35,1.22,0.32,0.13,0.55,2
4127980058,-0.7,-0.71,0.13,0.09,0.78,2
282994777,-0.54,-0.5,0.1,0.17,0.73,2
3937532425,0.04,-0.5,0.88,0.03,0.09,0
201436038,-0.17,0.06,0.08,0.55,0.37,1
3337487422,-1.06,-0.79,0.03,0.68,0.29,1
3275944646,0.38,-0.78,0.98,0.01,0.02,0
1212767535,-0.76,-0.8,0.17,0.08,0.75,2
692071577,1.07,-0.8,0.99,0.0,0.0,0
1717472588,-0.23,-0.34,0.35,0.09,0.55,2
658835196,2.62,0.58,0.99,0.0,0.0,0
1129094985,-1.91,0.5,0.0,1.0,0.0,1
3229827917,1.51,-0.71,1.0,0.0,0.0,1
1295489214,-0.47,-0.48,0.14,0.11,0.75,2
1798067323,-0.45,-1.31,0.97,0.0,0.03,0
4094198877,0.03,1.55,0.01,0.98,0.01,1
2237157568,1.42,-1.83,1.0,0.0,0.0,0
2334661405,-1.08,-0.56,0.02,0.86,0.12,1
2449509142,-0.8,-0.82,0.12,0.09,0.79,2
2090537923,-0.36,-1.6,0.99,0.0,0.01,0
663596873,-0.61,1.28,0.0,0.99,0.0,1
1797684531,-1.18,-1.05,0.05,0.35,0.6,1
3091314310,0.15,-1.0,0.98,0.0,0.02,0
3252962568,0.28,0.39,0.13,0.32,0.54,1
2514504678,-1.09,0.54,0.0,0.99,0.01,1
467302219,-1.56,-0.71,0.01,0.95,0.05,1
3693887115,-1.43,-0.3,0.01,0.97,0.02,1
2993686823,-0.96,-0.15,0.01,0.94,0.05,1
1162956685,-0.06,-0.98,0.96,0.01,0.03,0
639169386,-1.05,-1.36,0.71,0.02,0.27,0
1772226403,-0.61,-0.77,0.48,0.06,0.46,2
3492903811,0.7,-0.52,0.97,0.01,0.02,0
4221790380,2.31,0.05,1.0,0.0,0.0,0
717070125,-0.77,-0.77,0.1,0.1,0.8,2
66699553,-0.95,-0.55,0.03,0.8,0.18,1
909228385,-0.09,-0.26,0.45,0.09,0.46,0
107654757,1.7,0.91,0.9,0.03,0.07,0
4099420773,0.19,-0.06,0.52,0.1,0.38,0
1853072853,2.7,0.62,0.99,0.0,0.0,0
2049913641,-0.77,1.96,0.0,1.0,0.0,1
1988023375,2.3,-1.3,1.0,0.0,0.0,0
4214876898,-0.8,-0.86,0.19,0.08,0.73,0
181975665,-0.91,-0.08,0.01,0.94,0.05,2
1140392359,-0.28,-0.89,0.92,0.01,0.07,0
3370975046,-0.58,0.42,0.01,0.95,0.03,1
3693621168,0.06,1.91,0.0,0.99,0.0,1
1865782479,-0.66,-1.23,0.91,0.01,0.08,0
2686843945,-0.91,-1.01,0.27,0.06,0.67,2
1265076075,-0.68,-0.3,0.04,0.77,0.19,1
4036605122,-0.71,-0.72,0.12,0.1,0.78,2
3418948634,0.54,0.46,0.26,0.15,0.59,0
1440567911,0.1,2.33,0.0,1.0,0.0,1
1915224966,-0.43,-1.05,0.92,0.01,0.06,0
4165400724,-0.42,-0.61,0.54,0.06,0.4,0
128655717,-0.89,0.12,0.01,0.96,0.03,1
3004769244,-0.72,-0.84,0.36,0.06,0.58,0
4113734497,0.52,-1.42,1.0,0.0,0.0,0
1161348037,-1.41,0.75,0.0,1.0,0.0,1
3520340014,-0.18,-0.6,0.83,0.03,0.14,0
816173320,0.14,-1.59,1.0,0.0,0.0,0
2187924745,-0.79,-0.77,0.09,0.13,0.78,2
2330362941,1.37,-1.24,1.0,0.0,0.0,0
3022505240,2.33,-1.2,1.0,0.0,0.0,0
2376380080,-1.74,-1.8,0.11,0.05,0.84,2
728245436,-0.67,-0.68,0.12,0.1,0.78,2
3623284182,-1.45,-1.56,0.22,0.05,0.73,1
582120045,-0.61,1.74,0.0,1.0,0.0,1
4205590831,-0.85,-0.86,0.11,0.09,0.8,2
1632122545,0.73,0.81,0.15,0.27,0.58,2
1499643754,-1.55,-1.59,0.1,0.06,0.84,2
2272071919,-0.25,0.21,0.04,0.81,0.15,1
3657565753,-0.79,0.57,0.01,0.98,0.01,1
3182330394,0.43,0.5,0.15,0.26,0.59,2
4039157492,-0.78,-0.15,0.02,0.9,0.08,1
3009555017,-1.41,-1.41,0.08,0.09,0.84,2
1406861093,-0.43,1.7,0.0,1.0,0.0,1
2410716837,-0.59,-0.67,0.28,0.08,0.64,0
745286912,1.22,-0.39,0.99,0.0,0.01,0
2240093497,-0.91,-0.88,0.08,0.14,0.78,2
3137552787,-0.45,-1.41,0.97,0.0,0.02,0
3134984933,-0.4,-0.02,0.05,0.76,0.19,1
43641645,-0.64,-0.52,0.07,0.35,0.58,1
3720699524,-1.02,-1.0,0.08,0.11,0.8,0
2515440999,-0.68,0.91,0.0,0.99,0.01,1
207507311,-0.82,-0.82,0.1,0.11,0.8,1
3144171480,-0.84,-0.78,0.08,0.18,0.74,1
3670596186,-0.63,-0.82,0.54,0.05,0.41,0
3412002510,-0.77,-0.78,0.11,0.09,0.79,2
3191969103,0.81,0.41,0.71,0.08,0.21,2
3679211938,0.53,-0.91,0.99,0.0,0.01,2
2771200989,1.16,-0.86,1.0,0.0,0.0,0
1064404353,-0.05,0.02,0.13,0.25,0.62,2
683946311,0.09,-1.39,0.99,0.0,0.01,0
2695397548,1.14,-1.21,1.0,0.0,0.0,0
740273517,0.54,0.63,0.14,0.28,0.57,2
3839075938,-0.84,-0.84,0.1,0.1,0.8,2
1414125483,-1.05,-1.05,0.09,0.09,0.82,2
2234000878,0.54,1.26,0.03,0.91,0.07,1
1114510169,-0.5,-0.77,0.71,0.04,0.25,0
3563755600,-0.79,-0.79,0.1,0.1,0.8,2
1140104757,1.05,-1.24,1.0,0.0,0.0,0
3065844885,0.46,1.03,0.04,0.85,0.11,2
3699863168,-1.16,-0.38,0.01,0.93,0.06,1
1672371508,-1.28,0.91,0.0,1.0,0.0,1
4290218189,-1.01,-0.57,0.02,0.82,0.16,1
1931738263,-0.38,-0.81,0.84,0.02,0.13,2
2398057208,-0.46,-0.58,0.39,0.07,0.54,2
4263561225,0.89,-0.71,0.99,0.0,0.01,0
4221564991,-1.41,1.34,0.0,1.0,0.0,1
3051315031,0.42,1.15,0.03,0.91,0.07,1
1059702344,-0.93,-1.42,0.89,0.01,0.1,0
3384346567,0.18,-0.91,0.97,0.01,0.02,0
791119613,1.59,-0.77,1.0,0.0,0.0,0
3530177344,-1.24,1.54,0.0,1.0,0.0,1
3563201707,-1.35,-1.34,0.07,0.1,0.83,0
914284819,-1.46,0.45,0.0,1.0,0.0,1
4173074985,-0.22,1.73,0.0,0.99,0.0,1
3324667349,-0.54,-1.23,0.94,0.01,0.05,0
835588426,-1.44,-1.46,0.1,0.07,0.84,1
1002512422,-0.61,-0.61,0.12,0.11,0.78,2
3378320932,-0.78,-0.82,0.17,0.08,0.75,2
3435835048,-0.82,-0.71,0.07,0.31,0.62,1
676559658,-0.76,-1.5,0.95,0.0,0.04,0
902625505,-0.77,-0.73,0.09,0.15,0.76,2
1202808027,1.03,0.38,0.86,0.04,0.09,0
2194633758,-0.54,-0.46,0.09,0.25,0.66,2
4053039316,-0.87,-0.22,0.02,0.9,0.08,1
1143670450,-0.08,-0.08,0.17,0.17,0.67,2
2808695571,-0.84,1.99,0.0,1.0,0.0,1
3626561917,-0.79,-0.9,0.32,0.06,0.62,2
3342579396,-1.12,-1.31,0.46,0.04,0.5,0
2937827162,0.29,1.75,0.01,0.98,0.01,1
4293765835,-0.9,-0.9,0.1,0.1,0.81,2
3062544916,-0.79,-0.77,0.09,0.13,0.78,2
3174888362,0.45,-0.7,0.97,0.01,0.02,0
1820676528,1.71,-0.28,0.99,0.0,0.0,0
3498118198,2.14,1.06,0.95,0.02,0.03,0
2445425357,1.12,2.03,0.02,0.94,0.04,2
4100726823,-0.45,-0.47,0.17,0.1,0.72,0
269068005,-0.74,-0.77,0.14,0.09,0.77,2
2257485351,-0.94,-0.89,0.08,0.15,0.77,0
3644645477,-1.41,-0.6,0.01,0.94,0.05,1
3309065682,-0.82,-0.94,0.32,0.06,0.62,2
210343643,-1.02,-1.02,0.09,0.1,0.81,2
3392042802,0.84,0.06,0.9,0.03,0.07,0
200887395,-0.87,1.06,0.0,0.99,0.0,1
560399427,2.56,1.44,0.96,0.01,0.03,0
4102192667,-0.9,2.23,0.0,1.0,0.0,1
3818106976,-0.26,-0.77,0.89,0.02,0.09,0
4126794935,-0.84,-0.54,0.04,0.71,0.25,1
4109494475,-1.47,-0.99,0.01,0.84,0.14,2
3232340306,-1.45,0.35,0.0,0.99,0.0,1
580083281,1.34,-0.66,1.0,0.0,0.0,0
2729209698,-0.69,-0.74,0.2,0.08,0.72,2
1124935797,-0.12,-0.13,0.18,0.15,0.68,2
2099871418,-0.2,-1.12,0.97,0.01,0.03,0
342597137,-1.09,0.58,0.0,0.99,0.01,1
3181377078,-0.16,-0.71,0.89,0.02,0.09,0
3881638188,-0.5,-0.39,0.08,0.33,0.59,1
3636958299,-1.45,2.41,0.0,1.0,0.0,1
44341326,2.47,-1.05,1.0,0.0,0.0,0
560260100,0.65,-1.4,1.0,0.0,0.0,0
1645990150,-1.04,-0.98,0.07,0.18,0.75,2
4171879266,-0.84,-0.84,0.1,0.1,0.8,2
4043553788,-1.63,2.69,0.0,1.0,0.0,1
3786067200,0.12,0.08,0.21,0.16,0.63,2
2776640527,-0.54,-0.61,0.25,0.08,0.67,2
2847846196,-0.38,-0.31,0.11,0.22,0.68,2
3616333863,1.12,-0.4,0.98,0.0,0.01,0
3545555202,-1.23,0.43,0.0,0.99,0.01,1
2621852829,0.7,1.78,0.01,0.96,0.03,1
3417374214,-0.85,-1.02,0.48,0.05,0.48,0
2935927209,0.31,-1.2,0.99,0.0,0.01,0
975507227,0.73,-0.86,0.99,0.0,0.01,0
3650971193,0.19,0.05,0.34,0.13,0.54,0
3114229518,0.66,-0.13,0.91,0.03,0.06,0
4130752406,-0.77,-0.76,0.1,0.12,0.79,2
1430037269,0.32,-1.34,0.99,0.0,0.0,0
1762791831,0.8,0.39,0.73,0.08,0.19,0
312870461,-0.82,-0.87,0.16,0.08,0.76,2
4225209826,-1.23,-1.27,0.11,0.07,0.82,0
1274129217,-1.46,-1.3,0.04,0.39,0.57,0
3556007013,1.88,-1.78,1.0,0.0,0.0,0
460627168,-0.8,-0.81,0.11,0.09,0.8,2
3880020155,-1.47,-0.2,0.0,0.98,0.02,1
436402447,-1.5,-1.59,0.17,0.05,0.78,2
2964960933,1.45,-0.71,1.0,0.0,0.0,0
3090092744,1.22,-0.41,0.99,0.0,0.01,0
2354215536,-0.78,-0.79,0.12,0.09,0.79,2
818888212,-0.07,2.03,0.0,1.0,0.0,1
639554124,-0.76,-0.76,0.11,0.1,0.8,2
3859259114,-0.84,-0.88,0.14,0.08,0.78,2
1931761082,0.38,-1.08,0.99,0.0,0.01,0
2726252555,-1.76,-1.68,0.05,0.17,0.78,2
1875715082,-0.74,-0.75,0.12,0.1,0.79,2
1859563712,1.3,1.17,0.32,0.13,0.54,2
2093617092,0.64,0.82,0.12,0.43,0.45,1
798760358,-0.42,-0.22,0.07,0.55,0.39,2
3571763831,0.41,1.72,0.01,0.97,0.02,1
3886881095,-0.96,-0.96,0.09,0.09,0.81,2
1654881958,0.46,0.45,0.2,0.18,0.61,1
2469034734,1.12,-1.38,1.0,0.0,0.0,0
2095024558,-0.56,-0.63,0.24,0.08,0.68,0
3923390938,-0.43,-0.43,0.14,0.12,0.74,2
1838722169,0.29,-0.56,0.94,0.01,0.04,0
2674807619,-0.6,0.74,0.01,0.98,0.02,0
1280012586,-0.47,0.35,0.02,0.93,0.05,1
2872695000,-0.21,-0.95,0.94,0.01,0.05,0
968051836,-0.86,0.55,0.01,0.98,0.01,1
3169805531,-0.66,-0.68,0.14,0.09,0.76,2
4164366962,1.36,2.84,0.01,0.98,0.01,1
2648901215,-0.21,-0.72,0.88,0.02,0.1,0
880994529,1.98,-0.78,1.0,0.0,0.0,0
2994747648,-0.76,-0.77,0.12,0.09,0.78,2
2131286523,0.45,1.91,0.01,0.98,0.01,1
236942002,-1.12,-0.16,0.01,0.96,0.03,1
3813525143,-1.41,-0.42,0.01,0.96,0.03,1
760926556,-0.59,-0.73,0.44,0.06,0.5,0
2814572362,-0.26,-0.01,0.07,0.61,0.32,1
3364913088,-0.38,2.45,0.0,1.0,0.0,1
3566938961,-1.76,2.55,0.0,1.0,0.0,1
2578822795,-1.2,-0.12,0.01,0.97,0.03,1
3995549356,2.06,0.95,0.95,0.02,0.03,0
725618529,1.16,1.24,0.16,0.26,0.59,1
4132995526,0.89,-0.84,0.99,0.0,0.01,0
151552176,0.25,0.62,0.06,0.71,0.22,1
2458536618,-0.45,-0.57,0.39,0.08,0.54,2
587144805,-1.5,-0.14,0.0,0.98,0.01,1
1624790682,-0.86,-0.88,0.12,0.09,0.8,1
1618382647,-0.81,1.6,0.0,1.0,0.0,1
3660767266,-0.87,-0.89,0.12,0.09,0.79,1
734183118,0.72,0.03,0.89,0.03,0.08,0
3428957304,0.04,-0.84,0.96,0.01,0.04,0
2934667050,-0.25,-0.81,0.9,0.02,0.08,0
688414035,0.91,1.08,0.13,0.39,0.48,1
3820448030,-0.77,-0.77,0.1,0.1,0.8,2
228578967,-0.81,-0.81,0.1,0.1,0.8,2
1182116141,-0.89,-0.89,0.1,0.1,0.81,2
1552058837,-0.95,0.06,0.01,0.96,0.03,1
3226196897,0.1,1.25,0.01,0.96,0.03,1
3762198604,1.12,-0.79,0.99,0.0,0.0,0
1222870224,-0.78,-0.78,0.1,0.1,0.8,2
3716444822,-0.94,-1.02,0.22,0.07,0.71,2
3665371388,0.38,0.67,0.08,0.63,0.29,1
1140738810,0.1,-0.54,0.91,0.02,0.07,0
573288573,-0.74,-0.74,0.11,0.1,0.79,2
2565077999,-0.16,-0.95,0.95,0.01,0.04,0
2332522636,-1.33,-0.66,0.01,0.91,0.08,1
861507153,-1.69,-0.06,0.0,0.99,0.01,1
3052959138,-0.82,-0.84,0.12,0.09,0.79,2
3942925071,-0.3,-0.84,0.9,0.02,0.09,0
1969332395,-1.98,-0.47,0.0,0.99,0.01,1
1191054506,-0.77,-0.77,0.1,0.1,0.8,2
292323466,-0.78,-0.79,0.12,0.09,0.79,2
4252534482,-1.23,-0.46,0.01,0.93,0.06,1
2784946160,-1.41,-1.67,0.55,0.03,0.42,2
1369126457,-0.79,-0.81,0.12,0.09,0.79,2
3651363537,-0.21,-1.02,0.95,0.01,0.04,0
3437660479,-1.64,0.01,0.0,0.99,0.01,1
3609699429,-0.21,-0.38,0.49,0.08,0.44,0
3600114959,-0.2,-0.51,0.72,0.05,0.23,0
218316951,-0.43,-0.47,0.2,0.1,0.7,2
781612237,-1.37,2.25,0.0,1.0,0.0,1
524443744,-0.79,-0.84,0.16,0.08,0.76,2
4114264723,-0.48,-1.33,0.96,0.0,0.03,0
2080484031,-1.05,-1.06,0.1,0.08,0.82,2
4023763904,-0.89,-1.05,0.42,0.05,0.53,0
4156200449,1.18,-1.72,1.0,0.0,0.0,0
709177055,-0.38,-0.02,0.05,0.75,0.21,1
2017254710,1.28,-0.14,0.98,0.01,0.02,0
3167521866,-1.46,-0.29,0.0,0.97,0.02,1
2173298038,0.86,-1.34,1.0,0.0,0.0,0
87907321,-0.85,-0.82,0.09,0.14,0.77,2
4102068466,-0.8,-0.78,0.09,0.12,0.79,1
1192783647,-0.77,1.42,0.0,1.0,0.0,1
3686790183,1.93,2.25,0.09,0.61,0.3,2
2713200508,-0.82,-0.64,0.05,0.52,0.43,1
758272627,1.38,0.57,0.9,0.03,0.07,0
3669094371,-0.85,0.7,0.0,0.99,0.01,1
205717589,-0.47,-0.84,0.81,0.03,0.16,0
560429456,-1.38,-0.3,0.01,0.97,0.03,1
2861328535,-1.66,0.16,0.0,0.99,0.0,1
2509369154,-0.01,-1.1,0.98,0.0,0.02,0
3258195333,-0.16,-0.9,0.94,0.01,0.05,0
3154289007,-1.91,0.06,0.0,1.0,0.0,1
2797073575,-0.54,0.82,0.01,0.98,0.01,1
1984030416,0.02,-0.84,0.95,0.01,0.04,0
1273182550,-0.76,-0.75,0.1,0.11,0.79,2
815416956,-1.03,-0.47,0.02,0.88,0.11,1
4232369931,-1.37,-1.37,0.08,0.08,0.84,2
2380014412,-0.68,-0.69,0.12,0.1,0.78,2
2360906167,-0.68,-0.75,0.23,0.08,0.69,2
135900190,-0.68,-0.78,0.31,0.07,0.62,0
3714866923,-0.0,0.2,0.09,0.5,0.41,2
3463288457,0.49,0.35,0.33,0.14,0.53,2
2661813286,-1.05,2.25,0.0,1.0,0.0,1
327868680,-2.0,-1.62,0.01,0.75,0.24,1
2597881937,1.78,-0.47,1.0,0.0,0.0,0
3052301528,-0.82,-0.82,0.1,0.1,0.8,2
3347111073,-0.97,-1.02,0.17,0.07,0.76,0
3662487043,1.78,0.87,0.92,0.03,0.05,0
891786614,-0.54,-0.36,0.06,0.5,0.44,0
1466995205,0.41,-0.73,0.97,0.01,0.02,0
3968313906,-0.47,-0.2,0.05,0.67,0.28,1
812944009,-0.72,-0.81,0.27,0.07,0.66,0
815836742,-0.07,-1.55,0.99,0.0,0.01,0
1705731461,-1.15,0.66,0.0,0.99,0.0,1
2853437408,-1.07,0.54,0.0,0.99,0.01,1
2191429188,-1.08,-1.05,0.08,0.12,0.8,2
2794184157,-0.87,-0.9,0.14,0.08,0.78,1
2454942398,0.31,-0.02,0.65,0.08,0.27,0
3249638689,-0.72,-0.84,0.36,0.06,0.58,0
1391948810,-0.72,-0.73,0.12,0.1,0.79,2
4147367459,-0.61,0.52,0.01,0.96,0.03,1
1129117409,1.04,0.16,0.92,0.02,0.05,2
3254661415,-0.82,-0.78,0.08,0.16,0.76,2
3664479297,-0.93,0.43,0.01,0.98,0.01,1
3595266604,0.32,0.59,0.09,0.59,0.32,0
322103696,0.62,1.26,0.03,0.88,0.09,2
3574661821,-0.82,-0.8,0.09,0.13,0.78,2
472273690,0.41,0.08,0.62,0.09,0.29,1
1802025673,0.75,-1.27,1.0,0.0,0.0,0
4265864989,-0.85,-0.71,0.06,0.39,0.56,2
3425996862,0.41,-0.5,0.95,0.01,0.04,0
715718921,0.45,-0.21,0.89,0.03,0.08,0
66663160,-0.77,-0.77,0.1,0.1,0.8,1
2842136305,-0.35,0.21,0.03,0.86,0.11,1
2164355973,-0.51,-0.28,0.06,0.59,0.35,1
3446899736,-1.42,-1.35,0.06,0.17,0.77,1
3193173204,-0.82,-0.81,0.1,0.11,0.8,2
2100221680,2.03,1.98,0.23,0.13,0.64,2
1099744457,0.53,0.95,0.06,0.76,0.18,1
3379496553,-0.77,-0.75,0.1,0.12,0.79,2
2011363222,-0.87,-0.86,0.09,0.1,0.8,1
2755247207,0.41,-0.44,0.94,0.02,0.05,0
2389743946,-0.79,-0.8,0.11,0.09,0.79,1
583401128,-1.15,-0.75,0.02,0.8,0.18,2
4263965264,-0.5,1.26,0.0,0.99,0.01,1
1437491031,-0.81,-0.84,0.15,0.08,0.77,2
2530457445,0.89,-1.17,1.0,0.0,0.0,0
3078568142,-0.88,-0.97,0.26,0.07,0.67,2
4094547137,-0.93,-0.94,0.11,0.09,0.81,2
2458752047,1.8,-1.12,1.0,0.0,0.0,0
872340651,2.17,-1.1,1.0,0.0,0.0,0
2724657758,-0.75,-0.73,0.1,0.12,0.78,1
882071742,0.39,-1.12,0.99,0.0,0.01,0
1057574512,1.97,-0.57,1.0,0.0,0.0,0
3635579152,0.58,-1.28,1.0,0.0,0.0,0
1168442081,-0.88,-0.86,0.09,0.11,0.8,2
1517393005,1.5,0.18,0.97,0.01,0.02,0
1856205123,1.06,0.18,0.92,0.02,0.05,0
1356522172,0.71,-0.2,0.94,0.02,0.05,1
4110616793,1.12,0.33,0.9,0.03,0.07,0
2027659245,0.73,-1.21,1.0,0.0,0.0,0
1181740961,0.73,-0.31,0.95,0.01,0.03,0
169063413,1.93,1.93,0.19,0.16,0.65,2
1665230040,-0.74,-0.72,0.1,0.12,0.78,2
2420967852,0.28,-1.81,1.0,0.0,0.0,0
1959878363,0.99,-1.56,1.0,0.0,0.0,0
228286132,1.73,2.06,0.09,0.63,0.28,2
3811232664,1.05,-0.21,0.97,0.01,0.02,0
1328836121,-1.74,0.07,0.0,0.99,0.0,1
456927373,-0.1,1.59,0.0,0.99,0.01,1
2653910716,-0.93,-0.97,0.15,0.08,0.77,2
2014913197,-0.78,-0.8,0.13,0.09,0.78,0
1483862884,-0.77,-0.77,0.11,0.1,0.79,2
2162251511,-0.64,-0.65,0.13,0.1,0.77,2
3966912601,0.81,-0.71,0.99,0.0,0.01,0
545195104,1.47,1.05,0.72,0.08,0.2,0
2542925282,-0.82,0.24,0.01,0.96,0.03,1
4268139529,-0.54,-0.25,0.05,0.69,0.26,1
1676497076,-0.47,-0.3,0.07,0.45,0.47,1
1108862607,-0.84,-0.77,0.07,0.21,0.71,2
4235349088,-0.55,-0.49,0.09,0.21,0.7,2
3422936869,-1.67,1.18,0.0,1.0,0.0,1
926101126,-0.78,-0.72,0.08,0.19,0.73,2
658769774,-0.85,-0.82,0.09,0.14,0.77,2
2888855780,-1.26,-1.05,0.03,0.56,0.41,1
1388563500,-0.84,-0.82,0.09,0.12,0.79,2
2647981242,-0.81,-0.84,0.14,0.08,0.78,2
3699865854,0.33,1.44,0.01,0.96,0.03,1
405233008,-0.82,-0.82,0.11,0.09,0.8,0
2790759779,1.15,-1.61,1.0,0.0,0.0,0
2241867482,-0.77,-1.2,0.85,0.02,0.13,2
2557086860,-0.68,0.22,0.01,0.94,0.04,1
2523611816,-0.87,-0.91,0.16,0.08,0.77,0
1954156651,0.27,-0.54,0.94,0.01,0.05,0
1012333984,-1.27,-1.28,0.1,0.07,0.83,2
3602600687,-0.84,-0.84,0.1,0.1,0.8,2
445335542,-0.67,-1.41,0.95,0.01,0.04,0
542590145,1.39,-0.07,0.98,0.01,0.01,0
4041124492,0.26,0.32,0.15,0.24,0.61,2
1690490188,-0.61,1.2,0.0,0.99,0.01,1
1080187102,-0.84,-0.84,0.1,0.1,0.8,2
1513917216,-0.11,-1.09,0.97,0.01,0.02,0
2967728446,0.26,-0.36,0.89,0.03,0.08,0
206584844,1.09,-0.82,0.99,0.0,0.0,0
371327669,-0.86,-0.85,0.09,0.1,0.8,2
3421871419,-0.47,-0.49,0.16,0.1,0.74,2
1471543805,-0.92,-0.9,0.09,0.11,0.8,1
404564233,-1.42,0.93,0.0,1.0,0.0,1
3147131053,-0.84,-0.84,0.1,0.1,0.8,2
669849511,-0.69,-0.71,0.14,0.09,0.77,2
353162061,-0.02,-0.04,0.19,0.15,0.66,2
3579445515,-0.84,-0.76,0.07,0.23,0.7,2
4023729341,-0.88,0.98,0.0,0.99,0.0,1
4181145755,-0.41,-0.41,0.14,0.12,0.74,2
1770257489,-0.67,2.23,0.0,1.0,0.0,1
2379090451,1.32,0.71,0.85,0.05,0.1,0
1648261975,-0.82,-0.85,0.15,0.08,0.77,0
4287311513,-0.88,1.5,0.0,1.0,0.0,1
943256316,-0.81,-0.71,0.07,0.27,0.66,2
3907771450,-0.77,-0.62,0.06,0.44,0.51,2
1318261886,0.17,-0.68,0.95,0.01,0.04,0
634495536,0.84,0.8,0.23,0.17,0.6,2
4278584980,-0.14,-0.03,0.11,0.31,0.58,0
1616104820,-0.78,-0.72,0.08,0.19,0.73,2
3092160493,-0.65,-1.07,0.85,0.02,0.13,0
3613611565,-1.33,0.56,0.0,0.99,0.0,1
2099617488,1.32,-0.46,0.99,0.0,0.01,0
2903487704,0.2,-0.29,0.85,0.04,0.11,0
1570005821,1.28,-0.33,0.99,0.0,0.01,0
88518623,-1.16,-1.12,0.07,0.15,0.78,1
2144212180,-0.4,-0.3,0.09,0.29,0.62,2
2804778603,-0.59,-0.81,0.62,0.05,0.33,0
3420200995,1.38,-1.7,1.0,0.0,0.0,0
1601191587,0.71,0.39,0.6,0.1,0.3,0
2356505943,-0.32,0.56,0.02,0.93,0.05,1
549216751,-0.78,-0.81,0.14,0.09,0.77,2
2035231411,-0.14,-0.13,0.15,0.17,0.68,2
1958220056,-0.75,-0.74,0.1,0.11,0.79,2
1164404252,-0.18,-0.53,0.77,0.04,0.19,2
1412867663,-0.86,2.53,0.0,1.0,0.0,1
770186943,0.82,-0.76,0.99,0.0,0.01,0
2630686216,-0.82,-0.82,0.1,0.1,0.8,2
2784465461,-0.37,0.15,0.03,0.85,0.12,1
3485505711,-0.18,0.34,0.04,0.84,0.12,1
1351663061,-0.47,-0.45,0.12,0.13,0.75,1
3174376648,0.57,-0.45,0.96,0.01,0.03,0
2795657341,1.2,-1.9,1.0,0.0,0.0,0
1965440466,-0.9,-0.82,0.07,0.23,0.7,2
2439584473,1.36,-1.02,1.0,0.0,0.0,0
1247199386,-1.16,0.47,0.0,0.99,0.01,1
4125484124,0.14,-0.14,0.6,0.08,0.32,0
1939850026,0.04,2.31,0.0,1.0,0.0,1
3197100555,-0.82,1.93,0.0,1.0,0.0,1
1770653368,1.52,-0.06,0.98,0.01,0.01,0
1953843140,0.65,0.92,0.1,0.56,0.34,1
924977659,2.5,2.66,0.13,0.34,0.53,2
1906949958,-0.78,-0.78,0.1,0.1,0.8,2
4026808802,-0.21,-1.59,0.99,0.0,0.01,0
1389996409,-0.86,-0.89,0.13,0.08,0.78,2
3518255919,-1.38,0.92,0.0,1.0,0.0,1
2552322088,-0.64,-0.63,0.11,0.11,0.78,2
2074146250,0.33,-1.42,1.0,0.0,0.0,0
1041858887,1.59,-0.5,1.0,0.0,0.0,0
3454848093,1.84,1.93,0.15,0.25,0.6,0
1621208717,0.33,-1.06,0.99,0.0,0.01,0
468660756,0.47,2.36,0.0,0.99,0.0,1
3117438367,0.09,0.01,0.26,0.13,0.61,1
2714127952,-0.88,-0.9,0.13,0.08,0.79,0
1280239011,1.32,0.19,0.95,0.01,0.03,0
3988511097,0.43,1.12,0.03,0.9,0.07,1
230219826,1.31,0.62,0.87,0.04,0.09,0
1414828450,-0.33,-0.54,0.58,0.06,0.36,0
3760726154,-1.76,-0.72,0.0,0.97,0.03,1
1509947650,-0.95,-0.95,0.1,0.09,0.81,1
2866436323,-0.74,-0.76,0.13,0.09,0.78,2
2786900627,-0.77,-0.75,0.1,0.12,0.79,1
3571676119,0.82,-1.05,1.0,0.0,0.0,0
3445416051,-0.88,-0.87,0.09,0.1,0.8,0
1529350394,-0.67,0.78,0.01,0.98,0.01,1
1374736198,1.13,0.53,0.84,0.05,0.11,0
2990605336,-0.81,-0.77,0.09,0.15,0.77,2
4081002165,-0.67,-0.65,0.1,0.13,0.77,2
3833867306,-1.3,1.05,0.0,1.0,0.0,1
4099998699,-0.82,-0.81,0.09,0.12,0.79,2
1614354108,-0.26,-1.3,0.98,0.0,0.02,0
1078321961,1.61,-1.13,1.0,0.0,0.0,0
1537002164,-0.18,-0.65,0.86,0.03,0.11,2
4222815897,-0.0,1.49,0.01,0.98,0.01,1
4163853717,0.24,-0.94,0.98,0.0,0.02,0
1140098299,0.62,-0.29,0.94,0.02,0.04,0
3673241598,-1.52,-0.94,0.01,0.88,0.1,1
110738755,-1.03,-0.66,0.03,0.78,0.2,1
3966885037,1.56,0.64,0.92,0.03,0.05,0
246435261,-0.5,-0.77,0.71,0.04,0.25,0
1037881940,-0.57,-0.45,0.07,0.36,0.57,2
2350603154,0.82,0.93,0.15,0.31,0.55,2
2305768573,-0.79,-0.79,0.1,0.1,0.8,2
3026236063,0.73,2.25,0.01,0.98,0.01,1
969536442,-1.7,1.88,0.0,1.0,0.0,1
2895257656,2.67,-0.15,1.0,0.0,0.0,0
3868536248,-1.02,-0.85,0.05,0.47,0.48,2
3842036952,-0.51,-1.05,0.9,0.01,0.08,0
3257051012,-0.76,-1.1,0.79,0.02,0.19,0
1952184284,-1.14,-1.13,0.08,0.1,0.82,2
4016693631,-1.65,-0.32,0.0,0.98,0.01,1
731359047,-1.06,-0.74,0.03,0.74,0.23,1
2563680990,0.0,0.04,0.14,0.21,0.65,0
1993992589,-0.24,0.07,0.06,0.68,0.26,1
3477747107,-0.06,0.43,0.04,0.82,0.14,1
1243086686,0.14,1.03,0.02,0.93,0.05,1
959866924,-0.1,-0.67,0.9,0.02,0.08,0
3392937019,1.73,1.64,0.26,0.13,0.62,0
972365376,-1.0,-0.76,0.04,0.63,0.33,1
1674392602,2.02,1.33,0.88,0.04,0.08,0
2228868747,0.36,-0.9,0.98,0.0,0.01,0
3708780803,0.05,-0.31,0.75,0.05,0.19,0
4291600110,0.13,-0.28,0.79,0.05,0.16,0
2462457115,-1.45,-0.33,0.01,0.97,0.02,1
2143640300,1.2,0.07,0.96,0.01,0.03,0
3923596825,-1.31,-1.55,0.51,0.03,0.45,0
1378834616,-1.06,-1.07,0.1,0.08,0.82,2
2163041061,-0.2,1.3,0.01,0.98,0.01,1
1616262993,-1.48,-0.65,0.01,0.94,0.05,1
3444257138,-1.03,-0.82,0.04,0.58,0.38,1
1711164857,0.63,-0.23,0.93,0.02,0.05,0
258365560,-0.71,-0.67,0.09,0.15,0.76,2
163517117,0.12,-0.72,0.95,0.01,0.04,2
2680500475,-0.43,-1.39,0.97,0.0,0.02,0
960696121,-0.25,-0.81,0.9,0.02,0.08,0
305480516,-0.79,1.34,0.0,1.0,0.0,1
3204995138,-0.92,0.36,0.01,0.98,0.02,1
3084598297,-0.86,-0.82,0.08,0.16,0.76,2
2546241146,-0.66,0.37,0.01,0.96,0.03,1
1676062736,-0.52,-0.49,0.11,0.14,0.75,2
772136677,-0.79,-0.67,0.06,0.35,0.59,1
542820231,-0.65,-0.26,0.04,0.78,0.18,1
4130590499,-0.28,-1.15,0.96,0.01,0.03,0
2042326550,-0.94,1.47,0.0,1.0,0.0,1
748564861,-1.12,-0.11,0.01,0.96,0.03,1
2072940931,-1.91,2.3,0.0,1.0,0.0,1
2652518127,-0.58,-0.6,0.15,0.1,0.76,2
48942865,-0.62,0.91,0.0,0.99,0.01,1
2044456617,1.34,0.62,0.88,0.04,0.08,0
2881436950,-0.81,0.02,0.01,0.94,0.05,1
2379303989,-0.1,0.31,0.05,0.76,0.19,1
472414504,0.85,-0.97,0.99,0.0,0.0,0
4010450665,1.96,-1.37,1.0,0.0,0.0,0
1174273511,-0.74,-0.84,0.3,0.07,0.63,0
2910277642,-0.68,-0.54,0.06,0.41,0.53,2
2826804264,-0.11,-0.74,0.92,0.02,0.07,0
1148696013,-1.4,-0.58,0.01,0.94,0.05,1
1653835720,-0.88,-0.91,0.14,0.08,0.78,0
213331234,1.69,0.61,0.94,0.02,0.04,0
3662572515,0.73,0.38,0.66,0.09,0.25,0
3336038242,-0.29,1.88,0.0,1.0,0.0,1
1364623382,1.55,-0.18,0.99,0.0,0.01,0
2461467284,-0.79,-0.8,0.11,0.09,0.79,2
1116651284,-1.4,-1.4,0.08,0.08,0.84,0
291274588,0.32,-0.09,0.76,0.06,0.18,0
3257295014,-0.78,2.34,0.0,1.0,0.0,1
319254933,-1.41,-1.27,0.04,0.35,0.61,1
328967204,-0.77,-0.77,0.1,0.1,0.8,2
3230619383,3.12,3.22,0.15,0.24,0.61,1
2596347042,-0.72,-0.65,0.08,0.23,0.69,1
455922256,-0.82,-0.82,0.1,0.1,0.8,2
1986225891,-0.82,-0.82,0.1,0.11,0.8,2
1796565140,2.5,0.68,0.99,0.0,0.01,0
4294349169,-1.35,0.53,0.0,0.99,0.0,1
1713049505,-0.45,-0.49,0.21,0.1,0.7,2
3512353718,0.58,1.13,0.04,0.84,0.12,0
2562648264,0.23,-0.07,0.61,0.08,0.31,1
427666215,-1.6,-0.49,0.0,0.97,0.02,1
4126761898,-0.74,-0.73,0.1,0.11,0.79,2
3532126063,-1.25,-0.41,0.01,0.94,0.05,2
1569901954,-0.81,-1.33,0.9,0.01,0.09,0
3048061448,-0.48,0.06,0.03,0.86,0.11,1
565224347,0.02,0.08,0.14,0.24,0.62,1
782312162,-0.92,-0.89,0.09,0.12,0.79,2
3416355795,-0.72,-0.69,0.09,0.15,0.76,1
832403105,0.01,-0.16,0.42,0.1,0.48,0
1758513915,-0.86,2.7,0.0,1.0,0.0,1
3687074879,-0.7,-0.78,0.26,0.07,0.67,2
2068023116,1.45,1.16,0.54,0.11,0.35,2
3556554586,-0.34,0.03,0.05,0.76,0.2,1
1499733678,1.07,-0.6,0.99,0.0,0.01,0
4282109608,-1.46,0.04,0.0,0.99,0.01,1
3357839521,-0.66,-0.76,0.29,0.07,0.63,0
718433834,-0.47,-0.47,0.13,0.12,0.75,1
746472694,0.34,-0.08,0.78,0.06,0.17,0
2612342343,1.01,-0.88,0.99,0.0,0.0,0
4102514202,-0.5,-0.52,0.15,0.11,0.75,0
2356205959,-0.57,-0.57,0.12,0.11,0.77,2
2470373437,0.39,0.16,0.47,0.12,0.41,0
1264177867,0.59,0.39,0.41,0.13,0.45,1
200425477,-0.18,0.33,0.04,0.84,0.12,0
1131165153,-1.16,0.15,0.01,0.98,0.02,1
4082822557,0.08,-0.53,0.9,0.02,0.08,0
508237759,-1.18,-1.06,0.05,0.3,0.64,2
1507182811,0.01,-0.07,0.26,0.13,0.61,2
2260351095,0.46,-0.87,0.98,0.0,0.01,0
4003870179,-0.85,-0.13,0.02,0.92,0.06,1
236609955,-1.1,0.55,0.0,0.99,0.01,1
2807872061,-1.68,-1.73,0.11,0.05,0.84,2
2767944159,-0.87,-0.89,0.13,0.08,0.79,0
2934804039,0.21,0.17,0.21,0.17,0.62,2
1731847910,-0.02,-0.82,0.95,0.01,0.04,0
999618947,0.69,-0.67,0.98,0.0,0.01,0
1251467051,-0.82,-0.82,0.1,0.1,0.8,2
1159925093,-0.81,-0.82,0.11,0.09,0.8,2
2149690703,-0.9,-0.93,0.12,0.08,0.79,0
1172030107,-1.34,-1.31,0.07,0.12,0.82,2
2888146858,0.3,2.33,0.0,0.99,0.0,1
2005129540,2.23,2.36,0.14,0.3,0.56,2
987355737,-0.11,-0.51,0.81,0.04,0.15,1
1534510456,-1.52,-1.54,0.09,0.07,0.84,2
3933914412,1.02,-1.65,1.0,0.0,0.0,0
70585397,-1.16,-1.14,0.08,0.1,0.82,2
84127059,0.87,0.3,0.84,0.05,0.12,0
435951302,-1.09,-0.52,0.02,0.88,0.11,1
226843085,-0.45,0.53,0.01,0.95,0.04,1
3725974457,0.56,-0.47,0.96,0.01,0.03,0
2749017932,-1.66,-1.65,0.07,0.08,0.85,2
1886109441,-0.68,-0.74,0.22,0.08,0.7,2
2498761687,0.12,0.35,0.09,0.54,0.37,0
3643364753,-1.02,0.35,0.01,0.98,0.01,1
693954182,-0.19,-0.17,0.14,0.17,0.69,2
2442047779,-1.4,0.39,0.0,0.99,0.0,1
1602619419,-0.74,0.53,0.01,0.97,0.02,1
893360463,-0.29,-0.33,0.21,0.11,0.68,2
1446006553,-1.49,-0.92,0.01,0.88,0.11,1
4123697601,0.97,1.64,0.03,0.89,0.08,1
2190532097,0.4,-0.76,0.98,0.01,0.02,0
2092838003,-1.31,-0.85,0.02,0.83,0.15,1
637001777,-0.95,-0.7,0.04,0.66,0.3,1
3920738399,-0.75,-0.77,0.14,0.09,0.78,2
4071564983,0.25,-0.21,0.82,0.05,0.14,0
3976290904,-0.57,1.08,0.0,0.99,0.01,1
2280854288,-1.09,-0.16,0.01,0.95,0.04,1
2270429608,-1.27,-1.3,0.1,0.07,0.83,1
285048978,-0.68,-0.33,0.04,0.74,0.22,1
2876888697,0.48,0.94,0.05,0.79,0.16,2
3802311431,-0.82,-0.82,0.1,0.11,0.8,2
3715268410,-0.81,-0.82,0.11,0.09,0.8,0
3482509484,-1.43,0.87,0.0,1.0,0.0,1
359531458,-1.59,-1.44,0.04,0.35,0.61,1
1455597957,-0.82,-0.82,0.1,0.11,0.8,2
3862574318,-0.84,-0.84,0.1,0.1,0.8,2
1733418406,2.53,-0.29,1.0,0.0,0.0,0
1697804885,-0.82,-0.74,0.07,0.24,0.69,2
3420349566,-1.12,0.45,0.0,0.99,0.01,1
2390512075,-1.87,-1.62,0.02,0.57,0.41,2
113299919,-1.12,-0.84,0.03,0.69,0.28,1
1647211124,1.5,-0.85,1.0,0.0,0.0,0
2894793444,-0.63,-0.71,0.26,0.08,0.66,0
661581944,-0.78,-0.75,0.09,0.14,0.77,2
2058358489,-1.25,-1.25,0.08,0.08,0.83,0
1604084168,-0.59,-0.69,0.32,0.07,0.6,0
3010294398,-1.63,1.7,0.0,1.0,0.0,1
3798064898,-0.9,-0.89,0.09,0.1,0.8,2
3097427500,-0.84,-0.54,0.04,0.7,0.26,0
2382032158,0.31,0.38,0.15,0.25,0.6,0
926289677,-0.78,0.7,0.01,0.98,0.01,1
1724700984,-1.18,0.33,0.0,0.99,0.01,1
3040821052,-1.38,1.0,0.0,1.0,0.0,1
2581658673,-0.18,-0.29,0.35,0.1,0.56,2
3111754994,2.84,1.71,0.96,0.01,0.02,0
3501962113,2.36,-0.17,1.0,0.0,0.0,0
4102359692,-1.38,-0.8,0.01,0.88,0.11,1
2241208532,-0.5,-0.47,0.11,0.15,0.74,2
3395295545,-0.33,-0.25,0.11,0.25,0.64,1
920499857,1.66,-0.11,0.99,0.0,0.01,0
2030134992,1.75,0.49,0.96,0.01,0.02,0
1003466948,-0.74,1.49,0.0,1.0,0.0,1
3081269762,-0.95,-0.95,0.09,0.1,0.81,2
3424316104,2.36,2.53,0.13,0.37,0.5,2
1043270039,0.87,-1.59,1.0,0.0,0.0,0
2993297850,-1.18,-1.09,0.06,0.24,0.7,1
1279083612,-1.84,-0.76,0.0,0.97,0.02,1
1606319405,-0.85,-0.86,0.11,0.09,0.8,0
1549044417,-0.27,0.43,0.03,0.9,0.07,1
2021587184,-0.71,-0.63,0.08,0.26,0.67,2
1790953968,-0.84,-0.87,0.14,0.08,0.78,2
2873418563,-0.53,-0.47,0.09,0.21,0.69,2
1346094549,-0.16,-0.25,0.29,0.11,0.6,2
675841403,-0.71,-1.14,0.85,0.02,0.13,2
3709828705,-0.71,-0.73,0.14,0.09,0.77,2
117042177,0.98,0.33,0.86,0.04,0.1,0
1314197838,-0.02,0.03,0.14,0.22,0.64,2
2001989170,-0.6,0.54,0.01,0.96,0.02,1
4068621652,-0.86,-0.89,0.13,0.08,0.78,0
100592931,0.31,-0.8,0.97,0.01,0.02,0
3222284057,1.37,-1.83,1.0,0.0,0.0,0
2469459352,-1.22,-0.29,0.01,0.95,0.04,1
765667097,-0.15,0.71,0.02,0.93,0.05,1
2515544167,-0.84,-0.84,0.11,0.09,0.8,2
1252189008,-0.88,-0.87,0.09,0.1,0.8,2
228489198,-0.58,-0.7,0.38,0.07,0.55,0
3399426754,-0.02,-0.02,0.17,0.18,0.66,2
3818266273,0.6,1.55,0.02,0.94,0.04,1
2682943289,-0.57,-0.56,0.11,0.12,0.77,2
207609056,-0.7,0.51,0.01,0.97,0.02,1
713953790,-1.31,-1.45,0.3,0.05,0.65,2
3697201848,-0.11,-0.29,0.47,0.09,0.44,0
364899585,-1.24,1.05,0.0,1.0,0.0,1
757874540,-0.41,-0.43,0.15,0.11,0.73,2
1577088239,-1.26,0.0,0.01,0.98,0.02,1
691110298,0.77,-0.95,0.99,0.0,0.01,0
2860902633,-0.38,-0.42,0.2,0.1,0.7,0
4215105062,-0.75,-0.78,0.15,0.09,0.77,2
1980609368,-1.53,2.31,0.0,1.0,0.0,1
3314549036,-0.85,-0.77,0.07,0.23,0.7,1
2844439123,-1.46,-1.56,0.21,0.05,0.75,2
527069207,2.05,-1.22,1.0,0.0,0.0,0
481964135,-0.62,-0.62,0.12,0.11,0.78,2
262297730,0.45,-0.82,0.98,0.0,0.01,0
130204179,0.76,0.7,0.24,0.16,0.59,2
1347559197,-0.74,-0.77,0.15,0.09,0.76,0
2538365707,-0.84,-0.84,0.1,0.1,0.8,2
1056584066,1.62,-1.27,1.0,0.0,0.0,0
3346073488,-1.31,0.01,0.0,0.98,0.01,1
2778876718,-0.57,0.86,0.01,0.98,0.01,1
4229518975,-0.78,-0.8,0.13,0.09,0.78,2
3264102621,-0.84,-0.84,0.11,0.09,0.8,2
3122983559,-1.22,-0.07,0.01,0.97,0.02,1
3235092988,-1.44,-0.42,0.01,0.96,0.03,1
872310352,-0.36,1.3,0.0,0.99,0.01,1
1198885547,1.37,-0.11,0.98,0.01,0.01,0
2933036036,-0.84,-0.77,0.07,0.21,0.71,1
373472020,-0.77,-0.77,0.1,0.11,0.79,2
438055073,-0.68,-0.67,0.1,0.11,0.78,2
485976825,-1.34,-1.7,0.7,0.02,0.28,0
1489581310,-1.52,1.3,0.0,1.0,0.0,1
3289521440,-0.78,0.84,0.0,0.99,0.01,1
1423911658,-1.41,0.8,0.0,1.0,0.0,1
3852673685,-0.16,-0.45,0.68,0.06,0.27,0
2158153102,-0.81,-0.81,0.1,0.1,0.8,2
3895725239,0.58,-0.7,0.98,0.01,0.02,0
716446464,-0.84,-0.84,0.11,0.09,0.8,2
2725009478,2.11,2.52,0.07,0.73,0.21,1
2800722398,-0.99,0.37,0.01,0.98,0.01,1
2624492126,0.1,-0.81,0.96,0.01,0.03,0
1968789291,0.53,-1.28,1.0,0.0,0.0,0
4025386765,-0.82,-0.71,0.07,0.29,0.64,1
812843511,-0.68,-0.65,0.1,0.15,0.76,2
477631614,-0.85,1.34,0.0,1.0,0.0,1
3798668614,-1.08,1.26,0.0,1.0,0.0,1
912257444,-0.8,-0.78,0.09,0.12,0.79,2
2577256988,-0.36,-0.41,0.22,0.1,0.68,2
1269497608,0.95,-1.76,1.0,0.0,0.0,0
2235689465,-1.03,0.95,0.0,1.0,0.0,1
4195818957,-0.91,-0.85,0.07,0.18,0.74,2
179983357,1.21,-0.9,1.0,0.0,0.0,0
1209377671,-0.3,-0.43,0.39,0.08,0.52,0
3185316753,0.58,0.48,0.28,0.15,0.57,2
2512830155,-0.66,-0.71,0.21,0.08,0.71,0
1993181641,-0.76,-0.7,0.08,0.19,0.73,2
2164161501,-0.49,-0.45,0.11,0.15,0.74,1
1365791476,-0.37,0.66,0.01,0.95,0.03,1
1198151226,0.68,-1.59,1.0,0.0,0.0,0
1314503909,0.71,-0.13,0.92,0.02,0.05,0
3727209221,-1.23,0.88,0.0,1.0,0.0,1
1266715788,-0.49,0.37,0.02,0.94,0.05,1
1805673435,-1.41,1.74,0.0,1.0,0.0,1
1480496966,0.85,-0.55,0.98,0.0,0.01,0
983460114,-1.0,1.56,0.0,1.0,0.0,1
1936106595,-1.24,1.91,0.0,1.0,0.0,1
202396022,1.26,0.64,0.85,0.05,0.1,0
2615725441,0.84,-1.56,1.0,0.0,0.0,0
2486657917,-1.05,0.14,0.01,0.97,0.02,1
2747346053,-0.29,-0.19,0.1,0.3,0.6,2
4215775875,-0.32,0.79,0.01,0.96,0.03,1
3569953588,-0.94,-0.33,0.02,0.89,0.09,1
1436275158,-0.95,0.49,0.0,0.98,0.01,1
519830034,-0.19,0.87,0.01,0.95,0.03,1
726921681,-0.99,-0.88,0.06,0.31,0.63,1
805595230,0.43,-0.95,0.99,0.0,0.01,0
3816658522,-0.12,-0.04,0.12,0.27,0.61,0
1267737329,-0.77,-0.54,0.05,0.6,0.35,1
739462574,-0.82,-0.76,0.08,0.19,0.73,2
4262871745,-1.05,-1.21,0.4,0.05,0.55,0
3737896227,0.12,-1.64,1.0,0.0,0.0,0
1634777426,-1.17,-1.01,0.04,0.44,0.52,2
865289743,-0.56,-0.55,0.11,0.12,0.77,2
2887115268,-0.61,-0.36,0.05,0.63,0.32,1
3627185553,-0.91,-0.07,0.01,0.94,0.05,1
3530427771,0.19,0.81,0.03,0.88,0.09,1
3412327269,-0.5,-0.76,0.69,0.04,0.27,2
3502325028,-0.71,-0.75,0.17,0.08,0.74,2
3595035566,-0.46,0.31,0.02,0.92,0.06,1
3220831116,-0.84,-0.89,0.16,0.08,0.76,2
959325208,0.66,0.08,0.86,0.04,0.1,1
1141995661,-1.33,-1.39,0.15,0.06,0.79,2
2870882002,-0.42,-1.2,0.95,0.01,0.04,0
2897312351,-1.12,-0.55,0.02,0.88,0.11,1
2383644253,0.45,0.34,0.29,0.15,0.57,2
2887453825,-0.23,-1.3,0.98,0.0,0.02,0
1509023246,-0.4,-1.39,0.98,0.0,0.02,0
1328164240,0.98,1.7,0.03,0.91,0.07,1
659515333,-0.32,-0.47,0.46,0.08,0.47,0
1483096064,-0.93,0.86,0.0,0.99,0.01,1
1774147212,-0.46,-1.08,0.93,0.01,0.06,0
4001881675,-0.84,-0.88,0.14,0.08,0.78,2
3515783583,-0.77,-0.77,0.1,0.1,0.8,2
2399042496,-0.54,-0.74,0.57,0.05,0.38,0
2848850867,-0.8,-0.8,0.1,0.1,0.8,2
1691117422,0.03,-0.18,0.49,0.09,0.42,2
2227561098,-0.8,-0.82,0.13,0.09,0.78,2
3287575370,0.14,0.9,0.02,0.91,0.06,1
4174058512,-0.8,-0.77,0.09,0.13,0.78,2
4159762343,2.05,0.19,0.99,0.0,0.01,0
4011447475,-0.64,-0.75,0.35,0.07,0.58,2
1791430266,0.18,-0.61,0.94,0.01,0.05,0
1903201862,0.92,-1.54,1.0,0.0,0.0,2
975905336,-0.79,-0.71,0.07,0.25,0.68,2
3206604224,-0.71,-0.75,0.16,0.09,0.76,1
897058274,-1.42,-0.0,0.0,0.99,0.01,1
2972717938,-0.93,-0.27,0.02,0.9,0.08,1
901280810,-0.66,-0.71,0.19,0.08,0.72,0
1029176578,-0.33,-0.07,0.06,0.64,0.3,1
1320006028,-0.97,-0.93,0.08,0.15,0.77,2
620916428,-1.12,-0.24,0.01,0.95,0.04,1
166595865,1.15,2.3,0.01,0.97,0.02,1
3078382090,-0.67,0.5,0.01,0.97,0.02,0
4122709252,-0.37,1.65,0.0,1.0,0.0,1
1029863876,-0.69,-0.55,0.06,0.38,0.55,0
3767051597,2.52,0.04,1.0,0.0,0.0,0
3841281134,1.52,-1.16,1.0,0.0,0.0,0
1562226463,-0.59,0.36,0.01,0.95,0.04,0
3436932764,-0.34,-0.3,0.12,0.18,0.71,2
264593097,-1.09,-1.02,0.07,0.18,0.75,2
2528806748,-1.98,-1.98,0.06,0.07,0.87,2
4244250227,-1.69,0.54,0.0,1.0,0.0,1
2755304273,-1.52,0.46,0.0,1.0,0.0,1
2272755860,-0.86,-0.88,0.12,0.09,0.8,2
204271913,-1.61,1.12,0.0,1.0,0.0,1
2559028283,-0.79,-0.8,0.11,0.09,0.79,2
554294097,1.76,-0.29,0.99,0.0,0.0,0
1688319399,2.31,2.84,0.04,0.83,0.12,1
941980201,-1.63,0.16,0.0,0.99,0.0,1
1446823475,-0.51,-0.26,0.05,0.64,0.3,1
1934487984,-0.38,-0.35,0.12,0.16,0.72,2
1018074565,-0.73,-0.7,0.09,0.14,0.76,2
4128604898,0.12,-0.29,0.79,0.05,0.16,0
776659817,-0.18,-0.33,0.43,0.09,0.48,0
1403595657,-0.54,-0.55,0.15,0.1,0.75,0
2265643097,-0.91,-0.9,0.09,0.1,0.8,0
337495886,0.04,-1.06,0.98,0.0,0.02,0
3231087170,0.01,-0.42,0.83,0.04,0.14,0
4233716294,0.5,-0.35,0.94,0.02,0.05,0
1269271228,-0.78,-0.44,0.03,0.75,0.22,1
950067778,-0.89,-0.81,0.07,0.25,0.69,2
1397585358,-0.16,-0.41,0.6,0.07,0.33,0
1610774104,-1.13,-1.22,0.22,0.06,0.72,2
2070844052,-0.73,-0.84,0.34,0.06,0.6,0
1354393027,-0.82,-0.84,0.12,0.09,0.79,0
1811388707,0.24,-0.12,0.71,0.07,0.23,2
468492900,2.94,-0.86,1.0,0.0,0.0,0
4263610366,2.44,1.67,0.91,0.03,0.06,0
3584649674,-0.82,-0.84,0.11,0.09,0.8,2
2270661201,-0.68,-0.63,0.09,0.18,0.73,0
2336310485,2.02,0.4,0.98,0.01,0.01,0
2372493127,0.5,0.7,0.12,0.45,0.44,1
3498084208,-0.18,-0.23,0.22,0.12,0.67,2
690632059,0.12,1.1,0.02,0.94,0.04,1
2986616336,-0.43,-0.38,0.11,0.19,0.7,2
2413681479,-0.18,0.07,0.07,0.6,0.33,1
4221212915,-0.77,-0.79,0.14,0.09,0.77,2
1961951079,-0.71,-0.71,0.1,0.11,0.79,2
2272555317,-0.8,-0.81,0.11,0.09,0.8,2
1476020733,-0.77,-0.79,0.14,0.09,0.77,2
1228585552,0.46,2.28,0.0,0.99,0.01,1
154781476,-0.66,-0.66,0.12,0.1,0.78,2
705834285,-0.2,-0.45,0.63,0.06,0.31,0
1897365126,-0.98,-0.7,0.03,0.69,0.27,1
1403644220,-0.84,-0.8,0.09,0.14,0.77,1
889279049,-1.12,1.07,0.0,1.0,0.0,1
3268975371,-0.91,-0.45,0.02,0.83,0.14,1
2335185990,-0.64,-0.64,0.11,0.11,0.78,1
567830228,1.01,1.05,0.17,0.22,0.61,0
2968206638,-1.24,-0.9,0.02,0.75,0.22,1
3011705533,0.66,0.73,0.15,0.26,0.59,2
3594562154,-0.59,0.21,0.02,0.93,0.06,1
2533671634,0.84,-0.28,0.96,0.01,0.03,0
166103899,-2.03,0.24,0.0,1.0,0.0,1
2163342916,-0.54,-0.51,0.1,0.16,0.74,2
2149851284,-1.41,-1.45,0.1,0.06,0.83,2
2691388599,-0.59,-0.62,0.17,0.09,0.74,2
3341845948,1.12,0.79,0.62,0.1,0.28,2
2254478564,-1.27,0.64,0.0,0.99,0.0,1
1066887895,-1.07,-1.27,0.51,0.04,0.45,2
3106107126,-1.02,0.74,0.0,0.99,0.01,1
2295511275,-1.21,1.62,0.0,1.0,0.0,1
1516514336,-1.06,-1.02,0.07,0.15,0.77,2
2073712750,-0.84,0.28,0.01,0.97,0.03,1
2937990594,-1.52,-1.32,0.03,0.51,0.46,2
1798833857,-1.52,-0.38,0.0,0.97,0.02,1
2014076233,0.46,-0.66,0.97,0.01,0.02,1
1583336579,-0.81,-0.82,0.11,0.09,0.8,2
3293489896,0.44,-0.89,0.98,0.0,0.01,0
1197647732,-0.67,-0.68,0.12,0.1,0.78,2
2709835058,0.06,1.31,0.01,0.97,0.02,1
1480780953,0.78,-0.9,0.99,0.0,0.01,0
2944751187,-1.3,2.94,0.0,1.0,0.0,1
2625976526,0.52,-0.08,0.87,0.04,0.09,0
2258059902,-0.61,1.82,0.0,1.0,0.0,1
640333247,-0.34,-0.09,0.07,0.61,0.32,2
1617428432,0.31,2.34,0.0,1.0,0.0,1
2146424298,-0.75,-0.74,0.1,0.11,0.79,2
2635356728,-0.42,-0.38,0.11,0.18,0.71,0
3651390431,-1.5,0.77,0.0,1.0,0.0,1
1248443988,-0.85,-0.81,0.08,0.16,0.76,2
2388602617,-1.17,-1.15,0.08,0.11,0.81,0
453219091,0.47,0.38,0.27,0.15,0.58,2
2933871147,-0.94,-0.72,0.04,0.59,0.37,1
4200354648,0.27,0.99,0.03,0.9,0.07,0
2268566746,-1.63,1.12,0.0,1.0,0.0,1
1317212142,0.28,0.27,0.19,0.19,0.62,2
3760215177,0.26,-1.74,1.0,0.0,0.0,0
3642764717,0.09,0.12,0.16,0.21,0.63,2
691859736,-1.09,-0.27,0.01,0.94,0.05,1
2543936535,-0.4,-0.98,0.91,0.01,0.07,0
1280662030,-1.16,-1.28,0.29,0.05,0.66,2
3091869317,-1.17,-1.22,0.14,0.07,0.79,2
893763519,1.34,-1.67,1.0,0.0,0.0,0
4282315288,-0.8,1.02,0.0,0.99,0.0,1
1372457336,-0.82,-0.95,0.37,0.06,0.57,2
2443673274,1.73,0.46,0.96,0.01,0.02,0
1279304592,-0.22,-0.53,0.72,0.05,0.23,2
2661413903,-0.71,-0.7,0.1,0.11,0.79,2
1187758719,0.3,-0.02,0.64,0.08,0.28,0
3924881488,0.74,-0.62,0.98,0.0,0.01,0
2602431378,-0.63,0.99,0.0,0.99,0.01,1
1919927286,1.8,0.72,0.94,0.02,0.04,0
217877080,-0.61,-0.65,0.17,0.09,0.74,2
1894924788,-0.88,-0.88,0.1,0.1,0.81,2
3025625592,-0.47,0.19,0.02,0.9,0.08,0
788493740,2.33,0.77,0.98,0.01,0.01,0
2280928224,0.48,-1.14,0.99,0.0,0.01,0
3310524799,-0.29,0.06,0.05,0.74,0.21,1
679929843,-1.63,-0.33,0.0,0.98,0.01,1
2528469555,-0.99,-0.66,0.03,0.75,0.22,0
1358958900,-0.3,-0.82,0.89,0.02,0.09,0
2428305916,0.35,0.25,0.28,0.14,0.57,0
4241576673,-0.89,-0.8,0.07,0.26,0.67,0
3529113946,0.42,1.27,0.02,0.93,0.05,1
1399207456,0.26,2.31,0.0,1.0,0.0,1
2400241545,-0.68,-1.09,0.84,0.02,0.14,2
1232430093,0.4,-0.76,0.98,0.01,0.02,0
3479813269,0.88,1.04,0.13,0.39,0.48,2
2014809841,-0.81,-0.82,0.12,0.09,0.79,2
3018499169,1.42,1.9,0.06,0.78,0.16,1
2712522231,-0.13,0.08,0.08,0.53,0.39,1
3755905280,-0.5,-1.2,0.94,0.01,0.05,0
1761841445,-1.62,-1.65,0.09,0.06,0.85,2
1040788755,-0.2,-0.51,0.73,0.05,0.23,0
3949455389,-0.4,-0.26,0.08,0.41,0.51,1
649190941,-0.84,-0.79,0.08,0.16,0.76,2
2070739472,-0.85,-0.87,0.12,0.09,0.8,2
1402389420,-0.78,-0.79,0.12,0.09,0.79,2
134632307,-0.74,-0.82,0.23,0.07,0.69,0
1479017887,-0.6,-0.33,0.05,0.66,0.29,1
2727700288,-0.79,-0.76,0.09,0.15,0.77,1
737415984,0.05,2.22,0.0,1.0,0.0,1
3904372114,1.58,-0.31,0.99,0.0,0.01,0
417181995,-0.59,1.56,0.0,1.0,0.0,1
209968580,1.27,1.48,0.12,0.45,0.43,2
3895549203,-0.74,-0.71,0.09,0.14,0.77,2
540796721,-0.86,-0.21,0.02,0.9,0.08,1
1048027761,1.33,2.47,0.01,0.97,0.02,1
2216317974,-0.54,-0.57,0.16,0.1,0.74,2
2533312161,0.25,-0.44,0.91,0.02,0.07,0
684183825,-0.5,-0.63,0.41,0.07,0.52,0
527194687,0.1,0.18,0.14,0.28,0.59,2
2359598998,-0.34,-1.83,0.99,0.0,0.0,0
1478645220,-0.81,-0.84,0.14,0.08,0.78,2
3122656712,0.46,0.41,0.22,0.17,0.61,0
3071343401,-0.87,-0.86,0.09,0.1,0.8,2
839470040,-0.65,-0.85,0.57,0.05,0.38,2
1985800342,-1.0,-1.09,0.24,0.06,0.7,2
2416775306,-1.4,0.6,0.0,1.0,0.0,1
1653231942,-0.97,-0.97,0.09,0.09,0.81,0
2456882311,1.25,1.7,0.06,0.76,0.18,1
3688936406,-0.74,-0.95,0.58,0.04,0.37,0
436231145,-0.87,-0.37,0.02,0.85,0.13,1
1417027237,-1.58,-1.87,0.55,0.02,0.43,0
2358731578,-1.44,-0.13,0.0,0.98,0.01,1
1810646243,1.08,-1.66,1.0,0.0,0.0,0
3493294821,-0.77,-0.77,0.1,0.1,0.8,2
3124701733,-0.34,-0.34,0.15,0.13,0.73,2
2408731329,-1.52,-0.35,0.0,0.98,0.02,1
1492858639,-1.27,1.44,0.0,1.0,0.0,1
1983720308,-0.84,0.06,0.01,0.95,0.04,1
3568039267,-0.88,-0.85,0.09,0.12,0.79,2
3489016826,-0.41,-0.38,0.12,0.16,0.72,2
522376474,0.54,0.25,0.58,0.1,0.32,0
2659634312,-0.52,-1.78,0.99,0.0,0.01,0
1404153349,-0.71,-0.43,0.04,0.69,0.27,1
217260950,1.59,-0.64,1.0,0.0,0.0,0
313571130,-1.46,-1.71,0.51,0.03,0.46,0
509164675,-0.99,-1.04,0.16,0.07,0.77,1
2067859800,-0.78,0.8,0.0,0.99,0.01,1
3678234055,-0.96,-0.11,0.01,0.94,0.05,1
1841063476,-0.71,-0.71,0.11,0.1,0.79,2
3869626405,-1.11,-1.12,0.1,0.08,0.82,0
198870048,-0.9,0.68,0.0,0.99,0.01,1
1901023205,-0.1,0.84,0.02,0.94,0.04,1
2759563169,-0.21,-0.97,0.95,0.01,0.04,0
2165407543,-0.82,-0.37,0.03,0.83,0.14,1
524010150,-1.05,1.51,0.0,1.0,0.0,1
2576532554,1.84,0.08,0.99,0.0,0.01,0
1722610582,1.02,-1.42,1.0,0.0,0.0,0
2875780635,1.97,0.09,0.99,0.0,0.01,0
83377839,-0.32,0.05,0.05,0.75,0.2,1
1658789068,-0.92,-0.82,0.07,0.26,0.67,1
3758448267,-0.54,-0.44,0.08,0.31,0.61,1
2329115905,-0.84,-0.95,0.31,0.06,0.63,2
4201858738,-0.97,-1.05,0.21,0.07,0.72,2
2885504330,-0.75,-1.59,0.97,0.0,0.03,0
1620207100,-0.48,0.06,0.03,0.86,0.11,1
3791936630,-0.4,-0.29,0.09,0.31,0.6,2
654413412,-0.91,-1.59,0.94,0.01,0.05,0
2132986860,1.92,1.7,0.45,0.1,0.44,2
1463538653,-0.61,0.42,0.01,0.96,0.03,1
1263593997,1.05,-0.78,0.99,0.0,0.0,0
2110282761,-0.65,-0.66,0.12,0.1,0.78,0
4123823913,-0.26,0.82,0.01,0.96,0.03,1
1542059307,-1.36,2.88,0.0,1.0,0.0,1
2744823766,0.95,0.77,0.39,0.14,0.47,0
1861223819,0.65,1.6,0.02,0.94,0.04,1
667500519,-2.0,0.46,0.0,1.0,0.0,1
3115807241,-0.95,-0.94,0.09,0.11,0.8,2
2694437500,-0.62,-0.72,0.32,0.07,0.61,0
228184959,-1.15,-1.32,0.42,0.04,0.53,0
1968425889,-1.07,-1.11,0.13,0.07,0.79,2
2134424933,-0.71,1.95,0.0,1.0,0.0,1
620732984,1.23,-0.51,0.99,0.0,0.01,0
3469250179,-1.22,-1.11,0.06,0.28,0.67,0
2045704262,-1.62,-1.67,0.12,0.05,0.83,2
1141039596,-1.03,-0.18,0.01,0.94,0.05,1
2815780392,-0.58,-0.58,0.12,0.11,0.77,2
1687224695,-0.77,-0.55,0.05,0.58,0.37,0
429656795,1.2,0.13,0.95,0.02,0.04,0
457695960,0.66,0.13,0.83,0.05,0.12,0
3403539427,-0.82,0.05,0.01,0.94,0.05,1
1002312183,1.64,-0.3,0.99,0.0,0.0,0
896074583,-1.45,-1.48,0.1,0.06,0.83,1
2776642781,1.97,0.9,0.94,0.02,0.04,0
977085774,-0.64,-0.66,0.14,0.1,0.76,2
681485541,-0.76,-0.79,0.15,0.08,0.76,0
2027834504,1.37,-1.48,1.0,0.0,0.0,0
497516705,-1.12,-1.27,0.37,0.05,0.58,0
4033630453,0.17,0.25,0.14,0.26,0.59,2
4276805534,-0.21,-0.17,0.13,0.19,0.68,1
3876353636,-0.7,-0.73,0.15,0.09,0.76,2
4219086767,-0.95,-0.77,0.05,0.5,0.46,1
2489197475,0.62,0.65,0.18,0.21,0.61,1
2035301316,-1.25,1.09,0.0,1.0,0.0,1
3117744046,0.65,-0.24,0.94,0.02,0.05,0
2155012669,1.52,-0.09,0.99,0.0,0.01,0
1135847660,-0.87,-0.87,0.1,0.1,0.81,2
3870048179,1.59,1.38,0.45,0.11,0.44,2
1096305551,-0.86,-0.84,0.09,0.11,0.79,0
2352099868,-0.21,0.01,0.08,0.54,0.38,2
949184149,-0.82,-0.84,0.12,0.09,0.79,0
824819740,-1.13,-0.75,0.02,0.79,0.19,0
3578278075,0.13,-0.66,0.94,0.01,0.05,0
891805780,-0.8,-0.79,0.1,0.11,0.8,2
2069608827,0.64,0.6,0.23,0.17,0.6,2
93135336,-0.65,-0.22,0.03,0.81,0.16,2
581685587,-0.88,-0.86,0.09,0.11,0.8,2
3017021928,-0.85,-0.84,0.1,0.1,0.8,2
1787649523,-0.17,0.38,0.04,0.85,0.11,0
3109135652,-0.8,-0.89,0.25,0.07,0.68,0
2624418664,-0.74,-1.12,0.82,0.02,0.16,0
1869095831,-1.59,-1.59,0.07,0.08,0.85,2
2652882070,0.05,-0.13,0.41,0.11,0.48,0
4044415496,2.53,-1.32,1.0,0.0,0.0,0
1726330480,-0.84,-0.82,0.09,0.13,0.78,2
2946925102,-0.39,-0.33,0.11,0.21,0.68,1
2032843112,-1.35,-1.52,0.36,0.04,0.6,2
1791629751,-0.38,-0.41,0.17,0.11,0.72,2
3258839899,-0.17,-0.87,0.93,0.01,0.05,0
2934461601,-0.13,-1.16,0.98,0.0,0.02,0
3714255796,-0.81,-0.66,0.06,0.43,0.51,1
1594311609,-0.85,-0.82,0.09,0.14,0.77,2
1181574893,-0.08,-0.81,0.94,0.01,0.05,0
3570936035,1.48,-1.1,1.0,0.0,0.0,0
1522449476,1.67,1.0,0.87,0.04,0.09,2
4291106174,0.11,-0.62,0.93,0.02,0.06,0
1616544667,-0.27,-0.28,0.16,0.13,0.71,2
469692347,-0.89,-0.82,0.07,0.21,0.72,2
644104050,-0.89,-0.82,0.07,0.21,0.72,2
3408661380,-0.77,-0.77,0.1,0.11,0.79,1
533495683,0.16,-0.21,0.74,0.06,0.2,0
1642354775,-0.73,-0.28,0.03,0.83,0.14,1
228860525,-0.94,-0.89,0.08,0.15,0.77,1
2792346895,-1.12,-1.05,0.07,0.19,0.74,2
710712289,-0.07,1.07,0.01,0.96,0.03,1
804786018,-0.56,-0.54,0.11,0.14,0.75,2
4029366729,0.05,-1.02,0.98,0.0,0.02,0
2982865225,-0.82,-0.78,0.09,0.15,0.77,2
2052477783,-0.86,-0.89,0.13,0.08,0.78,2
293631163,-0.76,-0.75,0.1,0.11,0.79,2
289771997,-0.66,0.01,0.02,0.9,0.08,1
3343893201,-1.12,-0.11,0.01,0.96,0.03,1
3007631604,0.63,-0.08,0.9,0.03,0.07,0
2781311376,-0.42,-0.61,0.55,0.06,0.39,1
3083982692,-0.19,1.08,0.01,0.97,0.02,1
532074198,-0.33,-0.68,0.79,0.03,0.18,0
199241066,-0.54,0.37,0.02,0.94,0.04,1
1530589756,-0.77,-0.77,0.11,0.1,0.79,2
1736505814,0.96,-1.14,1.0,0.0,0.0,0
4166258201,-0.75,-0.81,0.2,0.08,0.72,2
2193362867,-0.24,-0.66,0.83,0.03,0.14,0
2057901219,-0.65,-0.68,0.16,0.09,0.75,0
185954571,-0.77,0.61,0.01,0.98,0.01,1
670682613,-1.45,-1.41,0.06,0.13,0.81,2
934894168,-0.64,0.66,0.01,0.98,0.02,1
3375507219,-0.5,-0.43,0.09,0.24,0.67,2
793809648,-0.81,-0.81,0.1,0.1,0.8,2
746866579,-0.85,0.38,0.01,0.97,0.02,1
1385708845,-0.25,0.14,0.05,0.76,0.19,1
2729769209,0.97,-1.4,1.0,0.0,0.0,0
2275270595,-0.88,-0.88,0.1,0.1,0.81,2
861337735,-1.58,0.7,0.0,1.0,0.0,1
3616456059,-0.53,-0.34,0.06,0.53,0.41,2
2314255003,-0.93,-1.0,0.2,0.07,0.73,0
2260314942,-0.69,1.38,0.0,1.0,0.0,1
2308665575,-1.59,-0.5,0.0,0.97,0.02,1
1490494206,0.71,-0.75,0.99,0.0,0.01,0
1323369759,-1.0,-0.77,0.04,0.62,0.34,1
2299107697,-0.88,-0.67,0.04,0.56,0.39,1
1066265973,-0.31,-0.43,0.38,0.09,0.54,1
1452941756,-0.82,-0.81,0.09,0.12,0.79,2
965900982,-0.82,-0.96,0.41,0.06,0.53,0
179793290,-1.16,-1.06,0.06,0.26,0.68,2
3323257199,-0.82,-0.8,0.09,0.12,0.79,2
1322919126,-1.13,-0.84,0.03,0.71,0.26,1
2289389172,0.87,0.16,0.89,0.03,0.08,0
857109430,0.28,-1.69,1.0,0.0,0.0,0
1961229859,-0.5,-0.1,0.04,0.78,0.18,1
4253868786,2.03,-1.52,1.0,0.0,0.0,0
2892299197,-1.16,-1.22,0.15,0.06,0.78,0
3191278291,-1.22,-1.09,0.05,0.35,0.6,1
2527049535,0.31,-0.21,0.85,0.04,0.11,0
532331198,-0.61,-0.68,0.23,0.08,0.69,1
988314037,-0.33,-0.78,0.86,0.02,0.12,0
1474468008,0.71,0.71,0.2,0.19,0.61,2
3533628107,0.19,0.33,0.12,0.37,0.51,1
1868058930,-0.71,-0.71,0.11,0.1,0.79,2
2206254027,-0.61,0.32,0.01,0.95,0.04,1
4013470565,-0.56,0.29,0.02,0.94,0.05,1
1739942735,-0.8,-0.79,0.1,0.11,0.8,2
230612173,0.43,0.15,0.56,0.1,0.34,0
968618344,-1.12,-1.0,0.05,0.32,0.62,0
3947259040,0.99,-0.29,0.97,0.01,0.02,0
2528317529,-0.92,-1.05,0.37,0.05,0.57,0
375117611,-1.23,-1.28,0.13,0.06,0.8,2
2786800215,-1.3,-0.37,0.01,0.95,0.04,1
1109382430,-0.69,-0.39,0.04,0.7,0.26,1
3696025079,-0.93,-1.25,0.75,0.02,0.23,0
647771686,-1.41,-1.03,0.02,0.78,0.2,1
3649689558,-0.96,-0.93,0.08,0.14,0.78,2
3460029689,-0.77,-0.81,0.15,0.08,0.76,0
2348203972,0.46,-0.96,0.99,0.0,0.01,0
2408356785,0.11,0.09,0.19,0.17,0.64,2
2924620215,-0.61,-0.6,0.11,0.12,0.77,1
1697384419,0.11,-1.34,0.99,0.0,0.01,0
1247658745,-0.7,-0.54,0.06,0.47,0.47,2
830788610,-0.74,-0.71,0.09,0.15,0.76,2
877737601,-0.21,1.92,0.0,1.0,0.0,1
76089710,-0.54,-0.49,0.1,0.2,0.71,2
254685723,-0.75,-0.68,0.08,0.22,0.7,1
3828212517,-0.84,-0.81,0.09,0.13,0.78,2
2400318346,-1.01,-0.69,0.03,0.74,0.23,1
2385071577,-0.21,1.51,0.0,0.99,0.01,1
4288100799,-0.94,-0.04,0.01,0.95,0.04,1
1771519065,-0.55,-0.13,0.04,0.81,0.16,2
4121969664,1.45,1.83,0.07,0.7,0.22,1
2648417334,0.08,-0.34,0.81,0.04,0.15,0
3889361167,0.02,-0.01,0.2,0.15,0.65,2
2695903376,-1.55,-1.62,0.14,0.05,0.81,2
2895625794,-0.98,-1.23,0.63,0.03,0.34,0
2916245186,-0.77,0.35,0.01,0.97,0.03,1
4035830377,-0.82,-0.86,0.15,0.08,0.77,2
1270728406,-0.72,-0.72,0.11,0.1,0.79,2
348969514,-0.82,-0.7,0.06,0.33,0.6,1
3914209865,0.67,-0.48,0.97,0.01,0.02,0
4138179183,-0.74,1.73,0.0,1.0,0.0,1
348668015,0.22,0.26,0.16,0.22,0.62,2
2728881717,-0.38,-0.19,0.07,0.52,0.41,2
1279038259,0.19,-0.29,0.84,0.04,0.12,0
3812868816,-0.31,-0.21,0.1,0.29,0.61,2
1839207942,-0.69,-0.7,0.13,0.1,0.78,2
2950173317,0.92,-0.62,0.99,0.0,0.01,0
2032047891,-1.0,-0.92,0.07,0.22,0.71,1
203835958,-0.94,0.3,0.01,0.97,0.02,1
3497080113,-0.08,-1.41,0.99,0.0,0.01,0
510278107,-0.77,-0.78,0.12,0.09,0.78,2
4057549293,-0.14,0.27,0.05,0.77,0.18,1
4135176728,-0.71,-0.76,0.17,0.08,0.74,2
4228864129,-0.71,-0.73,0.13,0.09,0.78,0
1550795672,2.61,2.2,0.72,0.06,0.22,2
884613745,-0.71,1.04,0.0,0.99,0.01,1
2991074177,-1.04,-0.49,0.02,0.87,0.11,1
2707254833,1.49,0.82,0.87,0.04,0.09,2
984848010,-0.36,0.9,0.01,0.97,0.02,1
946705923,-0.6,0.11,0.02,0.91,0.07,1
201111181,1.99,-1.62,1.0,0.0,0.0,0
3389922595,-0.82,-0.82,0.1,0.1,0.8,2
91514729,-0.39,0.22,0.03,0.88,0.09,2
3399836788,0.94,-1.48,1.0,0.0,0.0,0
3067141919,-0.73,0.04,0.02,0.93,0.06,1
808234945,-0.55,0.33,0.02,0.94,0.05,1
1630825410,0.56,0.84,0.09,0.6,0.31,1
1382667243,1.44,-1.34,1.0,0.0,0.0,0
437571001,-0.12,-0.79,0.93,0.01,0.06,0
1460777313,-0.69,-0.3,0.03,0.78,0.19,0
547080251,0.05,-0.42,0.85,0.03,0.12,0
3251721464,-0.81,-0.8,0.1,0.11,0.8,2
3549834831,-0.87,-1.17,0.73,0.03,0.24,2
2230769990,-0.51,0.48,0.01,0.95,0.04,1
1694571465,-0.55,0.13,0.02,0.91,0.07,1
779653499,0.98,1.41,0.07,0.74,0.19,1
664050173,-0.86,-0.89,0.14,0.08,0.77,2
2558812466,-0.79,-0.84,0.16,0.08,0.76,2
854078055,1.35,3.22,0.0,0.99,0.0,1
2356017669,-0.72,1.22,0.0,0.99,0.0,1
1295090946,-0.56,0.34,0.01,0.94,0.04,1
3643033261,-0.99,-0.2,0.01,0.93,0.05,2
1268377181,0.05,-1.53,0.99,0.0,0.0,0
3590583605,-0.76,-0.74,0.1,0.12,0.79,2
3388037815,-0.65,0.43,0.01,0.96,0.03,1
1225154920,-0.84,-0.89,0.16,0.08,0.76,2
740610905,1.49,0.25,0.96,0.01,0.02,0
2363352336,-1.3,2.61,0.0,1.0,0.0,1
3891104479,-0.82,-0.07,0.02,0.93,0.06,1
1944827397,0.4,0.57,0.12,0.4,0.48,1
178826818,-0.37,0.68,0.01,0.95,0.03,1
3972459219,-0.95,-0.88,0.07,0.22,0.71,2
661604142,0.69,2.92,0.0,1.0,0.0,1
2133517682,-0.89,-0.89,0.09,0.1,0.8,2
597465568,0.56,1.12,0.04,0.85,0.11,1
820386908,-1.35,-0.36,0.01,0.96,0.03,1
335384967,-0.98,-0.77,0.04,0.57,0.39,1
3736235940,-1.32,-1.23,0.06,0.21,0.73,1
3042465489,-0.58,0.16,0.02,0.92,0.06,1
3533500554,-1.02,-0.07,0.01,0.95,0.04,1
3225630746,-0.95,-0.08,0.01,0.94,0.04,1
877553937,-0.33,-0.29,0.12,0.17,0.71,2
2054971856,-1.73,2.12,0.0,1.0,0.0,1
3721743268,0.23,0.5,0.08,0.61,0.31,1
3060242283,-1.37,-1.5,0.29,0.05,0.67,2
3121709526,-1.12,0.8,0.0,0.99,0.0,1
1558936179,0.43,1.41,0.02,0.95,0.04,1
107846647,-0.42,-0.49,0.25,0.09,0.66,2
2654086163,-0.73,-0.72,0.1,0.11,0.79,2
1914504972,-0.73,-0.68,0.09,0.18,0.74,1
3680412110,-0.77,-0.76,0.1,0.11,0.79,2
4169152145,-0.12,-0.6,0.86,0.03,0.11,0
1561345296,-0.66,-0.65,0.11,0.11,0.78,0
1126463559,0.33,-1.05,0.99,0.0,0.01,0
1874612150,0.42,0.7,0.09,0.6,0.31,1
2089364702,0.61,-0.89,0.99,0.0,0.01,0
969103355,0.92,-0.77,0.99,0.0,0.01,0
322063355,-1.04,-1.05,0.1,0.09,0.82,1
3550237525,-0.21,-0.59,0.8,0.04,0.17,0
3901195795,2.7,-1.43,1.0,0.0,0.0,0
1005779852,-0.84,-0.84,0.1,0.1,0.8,2
3606471663,-0.89,-0.91,0.11,0.09,0.8,2
4064022794,-0.19,-0.24,0.21,0.12,0.67,1
2657018317,-0.95,-0.99,0.14,0.08,0.79,0
405754666,-0.4,1.87,0.0,1.0,0.0,1
1795220554,-0.56,-0.82,0.7,0.04,0.27,0
232453671,-0.89,-0.85,0.08,0.14,0.77,2
48759239,-0.82,-0.82,0.1,0.1,0.8,2
2754503904,-0.12,0.09,0.08,0.53,0.38,1
3377218846,-0.01,2.22,0.0,1.0,0.0,1
2858234291,0.65,-0.36,0.95,0.01,0.03,0
1336187730,-1.65,-1.03,0.01,0.89,0.1,1
1350408268,-0.77,-0.77,0.1,0.11,0.79,1
3733078820,-0.43,1.36,0.0,0.99,0.01,1
1476454327,-0.88,-0.53,0.03,0.76,0.21,2
3749877656,-1.1,-1.09,0.08,0.11,0.81,2
959165030,-0.3,-1.73,0.99,0.0,0.01,0
1739200962,-1.34,-0.7,0.01,0.9,0.09,1
2244992410,2.0,2.44,0.06,0.76,0.18,1
3191698214,-0.8,-0.78,0.09,0.12,0.79,2
4124641753,-1.58,-0.5,0.0,0.97,0.02,1
4003640073,-0.95,-0.97,0.12,0.08,0.8,2
2664162178,-1.11,-0.16,0.01,0.95,0.04,1
1789937313,0.15,0.12,0.21,0.16,0.63,2
3247736467,-0.84,-0.84,0.11,0.09,0.8,2
154791391,1.45,-0.55,0.99,0.0,0.0,0
1790389626,-1.26,-0.96,0.03,0.71,0.27,1
3831299411,0.26,0.31,0.16,0.23,0.62,1
2146509257,0.33,0.02,0.61,0.09,0.3,2
1519139508,1.38,0.57,0.9,0.03,0.07,2
3827038074,-0.77,-0.77,0.1,0.1,0.8,2
3246920310,0.24,-1.02,0.98,0.0,0.01,0
1177166079,-0.52,-0.54,0.16,0.1,0.74,2
3481489584,-1.55,-0.29,0.0,0.98,0.02,1
1170984753,2.53,-0.8,1.0,0.0,0.0,0
3565314061,-0.95,-0.96,0.11,0.08,0.81,2
2007385774,-1.65,-1.49,0.04,0.37,0.59,1
1489564696,-0.97,0.18,0.01,0.97,0.02,1
3001103376,-0.42,0.71,0.01,0.96,0.03,1
80014216,-0.1,0.09,0.09,0.5,0.41,1
805969163,-0.1,0.5,0.03,0.87,0.1,1
564275127,0.75,-0.58,0.98,0.01,0.02,0
664740963,0.01,2.66,0.0,1.0,0.0,1
4280969214,-1.3,0.27,0.0,0.99,0.01,1
3452656835,-0.84,-0.84,0.1,0.1,0.8,2
2831616215,0.69,1.01,0.08,0.64,0.27,2
3359619385,-0.58,-1.16,0.92,0.01,0.07,0
2160904083,-0.88,-0.8,0.07,0.22,0.71,1
549107627,-0.7,-0.89,0.53,0.05,0.42,0
4108745700,0.62,-0.57,0.97,0.01,0.02,0
3167953966,-0.86,-0.84,0.09,0.11,0.79,2
270041939,0.44,0.08,0.68,0.08,0.25,0
2590810933,-0.84,-0.88,0.14,0.08,0.78,2
1352919106,0.29,0.14,0.33,0.13,0.53,2
1586069044,-0.55,-0.53,0.11,0.14,0.75,2
1006793932,-0.13,-0.66,0.89,0.02,0.09,2
1390481895,-0.78,-0.77,0.1,0.11,0.79,2
4026585193,-0.45,-0.48,0.17,0.1,0.72,2
1416531481,-0.47,-0.66,0.56,0.06,0.38,0
552460694,-0.82,-0.84,0.12,0.09,0.79,2
1811146305,1.7,-0.02,0.99,0.0,0.01,0
3790917395,-1.08,0.31,0.0,0.98,0.01,1
1393453378,-0.8,-0.8,0.1,0.1,0.8,2
2929123195,-0.13,0.23,0.06,0.72,0.22,1
3441126122,-1.01,-0.74,0.03,0.67,0.29,2
1520902388,-0.68,0.55,0.01,0.97,0.02,1
826608671,-0.77,-0.77,0.1,0.1,0.8,2
2455372609,-0.65,-0.32,0.04,0.73,0.23,2
554439300,-0.81,-0.84,0.15,0.08,0.77,2
2426841262,0.8,0.88,0.15,0.26,0.59,1
1354083992,0.78,1.7,0.02,0.94,0.04,1
2387971177,-0.28,-1.31,0.98,0.0,0.02,0
2745390556,-0.25,-0.62,0.8,0.03,0.16,0
363346439,-0.19,-0.26,0.25,0.11,0.64,0
2886766150,0.61,-1.32,1.0,0.0,0.0,0
3281701895,-0.84,-0.86,0.12,0.09,0.79,2
1725854402,1.41,-1.08,1.0,0.0,0.0,0
1619320065,1.15,-0.18,0.97,0.01,0.02,0
3421386569,-1.73,-1.6,0.04,0.3,0.66,1
3878954188,0.24,-0.14,0.74,0.06,0.2,0
2979508122,-1.06,-1.12,0.17,0.07,0.76,0
3288518549,0.74,-0.96,0.99,0.0,0.01,0
2332617235,0.43,0.64,0.11,0.48,0.41,0
4152239760,-1.2,-1.27,0.19,0.06,0.75,2
175598127,-1.11,-1.17,0.17,0.06,0.76,0
3702123801,0.62,1.35,0.03,0.91,0.07,1
693119928,-0.89,-0.89,0.11,0.09,0.8,2
338574663,-0.35,-1.31,0.97,0.0,0.02,0
1364669647,-1.34,0.44,0.0,0.99,0.0,1
2907874664,-0.41,-1.59,0.99,0.0,0.01,0
2372260626,-1.4,2.16,0.0,1.0,0.0,1
2540514991,-0.4,-0.47,0.27,0.09,0.63,2
1845725696,-0.75,-0.71,0.09,0.16,0.75,2
2091519580,-0.53,-0.11,0.04,0.8,0.16,2
286302060,-0.81,-0.78,0.09,0.13,0.78,2
2555183130,-0.71,-1.23,0.9,0.01,0.09,2
1070206407,-0.52,-0.43,0.09,0.26,0.65,0
3751222888,-0.93,-1.43,0.89,0.01,0.1,0
2557979542,-0.61,-0.66,0.22,0.08,0.7,2
1837141587,-0.59,-0.53,0.09,0.19,0.71,0
618813447,-0.57,1.47,0.0,1.0,0.0,1
3561294338,2.12,2.08,0.22,0.13,0.65,0
686433192,-0.54,0.77,0.01,0.98,0.02,1
1096801175,-0.65,0.84,0.01,0.98,0.01,1
3325563903,1.11,-0.38,0.98,0.0,0.01,0
2714642802,0.48,-0.26,0.91,0.02,0.06,0
3295277774,0.75,-0.29,0.95,0.01,0.03,0
3338058317,1.28,-1.45,1.0,0.0,0.0,0
1614539656,-1.59,1.47,0.0,1.0,0.0,1
4172472084,-0.8,-0.81,0.11,0.09,0.8,2
3389109446,-0.71,-0.77,0.2,0.08,0.72,0
706103323,2.36,1.22,0.96,0.02,0.03,0
3326369719,-0.85,-1.55,0.95,0.01,0.05,0
2615517055,-0.8,-0.77,0.09,0.13,0.78,2
1985708657,0.58,-1.13,0.99,0.0,0.0,0
1968480417,-0.93,0.03,0.01,0.95,0.04,1
2473368059,-0.63,0.48,0.01,0.96,0.03,2
2231453694,2.2,-1.74,1.0,0.0,0.0,0
4131712886,0.43,-0.45,0.94,0.01,0.04,0
2291546498,-0.79,-0.89,0.27,0.07,0.66,2
760945693,-1.09,2.8,0.0,1.0,0.0,1
3126291522,-0.96,-0.9,0.07,0.18,0.75,2
605649773,0.18,0.11,0.24,0.15,0.62,1
1598443492,-1.04,-1.33,0.68,0.03,0.3,0
3561178324,-0.78,-0.42,0.03,0.76,0.21,1
3794197274,-0.77,-0.57,0.05,0.56,0.39,1
3652185521,-0.77,-0.77,0.11,0.1,0.79,2
1254816106,0.06,-0.67,0.93,0.01,0.05,0
2438623609,1.04,-0.63,0.99,0.0,0.01,0
418820499,0.16,0.88,0.03,0.9,0.07,1
156969775,0.23,0.89,0.03,0.89,0.08,1
3779451444,1.47,1.98,0.05,0.81,0.14,1
3399849034,-0.75,-0.77,0.13,0.09,0.78,2
2497354138,-0.39,-0.13,0.06,0.64,0.3,1
1194943107,-0.01,1.49,0.01,0.98,0.01,1
1730754807,-1.51,-0.88,0.01,0.9,0.09,1
2488542393,-0.19,-1.37,0.98,0.0,0.01,0
3397251660,-1.61,-1.16,0.01,0.82,0.17,1
1972970769,0.29,0.69,0.06,0.74,0.2,1
3282296112,0.0,0.02,0.16,0.19,0.65,0
4250251028,-0.59,-0.89,0.75,0.03,0.21,0
418902946,-0.06,-0.48,0.82,0.04,0.14,0
1272893350,-0.41,-0.22,0.07,0.52,0.41,1
3427599114,-0.84,-0.77,0.07,0.21,0.71,1
453485042,-1.15,-0.91,0.03,0.63,0.34,1
2902945326,0.38,-0.28,0.9,0.03,0.07,0
2914423941,-0.74,-0.75,0.12,0.1,0.79,2
458767383,-1.0,0.57,0.0,0.99,0.01,1
3451680326,-0.86,-0.84,0.09,0.13,0.79,2
2126698028,0.74,0.42,0.61,0.1,0.29,2
282869732,-0.73,-0.74,0.12,0.09,0.78,2
1070247583,-0.03,-0.47,0.83,0.04,0.13,0
3058223727,-0.61,0.34,0.01,0.95,0.04,1
2813605858,-0.13,-0.25,0.35,0.1,0.55,0
354973247,-0.35,-0.37,0.17,0.11,0.71,2
718751268,1.68,2.06,0.07,0.71,0.22,2
2081408128,-0.89,-1.27,0.82,0.02,0.17,0
601070980,-0.84,-0.82,0.09,0.11,0.8,2
2452045733,-1.42,-0.36,0.01,0.97,0.03,1
437681126,-1.23,0.28,0.0,0.99,0.01,1
2358911925,0.04,-1.06,0.98,0.0,0.02,0
2749690551,-1.05,-0.27,0.01,0.93,0.06,1
3794945679,-0.84,-0.82,0.09,0.12,0.79,2
1216685981,-0.66,-0.68,0.13,0.1,0.77,2
870101120,0.38,0.56,0.11,0.45,0.44,2
1060533486,-0.71,-0.84,0.41,0.06,0.53,0
2800048194,-1.42,-1.36,0.06,0.16,0.78,2
3678724717,1.12,-0.96,1.0,0.0,0.0,0
835203841,2.14,0.46,0.99,0.01,0.01,0
3534180451,0.29,0.33,0.17,0.22,0.62,2
2933177590,-0.74,-0.13,0.02,0.89,0.09,1
1125292564,-0.74,2.42,0.0,1.0,0.0,1
3167602651,-1.01,-1.15,0.37,0.05,0.58,2
405565153,-0.92,1.23,0.0,1.0,0.0,1
585089260,1.13,0.35,0.9,0.03,0.07,0
3807225748,-1.11,-1.2,0.24,0.06,0.71,0
3949491296,-0.81,-0.77,0.09,0.15,0.77,2
1680192080,-0.46,2.25,0.0,1.0,0.0,1
3650375014,-0.01,-0.13,0.31,0.11,0.57,2
4071205860,-0.13,-0.12,0.15,0.18,0.68,1
2107741644,1.98,-0.24,1.0,0.0,0.0,0
2363311724,0.67,0.68,0.19,0.2,0.61,0
361548961,-0.77,-0.71,0.08,0.18,0.74,2
2113817369,-1.47,2.08,0.0,1.0,0.0,1
1992125346,2.05,0.74,0.96,0.01,0.02,0
2406218488,0.41,-0.65,0.97,0.01,0.02,0
2655798428,0.07,1.8,0.0,0.99,0.01,1
1470582129,-0.76,-0.72,0.09,0.15,0.76,2
1777942014,-0.82,-0.84,0.12,0.09,0.79,2
2266733547,1.1,-0.41,0.98,0.0,0.01,0
2037324833,1.64,1.6,0.22,0.15,0.63,2
3969070304,-0.7,0.61,0.01,0.98,0.02,1
2488403264,-0.42,-0.35,0.1,0.23,0.67,2
1308854870,-0.55,-0.5,0.09,0.2,0.7,2
2559108447,2.2,-1.64,1.0,0.0,0.0,0
879355934,-1.93,-1.84,0.05,0.17,0.78,0
1627431527,1.02,-0.99,1.0,0.0,0.0,0
3176488905,-0.85,-0.87,0.12,0.09,0.8,2
2802810215,-0.42,0.14,0.03,0.87,0.1,1
4053508717,-0.32,-1.18,0.96,0.01,0.03,0
361859124,-0.19,1.92,0.0,1.0,0.0,1
2859738883,0.86,-0.47,0.98,0.01,0.02,0
1935171950,-1.66,0.18,0.0,0.99,0.0,1
1190396243,0.04,-0.74,0.94,0.01,0.05,0
1448944105,-0.74,-0.8,0.2,0.08,0.72,0
1269207710,0.11,-0.51,0.9,0.02,0.08,0
1437774850,-0.54,-0.74,0.58,0.05,0.37,1
4262849744,0.7,0.17,0.83,0.05,0.12,0
566392918,-0.89,-0.88,0.09,0.11,0.8,2
3009431214,1.24,-1.05,1.0,0.0,0.0,0
1508103705,-1.83,-1.56,0.02,0.61,0.37,2
1552209818,-0.8,-0.7,0.07,0.29,0.64,0
780105077,1.89,1.34,0.83,0.05,0.12,0
1056138999,1.23,-0.74,1.0,0.0,0.0,0
1156577694,-0.79,-0.84,0.18,0.08,0.74,2
3451042113,-0.86,0.74,0.0,0.99,0.01,1
1092834080,-1.05,-0.46,0.02,0.89,0.1,1
3154031076,-1.46,-0.75,0.01,0.92,0.07,1
3718302460,-1.21,-1.45,0.54,0.03,0.43,0
3840092441,-0.74,-0.77,0.15,0.09,0.76,2
853215317,-1.67,-0.26,0.0,0.99,0.01,1
58108903,0.43,-1.16,0.99,0.0,0.01,0
504557090,-0.66,-0.69,0.16,0.09,0.75,2
3933994000,-0.21,0.57,0.02,0.92,0.06,1
2917758882,-0.95,-0.94,0.09,0.11,0.8,2
2287537789,-0.89,-0.89,0.11,0.09,0.8,2
3476251044,-1.12,-1.15,0.11,0.07,0.82,2
2381112223,-0.17,0.37,0.04,0.85,0.12,2
3449890656,0.26,-1.41,1.0,0.0,0.0,0
136663969,0.21,-0.47,0.91,0.02,0.07,2
1419391644,-0.74,-0.81,0.22,0.08,0.71,0
308739814,-0.82,-0.77,0.08,0.17,0.75,1
2470669312,0.95,-0.44,0.98,0.01,0.01,0
4191803774,0.82,-0.98,0.99,0.0,0.0,0
193321358,-0.36,-1.12,0.95,0.01,0.04,0
1448004269,-1.35,2.27,0.0,1.0,0.0,1
3309963246,-0.84,-0.87,0.13,0.08,0.79,2
1484364356,-0.67,-0.67,0.11,0.1,0.78,2
67960801,-1.8,-0.33,0.0,0.99,0.01,1
1563241046,0.25,0.22,0.21,0.17,0.62,2
3753348653,-0.8,-0.77,0.09,0.13,0.78,2
497447828,-0.41,1.2,0.0,0.99,0.01,1
4284924803,0.3,-0.38,0.91,0.02,0.07,0
2342105764,0.5,-1.88,1.0,0.0,0.0,0
2613310682,2.11,-1.12,1.0,0.0,0.0,0
524018311,-0.82,-0.81,0.1,0.11,0.8,2
1001709538,-0.93,0.32,0.01,0.97,0.02,1
562680966,-1.76,0.2,0.0,1.0,0.0,1
2871603900,-0.76,-0.75,0.1,0.11,0.79,2
879890294,0.2,-0.57,0.93,0.02,0.05,0
3301988760,0.4,0.15,0.51,0.11,0.38,2
985865249,-0.4,-0.25,0.08,0.44,0.49,0
3883708960,-1.08,-0.59,0.02,0.85,0.13,1
3908776571,-0.82,-0.98,0.44,0.05,0.51,0
827267082,0.57,-0.15,0.9,0.03,0.07,0
453816362,-0.77,-0.95,0.51,0.05,0.44,0
4043811582,0.77,-0.19,0.94,0.02,0.04,0
3142453744,-0.66,-0.64,0.1,0.14,0.76,1
2523709356,-0.54,1.39,0.0,0.99,0.0,1
4188095022,-1.03,-0.55,0.02,0.84,0.14,1
1402365571,-0.42,-0.44,0.15,0.11,0.74,2
2797651607,-0.71,-0.75,0.16,0.09,0.76,2
2017366630,-1.34,1.34,0.0,1.0,0.0,1
1059952659,-0.89,-0.9,0.1,0.09,0.81,2
1864169962,-0.03,-0.12,0.27,0.12,0.61,0
48139544,-0.61,0.43,0.01,0.96,0.03,1
2482497553,-0.73,-0.75,0.13,0.09,0.78,2
2368143100,-0.13,1.27,0.01,0.98,0.01,1
291380261,-0.79,-0.84,0.18,0.08,0.74,2
2234886269,-0.66,0.63,0.01,0.98,0.02,1
60904186,1.79,1.15,0.86,0.04,0.09,0
3609031757,-0.8,-0.86,0.19,0.08,0.73,2
1917615627,-0.91,-0.91,0.1,0.09,0.81,2
3431537854,-1.74,-1.73,0.06,0.08,0.85,2
390330593,0.94,1.12,0.13,0.4,0.47,0
2022062978,-0.01,-0.38,0.78,0.05,0.18,0
1008581559,-0.29,0.0,0.06,0.67,0.27,0
1147438345,-0.84,-0.95,0.33,0.06,0.61,2
257299614,-0.81,-0.82,0.11,0.09,0.8,2
801691302,-0.66,0.35,0.01,0.95,0.03,1
2928368313,-0.44,-0.04,0.04,0.78,0.18,1
3028199149,-0.73,-0.8,0.23,0.08,0.7,0
1260835943,-0.95,-0.28,0.02,0.91,0.08,1
2951284577,-0.78,-0.74,0.09,0.15,0.76,2
4102945508,0.63,0.63,0.19,0.19,0.61,2
3184847670,-0.82,-0.86,0.16,0.08,0.76,2
716611868,-1.9,0.61,0.0,1.0,0.0,1
592824435,-1.25,0.61,0.0,0.99,0.0,1
1299647672,-0.99,-0.92,0.07,0.2,0.73,0
2503832948,-0.54,0.14,0.02,0.91,0.07,2
1816584649,-0.66,-0.73,0.25,0.08,0.68,2
2292582323,1.03,-1.68,1.0,0.0,0.0,0
3366268335,0.54,0.42,0.31,0.15,0.55,2
372788593,-0.42,-0.1,0.05,0.72,0.23,2
1776390959,-1.02,-0.89,0.05,0.38,0.57,2
1591464186,1.76,-1.02,1.0,0.0,0.0,0
205952780,0.15,0.19,0.16,0.22,0.62,1
1762514765,-1.56,-1.58,0.09,0.07,0.85,2
1846989780,-0.94,0.35,0.01,0.98,0.02,1
755893152,0.53,1.08,0.04,0.84,0.12,1
1865979390,2.42,1.03,0.97,0.01,0.02,0
2363575154,-0.78,-0.81,0.14,0.09,0.77,0
1044934815,1.34,-1.59,1.0,0.0,0.0,0
2242714616,1.55,0.65,0.92,0.03,0.05,0
104351632,-0.13,-1.24,0.98,0.0,0.02,0
1738571792,-0.71,-0.62,0.07,0.28,0.65,1
1907411910,0.42,-1.65,1.0,0.0,0.0,0
3728155402,1.23,-0.97,1.0,0.0,0.0,0
1574536110,0.06,1.39,0.01,0.98,0.02,1
3818411187,-0.25,-1.08,0.96,0.01,0.04,0
2570513484,-1.02,-1.02,0.09,0.09,0.82,2
4225794120,-0.93,-0.76,0.05,0.47,0.48,1
4262858440,-0.37,-0.44,0.24,0.1,0.66,2
1070046765,-0.82,-0.77,0.08,0.17,0.75,2
108388194,-1.62,0.61,0.0,1.0,0.0,1
3683616020,-0.6,-0.61,0.14,0.1,0.76,2
2834497877,-0.67,-0.62,0.09,0.18,0.73,2
2523477586,1.8,1.6,0.43,0.11,0.46,1
866976145,-1.33,-0.26,0.01,0.97,0.03,1
2026795544,0.1,-1.64,1.0,0.0,0.0,0
1125063495,-0.73,0.76,0.01,0.98,0.01,1
1807907337,-0.71,-0.77,0.2,0.08,0.72,2
4052060304,-1.43,0.76,0.0,1.0,0.0,1
1348327628,0.84,0.92,0.15,0.26,0.59,2
3501942968,-0.73,-0.52,0.05,0.58,0.37,1
3286093255,-0.42,-0.25,0.07,0.46,0.46,2
3308937662,-0.84,0.85,0.0,0.99,0.01,1
3011201986,-0.34,1.2,0.0,0.99,0.01,1
54955806,1.18,0.44,0.88,0.04,0.08,0
3701022986,-0.51,-0.57,0.23,0.09,0.69,2
1453275667,-1.08,0.3,0.0,0.98,0.01,1
3271844930,0.91,2.17,0.01,0.97,0.02,1
2373255633,-0.72,0.58,0.01,0.98,0.02,1
3366163371,-0.42,-0.33,0.09,0.27,0.64,2
464699811,-0.03,-0.16,0.33,0.11,0.56,0
3676751156,0.3,-1.01,0.99,0.0,0.01,0
1114113340,-0.56,-0.53,0.1,0.15,0.75,2
2086527610,0.68,1.2,0.04,0.82,0.13,1
1402504655,0.26,-0.6,0.94,0.01,0.04,0
3445778553,-0.95,0.92,0.0,0.99,0.0,1
973203639,-0.43,-1.08,0.93,0.01,0.06,0
3990767430,-0.73,-1.26,0.9,0.01,0.09,0
1376138468,-0.84,-0.84,0.1,0.1,0.8,2
2030700303,1.93,1.93,0.19,0.16,0.65,2
1522423329,0.68,-0.32,0.95,0.01,0.03,0
1777463648,-0.39,-0.62,0.62,0.05,0.32,0
4139064981,1.54,1.08,0.76,0.07,0.17,0
851719010,-0.94,-0.88,0.07,0.19,0.74,1
2120953495,-0.77,-0.8,0.15,0.08,0.76,2
4115361724,-0.21,-0.1,0.1,0.34,0.56,1
421745238,-0.66,-0.67,0.13,0.1,0.77,1
1104307809,0.71,-0.67,0.98,0.0,0.01,0
2916401455,1.88,0.55,0.97,0.01,0.02,0
890725417,-1.34,-0.29,0.01,0.97,0.03,1
3852629309,-0.46,-0.42,0.11,0.17,0.72,2
586101746,-0.07,0.25,0.06,0.68,0.25,1
1247294348,0.52,0.62,0.14,0.3,0.56,1
3592779218,0.34,0.75,0.06,0.75,0.19,2
1206707845,-0.68,-0.49,0.05,0.54,0.41,1
3961956273,0.1,-1.38,0.99,0.0,0.01,0
837349204,-1.45,0.75,0.0,1.0,0.0,1
1430393993,-0.88,-0.87,0.09,0.1,0.8,2
1141668382,-0.48,-0.82,0.79,0.03,0.18,2
557581897,-0.7,-1.12,0.84,0.02,0.14,0
851837863,-1.02,0.94,0.0,0.99,0.0,1
1233913138,-0.19,-0.36,0.47,0.08,0.45,0
4229029324,1.21,0.04,0.96,0.01,0.03,0
3377630717,-1.39,-0.58,0.01,0.94,0.05,1
1439152664,-1.09,1.8,0.0,1.0,0.0,1
3420034613,2.78,0.23,1.0,0.0,0.0,0
4194340648,1.35,-0.06,0.98,0.01,0.02,0
181095445,-0.36,-0.34,0.13,0.14,0.73,1
2751369597,-1.3,-1.28,0.07,0.11,0.82,2
3031049214,-0.95,0.25,0.01,0.97,0.02,1
307112608,-0.62,-0.45,0.06,0.48,0.46,1
2584790647,-0.69,0.05,0.02,0.92,0.06,1
887255572,0.12,0.0,0.31,0.12,0.56,2
3837283488,-0.03,-0.25,0.51,0.09,0.4,0
98518052,-0.8,-0.77,0.09,0.15,0.77,2
504948262,-0.38,1.98,0.0,1.0,0.0,1
900076905,-0.06,-0.11,0.21,0.13,0.65,2
45679685,-0.82,-0.81,0.1,0.11,0.8,2
1795379566,-1.55,1.67,0.0,1.0,0.0,1
1040780777,1.96,-1.13,1.0,0.0,0.0,0
1076046163,-0.63,0.79,0.01,0.98,0.01,1
3532021216,-0.12,-1.37,0.99,0.0,0.01,0
1048677649,2.81,2.8,0.2,0.14,0.66,2
225756243,1.9,-1.09,1.0,0.0,0.0,0
2702174308,-0.71,-0.67,0.09,0.16,0.75,2
2251759744,0.48,-1.04,0.99,0.0,0.01,0
73710468,-0.79,-0.77,0.09,0.12,0.78,2
3751005810,0.09,0.01,0.25,0.13,0.62,0
396049328,-0.33,-0.31,0.13,0.15,0.72,2
2449869006,-0.61,-0.56,0.1,0.17,0.74,0
297131293,2.81,2.39,0.74,0.05,0.21,2
2228148218,0.48,-0.69,0.97,0.01,0.02,0
361612932,-0.78,-0.78,0.1,0.1,0.8,2
1478250634,0.06,-1.25,0.99,0.0,0.01,0
2906446014,-1.05,1.21,0.0,1.0,0.0,1
1557309636,-0.66,-1.02,0.81,0.02,0.16,0
2756369956,-1.67,0.82,0.0,1.0,0.0,1
378594406,0.07,0.06,0.18,0.18,0.64,0
1301932961,-0.57,-0.58,0.13,0.1,0.77,2
2836168564,-0.71,-0.74,0.15,0.09,0.77,2
3532841250,0.23,-0.87,0.97,0.01,0.02,0
1309784500,-0.55,-0.58,0.15,0.1,0.75,2
3443951052,2.81,2.08,0.91,0.03,0.06,0
4045386444,-1.14,0.77,0.0,0.99,0.0,1
409792593,1.33,0.57,0.89,0.04,0.07,0
1031651084,-0.78,-0.8,0.13,0.09,0.78,2
3234939893,0.31,0.42,0.13,0.31,0.55,1
1672198421,1.02,-0.62,0.99,0.0,0.01,0
2153284044,-0.49,-0.47,0.12,0.13,0.75,0
2829600179,0.87,-0.71,0.99,0.0,0.01,0
2469093256,-1.39,-0.88,0.01,0.86,0.13,1
78429920,-0.61,-0.2,0.03,0.8,0.17,1
175461577,-0.91,-0.95,0.14,0.08,0.78,2
2155570044,0.46,-0.13,0.87,0.04,0.09,2
1903638916,0.49,1.11,0.03,0.87,0.09,1
58178065,-0.87,-0.38,0.02,0.84,0.13,1
3062761656,2.28,-0.75,1.0,0.0,0.0,0
1582802158,-0.89,-0.82,0.07,0.21,0.72,2
2644243063,0.38,0.48,0.14,0.31,0.55,2
229638042,-1.56,1.2,0.0,1.0,0.0,1
1310306170,-1.43,1.77,0.0,1.0,0.0,1
275160040,1.21,2.88,0.0,0.99,0.01,1
2251402019,1.16,-0.93,1.0,0.0,0.0,0
2764558950,-0.76,-0.64,0.06,0.35,0.59,2
3135518613,-1.27,-1.7,0.81,0.01,0.18,1
710286670,-0.71,-0.72,0.12,0.1,0.78,0
1079663335,-0.8,-0.77,0.09,0.13,0.78,2
716424535,-1.31,-0.74,0.01,0.88,0.11,2
3291998819,1.05,1.69,0.03,0.88,0.09,1
1501041282,1.17,0.29,0.92,0.03,0.05,0
3578553435,-0.77,-0.9,0.4,0.06,0.54,2
2058710885,-0.69,-0.77,0.27,0.07,0.66,0
240346295,-0.82,-1.02,0.55,0.04,0.41,0
873036866,-0.69,-0.7,0.13,0.1,0.78,2
3463904802,-1.73,-0.85,0.01,0.95,0.04,1
3044970802,-0.8,0.4,0.01,0.97,0.02,1
592223239,-1.78,-0.66,0.0,0.97,0.02,1
3475113472,2.34,0.52,0.99,0.0,0.01,0
261572367,2.67,-0.44,1.0,0.0,0.0,0
606135544,0.5,2.03,0.01,0.98,0.01,1
2764522407,1.45,-1.22,1.0,0.0,0.0,2
2796734432,-0.58,-0.55,0.11,0.14,0.76,2
2585054606,-0.44,1.95,0.0,1.0,0.0,1
2985979732,0.33,-1.41,1.0,0.0,0.0,0
66786209,0.84,-1.23,1.0,0.0,0.0,0
3389825953,0.03,-1.34,0.99,0.0,0.01,0
1376238371,-0.4,-0.37,0.12,0.16,0.73,2
1179683596,-0.68,-0.66,0.1,0.13,0.77,2
2489288099,0.9,1.17,0.1,0.56,0.34,1
2506054680,-0.84,-0.82,0.09,0.11,0.8,2
1571552797,0.37,-0.8,0.98,0.01,0.02,0
945029348,-0.95,1.25,0.0,1.0,0.0,1
1405177760,1.96,-0.65,1.0,0.0,0.0,0
3911794098,-0.89,-0.0,0.01,0.94,0.04,1
2386058730,-0.93,-0.45,0.02,0.84,0.14,1
1690043841,-0.16,-0.94,0.95,0.01,0.04,0
2342576587,-0.89,-0.21,0.02,0.91,0.07,2
2703877418,-0.5,-0.04,0.03,0.83,0.14,1
1091179212,-0.04,-0.08,0.2,0.14,0.66,2
930668240,-0.95,-0.96,0.1,0.09,0.81,1
3250329751,-1.04,-1.34,0.7,0.02,0.27,0
3466604995,-0.36,-1.46,0.98,0.0,0.01,0
897292130,-0.61,0.37,0.01,0.95,0.04,1
922334196,-0.35,-0.48,0.41,0.08,0.51,2
1287718124,-0.32,-0.2,0.09,0.34,0.57,1
3069200122,-1.63,1.13,0.0,1.0,0.0,1
897775559,0.25,0.25,0.19,0.19,0.62,1
4134650539,-1.71,1.11,0.0,1.0,0.0,1
785938198,-1.03,-1.05,0.11,0.08,0.81,2
1589666648,1.74,1.14,0.85,0.05,0.1,0
2924594431,-1.47,-1.42,0.06,0.13,0.81,1
2814892168,-0.45,1.04,0.01,0.98,0.01,1
1721981634,-0.8,-0.45,0.03,0.75,0.21,0
3361072772,-0.59,-1.01,0.85,0.02,0.13,0
3340399864,-0.34,0.4,0.02,0.91,0.07,1
3356194781,-0.57,-0.37,0.06,0.54,0.4,1
3176156594,2.7,-0.67,1.0,0.0,0.0,0
525426307,1.28,-1.55,1.0,0.0,0.0,0
1006727825,0.33,0.04,0.58,0.09,0.33,0
741212665,-0.84,-0.81,0.09,0.14,0.77,2
3325998356,0.07,-0.8,0.95,0.01,0.04,0
1770982546,-1.88,1.04,0.0,1.0,0.0,1
3542027669,-0.66,-0.71,0.18,0.09,0.74,2
4069846970,0.46,0.11,0.66,0.08,0.26,0
745085593,0.57,-1.8,1.0,0.0,0.0,0
470859906,0.03,-0.32,0.73,0.06,0.21,0
3642351306,-0.84,-0.9,0.19,0.07,0.74,2
75636523,-0.78,-0.77,0.1,0.11,0.79,2
757439461,-1.37,-1.3,0.06,0.16,0.78,2
2238572918,-0.96,-0.25,0.01,0.92,0.07,1
2104058976,0.04,0.01,0.2,0.15,0.65,1
2678993911,0.88,-1.15,1.0,0.0,0.0,0
1011129469,0.07,-1.18,0.99,0.0,0.01,0
1257509469,-0.89,-0.87,0.09,0.12,0.79,2
3179291101,-0.32,0.18,0.04,0.84,0.13,1
3505347838,1.01,-1.59,1.0,0.0,0.0,0
1237777695,0.32,0.95,0.03,0.88,0.09,1
3326776675,-0.48,-0.53,0.21,0.09,0.7,0
2820950471,-1.12,-0.67,0.02,0.83,0.15,1
1180713429,-0.67,-0.39,0.04,0.68,0.28,0
1322855394,-0.95,-0.93,0.09,0.12,0.8,0
3519668301,0.34,0.3,0.22,0.17,0.61,1
2269828069,-0.71,-0.63,0.08,0.24,0.68,2
1684929785,-0.76,-0.77,0.12,0.09,0.78,0
2702322350,-0.77,-0.71,0.08,0.19,0.73,1
1420307543,-0.81,-0.79,0.09,0.12,0.79,1
3604756904,-0.25,-0.24,0.14,0.16,0.7,2
1088348677,-1.05,-1.02,0.08,0.14,0.78,1
2096661126,-0.77,0.2,0.01,0.95,0.04,1
223846341,-1.39,1.12,0.0,1.0,0.0,1
3426590668,1.03,-1.2,1.0,0.0,0.0,0
3991439863,0.08,-0.35,0.82,0.04,0.14,0
4189448748,-1.28,-0.05,0.01,0.98,0.02,1
3099886584,-0.79,-0.81,0.12,0.09,0.79,2
1700352394,-1.43,-1.59,0.34,0.04,0.62,1
1545284886,-0.25,-0.93,0.93,0.01,0.06,0
3324187078,-0.82,-0.82,0.1,0.1,0.8,2
1753166684,-0.71,-1.37,0.94,0.01,0.05,0
1303528044,-0.8,-0.84,0.15,0.08,0.77,2
2337187596,0.07,-0.1,0.39,0.11,0.5,0
2754005966,-0.84,-0.71,0.06,0.34,0.59,2
1268612930,0.41,0.99,0.04,0.86,0.11,2
3158363630,0.07,-0.42,0.86,0.03,0.11,0
2168402547,-0.41,-0.46,0.22,0.1,0.68,1
1878590925,-1.3,-0.25,0.01,0.97,0.03,1
1853404473,-0.57,-0.46,0.08,0.32,0.6,1
407589571,-0.35,-0.37,0.16,0.12,0.72,1
918951647,1.67,0.71,0.93,0.02,0.05,0
3496526675,1.39,-0.76,1.0,0.0,0.0,0
3466370711,1.78,-0.23,0.99,0.0,0.0,0
1408912893,-0.84,0.99,0.0,0.99,0.0,1
255066099,-1.46,1.01,0.0,1.0,0.0,1
3864241325,0.49,0.1,0.7,0.07,0.22,1
3057718805,-0.93,-0.91,0.09,0.11,0.8,1
3030042738,0.25,1.05,0.02,0.92,0.06,1
3314390149,-0.76,-0.71,0.09,0.16,0.75,1
1277189324,-0.11,-0.25,0.37,0.1,0.53,2
2754201548,-0.35,1.0,0.01,0.98,0.02,1
1460966532,-1.39,0.18,0.0,0.99,0.01,1
1661843591,-0.65,-0.66,0.12,0.1,0.78,0
409760299,-0.21,1.94,0.0,1.0,0.0,1
1195125039,-0.88,-0.8,0.07,0.22,0.71,1
1052670442,-1.3,-0.93,0.02,0.78,0.2,1
3646125898,-0.82,1.15,0.0,0.99,0.0,1
2255788602,0.37,-1.13,0.99,0.0,0.01,0
857941097,-1.16,-0.81,0.02,0.77,0.21,1
1755825938,-0.54,-0.55,0.14,0.1,0.76,2
2024278869,-0.84,-0.25,0.02,0.88,0.1,1
375016963,-1.43,-0.54,0.01,0.95,0.04,1
2608736500,2.41,-1.45,1.0,0.0,0.0,0
3991512627,-0.56,-0.53,0.1,0.16,0.74,2
3454860111,-0.85,-0.84,0.1,0.1,0.8,2
1289121274,0.23,-0.03,0.54,0.09,0.37,0
2930481600,-1.37,0.4,0.0,0.99,0.0,1
3673573425,-1.52,-1.59,0.15,0.05,0.8,2
612529681,-0.19,0.71,0.02,0.94,0.05,1
2376676271,-0.69,-0.67,0.1,0.12,0.78,2
3738232163,1.21,-0.52,0.99,0.0,0.01,0
1864751204,-0.79,-0.77,0.09,0.13,0.78,2
3400491348,-0.93,-0.96,0.14,0.08,0.78,2
1115762411,-0.8,0.06,0.01,0.94,0.05,1
551471895,-0.71,-0.4,0.04,0.7,0.25,1
1982208848,-0.53,-1.73,0.99,0.0,0.01,0
2549369550,0.89,-1.2,1.0,0.0,0.0,0
2875847861,-1.66,0.91,0.0,1.0,0.0,1
3350872761,1.48,-0.51,0.99,0.0,0.0,0
2310055574,0.29,-1.33,0.99,0.0,0.0,0
1448274582,0.28,-0.48,0.93,0.02,0.05,0
2882804645,-0.81,-0.81,0.1,0.1,0.8,2
293947507,-0.54,-0.72,0.54,0.06,0.41,0
122931491,1.61,-0.4,0.99,0.0,0.0,0
3763893852,0.58,-0.19,0.91,0.02,0.06,0
714078928,-0.71,-0.69,0.09,0.14,0.77,2
3011292378,-0.42,-0.66,0.64,0.05,0.31,0
4172864939,-0.95,0.02,0.01,0.96,0.03,1
2254426470,0.48,1.13,0.03,0.89,0.08,1
2454023635,-0.97,-0.55,0.02,0.81,0.17,1
1140900502,-0.86,-0.88,0.12,0.09,0.8,2
3182328021,-1.13,-0.01,0.01,0.97,0.02,1
235264037,1.24,-1.11,1.0,0.0,0.0,0
2995899749,-0.85,-0.89,0.15,0.08,0.77,2
2030833966,0.82,0.66,0.38,0.14,0.48,1
693605768,1.01,2.47,0.01,0.98,0.01,1
3600970455,0.41,2.05,0.0,0.99,0.01,1
727422554,2.36,0.1,1.0,0.0,0.0,0
3008181081,-0.94,-0.89,0.08,0.15,0.77,1
3600438629,-0.74,-0.92,0.5,0.05,0.45,0
2579412333,-0.85,-0.82,0.09,0.14,0.77,2
3515192642,-1.31,-0.68,0.01,0.9,0.09,1
2472771406,0.99,-0.04,0.95,0.02,0.04,0
961397633,-1.39,-1.33,0.06,0.16,0.78,2
714713883,0.89,-1.31,1.0,0.0,0.0,0
3069429382,0.82,-0.91,0.99,0.0,0.01,0
2966770406,0.86,1.55,0.03,0.9,0.07,1
1189550516,-0.19,1.55,0.0,0.99,0.01,1
4125061563,-0.05,-0.05,0.17,0.17,0.66,1
894821898,-0.72,-0.53,0.05,0.53,0.41,1
1338423046,-0.19,-0.21,0.17,0.13,0.69,1
1127148550,-0.75,-0.75,0.11,0.1,0.79,2
3333049468,-0.85,-0.85,0.1,0.1,0.8,2
1006246244,0.28,0.71,0.05,0.76,0.18,1
3297866887,0.34,0.47,0.13,0.36,0.51,0
4262860715,-0.99,-1.1,0.3,0.06,0.64,2
3638678314,1.48,-0.71,1.0,0.0,0.0,0
1083360775,-0.98,-0.94,0.08,0.15,0.77,1
885545927,-0.58,-0.86,0.73,0.03,0.24,2
508592795,0.34,0.62,0.08,0.61,0.31,2
1273412451,-0.92,-0.16,0.01,0.93,0.06,1
509819931,-1.2,0.53,0.0,0.99,0.01,1
4233581413,-0.84,-0.87,0.13,0.08,0.79,2
1623516824,-1.52,1.51,0.0,1.0,0.0,1
1612811424,0.66,-0.35,0.95,0.01,0.03,0
2732095063,-0.74,-0.76,0.13,0.09,0.78,2
3740388825,-0.22,0.47,0.03,0.9,0.08,1
2486463953,-0.84,-0.84,0.1,0.1,0.8,2
1371910286,-0.84,2.05,0.0,1.0,0.0,1
3460245560,-0.79,-0.76,0.09,0.15,0.77,1
1385960292,0.01,0.99,0.02,0.94,0.04,1
1624120255,0.42,-1.17,0.99,0.0,0.01,0
2421442336,-0.86,-0.78,0.07,0.23,0.7,2
1942386044,-0.71,-0.99,0.71,0.03,0.26,0
1558920207,1.38,-1.05,1.0,0.0,0.0,0
3965344630,1.05,1.02,0.23,0.17,0.6,1
2251047955,0.21,-0.67,0.95,0.01,0.04,0
3962018596,0.22,0.35,0.13,0.34,0.53,1
3442177398,-1.06,-1.23,0.44,0.04,0.51,2
3206536952,-0.57,1.53,0.0,1.0,0.0,1
3951523644,-1.07,-1.33,0.61,0.03,0.35,2
1389833129,2.59,0.38,1.0,0.0,0.0,0
3241413055,-0.31,-0.25,0.11,0.22,0.67,0
786153022,-0.26,-0.14,0.1,0.33,0.57,1
2574639178,-1.78,-0.54,0.0,0.98,0.02,1
2141052292,-0.55,-0.7,0.45,0.06,0.49,0
174033244,-0.88,-0.95,0.23,0.07,0.71,2
3268059053,2.86,-0.95,1.0,0.0,0.0,0
3237387100,-0.1,2.08,0.0,1.0,0.0,1
1079378721,-0.02,-0.08,0.22,0.13,0.64,1
1100722545,-1.7,0.51,0.0,1.0,0.0,1
3096617085,-0.81,-0.78,0.09,0.13,0.78,2
1034963224,-0.82,-0.82,0.1,0.11,0.8,2
1645099022,-1.14,-0.57,0.02,0.88,0.11,1
1606003020,-0.59,-1.21,0.93,0.01,0.06,1
4147197812,1.28,0.15,0.95,0.01,0.03,0
1486465505,1.12,1.58,0.06,0.76,0.18,1
2707266107,-0.28,-0.67,0.82,0.03,0.15,0
899283736,-1.23,-1.18,0.07,0.16,0.78,2
1855624316,-1.2,-0.13,0.01,0.97,0.03,1
2322322003,-0.35,1.06,0.01,0.98,0.01,1
3509118171,-0.82,-0.86,0.15,0.08,0.77,2
333448781,2.34,2.33,0.2,0.14,0.66,2
1495274403,0.03,0.71,0.03,0.89,0.08,1
1019335160,-1.26,1.98,0.0,1.0,0.0,1
2094589713,0.04,1.69,0.0,0.99,0.01,1
1965670564,0.73,1.01,0.1,0.58,0.33,2
2993841982,-0.67,-1.21,0.9,0.01,0.08,2
3392123181,0.34,0.56,0.1,0.52,0.38,2
4164946281,2.73,3.0,0.1,0.51,0.38,2
2238130727,0.9,1.6,0.03,0.9,0.07,1
2978440603,-1.87,-1.81,0.05,0.12,0.82,2
3787377213,-0.47,-0.41,0.1,0.21,0.69,2
2812206695,-1.09,0.21,0.01,0.98,0.02,1
4114870092,-1.16,2.09,0.0,1.0,0.0,1
3318167821,-0.71,-0.77,0.2,0.08,0.72,2
860712494,-1.23,-0.72,0.02,0.86,0.13,1
2261274439,-0.56,-0.54,0.11,0.14,0.75,2
2089050824,-1.41,1.12,0.0,1.0,0.0,1
3059777309,-0.84,-0.8,0.09,0.14,0.77,2
2619912305,-0.75,1.7,0.0,1.0,0.0,1
3103197924,1.08,-0.25,0.97,0.01,0.02,0
2126792253,1.13,0.61,0.81,0.06,0.14,2
348389630,-0.59,-1.15,0.91,0.01,0.08,2
3290177199,-0.28,-0.28,0.15,0.14,0.71,2
768971012,0.94,1.37,0.06,0.75,0.19,1
2961097561,0.27,0.56,0.08,0.63,0.29,2
3134547860,-0.62,-0.36,0.05,0.65,0.3,1
559358989,-0.3,-0.88,0.91,0.02,0.08,0
1203774891,-0.14,0.39,0.04,0.84,0.12,1
3547066642,-0.27,-0.41,0.43,0.08,0.48,0
1392697382,-0.74,-0.77,0.14,0.09,0.77,2
2268870209,2.41,1.13,0.97,0.01,0.02,0
2905564979,-0.53,-0.58,0.21,0.09,0.7,0
3664491663,-0.82,-0.82,0.1,0.1,0.8,2
2289812097,-1.02,-0.16,0.01,0.94,0.05,1
351330709,-1.3,-0.27,0.01,0.96,0.03,1
775229282,-1.08,-1.04,0.07,0.14,0.79,1
1202854629,0.77,0.68,0.27,0.15,0.57,2
2784000806,-0.12,-0.29,0.45,0.09,0.46,2
3018276609,0.71,0.71,0.2,0.19,0.61,2
3280318752,-0.66,-0.95,0.73,0.03,0.23,0
3897330887,-0.79,-1.23,0.85,0.02,0.13,0
1986515950,-0.64,-0.17,0.03,0.84,0.14,1
1735410150,-0.54,-0.54,0.12,0.11,0.76,1
1748561071,-0.65,-0.37,0.05,0.68,0.28,1
2525847143,-0.11,-1.01,0.96,0.01,0.03,0
1423805405,-0.06,-0.3,0.59,0.07,0.34,2
1951347347,-1.01,-1.01,0.09,0.09,0.81,2
2520426148,-0.76,-0.77,0.12,0.09,0.78,2
228882601,-0.84,0.33,0.01,0.97,0.02,1
436930724,-0.42,-0.5,0.27,0.09,0.64,1
3965979517,-0.02,0.26,0.07,0.63,0.3,0
2004107214,-0.77,-0.84,0.22,0.07,0.7,2
2524221280,0.59,0.54,0.23,0.17,0.6,2
4103792382,-0.7,-0.71,0.13,0.09,0.78,2
1407408316,0.11,-0.04,0.36,0.12,0.52,2
3106791978,-0.89,-0.89,0.1,0.1,0.81,2
300170897,-0.46,0.75,0.01,0.97,0.02,1
2732379633,-0.7,1.67,0.0,1.0,0.0,1
3796573188,-1.6,-1.62,0.09,0.06,0.85,2
578752092,-0.69,-0.69,0.11,0.1,0.79,2
4005773718,-0.16,-1.59,0.99,0.0,0.01,0
1071634176,-0.38,0.09,0.04,0.83,0.14,1
2522937735,-0.5,-0.58,0.27,0.08,0.64,1
1099121425,0.77,0.87,0.15,0.3,0.56,2
2843784232,2.05,-1.44,1.0,0.0,0.0,0
2724243040,-0.92,0.42,0.01,0.98,0.01,1
1048416476,1.3,1.33,0.18,0.19,0.62,2
3829441474,-1.25,-0.42,0.01,0.94,0.05,1
2654345436,1.02,-0.61,0.99,0.0,0.01,0
3008754185,-0.22,-0.18,0.13,0.19,0.68,2
4083355146,-0.71,-0.77,0.2,0.08,0.72,2
3826724560,-1.1,-0.4,0.01,0.92,0.07,1
3324159932,-0.93,1.71,0.0,1.0,0.0,1
2038264336,-0.91,0.23,0.01,0.97,0.02,1
589175293,-0.65,-0.75,0.32,0.07,0.61,2
2936274710,-1.52,-1.43,0.05,0.2,0.75,2
4235879501,-0.5,-0.08,0.04,0.8,0.16,1
3326372388,-0.74,-0.71,0.09,0.15,0.76,2
2467588460,-0.4,-0.53,0.41,0.08,0.51,2
1072777426,-0.47,-0.8,0.78,0.03,0.19,0
2296546760,0.03,-0.47,0.87,0.03,0.1,0
4233383829,-0.3,0.43,0.02,0.91,0.07,1
785332837,-0.41,-0.36,0.11,0.2,0.7,2
2340590860,-0.84,-0.85,0.11,0.09,0.8,2
405146135,-0.1,-0.96,0.96,0.01,0.03,0
3905798894,-0.07,-0.68,0.91,0.02,0.07,0
3100352663,-0.82,-0.63,0.05,0.54,0.41,1
2448003979,-0.72,-0.59,0.06,0.39,0.54,1
1584108159,-0.14,-0.5,0.78,0.04,0.17,0
3853115908,2.34,1.38,0.94,0.02,0.04,0
3354824390,1.66,1.16,0.79,0.06,0.15,1
1030560277,-0.27,-1.23,0.97,0.0,0.02,0
4040574899,-1.35,-1.09,0.03,0.67,0.3,1
2396866359,-1.45,-1.54,0.2,0.05,0.75,1
3842957645,0.59,0.62,0.17,0.22,0.61,2
3033740310,-0.76,-0.84,0.24,0.07,0.69,2
812881541,0.69,-1.16,1.0,0.0,0.0,0
993809613,0.93,-0.2,0.96,0.01,0.03,0
4019318365,-0.85,-0.85,0.1,0.1,0.8,2
452745234,0.57,-0.59,0.97,0.01,0.02,0
3663973000,-1.88,-1.88,0.06,0.07,0.87,2
2663825704,-1.12,-0.59,0.02,0.86,0.12,1
2739574970,-0.21,-0.89,0.93,0.01,0.06,0
581573086,1.27,0.08,0.96,0.01,0.03,0
2687333181,-0.8,-0.79,0.1,0.11,0.8,2
1788139297,-1.5,-0.46,0.01,0.97,0.03,1
263434757,-1.3,0.38,0.0,0.99,0.01,2
3585693897,-0.76,-0.8,0.17,0.08,0.75,0
1761988485,-0.85,-0.82,0.09,0.14,0.77,2
3706924601,-0.97,-0.96,0.09,0.1,0.81,2
3141447629,0.26,0.09,0.38,0.12,0.5,2
2759938284,2.73,1.1,0.98,0.01,0.01,0
1712782425,-1.02,0.1,0.01,0.97,0.02,1
2119692411,-1.09,0.97,0.0,1.0,0.0,1
1517021709,0.38,1.14,0.02,0.91,0.06,1
2281405534,-0.66,-0.62,0.1,0.15,0.75,2
3222457608,-1.05,-1.02,0.08,0.14,0.78,2
3847149368,2.03,-0.87,1.0,0.0,0.0,0
3275825706,-0.76,-0.78,0.14,0.09,0.78,1
4294452769,-0.8,-0.8,0.1,0.1,0.8,2
1727844644,-1.59,-0.61,0.01,0.96,0.03,1
329093558,2.08,-1.18,1.0,0.0,0.0,0
1366313892,1.21,0.5,0.88,0.04,0.08,0
3880761571,0.27,0.43,0.12,0.41,0.47,2
1761278802,1.59,-0.21,0.99,0.0,0.01,0
655909902,-1.3,-1.5,0.44,0.04,0.53,2
826523466,-0.72,-0.67,0.09,0.18,0.74,2
3464884325,1.2,1.36,0.14,0.36,0.5,0
998209378,-0.86,-0.84,0.09,0.11,0.79,2
1595552836,0.03,-0.63,0.92,0.02,0.07,0
745110762,-0.26,-0.92,0.93,0.01,0.06,0
2854290863,0.07,-1.13,0.98,0.0,0.01,0
2176380779,-0.54,-0.95,0.84,0.02,0.14,0
2671714959,-0.91,-0.34,0.02,0.88,0.1,1
3842344338,1.75,2.17,0.06,0.74,0.19,2
2909724810,-0.3,0.27,0.03,0.87,0.1,1
4111510164,-1.05,-1.32,0.65,0.03,0.32,2
4147001923,-1.59,-1.46,0.04,0.31,0.65,2
2252854331,-0.67,-0.46,0.05,0.58,0.37,2
4059350452,2.05,1.33,0.89,0.03,0.07,0
3956739676,-0.69,-0.74,0.2,0.08,0.72,0
408713416,0.72,0.26,0.78,0.06,0.16,0
3265497459,-0.86,-0.21,0.02,0.9,0.08,1
3256586260,-0.84,-0.82,0.09,0.13,0.78,2
3374518576,-0.87,-0.9,0.14,0.08,0.78,0
3390245049,-0.47,0.17,0.02,0.89,0.09,1
2118019615,-0.53,-0.54,0.14,0.11,0.76,2
423649793,-0.74,-0.15,0.02,0.88,0.09,1
2410198424,0.28,-1.18,0.99,0.0,0.01,0
3995519255,-1.23,-1.15,0.06,0.2,0.73,1
2079286091,1.6,0.58,0.94,0.02,0.04,0
2984502857,0.36,0.32,0.22,0.17,0.61,1
3801405026,-0.7,-0.52,0.05,0.51,0.43,2
164845254,-0.1,0.71,0.02,0.92,0.06,1
1387777340,-0.35,0.29,0.03,0.89,0.08,1
1859526217,-0.47,-0.47,0.13,0.12,0.75,1
887507035,-0.71,-0.75,0.17,0.08,0.74,2
3837525245,-1.02,-0.96,0.07,0.17,0.76,2
367980354,-0.01,-1.15,0.98,0.0,0.02,0
176777033,-0.49,0.52,0.01,0.95,0.03,1
2918157131,0.09,0.08,0.19,0.17,0.64,2
4017811696,1.6,1.16,0.75,0.07,0.18,0
2342621216,-0.62,-0.89,0.7,0.04,0.26,0
1689252365,-1.05,-1.01,0.07,0.15,0.77,2
1011506565,1.16,-1.56,1.0,0.0,0.0,0
2340736116,0.34,-0.29,0.89,0.03,0.08,0
2118730221,-0.16,-1.03,0.96,0.01,0.03,0
1002065907,-1.08,1.31,0.0,1.0,0.0,1
2326099741,-0.84,-0.74,0.07,0.27,0.66,2
3644124704,-0.11,-1.24,0.98,0.0,0.02,0
3435589159,1.11,2.69,0.0,0.99,0.01,1
468218938,0.18,0.26,0.14,0.27,0.59,1
3826552146,0.91,-0.16,0.95,0.01,0.03,0
2823125156,-1.71,-0.28,0.0,0.99,0.01,1
2373645873,-0.86,-0.85,0.09,0.1,0.8,2
130949313,1.16,-1.18,1.0,0.0,0.0,0
4007981314,-1.41,-0.66,0.01,0.93,0.06,1
1087278538,-0.19,1.59,0.0,0.99,0.01,1
1657866312,-0.15,1.59,0.0,0.99,0.01,1
3649006441,1.5,-0.74,1.0,0.0,0.0,0
3052088691,0.49,-0.49,0.96,0.01,0.03,0
1024025484,-0.89,0.56,0.0,0.98,0.01,1
1924281675,0.68,-0.42,0.96,0.01,0.03,0
1513204349,-0.75,-0.78,0.15,0.09,0.77,2
1774816265,-1.09,1.77,0.0,1.0,0.0,1
1065895703,1.49,-1.74,1.0,0.0,0.0,0
674382576,-0.84,-0.85,0.12,0.09,0.79,2
1862173971,-0.73,-1.2,0.87,0.01,0.11,0
755496986,0.75,-0.48,0.97,0.01,0.02,0
3127434776,-0.85,-0.8,0.08,0.17,0.75,2
2809355687,-0.79,-0.8,0.11,0.09,0.79,2
307845036,-0.91,1.16,0.0,1.0,0.0,1
1955088899,-0.95,-0.68,0.03,0.68,0.28,1
1352806097,-0.05,-0.13,0.27,0.12,0.61,2
969553384,-0.78,-0.74,0.09,0.15,0.76,2
2933525496,-0.16,-0.49,0.74,0.05,0.21,2
1341298068,-0.34,-0.66,0.76,0.04,0.21,0
3151506490,-0.73,-0.72,0.1,0.11,0.79,1
2785277708,-0.82,0.96,0.0,0.99,0.01,1
37206390,-0.79,-0.81,0.12,0.09,0.79,0
445505989,-0.89,0.87,0.0,0.99,0.01,1
725213001,-0.86,-0.91,0.17,0.08,0.75,2
1012122343,-0.67,0.87,0.0,0.99,0.01,1
1836325564,-0.05,0.41,0.05,0.8,0.16,1
2743593824,-0.64,-0.57,0.09,0.21,0.7,2
1669416968,-0.8,-0.8,0.1,0.1,0.8,2
2073124475,-0.72,-0.77,0.19,0.08,0.73,2
1828694169,-0.68,-0.58,0.07,0.3,0.63,2
2215004757,-0.15,-0.31,0.44,0.09,0.47,1
3345530202,1.07,-0.84,1.0,0.0,0.0,0
2545688464,-0.02,0.78,0.02,0.92,0.06,1
1190560917,-1.23,1.03,0.0,1.0,0.0,1
415769809,1.32,1.31,0.2,0.17,0.62,2
2807688160,0.48,-0.95,0.99,0.0,0.01,0
3355668810,0.97,1.22,0.11,0.52,0.37,0
4122082885,0.89,-1.64,1.0,0.0,0.0,0
3437859468,-0.81,-0.79,0.09,0.12,0.79,2
3724205743,0.3,-0.04,0.67,0.08,0.25,1
3843579862,-0.02,-0.02,0.17,0.17,0.66,2
873636186,-0.51,-0.14,0.04,0.76,0.2,2
1657539739,0.43,-0.45,0.94,0.01,0.04,0
1789646560,2.25,1.55,0.89,0.03,0.07,0
1202270903,-1.2,-0.6,0.01,0.89,0.1,1
1202742499,-1.41,-1.33,0.06,0.21,0.74,0
799085760,-1.45,-0.37,0.01,0.97,0.03,1
3539857135,-0.8,-0.84,0.15,0.08,0.77,0
2399199971,-0.34,1.32,0.0,0.99,0.01,1
1700652019,-0.27,-1.3,0.98,0.0,0.02,0
491148271,1.88,-0.32,1.0,0.0,0.0,0
2964100883,0.29,-0.82,0.97,0.01,0.02,0
1965693665,-1.62,-0.51,0.0,0.97,0.02,1
55173888,-0.85,-0.37,0.02,0.84,0.13,1
1458412720,-0.75,-0.71,0.09,0.15,0.76,1
1954154836,-0.68,-0.69,0.12,0.1,0.78,2
1637888987,-0.42,-0.51,0.31,0.09,0.6,0
79818028,1.88,0.87,0.94,0.02,0.04,0
1123768641,-0.16,-0.88,0.94,0.01,0.05,2
864176309,0.02,-0.61,0.91,0.02,0.07,0
468723110,-0.21,1.12,0.01,0.98,0.02,1
1761891270,0.46,0.45,0.2,0.19,0.61,2
364049723,0.15,-0.7,0.95,0.01,0.04,0
2517834867,0.1,-1.26,0.99,0.0,0.01,0
3229091701,2.5,-0.87,1.0,0.0,0.0,0
3353654306,2.44,-1.02,1.0,0.0,0.0,0
1640758507,-0.64,-0.91,0.71,0.03,0.25,0
215252698,-0.77,-0.77,0.1,0.11,0.79,2
3033346112,-0.09,0.07,0.1,0.42,0.48,1
1457810821,-0.75,-0.8,0.18,0.08,0.74,0
1396360807,-0.31,-0.22,0.11,0.26,0.63,0
3738360932,0.79,2.48,0.0,0.99,0.01,1
2647005439,0.68,-0.46,0.97,0.01,0.02,0
3900096085,1.34,1.52,0.13,0.39,0.48,1
2522518869,-0.53,1.11,0.0,0.99,0.01,1
3968615472,0.48,-0.89,0.99,0.0,0.01,0
1372731951,0.17,-1.3,0.99,0.0,0.01,0
1030145086,1.02,-0.49,0.98,0.0,0.01,0
3858249350,-0.47,0.13,0.03,0.88,0.09,1
4162051164,-0.97,-0.12,0.01,0.94,0.05,1
257659324,-0.95,-0.85,0.07,0.26,0.67,1
2823832173,1.3,-1.27,1.0,0.0,0.0,0
4274752284,-1.16,-1.74,0.92,0.01,0.07,0
1805535695,0.61,-0.21,0.92,0.02,0.05,0
3039733878,-1.04,0.45,0.0,0.99,0.01,1
2702877145,-0.77,-0.78,0.12,0.09,0.78,2
2518487524,-0.36,-0.27,0.1,0.28,0.62,2
448150222,-0.82,-0.94,0.32,0.06,0.62,0
3748678930,-0.82,-0.81,0.1,0.11,0.8,1
2829036351,-0.86,-0.81,0.08,0.17,0.75,1
593485103,1.34,-1.04,1.0,0.0,0.0,0
4202470157,0.77,-1.16,1.0,0.0,0.0,0
3455631217,0.07,0.24,0.11,0.44,0.46,1
205009630,-0.62,-0.52,0.08,0.3,0.62,1
2204420123,-0.81,-0.78,0.09,0.13,0.78,2
537844111,-0.19,-0.44,0.61,0.06,0.32,0
1389420302,0.12,-0.5,0.9,0.02,0.08,0
104602136,-1.21,2.22,0.0,1.0,0.0,1
2957574797,-0.79,-0.73,0.08,0.2,0.72,2
2238702779,0.13,-0.64,0.94,0.01,0.05,0
1492340156,-1.3,0.76,0.0,1.0,0.0,1
4230051950,-0.78,-0.81,0.14,0.09,0.77,2
2529505145,-0.3,-0.92,0.92,0.01,0.07,0
4283090386,-0.38,-0.46,0.27,0.09,0.64,2
3097721062,1.35,-1.74,1.0,0.0,0.0,0
2885988936,1.93,1.5,0.74,0.07,0.19,0
2699957297,0.96,-0.42,0.98,0.01,0.02,0
2263012088,0.47,-0.99,0.99,0.0,0.01,0
164828765,1.36,-0.2,0.98,0.0,0.01,0
3855038193,-0.82,-0.82,0.1,0.1,0.8,2
1641986349,-0.68,-0.68,0.11,0.1,0.79,2
4195348438,-0.51,0.74,0.01,0.97,0.02,1
3225522413,0.84,-1.37,1.0,0.0,0.0,0
414758416,2.73,2.36,0.69,0.06,0.25,2
4142528753,-0.84,-0.84,0.1,0.1,0.8,2
2412959373,0.6,0.32,0.54,0.11,0.35,1
2199589600,1.72,-0.2,0.99,0.0,0.0,0
1745364303,-0.82,-0.82,0.1,0.11,0.8,2
4253175751,-0.78,-0.81,0.14,0.09,0.77,2
3480865944,0.57,0.09,0.81,0.05,0.14,0
56470233,0.09,-1.03,0.98,0.0,0.02,0
4284047809,-0.85,-0.75,0.07,0.29,0.65,2
1112037310,-1.15,1.11,0.0,1.0,0.0,1
966677815,-1.3,-0.37,0.01,0.95,0.04,1
724854427,-0.29,-0.36,0.26,0.1,0.64,1
482338391,-1.09,-0.76,0.03,0.74,0.23,1
1883945079,-0.75,-0.76,0.12,0.1,0.79,2
376505018,-1.09,-0.89,0.04,0.54,0.42,0
206064665,-0.88,0.59,0.0,0.98,0.01,1
1508663882,-0.73,-0.72,0.1,0.11,0.79,2
1767305289,-1.24,-1.2,0.07,0.13,0.8,2
2371143086,0.45,0.18,0.54,0.11,0.35,0
3338630398,0.05,1.0,0.02,0.94,0.04,1
281759096,-0.04,-0.24,0.49,0.09,0.42,2
229786679,-1.2,-0.38,0.01,0.94,0.05,1
2954306426,-0.09,-0.09,0.17,0.17,0.67,2
1052034422,-0.79,-0.76,0.09,0.15,0.77,2
269243409,-0.79,-0.78,0.1,0.11,0.79,2
1058290383,-1.3,-0.76,0.01,0.87,0.12,2
2314095019,-1.05,2.31,0.0,1.0,0.0,1
3139460568,-0.93,-0.35,0.02,0.88,0.1,1
1706458317,-0.71,-0.81,0.31,0.07,0.62,2
3964657336,0.43,0.65,0.1,0.51,0.38,2
765141950,-1.07,-1.34,0.63,0.03,0.34,0
3682449322,-0.43,0.68,0.01,0.96,0.03,1
3024051810,1.73,-1.59,1.0,0.0,0.0,0
2637284424,-0.68,-0.71,0.16,0.09,0.75,2
2596934273,0.08,-0.38,0.84,0.04,0.12,0
3901622240,-1.41,1.52,0.0,1.0,0.0,1
2642071756,-0.71,-0.79,0.27,0.07,0.66,2
1515069149,0.43,-0.16,0.87,0.04,0.09,0
2586616243,-0.62,0.34,0.01,0.95,0.04,1
3472890763,-1.38,-1.0,0.02,0.78,0.2,1
3294498653,-0.82,-0.89,0.23,0.07,0.7,0
2220047579,-0.7,-0.8,0.31,0.07,0.62,2
691228640,0.72,0.11,0.86,0.04,0.1,2
3361465544,-0.19,0.33,0.04,0.84,0.12,1
2055143597,0.51,1.11,0.03,0.87,0.1,1
3824891306,-0.13,-0.36,0.58,0.07,0.35,1
2524662100,-0.73,-0.77,0.16,0.09,0.76,2
178408493,-1.16,-1.1,0.07,0.18,0.76,2
1329830857,-1.16,0.1,0.01,0.98,0.02,1
2503262105,-1.16,-1.2,0.14,0.07,0.79,1
2427470638,1.25,-0.84,1.0,0.0,0.0,0
2874532534,0.76,-0.96,0.99,0.0,0.01,0
3702529300,0.14,-0.02,0.38,0.12,0.51,2
2403653152,-0.17,0.47,0.03,0.89,0.09,1
574045697,-1.09,0.54,0.0,0.99,0.01,1
2527603336,-0.92,-0.92,0.1,0.09,0.81,0
1873716888,-0.92,-0.58,0.03,0.75,0.22,1
2076787832,-0.65,1.97,0.0,1.0,0.0,1
1377007320,0.04,-0.12,0.39,0.11,0.5,0
644411082,0.13,0.07,0.23,0.15,0.62,2
1959549447,-0.63,0.17,0.02,0.93,0.06,1
1517005915,-1.6,-1.12,0.01,0.84,0.15,1
2861765164,1.1,-1.38,1.0,0.0,0.0,0
891070216,-1.04,-1.04,0.09,0.09,0.82,0
4098301496,-1.08,0.76,0.0,0.99,0.0,1
3832122807,-1.22,-1.11,0.06,0.28,0.67,2
3180960234,-0.94,-0.91,0.08,0.13,0.79,2
4271166901,0.38,0.37,0.2,0.18,0.62,2
988044761,0.71,0.41,0.57,0.11,0.32,0
3054068467,2.09,-1.42,1.0,0.0,0.0,0
444689302,-0.4,-0.03,0.05,0.75,0.2,0
2950261130,0.45,-0.74,0.98,0.01,0.02,0
1830087805,-0.71,-0.65,0.08,0.21,0.71,2
1329971835,-0.53,-0.12,0.04,0.8,0.16,1
1382191981,0.18,-0.79,0.96,0.01,0.03,0
3043028831,0.25,-0.24,0.84,0.04,0.12,0
1115243433,-1.59,-1.61,0.08,0.07,0.85,2
778771446,1.05,1.25,0.12,0.44,0.43,0
1523525552,-0.45,-0.71,0.68,0.04,0.28,2
1401802131,-1.78,-1.84,0.11,0.05,0.84,1
1824575921,-0.73,-0.53,0.05,0.55,0.4,0
1926907093,-0.01,-0.25,0.56,0.08,0.36,1
695320649,-0.1,-0.43,0.73,0.05,0.22,1
4050184875,2.44,0.13,1.0,0.0,0.0,0
2627601110,0.4,0.94,0.04,0.84,0.12,1
757695404,0.23,0.13,0.27,0.14,0.59,1
2698678165,-0.67,-0.72,0.19,0.08,0.73,1
2532120045,-1.17,-0.48,0.01,0.91,0.07,1
296227084,-0.94,-0.54,0.03,0.8,0.18,1
1164241120,-0.41,-0.56,0.46,0.07,0.47,2
81249307,-1.46,0.05,0.0,0.99,0.01,1
3228183854,1.02,-1.06,1.0,0.0,0.0,0
3009286862,0.95,1.6,0.03,0.88,0.08,1
1587129029,-0.63,-0.56,0.09,0.21,0.7,2
228375007,-0.46,-0.27,0.07,0.52,0.41,1
1361199736,0.04,-0.18,0.51,0.09,0.4,1
2059685460,-0.82,-0.84,0.11,0.09,0.8,2
1947432490,-0.89,-1.18,0.71,0.03,0.26,2
186870438,1.28,-0.41,0.99,0.0,0.01,0
1042894619,0.39,0.15,0.49,0.11,0.4,0
3721874821,0.89,0.22,0.88,0.04,0.09,0
1545927872,1.41,1.2,0.43,0.12,0.45,0
655896897,0.28,0.61,0.07,0.66,0.26,2
949929474,-0.86,-0.67,0.05,0.52,0.43,1
3011970269,-0.14,-1.41,0.99,0.0,0.01,0
2056857853,0.09,0.39,0.07,0.64,0.28,1
4170507213,1.31,-0.84,1.0,0.0,0.0,0
4128769631,-0.86,-0.84,0.09,0.11,0.79,2
2381826901,2.41,-0.68,1.0,0.0,0.0,0
2180733179,0.59,1.31,0.03,0.91,0.07,1
1683766600,-0.89,-0.89,0.09,0.1,0.8,2
2831164709,0.97,-0.27,0.97,0.01,0.02,0
1787030325,-1.11,-1.35,0.58,0.03,0.39,2
2823558795,-1.36,-0.16,0.01,0.98,0.02,1
3065872268,-1.44,-0.19,0.0,0.98,0.02,1
544225345,0.16,1.91,0.0,0.99,0.01,1
1216416360,-0.18,-0.75,0.9,0.02,0.08,0
169070848,-0.89,-0.84,0.08,0.16,0.76,2
1590591449,-0.95,0.21,0.01,0.97,0.02,1
2060909779,-0.08,0.34,0.05,0.77,0.18,1
2432555648,-0.82,-0.9,0.23,0.07,0.7,0
615230948,-0.7,1.72,0.0,1.0,0.0,1
3332834449,-0.17,-0.49,0.74,0.05,0.22,0
1254329717,0.73,-1.08,1.0,0.0,0.0,0
108477597,-1.56,-0.61,0.01,0.96,0.03,1
1968276141,-0.07,0.86,0.02,0.94,0.04,1
921221188,-0.2,-0.86,0.93,0.01,0.06,0
4159862376,0.55,0.1,0.79,0.06,0.15,2
3316830548,-0.41,-0.31,0.09,0.3,0.61,2
1015763468,-1.6,2.17,0.0,1.0,0.0,1
1204907533,-0.76,-0.75,0.1,0.11,0.79,2
1181083294,2.25,2.36,0.15,0.27,0.58,1
454577007,-0.94,-0.76,0.05,0.5,0.45,2
493201308,-0.54,-0.29,0.05,0.63,0.31,1
752130932,-1.72,-1.72,0.07,0.07,0.86,2
2832388994,-0.67,0.75,0.01,0.98,0.01,1
3527129578,0.62,0.19,0.75,0.07,0.18,0
1708315901,-1.53,-0.45,0.01,0.97,0.03,1
3718997461,-0.39,-0.79,0.83,0.03,0.14,0
1798234253,1.07,-1.39,1.0,0.0,0.0,0
941961458,-0.06,1.35,0.01,0.98,0.01,1
1038230950,-0.79,-0.89,0.29,0.07,0.64,2
1249840288,-0.14,0.76,0.02,0.93,0.05,1
1372078772,-0.68,-0.32,0.04,0.76,0.2,1
3739654860,-0.2,0.05,0.07,0.59,0.33,2
1888705566,-0.47,0.08,0.03,0.87,0.11,1
915091712,-0.88,-0.92,0.16,0.08,0.77,2
242943516,-1.61,-0.78,0.01,0.94,0.05,1
3478478575,1.62,-0.45,1.0,0.0,0.0,0
2116322869,1.65,-0.85,1.0,0.0,0.0,0
399138675,-0.77,1.06,0.0,0.99,0.0,1
2055262775,-0.54,-0.54,0.13,0.11,0.76,2
3412803488,-0.89,-0.78,0.06,0.3,0.64,1
1816643488,2.67,2.56,0.29,0.1,0.62,0
538766742,-0.73,-0.84,0.34,0.06,0.6,0
4110243756,-0.19,-0.24,0.22,0.12,0.67,2
4250439150,-1.07,0.51,0.0,0.99,0.01,1
1137979314,-1.14,-0.06,0.01,0.97,0.03,1
2738974709,-0.33,-0.63,0.73,0.04,0.23,0
3815090319,0.03,-0.62,0.91,0.02,0.07,0
471088945,1.62,1.22,0.71,0.08,0.21,2
838489185,-0.91,-0.92,0.1,0.09,0.81,2
2507824630,-1.06,1.01,0.0,1.0,0.0,1
1205425022,-0.9,2.27,0.0,1.0,0.0,1
3440596988,-0.69,-0.66,0.1,0.13,0.77,1
1527545731,0.34,2.7,0.0,1.0,0.0,1
3331706142,-0.56,-0.68,0.37,0.07,0.56,0
3770774049,0.41,0.97,0.04,0.85,0.12,1
1729328690,0.37,-0.94,0.98,0.0,0.01,0
2375051642,-0.98,-0.71,0.03,0.67,0.29,0
175340347,-1.44,0.2,0.0,0.99,0.01,1
3981129808,-0.84,-0.84,0.1,0.1,0.8,2
1710752384,-0.88,-0.89,0.11,0.09,0.8,2
128263276,-0.25,0.18,0.04,0.79,0.16,1
2088348019,-1.06,-0.6,0.02,0.84,0.14,1
663592915,-0.73,-0.71,0.1,0.13,0.77,2
1397685759,-0.96,-2.02,0.99,0.0,0.01,0
1692128230,-0.77,-0.74,0.09,0.14,0.77,2
3433597956,-0.25,1.98,0.0,1.0,0.0,1
3469911483,-1.07,-0.47,0.02,0.89,0.1,1
1906724678,0.32,-0.76,0.97,0.01,0.02,0
528043107,-1.08,2.55,0.0,1.0,0.0,1
756986601,-0.38,-0.95,0.91,0.01,0.08,0
2320209861,-0.65,-0.66,0.13,0.1,0.77,0
2415726136,-1.23,-0.64,0.01,0.89,0.1,1
2968838327,2.05,0.51,0.98,0.01,0.01,0
3847769744,-0.73,-0.65,0.08,0.25,0.68,2
2348272183,0.94,-1.41,1.0,0.0,0.0,0
2570192656,0.72,2.23,0.01,0.98,0.01,1
3064423256,0.52,2.39,0.0,0.99,0.0,1
1147007992,-0.0,-0.57,0.89,0.02,0.08,0
2778006152,-1.34,1.18,0.0,1.0,0.0,1
3891869887,-0.25,-0.29,0.2,0.11,0.68,0
394050951,-0.81,-0.8,0.1,0.11,0.8,2
3858584635,0.34,-1.32,0.99,0.0,0.0,0
1544214684,-0.45,-0.29,0.07,0.46,0.46,1
1197298103,-0.01,0.68,0.03,0.89,0.08,1
3579155152,-0.8,-0.97,0.48,0.05,0.47,2
1329757364,-0.71,-0.72,0.12,0.1,0.78,2
517864869,-0.18,3.06,0.0,1.0,0.0,1
3880531358,-0.77,-1.05,0.72,0.03,0.25,0
936330843,0.38,-0.69,0.97,0.01,0.02,0
454922300,-0.84,-0.82,0.09,0.11,0.8,1
291305953,-1.32,-1.37,0.13,0.06,0.81,1
