id,resp_a_reward,resp_b_reward,winner_model_a,winner_model_b,winner_tie,true_winner
3979226587,-0.66,0.79,0.01,0.98,0.01,0
3513417353,-0.69,-0.76,0.25,0.07,0.69,0
3584008935,1.41,1.65,0.1,0.5,0.39,1
3820363831,1.91,-1.59,1.0,0.0,0.0,0
3982413471,-0.71,-0.07,0.02,0.9,0.08,2
4242574699,-0.34,-0.19,0.07,0.46,0.46,2
3751999729,-1.41,0.77,0.0,1.0,0.0,1
3742252703,-0.84,-0.86,0.11,0.08,0.81,2
3946830896,-0.81,-0.79,0.08,0.11,0.8,1
3747712799,-0.54,-0.47,0.08,0.25,0.67,2
3892297427,-0.5,-0.54,0.2,0.08,0.71,2
3655193347,-0.84,-0.78,0.07,0.19,0.74,2
3977443851,1.85,0.77,0.95,0.02,0.03,0
4173100975,-0.5,-0.59,0.3,0.07,0.63,0
3440708837,-1.34,-0.06,0.01,0.98,0.02,1
4213638078,-0.49,-1.08,0.91,0.01,0.08,0
3877201091,-0.82,-0.67,0.05,0.47,0.48,1
3515236738,-1.4,-0.74,0.01,0.89,0.09,1
4292809931,-0.08,-0.92,0.95,0.01,0.04,0
3870102911,-0.03,0.02,0.13,0.22,0.65,2
3527522804,-0.84,-0.86,0.11,0.08,0.81,2
4247020731,-0.37,-0.48,0.38,0.07,0.55,2
3765087832,-0.82,-0.87,0.18,0.07,0.75,0
3996745675,0.84,-0.89,0.99,0.0,0.01,0
4091336545,-0.46,1.01,0.01,0.98,0.01,1
3536645952,-0.53,-0.04,0.03,0.85,0.12,1
4103674443,-1.4,-0.09,0.01,0.98,0.02,1
4038071414,-0.89,-0.88,0.08,0.12,0.8,2
3760215177,0.26,-1.74,1.0,0.0,0.0,0
4199591707,0.19,0.27,0.14,0.25,0.61,2
3725970054,-0.28,0.36,0.03,0.89,0.09,1
3792584422,-0.82,-0.41,0.03,0.8,0.17,1
4208070973,-0.53,0.07,0.02,0.88,0.09,1
4086108665,-1.09,0.82,0.0,0.99,0.0,1
3472890763,-1.38,-1.0,0.02,0.76,0.22,1
4121719051,0.47,-0.47,0.95,0.02,0.04,0
3583047218,-0.29,-1.05,0.94,0.01,0.05,0
3771139270,-1.35,-1.4,0.13,0.06,0.81,0
3716351301,-0.71,0.21,0.01,0.94,0.04,2
4139642500,-0.89,-0.41,0.02,0.83,0.14,1
3571949751,-0.76,-0.9,0.46,0.05,0.5,0
3813525143,-1.41,-0.42,0.01,0.96,0.04,1
3598435036,0.37,0.16,0.44,0.11,0.44,1
3764493735,1.74,-1.01,1.0,0.0,0.0,0
3752638383,-1.03,-1.45,0.84,0.01,0.15,0
4180095908,0.35,-1.64,1.0,0.0,0.0,0
3965344630,1.05,1.02,0.24,0.16,0.6,1
3536836324,-0.76,-0.13,0.02,0.89,0.09,1
4068191778,-0.84,2.2,0.0,1.0,0.0,1
4246145958,-0.38,-0.39,0.16,0.11,0.74,2
3891740571,-1.51,-0.25,0.01,0.98,0.02,1
3478881273,2.17,1.44,0.91,0.03,0.06,0
4069693724,-1.27,-1.16,0.05,0.33,0.63,2
3730388304,0.92,1.24,0.08,0.63,0.29,1
4261478515,0.77,-1.3,1.0,0.0,0.0,0
4133561971,-0.75,-0.73,0.09,0.12,0.79,1
3608362491,0.26,-0.08,0.7,0.07,0.23,0
3615807787,-0.25,-0.05,0.07,0.54,0.39,1
3493832410,-1.11,1.99,0.0,1.0,0.0,1
3594313438,-1.11,0.38,0.01,0.98,0.01,1
3856985617,-0.84,-0.87,0.12,0.08,0.8,2
3893088397,-1.03,-0.99,0.07,0.16,0.78,0
3625881563,-0.6,-0.29,0.04,0.72,0.24,1
4256622843,0.36,-0.77,0.97,0.01,0.02,0
4193908690,-1.7,1.37,0.0,1.0,0.0,1
3724319901,-0.37,-0.96,0.91,0.01,0.08,0
3839075938,-0.84,-0.84,0.09,0.09,0.82,2
3531063814,0.29,-0.05,0.7,0.07,0.24,0
4126794935,-0.84,-0.54,0.03,0.72,0.24,1
3675573142,-0.48,-0.59,0.37,0.07,0.57,2
4110680169,-0.21,0.08,0.06,0.68,0.26,1
3796900745,-1.03,-0.82,0.03,0.6,0.36,1
3773890243,-0.16,0.59,0.02,0.91,0.06,1
4021806364,-0.74,-1.54,0.96,0.0,0.04,0
3891831159,-0.7,-0.73,0.15,0.08,0.77,2
3862540884,0.67,-0.58,0.97,0.01,0.02,0
4171816182,-1.17,-0.65,0.02,0.85,0.13,1
3855551863,-0.85,-0.81,0.07,0.17,0.76,2
3837598659,-0.15,-0.03,0.1,0.34,0.56,2
3920743115,-0.3,-1.14,0.95,0.01,0.04,0
3537846651,2.17,-1.28,1.0,0.0,0.0,0
4098069257,-0.51,1.26,0.0,0.99,0.01,1
4094548618,0.12,-1.04,0.98,0.01,0.02,0
3951523644,-1.07,-1.33,0.64,0.03,0.34,2
4188719719,-0.48,-0.44,0.1,0.18,0.72,2
3536046867,-0.82,-0.82,0.09,0.1,0.81,2
4243121188,-0.85,-0.87,0.11,0.08,0.81,0
4121373088,-1.26,1.03,0.0,1.0,0.0,1
3875419510,0.66,-0.53,0.97,0.01,0.02,0
3683488221,-0.52,-0.43,0.07,0.31,0.61,2
3531052617,0.47,-0.87,0.98,0.01,0.01,0
3544567353,-1.13,-0.21,0.01,0.95,0.04,1
4167096971,0.57,0.24,0.64,0.09,0.27,2
4046343687,-0.75,-0.73,0.09,0.12,0.79,2
3473745944,-0.29,-1.23,0.96,0.01,0.03,0
3556754636,-0.81,-0.82,0.1,0.09,0.81,2
3552109324,-0.77,-0.74,0.08,0.13,0.79,2
3538582506,0.81,1.49,0.03,0.9,0.07,1
4053039316,-0.87,-0.22,0.02,0.9,0.08,1
4175808371,0.9,2.02,0.01,0.97,0.02,1
4155821431,1.09,1.51,0.07,0.73,0.2,1
4136129928,0.08,-1.34,0.99,0.0,0.01,0
4105386524,-0.86,-0.79,0.06,0.22,0.71,2
4062081712,-0.89,-0.21,0.02,0.91,0.07,1
4291300179,2.56,-1.39,1.0,0.0,0.0,0
3969771484,-0.84,-1.02,0.56,0.04,0.41,0
3641425746,0.91,-0.69,0.99,0.0,0.01,0
3951386585,1.42,1.0,0.74,0.08,0.19,2
4061955800,-1.84,-1.9,0.09,0.05,0.86,0
4225174423,-0.53,-0.44,0.07,0.31,0.61,2
3698702224,-1.62,-1.62,0.07,0.08,0.85,2
3445288797,-0.66,-0.82,0.51,0.05,0.44,2
3977012331,0.42,-0.28,0.9,0.03,0.07,2
3544593490,1.34,0.56,0.9,0.04,0.06,0
4091041232,-0.13,0.24,0.05,0.73,0.21,2
3795095104,-0.77,-0.76,0.09,0.12,0.8,2
3581258374,-0.64,-0.67,0.16,0.08,0.76,1
3916180552,-0.76,-0.77,0.12,0.08,0.8,2
3928483276,2.2,1.34,0.94,0.02,0.04,0
4035202742,-0.47,-1.41,0.97,0.0,0.03,0
4203447979,-0.49,-1.16,0.93,0.01,0.06,0
4277509038,-0.87,-0.85,0.08,0.11,0.81,2
3766532499,-0.97,0.71,0.0,0.99,0.01,1
4148311732,1.78,0.64,0.95,0.02,0.03,0
3505698790,-0.65,-1.18,0.9,0.01,0.09,1
3717721903,0.48,-0.17,0.88,0.03,0.08,0
3661027313,-1.66,0.68,0.0,1.0,0.0,1
4240801841,-0.53,-1.05,0.9,0.01,0.09,2
4160818915,-0.79,0.18,0.01,0.95,0.04,1
3938100016,-0.82,-0.82,0.09,0.09,0.82,2
3926699182,-0.39,0.56,0.02,0.94,0.04,1
4156877995,0.52,-0.75,0.98,0.01,0.02,0
3592829242,1.62,-0.19,0.99,0.01,0.01,0
3997498305,-0.06,-0.81,0.93,0.01,0.05,0
3990261261,0.03,0.24,0.09,0.52,0.39,2
3901248975,0.34,-0.82,0.97,0.01,0.02,0
4006820224,0.11,0.11,0.18,0.18,0.64,2
4247060309,-0.73,-0.75,0.13,0.08,0.79,2
4100456962,-0.94,-1.03,0.28,0.06,0.66,0
4229891109,0.8,-0.78,0.99,0.0,0.01,0
3598029284,0.07,-0.27,0.74,0.06,0.21,2
4031412216,-0.64,-0.46,0.05,0.55,0.4,1
3752244768,-0.85,-0.82,0.08,0.15,0.78,2
4192781863,0.75,-0.45,0.96,0.01,0.02,0
4145137073,-0.65,-0.64,0.1,0.11,0.79,0
3722922021,-1.2,-1.06,0.04,0.41,0.55,2
3614506947,-0.34,0.02,0.04,0.76,0.2,1
4250342551,-0.79,-0.86,0.22,0.07,0.71,1
3749525184,-0.71,-0.72,0.11,0.09,0.8,2
3610687858,-0.68,-0.82,0.47,0.05,0.48,0
4015636736,-0.06,-1.62,0.99,0.0,0.01,0
3720346735,-0.46,-0.69,0.66,0.04,0.29,1
4236629607,0.4,-1.21,0.99,0.0,0.01,0
3920477130,-0.12,-0.04,0.11,0.27,0.62,2
3650564731,-0.59,-0.46,0.06,0.42,0.52,2
3765093586,1.27,1.27,0.21,0.17,0.62,2
3792831840,-0.82,-0.79,0.08,0.13,0.79,2
3622503140,-0.4,-1.44,0.97,0.0,0.02,0
4289920922,-0.89,-0.88,0.08,0.11,0.81,2
3590033962,-0.92,-0.2,0.02,0.92,0.07,1
3470923669,-0.64,-0.34,0.04,0.71,0.25,1
3455576556,0.01,0.83,0.02,0.92,0.05,1
4158741913,-0.77,-0.77,0.1,0.09,0.81,2
3682116501,-0.84,-0.5,0.03,0.75,0.22,1
4044549037,-1.24,-0.25,0.01,0.96,0.03,1
4258399976,-0.57,-0.5,0.08,0.24,0.68,1
4037854465,0.25,1.77,0.01,0.98,0.01,1
4141607749,-1.3,-1.38,0.18,0.05,0.77,2
3760998330,0.88,-0.08,0.93,0.02,0.04,0
4017994468,1.41,0.86,0.83,0.06,0.12,0
4222896710,-0.06,-0.13,0.24,0.11,0.64,1
3559149851,2.27,-1.05,1.0,0.0,0.0,0
3783829341,1.46,0.96,0.8,0.06,0.13,0
3885933175,-0.43,1.0,0.01,0.98,0.01,1
3489630892,-0.8,-0.72,0.06,0.26,0.67,1
4276683665,-0.34,-1.34,0.97,0.0,0.02,0
3804548820,-1.0,-0.92,0.06,0.25,0.69,2
3487045421,0.04,-0.46,0.87,0.03,0.1,0
3968313906,-0.47,-0.2,0.05,0.68,0.27,1
3446244693,-0.49,-0.2,0.05,0.69,0.26,2
3851683719,-0.39,-0.45,0.22,0.09,0.7,0
4111092301,0.48,0.82,0.07,0.69,0.25,2
3466522498,-0.1,-1.45,0.99,0.0,0.01,0
3989581753,-1.87,-1.76,0.04,0.24,0.72,2
3591502688,1.32,-0.23,0.98,0.01,0.01,0
3842036952,-0.51,-1.05,0.9,0.01,0.09,0
3530088075,0.03,-0.05,0.27,0.11,0.62,1
4278511339,0.63,-1.2,0.99,0.0,0.0,0
4229518975,-0.78,-0.8,0.12,0.08,0.8,2
3945696629,-0.94,-0.05,0.01,0.94,0.04,1
3546448098,-0.81,-0.81,0.09,0.09,0.82,2
3805928975,0.12,2.47,0.0,1.0,0.0,1
4009699348,0.47,0.42,0.23,0.16,0.61,0
4009024859,1.2,1.7,0.05,0.81,0.14,1
4165816512,-0.28,-0.64,0.8,0.03,0.16,0
3626588827,-1.25,0.4,0.0,0.99,0.01,1
4253684062,-1.37,-1.45,0.18,0.05,0.77,0
3528263093,-1.44,-0.06,0.0,0.98,0.01,1
3977035936,1.25,1.05,0.4,0.12,0.48,2
3807225748,-1.11,-1.2,0.26,0.05,0.69,0
3563497346,0.53,-0.47,0.95,0.01,0.03,0
4178691933,-0.1,-0.54,0.84,0.03,0.13,0
3468334175,-0.86,-0.86,0.09,0.09,0.82,2
3815803871,-1.39,-0.96,0.02,0.8,0.18,1
4114766683,-1.8,2.31,0.0,1.0,0.0,1
3528688331,-1.13,-0.19,0.01,0.95,0.04,1
3451474833,-0.89,1.43,0.0,1.0,0.0,1
3936869631,-0.36,-0.66,0.76,0.04,0.2,0
3922659586,1.72,-0.32,0.99,0.0,0.0,0
3626163510,2.7,-0.84,1.0,0.0,0.0,0
3988036129,-0.67,-0.71,0.16,0.08,0.76,2
3791558212,-0.46,-0.58,0.4,0.07,0.53,1
3669174233,-0.56,1.05,0.01,0.98,0.01,1
4024971578,-0.81,-0.47,0.03,0.75,0.21,1
3689803229,-1.36,1.62,0.0,1.0,0.0,1
3924046251,-0.82,-0.82,0.09,0.09,0.82,2
3656714533,-0.52,-0.24,0.05,0.68,0.27,2
3447365512,-0.91,-0.82,0.06,0.28,0.66,2
3823716256,0.04,-1.11,0.98,0.01,0.02,0
3776958886,0.24,-0.69,0.95,0.01,0.04,0
3970273165,-0.07,0.34,0.05,0.76,0.19,2
3795342015,-0.13,-0.66,0.88,0.02,0.09,0
3833856738,0.46,0.82,0.07,0.69,0.24,2
3474403691,-1.54,0.1,0.0,0.99,0.01,1
4150273346,-0.95,-1.27,0.75,0.02,0.23,0
3989382354,0.54,0.93,0.06,0.72,0.22,1
4070660949,-0.9,-1.07,0.49,0.04,0.47,2
3912001245,-0.12,-0.59,0.86,0.03,0.11,2
4195312630,0.25,-0.29,0.87,0.03,0.1,0
3479678512,0.12,-0.07,0.43,0.1,0.47,0
4242807664,-0.37,0.98,0.01,0.97,0.02,1
3460302774,-0.12,-0.1,0.14,0.18,0.67,2
3862215169,-0.17,-0.41,0.62,0.06,0.32,2
4141357125,-0.4,-0.91,0.89,0.02,0.1,0
4211159893,-0.84,-0.81,0.08,0.13,0.79,2
3768993120,-0.8,-0.84,0.16,0.07,0.76,0
3928546352,-0.81,-0.75,0.07,0.21,0.73,2
3825854919,2.66,0.15,1.0,0.0,0.0,0
4078852249,0.89,-0.18,0.95,0.02,0.04,0
3621696833,0.07,0.33,0.08,0.6,0.33,1
4077714913,-1.51,0.27,0.0,0.99,0.01,1
3516051890,-0.85,0.15,0.01,0.95,0.03,2
3698163030,1.89,0.46,0.97,0.01,0.02,0
4138422942,-1.39,-0.65,0.01,0.92,0.07,1
3902727014,0.32,-0.25,0.87,0.03,0.09,0
3886354982,-0.38,-0.37,0.12,0.14,0.74,0
3950742994,-0.68,-0.58,0.06,0.34,0.6,1
3553135540,-0.66,-0.75,0.3,0.06,0.64,2
3613873995,-1.31,-0.13,0.01,0.97,0.02,1
4080556155,0.7,-1.15,0.99,0.0,0.0,0
4051974491,-1.66,1.73,0.0,1.0,0.0,1
3943042243,-0.8,-0.79,0.09,0.1,0.81,2
4064290570,-0.81,-0.65,0.05,0.52,0.44,1
3876294659,-0.74,-0.74,0.1,0.09,0.81,2
4046356889,-0.74,-0.54,0.04,0.6,0.36,1
3646643324,1.04,-1.36,1.0,0.0,0.0,0
3505991110,0.71,1.12,0.06,0.73,0.2,1
4009973007,1.4,1.28,0.3,0.12,0.58,1
4108843698,1.71,1.18,0.83,0.05,0.12,0
4288923087,-0.74,-0.77,0.13,0.08,0.79,2
4041977436,-0.82,-0.73,0.06,0.29,0.65,2
4050835277,-0.08,-0.39,0.72,0.05,0.22,0
3562831745,-0.16,1.8,0.0,0.99,0.0,1
3991859105,-1.45,-1.28,0.03,0.46,0.51,2
3461307051,-0.61,-0.61,0.12,0.1,0.79,2
3681063038,-0.93,-1.01,0.25,0.06,0.69,2
4250303195,-1.05,-1.05,0.09,0.09,0.83,2
3954436876,-0.56,-0.67,0.38,0.06,0.56,2
3563201707,-1.35,-1.34,0.07,0.1,0.83,0
4165104544,-0.84,-0.78,0.07,0.19,0.74,2
3638273608,-0.13,-0.46,0.75,0.05,0.2,0
3927960897,0.56,-0.75,0.98,0.01,0.02,0
3727978045,-0.15,-0.82,0.92,0.02,0.06,2
3648536826,-1.08,1.05,0.0,0.99,0.0,1
3486249428,1.32,2.16,0.02,0.94,0.04,1
4135761275,-0.78,-0.81,0.14,0.08,0.79,2
3539365542,1.55,0.6,0.93,0.03,0.04,0
3956888631,1.91,2.41,0.05,0.8,0.15,2
3846451314,-0.35,-0.46,0.36,0.08,0.56,0
3836377706,-1.43,-1.27,0.03,0.44,0.52,1
4199377257,-0.86,-0.82,0.07,0.17,0.76,2
4210274742,0.63,-0.44,0.96,0.01,0.03,0
4256422362,-0.74,-0.72,0.09,0.12,0.79,2
3562124483,-0.85,-0.85,0.09,0.09,0.82,2
4075143499,-0.66,-1.61,0.97,0.0,0.02,0
3803580909,-0.79,-0.82,0.14,0.08,0.78,2
4051143214,0.43,-0.49,0.94,0.02,0.04,0
3924881488,0.74,-0.62,0.98,0.01,0.02,0
4283211695,-1.27,1.5,0.0,1.0,0.0,1
4117589633,-0.52,-1.8,0.99,0.0,0.01,0
3525456887,-0.71,-0.68,0.09,0.14,0.77,2
3566530159,-0.85,-0.63,0.04,0.63,0.33,1
3589039142,-0.69,-0.12,0.02,0.88,0.1,1
3442053109,-1.45,2.75,0.0,1.0,0.0,1
3622813341,1.16,-0.55,0.99,0.0,0.01,0
4228514324,0.03,-1.07,0.97,0.01,0.02,0
4152239760,-1.2,-1.27,0.21,0.05,0.74,2
3613611565,-1.33,0.56,0.0,0.99,0.0,1
3831625470,1.1,-1.07,1.0,0.0,0.0,0
4121735287,1.25,-1.46,1.0,0.0,0.0,0
3988926872,-0.7,-0.71,0.11,0.09,0.8,2
3674991978,-0.15,0.07,0.07,0.57,0.36,2
3805054113,-1.04,-0.9,0.04,0.43,0.52,1
3703039733,-1.53,0.07,0.0,0.99,0.01,1
3782839591,-0.57,-0.37,0.05,0.59,0.36,2
4099092030,-1.41,-1.43,0.09,0.07,0.84,2
3467804391,0.72,-0.71,0.98,0.01,0.01,0
3981486893,1.22,-0.59,0.99,0.0,0.01,0
4077131721,-0.77,-0.8,0.14,0.08,0.79,2
3713622295,-0.5,-0.73,0.67,0.04,0.29,0
4073150371,-1.78,-1.52,0.02,0.57,0.41,2
3482285235,-0.61,-0.67,0.22,0.07,0.7,2
3564667467,0.61,-0.17,0.91,0.03,0.06,0
4107488050,0.8,-0.24,0.95,0.02,0.04,1
3926005627,1.6,-0.89,1.0,0.0,0.0,0
4070389371,-0.88,-1.31,0.86,0.01,0.13,0
3647048342,1.04,-1.56,1.0,0.0,0.0,0
3951574771,-0.8,-0.79,0.09,0.1,0.81,2
3518889120,2.17,-0.91,1.0,0.0,0.0,0
4093808630,-0.47,-0.71,0.68,0.04,0.28,0
3600934075,1.23,-1.11,1.0,0.0,0.0,0
3965649192,-0.28,0.15,0.04,0.8,0.16,0
3630443702,1.93,0.51,0.97,0.01,0.02,0
3698762499,-0.7,-0.74,0.18,0.07,0.75,1
3714255796,-0.81,-0.66,0.05,0.49,0.46,1
4217158358,-0.76,-0.76,0.1,0.09,0.81,2
4217759934,0.47,0.46,0.21,0.18,0.62,2
3735152806,-0.86,-0.54,0.03,0.74,0.23,1
4242193184,0.25,-1.08,0.98,0.0,0.01,0
4259226169,-0.36,-0.41,0.24,0.09,0.68,0
4079188326,-0.57,0.68,0.01,0.97,0.02,1
4159507048,-0.85,-0.84,0.09,0.1,0.81,2
3499343015,-0.8,-0.55,0.04,0.66,0.3,1
3628951124,-1.23,-1.2,0.06,0.12,0.81,0
4237575976,-0.53,-0.47,0.08,0.22,0.69,0
4226561711,-0.77,-0.85,0.26,0.06,0.68,0
3971576426,2.34,2.36,0.18,0.16,0.67,2
4166994506,-0.06,-0.05,0.16,0.18,0.66,2
3996367494,-1.09,-0.28,0.01,0.93,0.05,1
4071463415,0.45,0.06,0.74,0.07,0.19,0
3493896947,0.49,1.78,0.01,0.97,0.02,1
3458137169,-0.6,-1.1,0.89,0.01,0.1,0
3496382221,-0.84,-0.81,0.08,0.15,0.78,2
4193775352,-0.47,0.96,0.01,0.98,0.01,1
3449215999,-0.53,-0.47,0.08,0.23,0.68,0
3567154018,1.73,1.16,0.85,0.05,0.1,0
3675436013,-1.13,-1.04,0.05,0.29,0.66,2
3804836512,2.55,1.72,0.94,0.02,0.04,1
3731768466,0.31,0.05,0.54,0.09,0.37,0
3552423017,0.84,0.0,0.92,0.03,0.06,0
3737728942,-0.73,-0.75,0.13,0.08,0.79,2
3902095360,-0.8,-0.13,0.02,0.9,0.08,1
4030864886,-1.8,-1.9,0.15,0.04,0.81,0
3880761571,0.27,0.43,0.11,0.41,0.48,2
3503305722,-0.25,1.2,0.01,0.98,0.01,1
3886916613,-0.49,1.15,0.01,0.99,0.01,1
4255112092,-1.5,-1.17,0.02,0.71,0.27,1
3820448030,-0.77,-0.77,0.1,0.09,0.81,2
3962196384,-0.6,-0.56,0.09,0.16,0.75,2
4250710791,0.07,-1.23,0.98,0.0,0.01,0
3449774469,-0.73,-0.82,0.29,0.06,0.65,0
3784414187,-1.23,-0.71,0.02,0.85,0.13,1
3551788766,-0.45,-0.47,0.17,0.09,0.74,0
3759332697,1.31,2.2,0.02,0.95,0.04,1
3857225911,0.08,0.61,0.04,0.84,0.12,1
4032119842,-0.31,-0.23,0.1,0.26,0.65,2
3439462156,0.1,-0.89,0.96,0.01,0.03,0
4183561471,1.6,-0.79,1.0,0.0,0.0,0
4160080732,0.24,-0.32,0.87,0.03,0.1,0
3801768644,0.61,0.01,0.87,0.04,0.09,0
3900113422,-1.14,-0.76,0.02,0.78,0.2,2
3449617547,-0.86,1.73,0.0,1.0,0.0,1
3549207092,0.7,1.01,0.08,0.63,0.29,2
4098148081,1.98,0.99,0.94,0.02,0.03,0
4282382142,-0.58,2.25,0.0,1.0,0.0,1
4143835830,-0.73,-0.71,0.09,0.12,0.79,0
3624696931,-0.77,-0.77,0.11,0.09,0.81,2
4261292892,-0.79,-1.41,0.92,0.01,0.07,0
4063211447,-0.85,-0.75,0.05,0.34,0.61,1
3750514510,-0.09,0.03,0.1,0.37,0.53,1
3826162547,-1.16,0.18,0.01,0.98,0.02,1
3916086636,-0.84,1.75,0.0,1.0,0.0,1
4149904144,-0.9,0.92,0.0,0.99,0.01,1
3552202212,-0.62,-0.9,0.75,0.03,0.22,0
4203453793,-0.84,-0.84,0.09,0.1,0.81,2
3865498011,-0.85,-0.85,0.09,0.09,0.82,2
3797948287,-0.27,-0.43,0.48,0.07,0.45,2
4197739414,0.24,0.04,0.43,0.11,0.47,0
3457561151,-0.74,-1.06,0.78,0.02,0.2,1
3953162401,-0.54,-0.56,0.14,0.09,0.77,1
3789545059,-1.34,-1.34,0.07,0.09,0.84,2
3467731865,-1.68,-0.78,0.01,0.94,0.05,1
3713244948,-1.22,-1.3,0.23,0.05,0.72,2
3859463002,-0.53,-0.25,0.05,0.69,0.27,1
3680412110,-0.77,-0.76,0.09,0.1,0.81,2
4176634784,-0.91,-0.87,0.07,0.16,0.77,2
3949233826,-0.31,0.4,0.02,0.9,0.07,1
3452207653,0.51,0.29,0.46,0.12,0.42,0
4072120154,-1.52,-1.35,0.03,0.44,0.52,1
3580042167,-1.06,-1.08,0.1,0.07,0.83,2
3945052668,-0.22,-0.47,0.64,0.06,0.3,0
3727201088,0.08,-0.84,0.95,0.01,0.04,0
3981306852,-0.65,-0.41,0.04,0.63,0.32,1
4125944554,-0.66,-0.36,0.04,0.72,0.24,1
4237758938,-0.21,-0.21,0.15,0.15,0.7,2
3862438567,0.16,-1.04,0.98,0.01,0.02,0
3815468319,-0.61,-0.57,0.09,0.18,0.74,1
4170007001,-1.35,-0.63,0.01,0.91,0.08,1
3907352460,-1.49,0.1,0.0,0.99,0.01,1
3871606957,-0.77,-0.79,0.12,0.08,0.8,2
3669005667,-0.7,-0.35,0.03,0.76,0.21,1
3736370176,-0.94,-0.71,0.03,0.64,0.32,1
4247287548,-0.28,0.77,0.02,0.95,0.03,2
3614458466,-0.84,-0.81,0.08,0.15,0.78,2
3701900348,2.27,1.12,0.96,0.02,0.02,0
3682533559,-0.75,-0.74,0.09,0.1,0.81,2
3720038219,0.22,0.14,0.27,0.13,0.6,2
3745223690,1.13,0.13,0.94,0.02,0.04,0
4115102298,-0.01,-0.91,0.95,0.01,0.04,0
3602964062,-0.74,-0.71,0.08,0.15,0.77,2
3576660886,-0.78,-0.84,0.21,0.07,0.72,0
3533321894,-1.5,0.89,0.0,1.0,0.0,1
4118786843,-0.87,-0.38,0.02,0.84,0.14,1
3603644240,-1.02,-1.0,0.07,0.13,0.8,2
3467403447,-0.41,-0.37,0.1,0.17,0.73,2
3727346021,0.36,0.87,0.04,0.82,0.13,1
3501226594,-1.25,-1.26,0.09,0.08,0.84,2
3925740698,-0.63,-0.65,0.13,0.09,0.78,2
4031409491,-0.43,0.44,0.02,0.93,0.05,1
4255202752,-0.77,-0.8,0.15,0.08,0.77,2
3975111498,0.65,-0.89,0.99,0.0,0.01,0
3792771939,-0.6,-0.14,0.03,0.83,0.14,1
4240788527,-0.5,-0.33,0.06,0.51,0.43,0
3948949196,2.44,-0.76,1.0,0.0,0.0,0
3851090653,0.34,-1.41,0.99,0.0,0.0,0
3900557801,1.2,-0.42,0.98,0.01,0.01,0
4284969072,-1.4,-1.38,0.06,0.11,0.83,2
3776920422,-0.82,-0.79,0.08,0.13,0.79,2
3591771501,0.8,2.44,0.0,0.99,0.01,1
3623301755,0.44,-0.36,0.92,0.02,0.06,0
4040232529,-0.54,-0.04,0.03,0.85,0.12,1
4013932298,-0.54,-0.51,0.1,0.15,0.75,2
4175367636,0.44,-0.62,0.96,0.01,0.03,0
4285075538,-0.66,-0.79,0.43,0.05,0.52,0
3451042113,-0.86,0.74,0.01,0.99,0.01,1
4282482144,-0.56,-0.82,0.72,0.03,0.24,0
3846634141,0.48,-0.34,0.92,0.02,0.05,0
3994560416,-1.68,-1.84,0.28,0.03,0.69,0
3753802269,-0.44,-0.11,0.04,0.73,0.22,1
4192407066,-0.34,-0.71,0.82,0.03,0.15,0
3904774829,-0.89,-0.87,0.08,0.13,0.79,2
3781372084,-0.84,-0.91,0.22,0.06,0.72,0
3579915421,0.17,0.22,0.15,0.22,0.62,2
3446826943,-0.05,-0.33,0.67,0.06,0.27,0
3638856698,-0.89,-0.88,0.08,0.11,0.81,2
3511097269,0.11,0.14,0.16,0.2,0.63,2
4212004032,0.85,-0.96,0.99,0.0,0.01,0
3972921473,-0.85,-0.77,0.06,0.26,0.68,2
3829441474,-1.25,-0.42,0.01,0.94,0.05,1
3818681926,1.64,0.63,0.94,0.03,0.04,0
3887290539,0.95,-1.17,1.0,0.0,0.0,0
4004077415,-1.08,-0.37,0.01,0.91,0.07,2
4041523237,-0.84,-0.76,0.06,0.26,0.68,2
3515192642,-1.31,-0.68,0.01,0.89,0.1,1
3952534727,-0.59,-0.64,0.21,0.08,0.72,0
4285850813,-0.1,-0.71,0.91,0.02,0.08,0
4027810214,-0.61,0.55,0.01,0.96,0.02,1
3657565753,-0.79,0.57,0.01,0.98,0.02,1
4095242985,0.18,-0.15,0.7,0.07,0.24,0
4182612223,0.66,-0.33,0.94,0.02,0.04,0
4111797815,-0.71,-0.71,0.09,0.1,0.8,2
3532317657,0.48,-0.9,0.98,0.0,0.01,0
3586209337,-0.25,-1.24,0.97,0.01,0.03,0
4245922310,2.34,0.51,0.99,0.01,0.01,0
4118544763,-0.99,0.49,0.01,0.98,0.01,1
4066711865,-0.37,-0.37,0.14,0.12,0.74,2
4220800031,-0.53,-0.26,0.05,0.68,0.28,1
3561314272,-0.2,-0.06,0.09,0.42,0.5,1
3603054799,0.14,2.52,0.0,1.0,0.0,1
3859259114,-0.84,-0.88,0.14,0.07,0.79,2
3516268032,-0.77,-0.75,0.09,0.12,0.8,2
4114932932,2.75,0.25,1.0,0.0,0.0,0
4216751888,-0.77,-0.78,0.12,0.08,0.8,2
3819989882,-0.75,-0.74,0.09,0.1,0.81,2
3817091119,-0.07,-1.2,0.98,0.0,0.02,0
3441126122,-1.01,-0.74,0.03,0.69,0.29,2
3825182739,-0.13,0.37,0.04,0.83,0.13,1
3790554851,-1.26,0.96,0.0,1.0,0.0,1
3492127530,1.22,0.61,0.85,0.05,0.1,0
3783844300,0.56,-0.55,0.96,0.01,0.03,0
4102034882,0.66,-1.05,0.99,0.0,0.01,0
3915874583,-0.58,-0.67,0.33,0.06,0.6,2
3770112426,-0.7,-0.67,0.09,0.14,0.77,2
3610023705,-1.66,1.32,0.0,1.0,0.0,1
4025801894,0.48,0.29,0.39,0.12,0.48,1
3861555615,0.86,-0.63,0.98,0.01,0.01,0
4288572819,-0.71,1.2,0.0,0.99,0.0,1
4246029635,-1.35,1.13,0.0,1.0,0.0,2
3680673043,0.46,-0.58,0.96,0.01,0.03,0
3695934489,0.37,-0.01,0.73,0.07,0.21,2
3632086367,-0.84,-0.84,0.09,0.09,0.82,0
3782216229,-0.24,-0.95,0.93,0.01,0.05,0
4220663412,2.05,-0.74,1.0,0.0,0.0,0
3572027625,-0.78,-0.45,0.03,0.75,0.22,1
4017248815,-1.28,-1.14,0.04,0.42,0.54,2
3915369683,-0.86,-0.76,0.05,0.34,0.61,2
3806446579,0.26,-0.41,0.9,0.03,0.07,0
4050666589,-0.64,-1.13,0.89,0.01,0.1,0
3657119254,-0.78,-0.75,0.08,0.14,0.78,2
3444502471,-0.51,-1.11,0.92,0.01,0.07,0
4219212483,0.21,-1.2,0.99,0.0,0.01,0
3571179882,-0.9,-0.88,0.08,0.13,0.79,2
3657801254,-0.38,-0.34,0.11,0.16,0.73,1
3636884986,2.25,1.39,0.94,0.02,0.04,0
4079570273,-0.09,2.3,0.0,1.0,0.0,1
4133023437,-0.33,-0.84,0.89,0.02,0.09,0
3804008987,-0.77,-0.78,0.1,0.09,0.81,2
3658105609,-0.19,1.18,0.01,0.98,0.02,1
3474885650,-0.47,-0.5,0.15,0.09,0.75,2
4068048209,-0.19,0.8,0.02,0.94,0.04,1
4191214483,0.24,0.88,0.03,0.88,0.08,2
3832147286,0.54,1.06,0.04,0.83,0.13,1
3813350965,-1.74,0.03,0.0,0.99,0.01,1
3727288444,-0.87,-0.71,0.04,0.51,0.44,2
3903135295,1.84,1.37,0.79,0.06,0.15,0
3543138202,3.03,2.92,0.28,0.08,0.63,2
4210429094,-0.27,0.29,0.03,0.86,0.11,1
4107398402,-1.72,0.9,0.0,1.0,0.0,1
3535051383,-0.79,-1.74,0.97,0.0,0.02,0
4267918914,-0.77,0.66,0.01,0.98,0.01,1
3793685820,-0.26,-1.42,0.98,0.0,0.02,0
4091277407,-0.31,0.91,0.01,0.97,0.02,1
4047203188,1.87,-1.22,1.0,0.0,0.0,0
4048768709,-0.82,-0.77,0.07,0.17,0.76,2
3873191223,1.42,1.73,0.09,0.61,0.3,2
4107388705,-0.39,-0.43,0.19,0.09,0.71,2
4022979802,0.81,0.48,0.63,0.1,0.27,2
3482081078,1.48,2.47,0.01,0.96,0.03,1
3598925091,0.04,-0.38,0.82,0.04,0.14,0
3698450240,-0.76,-0.77,0.12,0.08,0.8,0
4012622545,2.2,0.04,0.99,0.0,0.0,0
4227221919,1.23,-0.73,0.99,0.0,0.01,0
3605489724,-0.31,-1.38,0.98,0.0,0.02,0
3602178131,-0.82,-0.84,0.12,0.08,0.8,2
3797121454,-1.32,-1.32,0.08,0.08,0.84,2
3554528113,0.13,2.59,0.0,1.0,0.0,1
4087636840,-0.87,-0.85,0.08,0.11,0.81,2
3776478443,-0.38,0.07,0.03,0.82,0.14,1
3669668964,-1.52,-1.54,0.09,0.07,0.85,2
4208245481,-0.41,0.27,0.02,0.9,0.08,1
3976259036,0.34,-0.18,0.85,0.04,0.11,0
3997975100,1.27,-1.34,1.0,0.0,0.0,0
3714794293,-0.84,-0.82,0.08,0.11,0.81,2
4214811844,-0.38,0.21,0.03,0.87,0.1,0
3966912601,0.81,-0.71,0.98,0.01,0.01,0
3815181314,-0.32,-1.05,0.94,0.01,0.05,0
4197094854,-0.71,-0.76,0.19,0.07,0.74,2
4036996259,0.24,-0.57,0.93,0.02,0.05,0
4173074985,-0.22,1.73,0.0,0.99,0.0,1
3583875203,-0.36,-0.79,0.85,0.02,0.12,1
4110616793,1.12,0.33,0.91,0.03,0.06,0
3805420447,-1.36,-1.3,0.05,0.18,0.77,1
4207858001,1.12,0.06,0.94,0.02,0.04,0
4209106876,1.62,-1.2,1.0,0.0,0.0,0
3882835528,1.09,1.17,0.15,0.25,0.6,2
4105714602,-0.73,1.12,0.0,0.99,0.01,1
3609654779,2.52,0.14,1.0,0.0,0.0,0
4175245801,-0.69,-0.63,0.07,0.21,0.71,2
3940287339,1.91,1.15,0.91,0.03,0.05,0
3843900379,2.23,0.81,0.97,0.01,0.02,0
3781978410,-0.19,-1.05,0.95,0.01,0.04,0
3660102240,-0.41,1.2,0.01,0.98,0.01,1
3762682310,-0.77,-0.8,0.15,0.08,0.77,2
3737984919,-1.16,1.52,0.0,1.0,0.0,1
4273873978,-0.92,-0.5,0.02,0.81,0.17,1
4047310096,0.07,0.81,0.03,0.91,0.07,2
4093808504,-1.43,-0.64,0.01,0.93,0.06,1
3638057709,-1.28,-0.81,0.02,0.82,0.16,2
4113779533,1.07,-0.25,0.97,0.01,0.02,0
3940706776,1.1,0.2,0.92,0.03,0.05,0
4185590859,-0.78,-1.05,0.71,0.03,0.26,0
4155815570,-0.61,-0.51,0.07,0.32,0.61,1
3673241598,-1.52,-0.94,0.01,0.87,0.12,1
3499811224,1.63,-1.97,1.0,0.0,0.0,0
3594466557,-0.07,0.43,0.04,0.84,0.13,1
3483298920,-1.55,0.67,0.0,1.0,0.0,1
3490332014,1.34,1.41,0.15,0.22,0.63,2
3473119337,2.48,-0.12,1.0,0.0,0.0,0
3632671939,1.34,0.16,0.96,0.02,0.03,0
3687635454,1.05,-0.7,0.99,0.0,0.01,0
3959194672,-0.82,-0.82,0.1,0.09,0.81,2
3835786125,1.6,1.35,0.49,0.1,0.41,2
3706930074,1.3,0.02,0.96,0.01,0.02,0
3962813769,-0.82,-0.85,0.13,0.08,0.79,2
3949491296,-0.81,-0.77,0.08,0.15,0.77,2
3809765781,0.68,0.16,0.83,0.05,0.12,0
3884362683,-0.28,-0.21,0.1,0.26,0.65,1
4096219285,-0.75,-0.75,0.1,0.09,0.81,1
3598450820,-0.77,-0.77,0.11,0.09,0.81,2
3910229630,-0.91,-1.07,0.47,0.04,0.49,0
4052496374,-0.57,0.77,0.01,0.97,0.02,1
3474186879,-1.03,0.86,0.0,0.99,0.0,1
3629096984,-0.32,-0.49,0.51,0.06,0.42,2
3972345317,0.8,-1.24,1.0,0.0,0.0,0
3551628745,0.64,-1.08,0.99,0.0,0.01,0
3844079470,-0.61,-0.41,0.05,0.6,0.35,1
4139256941,0.46,0.4,0.26,0.15,0.6,2
4156167210,-0.53,-0.58,0.2,0.08,0.72,0
3556064190,-0.75,-0.76,0.11,0.09,0.8,2
3520056838,-0.87,-0.86,0.09,0.1,0.81,2
4019531249,0.53,-0.65,0.97,0.01,0.02,0
4269134558,-0.74,0.82,0.01,0.98,0.01,1
4291565351,-1.42,-0.06,0.01,0.98,0.01,1
3561645159,-0.92,-1.16,0.65,0.03,0.32,0
4251416142,-0.84,-0.84,0.09,0.09,0.82,1
4185585688,0.74,-1.22,0.99,0.0,0.0,0
4272595695,1.2,-0.49,0.99,0.01,0.01,0
4077920554,0.27,-0.29,0.87,0.03,0.1,0
3860346819,-0.84,-0.82,0.08,0.12,0.8,2
4244474169,-1.73,1.62,0.0,1.0,0.0,1
4094258397,2.14,-1.3,1.0,0.0,0.0,0
4112996790,1.85,-0.91,1.0,0.0,0.0,0
3466748133,0.1,-1.49,0.99,0.0,0.01,0
3533280098,-0.5,-0.65,0.49,0.06,0.45,0
4190774693,-0.58,-0.59,0.12,0.1,0.78,2
3488387581,-0.39,-0.45,0.25,0.08,0.66,0
3725406667,2.52,-1.51,1.0,0.0,0.0,0
4164988558,0.21,-1.27,0.99,0.0,0.01,0
3909621216,-0.77,-0.77,0.1,0.09,0.81,2
4094696013,-0.82,-0.82,0.09,0.09,0.82,2
4293293471,-0.37,-0.43,0.23,0.09,0.68,0
3448092399,0.05,-0.73,0.93,0.01,0.05,0
3606471663,-0.89,-0.91,0.11,0.08,0.81,2
3742820169,-0.72,-0.46,0.04,0.67,0.29,1
4165598458,0.25,-0.04,0.6,0.08,0.32,2
3935605804,-0.82,-0.84,0.12,0.08,0.8,0
3871636532,-0.01,-0.61,0.9,0.02,0.08,0
3960734362,0.31,-0.79,0.97,0.01,0.02,0
3561097628,0.88,0.69,0.4,0.13,0.47,1
4160677320,-1.37,-0.62,0.01,0.92,0.07,1
3528867017,-0.66,-0.27,0.03,0.8,0.17,2
4215550633,0.65,1.73,0.01,0.96,0.03,1
3780317064,0.05,0.37,0.07,0.67,0.27,0
3504059410,0.71,0.99,0.09,0.56,0.34,1
3869626405,-1.11,-1.12,0.09,0.08,0.83,0
3770982460,0.82,1.62,0.02,0.93,0.05,1
3467132830,-0.32,-0.24,0.1,0.26,0.64,2
3684769709,0.64,0.48,0.35,0.13,0.52,0
4001519027,-0.66,-0.38,0.04,0.69,0.27,1
3477140774,-0.1,-0.1,0.16,0.16,0.67,2
3542793185,-1.05,0.78,0.0,0.99,0.01,1
3554229801,-1.84,2.17,0.0,1.0,0.0,1
4282977306,-1.11,1.2,0.0,1.0,0.0,1
3454750631,0.1,-1.31,0.99,0.0,0.01,0
3954418472,0.71,-0.54,0.97,0.01,0.02,0
4206644455,-0.07,-0.41,0.76,0.05,0.19,2
4086373713,-1.44,-1.17,0.02,0.64,0.34,2
3593358520,-0.54,-0.56,0.14,0.09,0.77,2
3508650969,0.99,-0.24,0.96,0.01,0.03,0
4292525395,-0.9,-0.79,0.05,0.36,0.59,2
4207117515,0.36,0.81,0.05,0.78,0.17,1
3962769817,0.23,-1.63,1.0,0.0,0.0,0
4241475102,-0.65,-1.01,0.81,0.02,0.17,0
3885824331,-0.65,-1.27,0.92,0.01,0.07,0
3767267212,-0.73,-0.72,0.09,0.1,0.8,2
3782487383,0.07,-0.76,0.94,0.01,0.05,0
3569929789,-0.76,-0.77,0.11,0.09,0.81,2
3903405335,1.63,-1.34,1.0,0.0,0.0,0
3578593489,-0.28,-0.84,0.9,0.02,0.08,0
4128018884,-0.33,-0.65,0.78,0.04,0.19,0
3733627202,-0.79,-0.76,0.08,0.15,0.77,2
3632489085,-0.1,-0.9,0.94,0.01,0.05,2
3589783976,-0.94,-0.63,0.03,0.73,0.24,1
3872614978,-0.98,-1.24,0.67,0.03,0.31,0
4187382747,0.8,0.64,0.37,0.13,0.5,0
3901758385,-1.2,0.92,0.0,0.99,0.0,1
4208264163,0.66,0.42,0.48,0.12,0.4,2
3559660252,-0.85,-0.84,0.09,0.1,0.81,2
3770006663,-0.65,-0.6,0.08,0.19,0.73,2
4178943362,1.56,-1.03,1.0,0.0,0.0,0
3472357200,1.87,0.86,0.94,0.02,0.03,0
3710011374,-0.67,0.84,0.01,0.98,0.01,1
4157042518,-0.87,-0.89,0.12,0.08,0.81,2
3571768479,1.05,1.59,0.04,0.83,0.13,1
3703116209,0.4,0.12,0.57,0.09,0.34,2
3690757682,1.92,1.75,0.36,0.1,0.54,1
3657861493,0.18,-0.95,0.97,0.01,0.02,0
4253133475,-1.01,1.88,0.0,1.0,0.0,1
3585586410,-0.05,1.14,0.01,0.96,0.02,1
3887007035,0.7,0.96,0.1,0.54,0.36,0
4041185419,-0.81,-0.81,0.09,0.09,0.82,2
3580951004,-1.53,-0.25,0.01,0.98,0.02,1
4008879913,-0.92,-0.2,0.02,0.91,0.07,1
3592404789,-0.66,-0.6,0.08,0.21,0.71,2
3865130151,-1.39,-0.89,0.02,0.84,0.15,1
4227725606,-1.73,-1.76,0.08,0.06,0.86,2
4217089179,0.38,0.4,0.18,0.2,0.62,1
3495734533,-0.84,-0.85,0.11,0.08,0.81,2
4172915139,-1.24,-0.28,0.01,0.95,0.04,1
3737566571,-0.15,-1.3,0.98,0.0,0.02,0
3717751575,-0.91,-0.95,0.14,0.07,0.79,2
3570630814,0.96,0.03,0.93,0.02,0.05,0
4068237004,-0.81,1.45,0.0,1.0,0.0,1
4258096767,0.44,0.28,0.36,0.13,0.52,2
4083202175,-0.85,-0.82,0.08,0.13,0.79,2
3678065219,-0.34,-0.75,0.84,0.03,0.14,1
3515438397,-1.3,-1.55,0.55,0.03,0.42,2
3484192854,-1.73,-1.62,0.04,0.26,0.7,0
4149876820,-0.09,-0.28,0.49,0.08,0.43,1
3991284650,0.13,0.11,0.21,0.16,0.63,0
4171577104,0.55,-0.69,0.97,0.01,0.02,0
3936360763,-1.34,0.47,0.0,0.99,0.01,1
3890819192,-0.23,-0.7,0.87,0.02,0.11,1
4148999458,0.6,-0.61,0.97,0.01,0.02,0
4229941807,0.01,-0.75,0.93,0.01,0.05,0
3535815061,-1.33,0.1,0.01,0.98,0.01,1
4076386318,1.17,0.4,0.9,0.04,0.06,0
3822164367,-0.82,-0.81,0.09,0.1,0.81,2
3812443553,-0.77,0.52,0.01,0.97,0.02,1
3488758743,2.36,2.34,0.2,0.14,0.66,2
4024881409,0.73,-1.0,0.99,0.0,0.01,0
3742327721,-0.25,-0.76,0.88,0.02,0.1,2
3875210302,-0.77,-0.66,0.06,0.37,0.58,2
3688936406,-0.74,-0.95,0.62,0.04,0.34,0
4182362431,0.36,-0.37,0.91,0.02,0.06,0
3731292408,-0.54,-0.15,0.03,0.8,0.17,1
3857701272,0.83,-0.95,0.99,0.0,0.01,0
4007981314,-1.41,-0.66,0.01,0.92,0.07,1
3885946251,-0.56,1.23,0.0,0.99,0.01,1
3732711645,-0.7,-0.69,0.09,0.11,0.8,2
3570473906,-0.94,-0.89,0.07,0.16,0.77,2
3497856755,-0.4,-0.67,0.72,0.04,0.24,0
3966788489,0.02,2.33,0.0,1.0,0.0,1
3975584249,-0.39,-0.48,0.31,0.08,0.62,0
3810760382,-0.5,0.06,0.03,0.87,0.1,1
4166691224,-0.86,-0.44,0.03,0.81,0.16,1
3520257607,-0.94,-0.78,0.04,0.5,0.46,2
4120217174,-0.38,0.44,0.02,0.93,0.05,1
3867909372,-1.37,-0.76,0.01,0.88,0.11,1
4025943309,0.14,1.23,0.01,0.96,0.03,1
3597370458,0.09,-0.17,0.59,0.08,0.33,0
3554016929,1.46,1.78,0.09,0.62,0.3,1
3518536548,-0.75,-0.73,0.09,0.12,0.79,2
4016693631,-1.65,-0.32,0.0,0.98,0.01,1
3560423527,1.79,1.75,0.22,0.13,0.64,2
4104012231,0.41,0.41,0.2,0.18,0.62,2
4160043630,-0.63,-0.54,0.07,0.31,0.63,2
3570026604,1.88,2.03,0.13,0.35,0.53,2
4287142896,1.36,1.3,0.25,0.14,0.61,2
3746910970,-0.89,-0.89,0.1,0.08,0.82,1
4155614089,-0.78,-0.8,0.12,0.08,0.8,2
3766590058,-1.8,0.79,0.0,1.0,0.0,1
4250671172,1.6,-1.35,1.0,0.0,0.0,0
4092307011,0.34,-1.55,1.0,0.0,0.0,0
4008896378,0.33,0.1,0.48,0.1,0.42,0
4062341948,1.63,2.05,0.06,0.73,0.2,1
4161839611,0.43,1.99,0.01,0.98,0.01,1
3626189478,-1.33,-0.8,0.02,0.85,0.14,1
4016443948,1.56,-0.08,0.98,0.01,0.01,0
3693502236,-1.06,-0.88,0.04,0.57,0.4,1
4274137569,-0.1,-1.73,0.99,0.0,0.0,0
3551344190,-1.23,0.4,0.0,0.99,0.01,1
4130974375,-0.26,-0.93,0.93,0.01,0.06,0
3637576663,-1.49,0.11,0.0,0.99,0.01,1
3564540482,-1.48,0.51,0.0,0.99,0.0,1
3885774247,-1.39,-0.64,0.01,0.92,0.07,1
3902816683,-0.02,-0.73,0.92,0.02,0.06,0
3870055402,0.23,-0.15,0.76,0.06,0.18,0
3728314032,-0.79,-0.77,0.08,0.12,0.79,2
3912304194,-0.38,-0.66,0.74,0.04,0.22,2
3951167003,-0.14,-0.44,0.72,0.05,0.23,0
3836220109,-1.01,-1.0,0.08,0.1,0.82,2
4244284786,-0.96,0.52,0.01,0.98,0.01,1
3982584189,0.41,0.41,0.19,0.19,0.62,2
3692719823,-0.73,-0.77,0.16,0.08,0.77,0
3937184393,-1.35,2.81,0.0,1.0,0.0,1
4250986046,1.01,1.21,0.12,0.44,0.45,2
3525746229,-0.59,0.13,0.02,0.91,0.07,1
4230143796,0.79,0.73,0.26,0.15,0.59,0
3628123453,0.42,-0.77,0.97,0.01,0.02,0
3522182638,-0.87,-0.88,0.1,0.08,0.82,2
3855149049,-0.16,0.92,0.02,0.96,0.03,1
4198495861,-1.02,0.26,0.01,0.97,0.02,1
3665569780,1.68,-1.27,1.0,0.0,0.0,0
3878332688,-0.36,-1.11,0.94,0.01,0.05,0
3450732573,-0.44,-0.08,0.04,0.76,0.2,0
3574420507,-0.98,-1.11,0.38,0.05,0.58,0
3633657944,0.09,-0.4,0.86,0.03,0.11,0
4063566496,0.21,0.19,0.21,0.17,0.62,2
4165744583,0.19,1.05,0.02,0.93,0.05,1
3988677692,0.33,1.09,0.02,0.92,0.06,1
4228111213,-1.45,-1.23,0.03,0.56,0.41,0
4243823481,-0.71,-0.34,0.03,0.78,0.19,1
3440359218,-0.17,0.23,0.05,0.77,0.18,1
3801884093,2.94,2.55,0.72,0.05,0.22,0
3751351081,0.84,-1.53,1.0,0.0,0.0,0
3766341025,-1.2,-1.04,0.04,0.48,0.49,2
3512872317,1.02,1.36,0.08,0.65,0.27,1
4083782894,-0.32,-1.35,0.97,0.0,0.02,0
3652185521,-0.77,-0.77,0.11,0.09,0.81,2
3850797398,-0.87,0.38,0.01,0.97,0.02,1
3718203659,2.56,1.98,0.87,0.04,0.09,2
4113698135,-0.7,-0.63,0.07,0.24,0.69,2
3871874983,0.28,-1.01,0.98,0.0,0.01,0
3891496936,-1.27,0.11,0.01,0.98,0.01,1
4061306673,-0.44,0.7,0.01,0.96,0.03,1
4001219931,-1.34,-0.01,0.01,0.98,0.02,1
4039037544,-1.04,-1.01,0.07,0.13,0.8,0
4136025247,-0.32,1.05,0.01,0.97,0.02,1
4263631006,-0.88,0.9,0.0,0.99,0.01,1
4064153250,2.34,-0.46,1.0,0.0,0.0,0
3557316347,-0.81,-0.81,0.09,0.09,0.82,2
3485136199,-0.77,-0.75,0.09,0.12,0.8,2
4076196775,-1.01,-0.74,0.03,0.69,0.29,1
3676829172,2.16,1.59,0.86,0.04,0.1,0
3941589188,1.51,0.45,0.94,0.02,0.04,0
3659307331,0.47,0.33,0.34,0.13,0.53,2
3848000232,2.05,0.1,0.99,0.0,0.01,0
4019633666,0.52,-0.13,0.88,0.03,0.08,1
4253868786,2.03,-1.52,1.0,0.0,0.0,0
4182139432,-0.88,-0.86,0.08,0.11,0.81,2
3937444586,2.2,-0.84,1.0,0.0,0.0,0
4148423248,-0.15,0.58,0.03,0.91,0.07,1
3804317763,1.22,-0.63,0.99,0.0,0.01,0
3751861492,-0.66,-0.19,0.03,0.84,0.14,1
3637827997,-1.27,0.33,0.0,0.99,0.01,1
3856335422,1.62,-1.23,1.0,0.0,0.0,0
3557957609,2.33,0.06,0.99,0.0,0.0,0
3917491293,-0.57,-0.71,0.45,0.06,0.49,2
3556354985,-0.64,-0.42,0.05,0.61,0.34,1
4017374629,-1.17,-0.8,0.02,0.77,0.21,1
4015406609,-1.38,-1.41,0.11,0.06,0.83,1
3927577134,-1.23,-1.43,0.48,0.03,0.48,0
4034864381,-0.72,-0.15,0.02,0.88,0.1,1
3918334383,1.92,0.86,0.95,0.02,0.03,0
3775940710,-0.82,-0.79,0.08,0.13,0.79,2
3799764371,-0.68,-0.73,0.2,0.07,0.73,0
4027248348,-0.25,-0.67,0.84,0.03,0.13,2
4086234554,-0.66,-0.64,0.09,0.13,0.78,2
4146558305,-1.34,-0.65,0.01,0.9,0.08,1
3924357135,-0.78,-0.78,0.09,0.09,0.81,2
3961913384,0.84,-0.66,0.98,0.01,0.01,0
4018033084,2.11,-1.14,1.0,0.0,0.0,0
4210007768,-0.98,0.63,0.01,0.99,0.01,1
3830751164,0.98,1.02,0.18,0.21,0.61,2
3649441817,-1.02,-1.22,0.54,0.04,0.42,2
3493082354,-0.93,-0.92,0.08,0.1,0.82,2
3921711061,-1.52,-1.5,0.06,0.1,0.84,2
4039606892,-0.5,-0.36,0.07,0.43,0.5,2
3623216600,1.03,-0.3,0.97,0.01,0.02,0
3932711533,-0.86,-0.07,0.01,0.93,0.05,1
3820397661,0.49,-0.41,0.94,0.02,0.04,0
3900269170,-0.82,-0.81,0.08,0.11,0.8,2
4009727518,1.3,2.36,0.01,0.96,0.02,1
4186823096,1.14,-1.42,1.0,0.0,0.0,0
4203467251,1.59,-0.33,0.99,0.0,0.01,0
4153935234,1.17,-0.01,0.96,0.02,0.03,0
4029698906,0.89,0.02,0.92,0.03,0.05,0
4158162820,0.15,1.31,0.01,0.96,0.02,1
4015878960,-0.2,-0.48,0.7,0.05,0.25,0
4010946242,0.25,-0.89,0.97,0.01,0.02,0
3892956692,-0.75,-0.76,0.11,0.09,0.8,2
3624602751,0.79,2.75,0.0,0.99,0.0,1
3589919211,1.56,0.12,0.97,0.01,0.02,0
3861358043,-1.16,-0.49,0.01,0.9,0.09,1
4161848152,-0.36,1.23,0.01,0.98,0.01,1
3947259040,0.99,-0.29,0.97,0.01,0.02,0
3983670463,0.39,-0.09,0.83,0.05,0.12,0
3932697545,-0.59,-0.75,0.52,0.05,0.43,0
3444787168,0.16,-1.32,0.99,0.0,0.01,0
3463144308,-0.74,-0.73,0.09,0.11,0.8,2
3654391968,1.23,-1.16,1.0,0.0,0.0,0
4105482687,0.59,2.05,0.01,0.98,0.01,1
4232938051,-0.94,0.32,0.01,0.97,0.02,1
4139191738,-1.47,0.67,0.0,1.0,0.0,1
4221941249,-0.45,-2.0,0.99,0.0,0.0,0
3949138250,-1.17,-1.13,0.06,0.14,0.8,2
3808276122,-0.74,-0.7,0.08,0.17,0.75,1
4237064537,0.61,-0.82,0.98,0.01,0.01,0
3450883948,0.18,0.06,0.32,0.12,0.57,2
4240768613,0.33,1.1,0.02,0.92,0.06,1
3537830017,0.69,0.23,0.8,0.06,0.14,0
3686077168,1.04,1.3,0.1,0.54,0.36,1
3824155549,-0.35,-0.59,0.65,0.05,0.3,0
3689809270,0.5,-0.54,0.96,0.01,0.03,0
4125104329,-0.8,-0.82,0.11,0.08,0.8,2
4278861981,-1.03,-0.84,0.03,0.58,0.38,2
4021321623,-0.67,-0.7,0.15,0.08,0.77,2
3959821873,-1.02,-0.55,0.02,0.83,0.15,1
4042796973,-0.57,0.9,0.01,0.98,0.01,1
3638849817,0.06,-0.87,0.95,0.01,0.04,0
3498586141,-0.29,-1.47,0.98,0.0,0.02,0
3553507701,-1.46,0.18,0.0,0.99,0.01,1
4168973736,1.58,1.43,0.33,0.11,0.56,2
3674026201,-0.91,-0.21,0.02,0.91,0.07,1
3929441794,-0.71,-1.12,0.85,0.02,0.14,0
3648472911,0.41,0.17,0.5,0.11,0.39,0
4145443448,-0.63,-0.52,0.06,0.37,0.57,2
3598699537,-1.08,0.42,0.01,0.98,0.01,1
3898011950,-1.09,-1.13,0.15,0.06,0.79,2
3492788116,0.85,0.71,0.34,0.14,0.53,2
4149845323,-0.79,-0.76,0.08,0.15,0.77,2
3558760613,2.17,-0.24,1.0,0.0,0.0,0
3733960318,-0.19,0.12,0.06,0.69,0.25,1
3942012842,-0.18,-0.41,0.61,0.06,0.33,0
3672428001,0.19,-0.51,0.91,0.02,0.07,0
3923123439,-1.34,-1.41,0.19,0.05,0.76,2
4143671482,0.16,0.67,0.04,0.83,0.13,1
3834426676,-1.12,-0.71,0.02,0.8,0.18,1
3564420926,-0.71,-0.76,0.19,0.07,0.74,2
3765305495,-0.44,0.55,0.02,0.95,0.04,1
3675376941,0.12,-1.11,0.98,0.0,0.02,0
3846529732,-1.42,-0.43,0.01,0.96,0.04,1
3523611260,0.58,0.59,0.19,0.2,0.61,0
3691530961,-1.76,-0.46,0.0,0.98,0.02,1
4271601043,1.11,-1.28,1.0,0.0,0.0,0
4078350528,-1.23,0.86,0.0,0.99,0.0,1
4169604162,-0.47,-0.03,0.03,0.82,0.14,1
3975833085,-0.28,-0.94,0.92,0.01,0.06,0
3852984932,0.29,-0.82,0.97,0.01,0.02,0
3565286605,-0.24,-0.77,0.89,0.02,0.09,0
3546637174,-1.13,-1.42,0.67,0.02,0.31,0
3955928079,-0.37,-0.66,0.75,0.04,0.21,0
4076800711,-0.15,-1.09,0.96,0.01,0.03,0
3818242307,-1.44,-0.76,0.01,0.9,0.09,1
3700832940,0.31,0.23,0.26,0.14,0.6,2
3798481978,-0.79,-0.8,0.1,0.09,0.81,2
3941111497,-0.66,-0.48,0.05,0.55,0.4,1
4129127269,1.07,-0.95,0.99,0.0,0.0,0
4289338231,0.67,0.8,0.13,0.33,0.54,2
3558269194,2.06,-0.3,1.0,0.0,0.0,0
4266017182,-0.82,-0.84,0.12,0.08,0.8,2
4202369684,0.51,-0.25,0.91,0.03,0.06,1
3738344338,0.71,-1.61,1.0,0.0,0.0,0
3876496299,-0.85,-0.84,0.09,0.1,0.81,2
4117427035,1.26,-0.09,0.97,0.01,0.02,0
3695730529,-1.1,0.81,0.0,0.99,0.0,1
3541246571,-1.44,-1.41,0.06,0.11,0.83,2
3602630627,-0.56,-0.95,0.83,0.02,0.14,0
3927235213,-1.54,-1.66,0.23,0.04,0.73,2
4274106997,-0.37,1.27,0.01,0.99,0.01,1
3544532619,-0.64,1.34,0.0,0.99,0.0,1
3576170859,-1.16,-1.2,0.13,0.06,0.81,0
4007178889,-0.46,0.26,0.02,0.91,0.07,2
3489896053,-0.29,-0.91,0.92,0.01,0.07,0
3887546380,-0.29,-0.19,0.09,0.31,0.6,1
4019311167,-1.13,-0.43,0.01,0.91,0.08,1
3658193276,0.79,0.62,0.37,0.13,0.5,0
4125075530,-1.49,-0.47,0.01,0.96,0.03,1
3472560204,-0.37,0.76,0.01,0.96,0.03,1
3932907465,0.56,-0.81,0.98,0.01,0.01,0
4025045873,-0.58,-0.69,0.38,0.06,0.56,0
3950719899,1.17,-1.28,1.0,0.0,0.0,0
3606604027,-0.37,-0.41,0.2,0.09,0.71,1
4229026270,2.62,-1.02,1.0,0.0,0.0,0
3870510885,-0.5,0.94,0.01,0.98,0.01,1
4037351516,1.65,-0.0,0.98,0.01,0.01,0
3940568534,-0.82,-0.82,0.09,0.1,0.81,2
4261237457,0.03,-1.49,0.99,0.0,0.01,0
4134011954,0.23,-0.95,0.97,0.01,0.02,0
4202588088,-0.76,-0.59,0.04,0.55,0.4,1
4132995526,0.89,-0.84,0.99,0.0,0.01,0
3997948945,-0.82,-0.82,0.1,0.09,0.81,2
3811521828,0.25,-0.88,0.97,0.01,0.02,0
3760188321,0.55,-0.62,0.97,0.01,0.02,0
3536690857,-0.24,-1.5,0.98,0.0,0.01,0
3839426568,-0.21,0.84,0.02,0.95,0.03,1
4061254967,-0.82,-0.82,0.09,0.09,0.82,2
3815132424,-0.76,-0.77,0.11,0.09,0.81,2
3559349080,1.32,-1.08,1.0,0.0,0.0,0
3912535883,-0.79,-0.77,0.08,0.12,0.79,2
4158319044,-0.45,-0.43,0.11,0.14,0.76,0
4200178121,-0.5,0.91,0.01,0.98,0.01,1
3758376998,-0.6,0.09,0.02,0.91,0.07,1
4225507700,-0.85,-0.84,0.08,0.11,0.8,2
3941275832,0.99,1.98,0.01,0.96,0.03,1
3892418715,-0.89,-0.24,0.02,0.9,0.09,1
4064229124,-0.3,-0.27,0.12,0.17,0.71,2
3802730297,-1.09,0.08,0.01,0.97,0.02,1
3972320707,0.94,-0.87,0.99,0.0,0.01,0
3528677559,-1.1,1.47,0.0,1.0,0.0,1
3680879679,0.51,0.39,0.31,0.13,0.56,2
4175772759,-0.88,-0.87,0.09,0.1,0.81,2
3454651318,-0.57,-0.65,0.28,0.07,0.65,2
4112666704,-0.66,-1.41,0.95,0.01,0.05,0
3766482247,-0.86,-0.85,0.09,0.1,0.81,2
3838944679,0.46,-0.5,0.95,0.02,0.04,0
4191278050,1.59,-0.44,0.99,0.0,0.0,0
3940431352,-0.41,1.43,0.0,0.99,0.01,1
4091196013,-0.82,-0.82,0.09,0.09,0.82,2
3984399025,-0.95,-0.89,0.06,0.2,0.74,2
3689937226,-0.24,-0.18,0.11,0.22,0.67,2
3885040000,0.47,1.31,0.02,0.93,0.05,1
4184120652,0.1,-1.13,0.98,0.0,0.02,0
3688321088,-0.76,-1.27,0.89,0.01,0.1,0
4115739129,-0.55,0.45,0.01,0.95,0.03,1
3734330395,0.89,0.49,0.71,0.08,0.21,0
3505388667,1.89,1.58,0.6,0.09,0.32,0
3888015284,-0.88,-1.02,0.42,0.05,0.53,2
3663268034,0.3,0.27,0.22,0.16,0.62,2
4249381288,-0.82,-0.84,0.11,0.08,0.81,2
3509166862,-0.36,0.92,0.01,0.97,0.02,1
3750415411,-0.87,-0.79,0.06,0.25,0.69,2
3957397382,-0.9,-0.9,0.09,0.09,0.82,1
3509426667,1.16,-0.62,0.99,0.0,0.01,0
3859623347,-1.62,0.73,0.0,1.0,0.0,1
3744180200,-1.39,2.22,0.0,1.0,0.0,1
3554017755,1.56,1.1,0.77,0.07,0.16,0
3745958052,-0.45,-0.67,0.64,0.05,0.31,2
3499036218,-0.82,-0.87,0.16,0.07,0.77,2
4234476464,-0.24,-0.36,0.38,0.08,0.54,0
3550309125,-2.02,-1.23,0.01,0.92,0.07,1
3698654501,-0.88,-0.93,0.17,0.07,0.76,2
3548417835,-0.8,-0.8,0.09,0.09,0.82,2
4251429279,1.55,-0.49,0.99,0.0,0.0,0
4250938512,-0.86,-0.86,0.09,0.09,0.82,0
3670974888,0.92,-0.63,0.98,0.01,0.01,0
4162672809,0.93,0.13,0.91,0.03,0.06,0
3803354242,-0.51,-0.11,0.04,0.8,0.17,1
4099374315,-0.23,-0.4,0.49,0.07,0.44,2
4164053465,-0.77,-0.77,0.09,0.1,0.81,2
4073612080,0.66,-1.06,0.99,0.0,0.01,0
3888769945,0.04,-0.49,0.88,0.03,0.1,0
4279950172,-1.2,-1.25,0.16,0.06,0.79,2
4153746062,-0.86,-0.48,0.03,0.79,0.19,1
3447670505,-0.42,2.39,0.0,1.0,0.0,1
3989686747,2.03,-0.35,1.0,0.0,0.0,0
3601690550,-0.41,-0.79,0.83,0.03,0.15,0
3712523567,0.9,-0.19,0.95,0.02,0.03,0
3636151236,-1.73,2.59,0.0,1.0,0.0,1
4005252449,-0.84,-0.84,0.09,0.09,0.82,2
4172584142,-0.71,-0.69,0.09,0.12,0.79,2
3633396701,-0.64,-0.7,0.23,0.07,0.7,0
4093060432,-0.36,-0.46,0.34,0.08,0.58,0
4134007184,0.34,-1.28,0.99,0.0,0.01,0
3644739783,-0.82,-0.87,0.18,0.07,0.75,2
3746261075,0.28,-1.34,0.99,0.0,0.01,0
4008049965,-0.48,-0.54,0.24,0.08,0.68,2
3450346633,-1.39,-1.38,0.07,0.1,0.84,1
4115776009,0.18,0.06,0.31,0.12,0.57,0
4103627700,0.36,-0.28,0.89,0.03,0.08,0
3579701577,-0.02,-0.56,0.89,0.02,0.09,0
3494739760,-1.22,0.55,0.0,0.99,0.01,1
3946843605,-0.94,-0.33,0.02,0.89,0.1,1
4074013397,-1.06,-1.04,0.07,0.12,0.81,0
4201190277,-0.71,-0.67,0.08,0.17,0.75,2
3437492992,1.42,1.15,0.53,0.1,0.37,1
3471296263,-1.16,-1.43,0.62,0.03,0.35,0
3536840100,-0.88,-0.9,0.13,0.07,0.8,2
3910195195,-0.29,0.92,0.01,0.96,0.02,1
4218709426,0.22,0.25,0.17,0.21,0.62,0
3986442788,0.11,-0.33,0.83,0.04,0.13,0
3808800993,0.8,1.98,0.01,0.97,0.02,1
3439424550,1.18,1.12,0.26,0.14,0.6,0
3708697020,-0.58,-0.53,0.09,0.19,0.73,2
3594450078,-0.04,-0.35,0.72,0.05,0.23,0
4213703396,-0.49,0.2,0.02,0.9,0.08,1
3581785330,0.13,-0.81,0.95,0.01,0.03,0
4075637719,-0.82,-0.75,0.07,0.23,0.71,1
3894962456,-0.77,-0.72,0.07,0.19,0.74,2
4109051050,-0.97,0.14,0.01,0.96,0.03,1
3765866923,-0.86,-0.94,0.25,0.06,0.69,0
3637303166,-1.03,-0.63,0.02,0.8,0.18,1
3650692039,0.44,-0.28,0.9,0.03,0.07,0
3764686981,-0.57,-0.31,0.05,0.66,0.29,1
3876896786,-1.56,0.83,0.0,1.0,0.0,1
3772621273,-1.25,-0.61,0.01,0.89,0.09,1
3992243396,-0.33,-0.31,0.12,0.15,0.73,0
4193224903,0.41,1.16,0.02,0.92,0.06,2
4124430166,-0.39,-0.38,0.13,0.13,0.74,2
4180691754,-0.76,-0.77,0.11,0.09,0.81,2
4288036962,-0.71,-0.08,0.02,0.9,0.08,1
3609699429,-0.21,-0.38,0.5,0.07,0.43,0
3533500554,-1.02,-0.07,0.01,0.95,0.04,1
4071485143,-0.54,-0.86,0.78,0.03,0.19,2
3474395449,-0.76,-0.74,0.09,0.12,0.8,2
3821842269,2.66,0.06,1.0,0.0,0.0,0
3477745303,0.97,-1.16,1.0,0.0,0.0,0
3468052901,0.59,-0.2,0.91,0.03,0.06,0
3542033755,-0.28,-0.84,0.9,0.02,0.08,2
3647674946,-0.54,-0.71,0.52,0.05,0.43,0
4286873017,-0.82,-0.8,0.08,0.13,0.79,2
4259422240,-0.85,1.47,0.0,1.0,0.0,1
3446899736,-1.42,-1.35,0.05,0.2,0.75,1
3533910864,-0.88,-0.87,0.09,0.1,0.81,2
3833149897,1.01,-1.54,1.0,0.0,0.0,0
3929732235,-0.78,-0.74,0.08,0.16,0.76,2
4212517026,0.53,2.14,0.01,0.99,0.01,1
4254193206,0.19,-0.3,0.86,0.04,0.11,0
3811635033,-0.77,-0.78,0.12,0.08,0.8,2
3512892548,-0.99,-0.47,0.02,0.85,0.13,1
3697788099,-0.39,-0.25,0.07,0.46,0.48,1
3703826432,-0.59,-0.9,0.78,0.03,0.19,0
4216086527,-1.28,0.43,0.0,0.99,0.01,1
4008175429,-1.23,-0.42,0.01,0.93,0.06,1
3517998813,-1.1,2.42,0.0,1.0,0.0,1
4057675455,0.04,-0.77,0.94,0.01,0.05,2
3538107546,0.81,0.73,0.28,0.15,0.58,1
4127459475,-0.5,-0.97,0.87,0.02,0.11,0
4216888231,1.13,1.09,0.24,0.15,0.6,0
3675470930,-0.17,2.34,0.0,1.0,0.0,1
3699863168,-1.16,-0.38,0.01,0.93,0.06,1
3865309261,-0.84,-0.82,0.08,0.11,0.81,2
4030457696,1.13,0.0,0.95,0.02,0.03,0
4190207085,1.3,-1.6,1.0,0.0,0.0,0
3993541281,-0.82,-0.54,0.03,0.7,0.26,2
3550521567,0.6,0.6,0.2,0.19,0.61,2
3943209847,0.51,-0.28,0.92,0.02,0.06,2
3702123801,0.62,1.35,0.02,0.91,0.06,1
3596815462,-0.9,0.06,0.01,0.95,0.04,1
3880150353,0.8,0.74,0.26,0.16,0.59,1
3600114959,-0.2,-0.51,0.74,0.04,0.21,0
3649010343,-0.38,-0.66,0.73,0.04,0.23,0
3676884742,-0.73,-0.77,0.16,0.08,0.77,2
3817455738,0.44,-0.05,0.83,0.05,0.12,0
3735730700,2.06,0.23,0.99,0.01,0.01,0
3445069223,-0.82,-0.82,0.1,0.09,0.81,2
3637261020,-0.74,-0.74,0.1,0.09,0.81,1
3473570100,-0.2,0.1,0.06,0.67,0.27,1
3818001958,0.06,0.24,0.1,0.47,0.44,2
3563568355,-0.48,-0.23,0.05,0.65,0.3,1
4202216689,0.43,-1.97,1.0,0.0,0.0,0
3549164323,-0.01,-1.1,0.97,0.01,0.02,0
3463741323,1.88,2.34,0.06,0.78,0.17,1
4019318365,-0.85,-0.85,0.09,0.09,0.82,2
3570801941,-1.22,-0.92,0.02,0.71,0.27,1
4021307945,-0.84,-0.77,0.06,0.24,0.7,0
4289921315,-0.44,-0.47,0.18,0.09,0.73,2
3447592435,0.9,1.55,0.03,0.89,0.08,1
4161333523,-0.49,-1.45,0.97,0.0,0.03,0
3611963243,-0.41,-0.19,0.06,0.6,0.34,1
3523513493,-0.08,2.17,0.0,1.0,0.0,1
3677158576,0.79,-0.8,0.99,0.0,0.01,0
3727996944,-0.38,-0.31,0.09,0.26,0.65,2
3823158403,1.27,-0.7,0.99,0.0,0.01,0
3945001397,-0.55,0.43,0.01,0.95,0.04,1
4071302322,0.31,-0.67,0.95,0.01,0.03,0
4126109433,-0.3,1.34,0.01,0.99,0.01,1
3506690786,-0.94,-0.89,0.07,0.16,0.77,2
3703948918,-0.79,-0.77,0.08,0.14,0.78,2
3548136364,0.96,0.65,0.59,0.11,0.31,0
4146467431,-0.42,0.47,0.02,0.94,0.05,1
3509876176,-0.31,1.11,0.01,0.98,0.01,1
3630156710,1.27,-1.07,1.0,0.0,0.0,0
3527129578,0.62,0.19,0.77,0.06,0.17,0
3925623984,1.27,-0.22,0.98,0.01,0.02,0
3897465532,1.07,0.46,0.86,0.05,0.09,0
3637470410,0.87,0.99,0.14,0.31,0.56,1
3901622240,-1.41,1.52,0.0,1.0,0.0,1
4162977085,1.89,-0.76,1.0,0.0,0.0,0
3491849132,0.24,0.63,0.06,0.73,0.21,1
4127100823,-0.45,-0.55,0.36,0.07,0.57,2
3933366448,3.09,-0.42,1.0,0.0,0.0,0
3630619101,-0.38,-0.16,0.06,0.6,0.34,1
3606393522,1.49,-0.54,0.99,0.0,0.0,0
3903670404,1.63,0.1,0.98,0.01,0.01,0
3866618658,0.1,-0.1,0.48,0.09,0.43,2
3827038074,-0.77,-0.77,0.1,0.09,0.81,2
3965842192,2.06,-0.79,1.0,0.0,0.0,0
3901350971,-0.26,-0.58,0.77,0.04,0.19,1
4024154027,-0.01,-0.24,0.56,0.08,0.36,0
3837268033,0.07,-0.12,0.45,0.09,0.46,1
3610998410,-1.5,-1.74,0.48,0.03,0.49,1
3697176208,0.62,-0.77,0.98,0.01,0.01,0
4080562510,-0.79,-0.81,0.11,0.08,0.8,2
3845031799,-1.06,-0.67,0.02,0.79,0.19,1
3833927313,-0.76,-0.74,0.09,0.12,0.8,2
3767716538,0.94,-1.31,1.0,0.0,0.0,0
4020564669,-1.18,-0.64,0.02,0.86,0.13,2
3443015056,-1.28,-0.98,0.02,0.7,0.28,1
3696050003,-0.82,-0.82,0.09,0.09,0.82,2
3525850029,0.41,1.27,0.02,0.94,0.04,1
4014677265,-0.75,-0.75,0.1,0.09,0.81,2
3814190234,-0.77,-0.74,0.08,0.14,0.78,2
3700842000,-0.36,-1.35,0.97,0.0,0.03,0
3740057771,-0.54,-0.55,0.14,0.09,0.77,2
4119516251,0.44,0.46,0.18,0.21,0.62,0
3853115908,2.34,1.38,0.95,0.02,0.03,0
4245482056,-0.17,-0.21,0.2,0.12,0.69,2
4049161728,0.32,0.01,0.63,0.08,0.29,0
3678724717,1.12,-0.96,0.99,0.0,0.0,0
3517527082,-1.18,1.23,0.0,1.0,0.0,1
3474456138,-0.63,-0.82,0.59,0.04,0.36,0
3571142040,-0.21,-0.13,0.1,0.28,0.62,2
3523521259,0.77,-1.37,1.0,0.0,0.0,0
4095962422,0.96,1.81,0.02,0.94,0.04,1
3781083209,-0.82,-0.84,0.13,0.08,0.79,2
3943924044,-1.46,1.1,0.0,1.0,0.0,1
3546385566,1.04,2.66,0.0,0.99,0.01,1
3678234055,-0.96,-0.11,0.01,0.94,0.05,1
3908710919,-0.72,-1.12,0.84,0.02,0.15,0
3553784689,1.87,-1.21,1.0,0.0,0.0,0
3697082456,-1.9,-1.91,0.07,0.07,0.87,2
4275488726,0.56,0.89,0.07,0.65,0.27,2
4031410331,-0.04,-0.41,0.79,0.04,0.17,0
3560663526,-0.81,0.2,0.01,0.95,0.03,1
3680031316,-0.62,-0.73,0.38,0.06,0.56,2
4221959654,-0.42,-0.72,0.76,0.03,0.2,0
4162445817,0.45,-0.84,0.98,0.01,0.02,0
3920635745,0.94,-0.66,0.98,0.0,0.01,0
3608602073,-1.24,-0.69,0.02,0.86,0.12,1
4092785683,-0.29,-0.4,0.36,0.08,0.56,0
3456475814,0.11,-0.15,0.57,0.08,0.35,0
3711677764,1.97,1.12,0.93,0.03,0.04,0
3957511480,1.11,-1.53,1.0,0.0,0.0,0
4051272853,0.82,-1.8,1.0,0.0,0.0,0
3454860111,-0.85,-0.84,0.09,0.1,0.81,2
4159212573,-1.74,1.48,0.0,1.0,0.0,1
3758274822,-0.86,-0.73,0.05,0.42,0.53,0
4110731096,-0.44,-0.35,0.08,0.29,0.62,1
4007719626,-0.96,-0.67,0.03,0.71,0.26,1
3706924601,-0.97,-0.96,0.08,0.1,0.82,2
3587671112,1.79,2.97,0.01,0.98,0.02,1
3603552676,-1.17,1.76,0.0,1.0,0.0,1
3934965551,-1.23,1.7,0.0,1.0,0.0,1
3437556991,0.6,1.01,0.06,0.74,0.2,0
3501010324,-0.56,0.39,0.02,0.95,0.04,1
3944832712,1.35,-1.27,1.0,0.0,0.0,0
4004987712,-0.18,-0.95,0.94,0.01,0.05,0
3840539490,-0.8,-0.82,0.11,0.08,0.8,1
3731049087,-0.44,-0.45,0.14,0.11,0.75,1
3982731503,-0.87,2.05,0.0,1.0,0.0,1
3437517908,-0.19,-0.65,0.86,0.03,0.12,0
3466992732,1.95,0.87,0.95,0.02,0.03,0
3900821923,-0.61,-0.69,0.27,0.07,0.66,1
3797430759,-0.66,-0.32,0.04,0.75,0.21,1
3715814867,1.24,0.18,0.94,0.02,0.04,0
4013209546,-0.05,-0.18,0.36,0.1,0.55,0
3565751739,-0.67,-0.44,0.04,0.64,0.32,1
3448459996,-0.93,-0.77,0.04,0.49,0.47,2
3628543761,1.43,-0.61,0.99,0.0,0.0,0
4251027822,-0.71,-0.96,0.69,0.03,0.28,0
3759352585,-0.77,-1.04,0.71,0.03,0.26,0
3963452079,-1.51,1.6,0.0,1.0,0.0,1
3512287306,-0.7,0.53,0.01,0.97,0.02,1
4209248786,-0.24,-0.56,0.77,0.04,0.19,2
4230441485,-1.44,-0.53,0.01,0.95,0.04,1
3943365149,-0.64,-0.56,0.07,0.26,0.67,2
3689670558,-0.78,-0.78,0.09,0.09,0.81,1
3990910232,-0.46,-0.38,0.08,0.26,0.65,0
4100888320,-0.79,-0.81,0.11,0.08,0.8,2
4059079489,1.68,-0.1,0.99,0.01,0.01,0
3784867911,-1.46,1.96,0.0,1.0,0.0,1
4136579783,-0.91,-0.89,0.08,0.11,0.81,2
4274752284,-1.16,-1.74,0.91,0.01,0.08,0
3883708960,-1.08,-0.59,0.02,0.84,0.14,1
3581938118,-1.83,1.53,0.0,1.0,0.0,1
4088157285,-0.56,-1.41,0.96,0.01,0.03,0
4150994705,-1.74,-1.74,0.07,0.08,0.86,2
4267412342,1.7,-0.17,0.99,0.0,0.01,0
4057799304,0.0,0.11,0.11,0.32,0.57,2
4147987911,0.23,-0.88,0.97,0.01,0.02,0
3859627723,-0.81,-0.81,0.09,0.09,0.82,2
3952419217,0.36,0.44,0.14,0.25,0.61,0
4136277994,-0.82,-0.82,0.09,0.09,0.82,2
4025927066,-0.54,-0.58,0.18,0.08,0.74,2
3930132293,0.66,-0.38,0.95,0.02,0.03,0
3570570336,-0.9,-0.61,0.03,0.71,0.26,0
4154907220,2.5,-1.07,1.0,0.0,0.0,0
3914682682,-0.88,-0.87,0.09,0.1,0.81,2
3992834663,-0.84,-0.82,0.08,0.12,0.8,2
3881893749,0.36,-0.07,0.79,0.05,0.15,0
4033630453,0.17,0.25,0.14,0.25,0.61,2
4135871705,-1.05,1.62,0.0,1.0,0.0,1
4020460520,-0.53,0.49,0.01,0.95,0.03,1
3638109762,1.32,2.39,0.01,0.97,0.02,1
3812253477,-0.81,-0.8,0.09,0.1,0.81,2
4096360913,0.31,-0.01,0.65,0.08,0.27,0
3462638601,-0.71,-0.51,0.04,0.6,0.36,2
4102438679,1.55,-0.69,1.0,0.0,0.0,0
4180555882,-1.06,-1.06,0.08,0.09,0.83,0
3943120934,-0.61,0.86,0.01,0.98,0.01,1
4011531113,-1.16,-0.43,0.01,0.92,0.07,1
4241735652,0.1,-0.27,0.77,0.05,0.18,1
3697877660,-0.69,-0.66,0.09,0.15,0.77,2
3676852925,-1.35,1.24,0.0,1.0,0.0,1
3645631267,-0.82,-0.81,0.09,0.1,0.81,2
3829866691,-0.1,-0.13,0.2,0.13,0.67,0
3956706439,0.15,0.26,0.12,0.33,0.55,0
4044607359,2.45,0.2,0.99,0.0,0.0,0
3597760909,-1.15,-1.12,0.07,0.11,0.82,1
3858314194,-0.85,-0.21,0.02,0.89,0.09,1
3937668363,-1.2,0.46,0.0,0.99,0.01,1
3493767163,-1.21,0.62,0.0,0.99,0.01,1
3870030183,-0.76,-0.76,0.1,0.09,0.81,2
3672331595,0.56,0.59,0.18,0.21,0.62,2
4049731998,-0.95,0.47,0.01,0.98,0.01,1
3572226405,-0.11,-0.17,0.23,0.11,0.66,2
3900142093,-0.08,-0.06,0.14,0.19,0.67,0
4035954597,-0.33,-0.33,0.14,0.13,0.73,2
3719380885,-0.8,-0.81,0.1,0.09,0.81,2
3932917130,-0.85,-0.68,0.04,0.55,0.41,1
4220233372,-0.35,-0.31,0.11,0.17,0.72,2
3907771450,-0.77,-0.62,0.05,0.5,0.46,2
4271166901,0.38,0.37,0.21,0.17,0.62,2
3936148660,0.06,0.37,0.07,0.66,0.28,1
3518255919,-1.38,0.92,0.0,1.0,0.0,1
3655874963,-0.59,-0.66,0.26,0.07,0.67,1
3956010793,-1.25,-1.42,0.41,0.04,0.55,0
3798668614,-1.08,1.26,0.0,1.0,0.0,1
4163995818,-1.65,0.28,0.0,0.99,0.0,1
3498485672,1.65,-1.17,1.0,0.0,0.0,0
3603430796,0.44,-0.02,0.81,0.05,0.14,0
3824172136,-0.77,-0.72,0.07,0.19,0.74,1
4121255919,-1.62,0.07,0.0,0.99,0.01,1
4290839285,1.51,0.84,0.88,0.04,0.08,1
3756585658,-0.84,-0.79,0.07,0.17,0.76,1
4250439150,-1.07,0.51,0.01,0.99,0.01,1
3540828627,1.08,-0.77,0.99,0.0,0.01,0
3678918256,-0.82,-0.78,0.08,0.15,0.77,2
4188572588,0.89,0.41,0.8,0.06,0.14,0
4043814928,1.0,-1.64,1.0,0.0,0.0,0
4194842638,-0.81,-0.81,0.09,0.09,0.82,2
4045543655,0.85,1.76,0.02,0.95,0.04,1
3843540438,0.45,-0.41,0.93,0.02,0.05,0
3478074273,-0.44,0.04,0.03,0.84,0.13,0
3671831472,-0.53,-0.5,0.1,0.16,0.74,2
3635278547,-0.82,-0.69,0.05,0.45,0.5,1
3604250287,-0.98,-0.97,0.08,0.1,0.82,0
4055046483,-0.71,-0.71,0.1,0.1,0.8,2
4024724414,0.54,0.34,0.41,0.12,0.47,0
3596556211,-0.37,0.24,0.03,0.88,0.09,1
4029890776,-1.17,0.27,0.01,0.98,0.01,1
4204760976,-0.35,-0.34,0.13,0.14,0.73,2
3503220838,-0.84,-0.81,0.08,0.13,0.79,2
3445416051,-0.88,-0.87,0.09,0.1,0.81,0
3791263266,-0.71,-0.35,0.03,0.78,0.19,0
3670010156,-0.06,-0.1,0.21,0.12,0.66,0
3525644426,0.04,-0.31,0.75,0.05,0.2,0
3899570637,0.3,-0.76,0.96,0.01,0.03,0
3829809100,-0.92,1.4,0.0,1.0,0.0,1
3732990790,0.41,1.01,0.03,0.87,0.1,1
4004533732,-1.01,0.85,0.0,0.99,0.01,1
4214871646,-0.77,-0.49,0.04,0.7,0.26,1
3765098524,-0.5,-0.32,0.06,0.56,0.38,1
3576265130,-0.89,-1.6,0.94,0.01,0.05,0
3691253408,-1.26,-0.12,0.01,0.97,0.02,1
3839120274,-0.74,1.12,0.0,0.99,0.01,1
3894474436,-0.91,-0.88,0.07,0.15,0.78,1
3784498740,-0.87,0.32,0.01,0.97,0.02,1
4245042959,-0.13,-0.82,0.93,0.01,0.06,1
3816209365,2.33,2.02,0.6,0.08,0.32,0
3692499121,-0.77,-0.23,0.02,0.86,0.11,1
3639637766,0.15,-0.43,0.88,0.03,0.09,0
3917378893,-0.21,-1.03,0.95,0.01,0.04,0
3785338398,-1.56,0.27,0.0,0.99,0.0,1
4194522033,0.58,0.04,0.84,0.05,0.11,0
3475964394,1.78,0.43,0.97,0.01,0.02,0
3686746532,-1.27,-0.64,0.01,0.89,0.1,1
4171729273,-0.84,-0.77,0.06,0.24,0.7,1
4048018319,-1.58,-0.46,0.01,0.97,0.03,1
4261561116,0.73,-0.24,0.94,0.02,0.04,0
4048845646,-0.62,-0.59,0.09,0.16,0.75,1
4290849528,-0.25,0.84,0.02,0.95,0.03,1
3496021635,-1.21,0.37,0.0,0.99,0.01,1
3648833216,-0.8,-0.85,0.18,0.07,0.75,0
4241970758,-1.12,-0.6,0.02,0.85,0.13,1
4282447633,0.18,0.35,0.11,0.42,0.47,2
3734445836,-1.84,-1.83,0.06,0.09,0.86,1
4291983256,-0.45,1.79,0.0,1.0,0.0,1
3831467715,1.02,0.99,0.23,0.17,0.61,1
4086955482,1.22,0.88,0.63,0.1,0.28,2
4013887601,-0.58,-0.2,0.03,0.79,0.18,1
3940973453,2.66,2.11,0.85,0.04,0.11,1
3478656652,0.2,-1.02,0.98,0.01,0.02,2
3530462865,-0.02,0.15,0.09,0.47,0.44,0
3778644944,-0.79,-0.91,0.38,0.05,0.57,0
3798998187,-0.6,0.44,0.01,0.95,0.03,1
4000758287,-0.46,-0.61,0.47,0.06,0.47,0
3516437576,-0.4,-0.39,0.13,0.13,0.74,2
4174835967,-0.71,-0.71,0.1,0.1,0.8,2
3738592086,-1.62,0.12,0.0,0.99,0.01,1
4273675873,0.43,-0.45,0.94,0.02,0.04,0
3475884053,-0.78,-0.77,0.09,0.11,0.8,2
3699764199,0.41,-0.28,0.9,0.03,0.07,0
3638767582,-1.68,1.02,0.0,1.0,0.0,1
3859665285,0.82,-1.45,1.0,0.0,0.0,0
3715002202,-0.76,-0.76,0.1,0.09,0.81,2
4225209826,-1.23,-1.27,0.11,0.06,0.83,0
3774358971,-0.32,-0.3,0.13,0.15,0.72,2
4110788775,-0.94,-0.06,0.01,0.94,0.04,1
4037956605,-1.55,-1.04,0.01,0.84,0.15,1
3673843273,-1.21,0.69,0.0,0.99,0.0,1
4221564991,-1.41,1.34,0.0,1.0,0.0,1
3688346070,0.32,0.35,0.17,0.21,0.62,2
4169282752,-0.25,-0.42,0.49,0.07,0.44,0
3664781998,-0.03,0.21,0.07,0.59,0.34,0
4263637750,1.43,-0.36,0.99,0.0,0.01,0
3440535706,-0.41,-1.34,0.97,0.01,0.03,0
4003493188,-0.77,-0.78,0.1,0.09,0.81,1
3724219186,-0.1,-1.36,0.98,0.0,0.01,0
3936146099,1.6,1.49,0.29,0.11,0.59,0
3587540193,-0.19,0.16,0.05,0.72,0.23,1
3908800157,0.79,0.9,0.14,0.3,0.56,2
3473685786,-0.1,0.77,0.02,0.93,0.05,1
4008679042,-0.97,-0.97,0.09,0.09,0.82,0
3755127319,-0.99,0.07,0.01,0.96,0.03,1
4114870092,-1.16,2.09,0.0,1.0,0.0,1
4276258094,-1.15,1.32,0.0,1.0,0.0,1
3971494381,0.64,-0.47,0.96,0.01,0.03,0
4178798364,0.34,0.2,0.33,0.13,0.54,0
3600984724,0.23,0.37,0.11,0.37,0.52,1
3515265397,-0.67,-0.63,0.08,0.17,0.74,2
4007062657,-0.43,-0.35,0.08,0.27,0.64,0
3718489573,0.85,0.79,0.26,0.16,0.59,2
3742702910,0.02,-1.32,0.99,0.0,0.01,0
3705315538,-0.64,-0.81,0.54,0.05,0.42,2
4153724253,-0.6,-0.63,0.16,0.08,0.76,2
3610714908,-0.33,-0.37,0.2,0.1,0.7,2
3701074401,-0.75,-0.0,0.02,0.92,0.06,1
4081980820,-0.65,-0.71,0.24,0.07,0.69,2
3791936630,-0.4,-0.29,0.08,0.35,0.57,2
3938791968,-0.76,-0.75,0.09,0.1,0.81,2
3793563161,-0.25,1.15,0.01,0.98,0.01,1
3857116941,-0.62,-0.59,0.09,0.16,0.75,0
3672399914,-0.75,-0.78,0.15,0.08,0.78,2
4121342747,-0.62,-1.03,0.84,0.02,0.14,0
4091932308,0.28,-0.76,0.96,0.01,0.03,0
3967403763,-0.77,-0.77,0.1,0.09,0.81,1
3887795609,0.15,0.07,0.26,0.13,0.61,2
4177623046,0.82,-0.65,0.98,0.01,0.01,0
3601363995,-0.79,-0.78,0.09,0.11,0.8,2
3958606469,-1.55,-1.12,0.02,0.78,0.2,1
4097914243,0.67,-1.16,0.99,0.0,0.0,0
3928930075,-0.56,-0.61,0.21,0.08,0.71,2
4011111059,1.56,1.78,0.11,0.46,0.43,1
3564876632,0.44,0.87,0.05,0.76,0.19,1
3722250556,-0.59,-0.77,0.56,0.05,0.4,0
3861072222,-0.93,-0.28,0.02,0.9,0.09,1
4199749410,-0.73,-0.74,0.11,0.09,0.8,2
3894636110,-0.59,-0.75,0.52,0.05,0.43,0
4191601943,-0.69,1.92,0.0,1.0,0.0,1
4052506220,-1.16,1.04,0.0,1.0,0.0,1
3499772308,-0.38,-1.09,0.94,0.01,0.05,0
4100726823,-0.45,-0.47,0.17,0.09,0.74,0
3707479007,2.3,0.52,0.99,0.01,0.01,0
3459354802,-0.06,-0.61,0.89,0.02,0.09,0
3929287124,-0.39,-0.53,0.45,0.07,0.48,2
4224487971,-0.84,-0.8,0.07,0.17,0.76,0
3718997461,-0.39,-0.79,0.84,0.03,0.14,0
3753061042,-1.01,-1.02,0.1,0.07,0.82,2
3622641401,0.19,-1.13,0.98,0.0,0.01,0
4037896784,1.47,1.5,0.17,0.19,0.64,2
3844817751,-1.36,-0.75,0.01,0.88,0.11,1
3728460229,-0.77,-0.54,0.04,0.65,0.31,0
3833982764,-0.82,-0.82,0.09,0.1,0.81,2
4219055044,-0.45,-0.92,0.87,0.02,0.11,2
3856023780,-1.05,-0.75,0.03,0.73,0.25,2
3798771668,-1.07,1.5,0.0,1.0,0.0,1
4286450466,0.18,0.04,0.34,0.11,0.55,2
3974091353,0.43,-0.1,0.85,0.04,0.11,2
4083764040,-0.61,-0.59,0.09,0.14,0.77,1
4000365162,-0.74,-0.69,0.07,0.2,0.73,2
3758816380,-0.29,-0.4,0.37,0.08,0.55,0
4222431561,1.2,-1.25,1.0,0.0,0.0,0
4294692063,0.43,-0.16,0.87,0.04,0.09,0
3803345477,-1.71,-0.76,0.01,0.95,0.04,2
3878954188,0.24,-0.14,0.76,0.06,0.18,0
3791456292,-1.18,0.21,0.01,0.98,0.01,1
3963412333,-0.56,-0.26,0.04,0.71,0.25,1
4095312914,-0.67,-0.36,0.04,0.72,0.24,1
4065726967,0.33,0.45,0.13,0.3,0.57,2
3495178964,-0.28,-0.75,0.87,0.02,0.11,2
4198823489,-0.41,-0.38,0.11,0.15,0.74,2
3608583149,-0.74,-0.79,0.19,0.07,0.74,2
3865306700,0.63,2.36,0.0,0.99,0.01,1
4078380089,-0.53,-0.58,0.21,0.08,0.71,2
3918286936,1.62,0.14,0.98,0.01,0.01,0
3526344354,-1.02,0.89,0.0,0.99,0.0,1
3932788028,-0.4,-1.25,0.96,0.01,0.04,0
3448196423,-1.68,-0.63,0.01,0.96,0.03,1
4166154475,-0.6,-0.59,0.1,0.12,0.78,2
3933629971,-0.72,-0.7,0.09,0.13,0.78,2
3835732623,-1.32,-1.28,0.06,0.13,0.81,2
3787578630,0.62,0.37,0.51,0.11,0.38,2
3706672788,-0.12,-0.26,0.4,0.09,0.52,2
4267863455,0.97,0.9,0.26,0.15,0.58,0
4271789892,-0.81,-0.81,0.09,0.09,0.82,2
3673488879,0.81,0.82,0.19,0.2,0.61,2
4185328818,-0.82,-0.84,0.12,0.08,0.8,2
4083942348,-1.43,2.28,0.0,1.0,0.0,1
4015598659,0.42,-0.21,0.88,0.03,0.09,0
3444328401,0.31,-0.48,0.92,0.02,0.06,0
4274213987,0.82,0.49,0.63,0.1,0.27,0
4167900022,-0.82,-0.84,0.12,0.08,0.8,2
3861731346,-0.87,0.46,0.01,0.98,0.02,1
3642604942,-0.77,-0.77,0.11,0.09,0.81,2
3649559243,-0.04,-1.3,0.98,0.0,0.01,0
4281792270,-0.15,-0.03,0.09,0.36,0.54,1
4266227053,-0.52,1.59,0.0,0.99,0.0,1
4055929525,-0.64,-0.64,0.11,0.1,0.79,2
3790435011,0.39,0.07,0.63,0.08,0.28,0
3857258064,-0.43,0.47,0.02,0.94,0.04,1
3937532425,0.04,-0.5,0.88,0.03,0.09,0
4214054512,-1.39,0.54,0.0,0.99,0.0,1
3458317885,-0.69,-0.59,0.06,0.34,0.6,2
4013496082,-0.89,-0.87,0.08,0.13,0.79,1
4180159800,0.48,1.23,0.02,0.92,0.06,1
4180110449,-0.02,-0.08,0.23,0.12,0.65,1
3890210726,-0.82,-0.82,0.09,0.1,0.81,2
4257507218,0.18,-0.29,0.85,0.04,0.12,0
3817832521,-0.71,-0.5,0.04,0.61,0.34,1
3703268540,1.06,0.61,0.77,0.07,0.16,2
3999218138,-1.41,2.25,0.0,1.0,0.0,1
3460586482,1.98,1.41,0.85,0.05,0.1,0
4091717985,-0.79,-0.69,0.06,0.35,0.59,1
3597146723,-0.82,-0.79,0.08,0.14,0.78,2
4038814053,-0.56,-0.69,0.42,0.06,0.52,0
3886112588,-0.77,-0.84,0.21,0.07,0.72,2
4243849908,-0.0,-0.88,0.95,0.01,0.04,0
3553273171,0.26,-0.82,0.97,0.01,0.03,0
3852121077,-0.78,-0.87,0.28,0.06,0.66,1
4259402419,-0.16,-1.05,0.96,0.01,0.04,0
3612325801,0.39,-0.01,0.76,0.06,0.18,0
4144838203,1.05,1.32,0.1,0.54,0.36,2
4019483640,0.95,-0.81,0.99,0.0,0.01,0
3674909307,-0.51,-0.61,0.36,0.07,0.57,0
3712274856,-0.85,-0.94,0.27,0.06,0.67,0
3938075538,-0.17,2.05,0.0,1.0,0.0,1
4217667437,-1.46,-1.65,0.38,0.03,0.58,2
3695893003,-0.56,-0.77,0.63,0.04,0.33,0
3716871024,-0.69,-0.7,0.12,0.09,0.79,2
4242852890,-0.79,-0.84,0.17,0.07,0.76,0
3838754894,-0.75,-0.38,0.03,0.78,0.19,1
4058180980,0.34,0.35,0.19,0.19,0.62,2
3447042671,-0.67,-0.69,0.12,0.09,0.79,2
3666132562,-1.25,-1.05,0.03,0.56,0.41,1
3541785418,-0.8,-0.85,0.18,0.07,0.75,2
3626495616,-0.01,2.73,0.0,1.0,0.0,1
3943725911,-0.81,-0.87,0.2,0.07,0.73,2
3682738987,-1.56,-1.62,0.12,0.05,0.83,2
3817953939,-0.45,0.0,0.03,0.83,0.14,1
4030417457,-0.68,-0.7,0.13,0.09,0.78,2
3967907300,-0.7,-0.04,0.02,0.9,0.08,1
4216460780,0.61,-1.34,1.0,0.0,0.0,0
3511612355,0.57,1.31,0.02,0.92,0.06,1
4262921954,1.7,0.15,0.98,0.01,0.01,0
3580995549,-0.84,-0.95,0.35,0.05,0.6,0
4103556507,0.02,0.19,0.1,0.45,0.46,1
3753010781,-1.02,-1.0,0.07,0.13,0.8,0
3722067249,0.77,-0.24,0.94,0.02,0.04,0
3994338332,0.22,-0.25,0.84,0.04,0.12,0
3896821589,-0.77,-0.76,0.09,0.12,0.8,2
3712425521,-0.21,0.46,0.03,0.89,0.08,1
3732293659,0.45,-0.08,0.85,0.04,0.11,0
3817441189,-0.44,-0.46,0.16,0.1,0.74,2
3759545157,0.24,-0.19,0.81,0.05,0.14,0
4109918573,-0.16,-1.31,0.98,0.0,0.02,0
3563711262,2.31,-1.26,1.0,0.0,0.0,0
4063927795,-0.99,-0.54,0.02,0.82,0.16,0
3970838837,0.78,-1.09,0.99,0.0,0.0,0
4287058426,-0.08,1.6,0.01,0.99,0.01,1
3483261104,-1.34,-1.34,0.08,0.08,0.84,2
3664772136,0.49,1.8,0.01,0.97,0.02,1
4014425653,2.89,0.19,1.0,0.0,0.0,0
3475462193,-0.5,-0.41,0.07,0.32,0.61,2
3644645477,-1.41,-0.6,0.01,0.93,0.06,1
3582895174,-0.73,-0.8,0.24,0.07,0.69,1
3822623829,-0.41,-0.41,0.14,0.11,0.75,2
3689687911,-1.15,0.47,0.0,0.99,0.01,1
4168195654,1.02,0.25,0.9,0.03,0.06,1
3477747107,-0.06,0.43,0.04,0.83,0.13,1
3802154869,0.0,1.17,0.01,0.96,0.02,1
4238618740,2.53,-0.8,1.0,0.0,0.0,0
4208666725,1.09,-1.4,1.0,0.0,0.0,0
4038698837,-1.52,-0.29,0.01,0.98,0.02,1
4258115708,0.72,0.57,0.34,0.13,0.53,2
3814425967,0.47,-1.83,1.0,0.0,0.0,0
4189903114,0.79,-0.93,0.99,0.0,0.01,0
3747093474,-0.54,-0.02,0.03,0.86,0.12,1
3763995350,-0.42,0.64,0.01,0.95,0.03,1
3960203945,-0.87,-0.86,0.09,0.1,0.81,2
3917170154,-0.07,0.59,0.03,0.89,0.08,1
3453941824,-0.02,0.16,0.09,0.48,0.43,0
4134182999,-0.87,1.22,0.0,0.99,0.0,1
3647770722,-0.69,-0.15,0.02,0.86,0.11,1
3740102985,0.67,2.5,0.0,0.99,0.0,1
3734161806,-0.16,-0.08,0.11,0.28,0.62,2
3842957645,0.59,0.62,0.17,0.22,0.61,2
3754136899,-0.21,-0.3,0.29,0.09,0.62,0
4197732275,-0.91,-0.86,0.07,0.18,0.75,0
4227370967,1.41,-0.54,0.99,0.0,0.01,0
3899867463,0.78,0.04,0.9,0.03,0.07,0
3858645075,-0.4,-1.84,0.99,0.0,0.01,0
4052129507,0.31,0.65,0.07,0.68,0.25,2
4048981921,-0.35,-0.4,0.21,0.09,0.7,2
3559260779,-0.77,-0.74,0.08,0.14,0.78,2
4228695445,-0.84,-0.84,0.09,0.09,0.82,2
3635654138,-1.55,-0.24,0.0,0.98,0.02,1
4252105159,-0.92,-0.85,0.06,0.22,0.72,1
3451281832,0.31,-1.05,0.98,0.0,0.01,0
3723232777,-0.67,-0.95,0.75,0.03,0.23,2
3730605045,-0.45,0.04,0.03,0.85,0.12,2
3498967508,-1.06,-0.5,0.02,0.87,0.11,1
3554151155,0.7,-1.61,1.0,0.0,0.0,0
3824891306,-0.13,-0.36,0.59,0.07,0.34,1
4148561516,0.8,-1.07,0.99,0.0,0.0,0
3958105259,-0.36,-0.45,0.33,0.08,0.59,0
3541274100,-1.45,-1.37,0.05,0.24,0.72,2
3720709833,-0.8,-0.82,0.11,0.08,0.8,2
3484166652,0.17,0.27,0.12,0.3,0.57,0
4185190563,-0.61,-0.38,0.05,0.63,0.33,1
3684627889,-0.68,-0.66,0.09,0.12,0.79,2
4249877240,-0.99,-0.77,0.03,0.63,0.34,2
3832354658,1.03,0.85,0.39,0.13,0.48,1
4081196767,-0.77,0.28,0.01,0.96,0.03,1
4281763227,-0.57,-1.15,0.91,0.01,0.08,0
3680111467,0.37,-0.69,0.96,0.01,0.03,0
3793569901,-1.09,1.16,0.0,1.0,0.0,1
3969624812,-0.28,-0.43,0.47,0.07,0.46,2
3733218516,-0.18,-1.56,0.99,0.0,0.01,0
4052351480,-0.41,-0.26,0.07,0.47,0.46,1
3977022178,2.67,2.67,0.19,0.14,0.67,2
4186253347,-0.48,0.73,0.01,0.97,0.02,1
3989016570,1.55,0.16,0.97,0.01,0.02,0
3587830837,-0.81,-0.87,0.2,0.07,0.73,2
4077185203,-0.84,-0.84,0.09,0.1,0.81,2
3486387280,-0.68,-0.82,0.47,0.05,0.48,2
3758515265,-0.74,-0.73,0.09,0.11,0.8,2
3790917395,-1.08,0.31,0.01,0.98,0.01,1
3980799571,0.77,0.2,0.85,0.05,0.11,0
3466770055,2.53,1.72,0.94,0.02,0.04,0
3725462415,-1.39,0.6,0.0,0.99,0.0,1
3570219016,-1.2,-1.26,0.17,0.06,0.77,2
4137735612,-0.78,0.4,0.01,0.97,0.02,1
3737851192,-0.25,-0.26,0.16,0.13,0.71,2
3887702165,-0.16,0.27,0.04,0.78,0.17,1
4285002084,-0.81,1.92,0.0,1.0,0.0,1
4040852986,-1.01,1.11,0.0,0.99,0.0,1
3746195187,-0.89,-0.88,0.08,0.11,0.81,2
3871948964,-1.4,-1.12,0.02,0.65,0.32,1
4237890612,-1.51,0.52,0.0,0.99,0.0,1
3919643001,-1.7,2.17,0.0,1.0,0.0,1
3604909169,-1.12,-1.11,0.07,0.1,0.82,2
4071104243,-0.75,-0.78,0.15,0.08,0.78,2
3772872987,-0.74,1.55,0.0,1.0,0.0,1
3666625434,-0.82,0.91,0.0,0.99,0.01,1
3778890574,-1.59,1.07,0.0,1.0,0.0,1
3843977915,-0.89,-0.75,0.05,0.44,0.51,2
4025912894,-1.03,-1.88,0.96,0.0,0.03,0
4225202894,-0.85,-0.87,0.11,0.08,0.81,2
4026542400,-0.84,-0.85,0.11,0.08,0.81,2
3615763409,0.87,2.84,0.0,0.99,0.0,1
3763916938,0.61,0.21,0.73,0.07,0.19,2
3599876947,0.8,0.77,0.23,0.17,0.6,2
4043811582,0.77,-0.19,0.94,0.02,0.04,0
4269942668,-1.48,-0.13,0.0,0.98,0.01,1
4128604898,0.12,-0.29,0.81,0.04,0.15,0
4273008965,-0.85,-0.6,0.03,0.67,0.3,2
3508515476,-0.58,2.06,0.0,1.0,0.0,1
4104600530,-0.52,0.77,0.01,0.97,0.02,2
4203311514,-1.27,-1.12,0.04,0.45,0.52,1
3442177398,-1.06,-1.23,0.46,0.04,0.5,2
3643137226,-1.39,-1.04,0.02,0.74,0.24,1
3732821697,-0.77,-0.77,0.1,0.09,0.81,2
3725789243,0.78,-0.1,0.92,0.02,0.05,0
4061397569,-0.51,-1.55,0.98,0.0,0.02,0
3440699425,-0.25,0.22,0.04,0.83,0.13,0
3622382423,-0.03,-1.18,0.98,0.0,0.02,0
3857884989,-0.84,-0.84,0.09,0.09,0.82,2
3542027669,-0.66,-0.71,0.18,0.08,0.75,2
3472477904,-0.28,-0.84,0.9,0.02,0.08,0
3969496047,0.67,-1.84,1.0,0.0,0.0,0
3643631284,-0.65,0.66,0.01,0.97,0.02,0
3946081350,0.47,0.43,0.24,0.16,0.61,0
3545807576,-1.02,0.07,0.01,0.96,0.03,1
3466037513,0.0,0.75,0.03,0.91,0.06,2
3706181114,-0.46,-0.18,0.05,0.68,0.27,2
4080374441,0.33,-1.24,0.99,0.0,0.01,0
3470590236,-0.78,-0.81,0.14,0.08,0.79,2
4281046420,0.57,0.03,0.85,0.05,0.11,0
3442414058,-0.84,-0.82,0.08,0.12,0.8,2
3797459731,-0.82,-0.87,0.16,0.07,0.77,1
4040011663,-0.61,-0.46,0.06,0.47,0.47,1
3705697806,2.67,2.11,0.86,0.04,0.1,0
3805421488,1.39,2.16,0.02,0.92,0.06,1
3888028201,1.9,-0.97,1.0,0.0,0.0,0
3775935329,-0.84,-0.84,0.09,0.09,0.82,2
4206620868,-0.2,-0.19,0.15,0.16,0.7,0
4037310255,0.82,-1.1,0.99,0.0,0.0,0
4047655767,-1.27,0.14,0.01,0.98,0.01,1
4130351079,0.61,0.8,0.11,0.43,0.46,2
4187058305,-1.05,0.1,0.01,0.97,0.02,1
4026808802,-0.21,-1.59,0.99,0.0,0.01,0
4116783115,0.82,-0.85,0.99,0.0,0.01,0
3462469492,0.01,0.78,0.02,0.91,0.06,1
4239825910,0.1,0.35,0.08,0.58,0.34,1
3465379477,-0.2,-1.43,0.98,0.0,0.01,0
4042492519,-0.82,-0.82,0.09,0.09,0.82,2
3527437008,-1.04,-0.31,0.01,0.92,0.07,1
4275731597,-1.44,1.12,0.0,1.0,0.0,1
3881496307,-0.22,-0.59,0.8,0.04,0.16,0
3707463367,1.93,-1.23,1.0,0.0,0.0,0
3452403943,0.21,1.53,0.01,0.97,0.02,1
4192994643,1.54,-0.75,1.0,0.0,0.0,0
3441803699,-0.91,-0.88,0.07,0.15,0.78,2
4149928153,-0.77,-0.79,0.12,0.08,0.8,2
3693805077,0.57,0.58,0.19,0.19,0.61,2
3547433505,-1.12,0.75,0.0,0.99,0.0,1
4123092383,-1.33,2.28,0.0,1.0,0.0,1
4196425669,0.95,1.34,0.07,0.7,0.23,2
4126410932,-0.89,-0.84,0.07,0.2,0.73,2
4230892453,0.49,-0.5,0.95,0.01,0.03,0
3992225746,0.18,1.04,0.02,0.93,0.05,2
3727304104,-0.76,-0.78,0.13,0.08,0.79,2
3916142598,-1.02,-0.98,0.07,0.16,0.78,2
3812335555,-1.39,-0.7,0.01,0.9,0.08,1
3557332992,1.66,0.14,0.98,0.01,0.01,0
3554798061,-0.53,0.44,0.02,0.95,0.04,1
3952826076,-0.85,-0.84,0.09,0.1,0.81,0
3976774883,0.38,0.14,0.49,0.11,0.4,1
3885172829,0.25,0.26,0.18,0.19,0.62,2
3875741665,-0.16,-0.1,0.11,0.24,0.64,1
4292960356,-0.57,-1.52,0.97,0.0,0.03,0
4132714299,-0.77,-0.77,0.1,0.09,0.81,2
3870644356,-0.72,-0.72,0.1,0.1,0.81,2
3728229999,-1.84,1.55,0.0,1.0,0.0,1
3520863903,0.27,-1.43,0.99,0.0,0.0,0
3587523121,-1.21,0.83,0.0,0.99,0.0,1
3925927738,-1.21,-1.03,0.03,0.53,0.43,2
4144590311,0.16,-0.06,0.5,0.09,0.41,2
4015225805,-1.5,-1.48,0.07,0.09,0.84,2
4291399695,-0.73,-0.74,0.11,0.09,0.8,2
4047726749,-0.66,-0.64,0.09,0.13,0.78,2
4043914898,0.27,0.01,0.55,0.09,0.36,0
3767500421,0.47,-0.14,0.88,0.04,0.09,0
3610677091,-0.03,-0.78,0.93,0.01,0.05,0
3885221740,-0.54,-0.54,0.12,0.11,0.78,0
3579333614,-0.71,-0.31,0.03,0.8,0.17,1
3723285150,-0.51,-0.31,0.05,0.58,0.36,1
3845426088,-1.14,-1.27,0.35,0.04,0.6,0
3606579136,-0.29,-0.31,0.16,0.12,0.72,2
3658705542,-1.1,-1.05,0.06,0.16,0.78,2
3712498996,-1.41,-1.44,0.1,0.06,0.84,2
4020450965,-0.29,0.11,0.04,0.78,0.18,1
3547141716,1.97,-1.36,1.0,0.0,0.0,0
3562475939,1.27,0.62,0.87,0.04,0.08,0
4069775959,0.03,-1.02,0.97,0.01,0.02,0
4046303274,-0.42,0.54,0.02,0.94,0.04,1
3605734628,2.16,1.91,0.5,0.09,0.42,2
4195818957,-0.91,-0.85,0.07,0.2,0.73,2
4130489037,-0.9,-0.89,0.08,0.11,0.81,2
3738360932,0.79,2.48,0.0,0.99,0.01,1
4272103104,0.86,0.04,0.91,0.03,0.06,0
3588772424,-0.55,1.01,0.01,0.98,0.01,1
3889917238,0.49,0.14,0.68,0.08,0.24,2
4288967374,-0.12,0.2,0.06,0.69,0.25,1
3820404595,-0.03,0.2,0.08,0.57,0.36,2
3445297048,-0.28,-0.99,0.94,0.01,0.05,0
3753348653,-0.8,-0.77,0.08,0.14,0.78,2
4109223974,1.96,-0.52,1.0,0.0,0.0,0
4032390084,-0.87,-0.89,0.12,0.08,0.81,0
3607733945,-0.82,-0.96,0.42,0.05,0.53,1
3969772835,-0.21,-0.28,0.24,0.1,0.66,0
4186030397,-0.44,0.02,0.03,0.83,0.14,1
3942155974,-0.76,-0.92,0.5,0.05,0.46,0
4150142900,-0.2,-0.58,0.81,0.03,0.15,0
3791805312,-0.23,-1.14,0.96,0.01,0.03,0
3641703696,-0.65,-0.72,0.26,0.07,0.67,0
4022260863,0.09,0.06,0.21,0.15,0.64,1
3546071068,0.8,-0.39,0.96,0.01,0.03,0
3660767266,-0.87,-0.89,0.12,0.08,0.81,1
4196281932,1.22,1.64,0.07,0.73,0.2,1
3502325028,-0.71,-0.75,0.17,0.07,0.75,2
3981003752,-0.78,-0.81,0.14,0.08,0.79,2
3738348886,-0.71,1.98,0.0,1.0,0.0,1
4284911720,0.19,-0.26,0.83,0.04,0.13,0
4169883039,-1.44,0.19,0.0,0.99,0.01,1
4199554564,-0.97,-0.22,0.01,0.92,0.06,1
3904369221,1.2,-0.61,0.99,0.0,0.01,0
3494910485,-0.6,-0.67,0.27,0.07,0.66,1
3908777473,-0.66,-0.6,0.07,0.23,0.69,1
3754118767,0.25,0.22,0.22,0.16,0.62,2
4247790577,-1.37,2.41,0.0,1.0,0.0,1
3604754589,-0.74,-0.77,0.15,0.08,0.78,0
3810284703,-0.77,-0.78,0.1,0.09,0.81,2
3576327348,-0.74,-0.79,0.19,0.07,0.74,0
3969234712,-0.85,-0.84,0.08,0.11,0.8,2
4249759461,0.51,2.36,0.0,0.99,0.0,1
3543049949,-0.77,-0.73,0.08,0.17,0.75,2
4057168440,1.99,-0.25,0.99,0.0,0.0,0
4123697601,0.97,1.64,0.03,0.89,0.08,1
3726531309,-1.83,1.12,0.0,1.0,0.0,1
4065907330,0.34,-1.45,0.99,0.0,0.0,0
3598608451,-1.34,-1.31,0.06,0.11,0.83,1
4039589152,0.25,-0.06,0.65,0.07,0.27,0
3720928395,0.91,-0.98,0.99,0.0,0.0,0
4145172423,0.56,-1.54,1.0,0.0,0.0,0
3448857798,-1.28,-1.4,0.29,0.04,0.67,2
3981845520,0.72,0.03,0.89,0.03,0.08,0
3909382408,-1.52,1.04,0.0,1.0,0.0,1
4187818011,0.97,-0.12,0.95,0.02,0.03,0
4142522243,0.42,0.49,0.14,0.25,0.61,2
3617199858,-0.45,-0.33,0.07,0.38,0.55,2
3707884411,-1.0,0.28,0.01,0.97,0.02,1
3827320587,0.04,-0.82,0.95,0.01,0.04,0
3635047161,-0.08,0.85,0.02,0.94,0.04,1
3833867306,-1.3,1.05,0.0,1.0,0.0,1
4172199233,-0.89,0.21,0.01,0.96,0.03,1
4101748463,0.01,0.21,0.09,0.5,0.41,0
3764855568,-0.93,-0.96,0.14,0.07,0.79,2
3444159661,-0.19,-0.15,0.12,0.19,0.68,0
3977647225,0.06,0.1,0.15,0.22,0.64,0
3959475173,-1.03,-0.18,0.01,0.94,0.05,1
3836071757,-0.7,-0.75,0.19,0.07,0.73,2
3976467948,-0.02,-0.04,0.19,0.15,0.66,2
3618966216,-0.61,-0.76,0.49,0.05,0.46,2
4239881018,-0.67,-1.05,0.83,0.02,0.15,0
4081834430,0.51,0.7,0.11,0.43,0.46,1
4210895034,0.9,-0.91,0.99,0.0,0.01,0
3653220361,-0.61,-0.35,0.04,0.67,0.29,1
3495632896,1.67,2.36,0.03,0.9,0.07,1
3921530703,2.55,3.02,0.05,0.79,0.16,1
4064381909,-1.06,-0.79,0.03,0.69,0.29,1
3833424325,-0.6,-0.07,0.03,0.86,0.11,2
4209382341,-0.71,-0.71,0.1,0.1,0.8,0
4146538646,1.04,0.79,0.49,0.12,0.39,0
3517050468,-1.31,-1.3,0.07,0.09,0.84,2
4193237152,-1.56,0.8,0.0,1.0,0.0,1
3794271151,-0.87,-0.14,0.02,0.92,0.07,1
4028034456,-0.96,1.06,0.0,0.99,0.0,1
3473695606,-0.79,-0.79,0.09,0.09,0.81,2
3625501931,0.22,-0.79,0.96,0.01,0.03,2
3445375831,-0.9,-0.95,0.17,0.07,0.76,2
3707441872,-0.69,-0.82,0.44,0.05,0.5,0
3630439255,0.77,-0.55,0.97,0.01,0.02,0
3945638220,-1.24,-1.06,0.03,0.53,0.44,0
3776619201,-0.82,0.6,0.01,0.98,0.01,1
3803462748,-0.84,-0.75,0.06,0.28,0.66,1
3717993526,-0.84,-0.86,0.11,0.08,0.81,2
3579360377,-0.71,-0.73,0.13,0.08,0.78,2
4166258201,-0.75,-0.81,0.21,0.07,0.72,2
3813580231,-0.95,1.37,0.0,1.0,0.0,1
4180340316,-0.71,-0.74,0.16,0.08,0.77,2
4033427755,0.5,1.13,0.03,0.88,0.09,0
3876779507,-0.15,-0.71,0.89,0.02,0.08,0
3878522245,-0.61,-0.71,0.38,0.06,0.56,0
3705760677,-0.75,-0.77,0.12,0.08,0.8,2
4235738750,-0.84,-0.86,0.12,0.08,0.8,2
3825849457,-0.6,-0.61,0.12,0.1,0.78,0
3783794109,-0.81,0.7,0.01,0.98,0.01,1
4210219819,1.68,1.38,0.58,0.09,0.33,0
4169040683,-0.84,-0.88,0.14,0.07,0.79,2
3662965953,-0.54,-0.59,0.2,0.08,0.72,2
3741801190,-1.34,-1.3,0.06,0.13,0.81,1
4279223698,-0.67,-0.71,0.18,0.08,0.75,2
4222961817,-0.8,-0.78,0.08,0.12,0.8,2
4147391374,-0.96,-1.87,0.97,0.0,0.03,0
3892216938,-0.22,0.84,0.02,0.95,0.03,1
4241539495,-0.2,-1.18,0.97,0.01,0.03,0
3927117189,-1.42,-0.87,0.01,0.86,0.13,1
4200116363,-0.5,-0.53,0.16,0.09,0.75,2
4044304990,-0.93,-0.81,0.05,0.38,0.57,2
3474121461,-1.25,-0.67,0.02,0.87,0.12,1
4161900564,-1.0,-1.14,0.41,0.05,0.54,2
3629518428,0.66,-0.21,0.93,0.02,0.05,0
3472020589,-0.77,-0.77,0.11,0.09,0.81,2
3660302350,-0.87,-0.66,0.04,0.62,0.35,1
3686007885,0.49,-1.43,1.0,0.0,0.0,0
3595503866,-0.22,-0.26,0.2,0.11,0.69,0
4293419884,-0.94,-0.78,0.04,0.5,0.46,1
3669059273,-0.06,-1.45,0.99,0.0,0.01,0
3632657035,1.98,1.82,0.35,0.1,0.55,1
3476402848,-0.73,-0.23,0.03,0.85,0.13,1
4158743498,0.59,-1.47,1.0,0.0,0.0,0
4078726534,-0.36,-0.19,0.07,0.52,0.42,1
3818578649,1.24,1.4,0.13,0.36,0.52,2
3822395807,-1.03,-1.55,0.89,0.01,0.1,0
3942974796,0.25,2.5,0.0,1.0,0.0,1
3444655796,-0.34,-0.89,0.9,0.02,0.08,0
4174180886,-0.43,-0.14,0.05,0.69,0.26,1
3670493232,-1.13,-0.5,0.02,0.89,0.1,1
3531900778,-0.39,0.64,0.02,0.95,0.03,1
3441480807,-1.05,-1.12,0.2,0.06,0.74,0
3782099582,-0.69,-1.22,0.9,0.01,0.09,2
3882233111,0.3,-1.17,0.99,0.0,0.01,0
3871379790,-0.82,-0.87,0.16,0.07,0.77,2
3967523855,-0.93,-0.94,0.1,0.08,0.82,2
3755670003,-1.08,2.12,0.0,1.0,0.0,1
3744015319,0.77,0.97,0.11,0.44,0.45,1
3765279485,0.42,0.06,0.69,0.07,0.24,0
3471371794,-0.54,-0.62,0.29,0.07,0.64,1
3693748801,-1.7,-1.69,0.06,0.08,0.85,2
3494761208,-1.54,0.87,0.0,1.0,0.0,2
3789357612,-0.71,-0.72,0.11,0.09,0.8,2
3753176000,-0.82,-0.81,0.09,0.1,0.81,2
3476251911,-0.8,-0.87,0.22,0.07,0.71,0
3779582459,1.15,2.28,0.01,0.97,0.02,1
3998901040,0.41,-0.91,0.98,0.01,0.01,0
3620640448,-0.82,-0.82,0.09,0.09,0.82,2
4022822111,-0.78,-0.76,0.08,0.13,0.79,2
4230691533,-0.78,-0.7,0.06,0.28,0.66,1
4244250227,-1.69,0.54,0.0,1.0,0.0,1
4105271336,0.82,-0.12,0.93,0.02,0.05,0
4000980142,1.63,0.43,0.96,0.02,0.03,0
3884096015,-0.75,1.23,0.0,0.99,0.0,1
3443951052,2.81,2.08,0.92,0.03,0.05,0
3827605417,0.65,1.72,0.01,0.96,0.03,1
4130620953,0.23,0.4,0.11,0.43,0.47,1
4244431598,-1.81,-1.72,0.04,0.22,0.74,2
4279484921,-0.75,-0.73,0.09,0.12,0.79,1
4231882408,-0.46,-0.49,0.16,0.09,0.75,2
3534338044,-0.56,-0.61,0.21,0.08,0.71,0
3511318473,-0.34,0.38,0.02,0.91,0.07,1
4046527902,0.47,-1.06,0.99,0.0,0.01,0
3724205743,0.3,-0.04,0.69,0.07,0.24,1
3700803622,-0.47,-0.43,0.1,0.17,0.73,1
3641625011,0.83,-0.63,0.98,0.01,0.01,0
4004142025,-1.06,-0.11,0.01,0.95,0.04,1
4185904846,-0.07,1.22,0.01,0.97,0.02,1
3822954932,-1.88,-1.81,0.04,0.16,0.8,2
3916440611,-0.8,-0.8,0.09,0.09,0.82,1
4113027609,0.93,0.22,0.89,0.04,0.07,0
3819170486,-0.7,-0.8,0.35,0.06,0.6,2
3606780073,-1.45,0.61,0.0,0.99,0.0,1
3693121192,1.35,0.26,0.95,0.02,0.03,0
4003764783,-0.44,-0.79,0.81,0.03,0.17,2
4134824796,1.16,1.21,0.17,0.21,0.62,0
3804363574,-0.16,0.07,0.07,0.6,0.33,0
4096539808,-0.71,-0.72,0.12,0.09,0.79,2
3870299211,1.54,0.47,0.94,0.02,0.03,0
4041124492,0.26,0.32,0.15,0.24,0.62,2
3512691785,-1.58,-1.56,0.06,0.09,0.84,0
3814014170,0.79,1.64,0.02,0.94,0.04,1
3776269278,-0.89,-0.89,0.09,0.09,0.82,2
3940006822,-0.47,-0.96,0.88,0.02,0.1,1
4248667785,-0.82,-0.82,0.09,0.09,0.82,2
3562551101,-0.84,-0.87,0.12,0.08,0.8,1
4280152015,1.3,2.08,0.02,0.92,0.05,1
3959265721,1.04,-0.99,0.99,0.0,0.0,0
4211106202,0.35,0.14,0.44,0.11,0.45,2
3918193061,2.72,-0.28,1.0,0.0,0.0,0
4177758178,-0.44,-0.71,0.74,0.04,0.23,2
3456404346,-0.82,-0.82,0.09,0.1,0.81,2
4076618505,1.21,-0.34,0.98,0.01,0.01,0
3599541244,1.9,-1.18,1.0,0.0,0.0,0
4191803774,0.82,-0.98,0.99,0.0,0.01,0
3783856759,-0.68,-0.69,0.11,0.09,0.8,2
4130069713,-0.76,-1.09,0.78,0.02,0.19,0
3613152265,-0.19,-0.54,0.79,0.04,0.18,0
3643556900,2.61,3.06,0.05,0.78,0.17,0
4254291157,-0.75,1.11,0.0,0.99,0.01,1
3668542793,-0.17,0.38,0.03,0.86,0.11,1
3710290750,-0.89,-0.92,0.12,0.08,0.8,2
3630270153,0.23,-1.13,0.99,0.0,0.01,0
4094422797,-0.06,0.58,0.03,0.88,0.09,1
3564633372,-0.89,-0.87,0.08,0.12,0.8,2
4150225591,-0.99,-0.31,0.02,0.9,0.08,1
3855487201,-1.36,-1.16,0.03,0.55,0.42,0
4070397160,-1.11,-1.31,0.52,0.03,0.45,0
3497252963,-0.61,-0.63,0.14,0.09,0.77,2
3604442758,2.12,-1.3,1.0,0.0,0.0,0
3636519869,-0.41,-0.32,0.08,0.31,0.61,2
3745181406,-0.74,-0.77,0.15,0.08,0.78,0
3665291582,-1.71,0.15,0.0,0.99,0.0,1
3881809610,-0.41,0.93,0.01,0.97,0.02,1
3809351157,-0.48,-0.28,0.06,0.58,0.36,1
3898542144,-0.89,-0.23,0.02,0.9,0.08,1
3630984713,-1.26,-0.61,0.01,0.89,0.09,1
3461432705,-1.37,1.55,0.0,1.0,0.0,1
3777564349,-1.52,-1.35,0.03,0.46,0.51,2
4099342173,-0.04,-0.0,0.14,0.21,0.66,2
3618848922,-0.01,0.41,0.05,0.77,0.18,1
4004878626,1.36,0.55,0.91,0.03,0.06,0
3916218166,-0.78,-0.8,0.12,0.08,0.8,1
3437054979,-0.89,-0.86,0.08,0.13,0.79,2
3464749988,0.48,-1.34,0.99,0.0,0.0,0
3654822642,-1.51,0.58,0.0,1.0,0.0,1
4213413316,1.75,-0.91,1.0,0.0,0.0,0
4032671083,3.03,3.2,0.12,0.35,0.52,0
3520340014,-0.18,-0.6,0.84,0.03,0.13,0
3606964246,1.85,-0.09,0.99,0.0,0.01,0
3963176977,-0.72,-0.72,0.1,0.1,0.81,1
3686114133,-0.24,0.36,0.03,0.88,0.1,1
3990347911,-0.82,-0.8,0.08,0.11,0.8,2
4240644936,1.3,-0.91,1.0,0.0,0.0,0
3631932205,-0.41,-0.41,0.13,0.12,0.75,2
3920049937,0.33,0.29,0.23,0.16,0.61,2
4125661075,-0.11,0.38,0.04,0.83,0.13,2
3653491136,-0.52,0.31,0.02,0.93,0.05,1
4102433799,2.22,2.03,0.39,0.09,0.52,2
3813313366,-1.12,-0.12,0.01,0.96,0.03,1
3959988534,1.42,0.29,0.95,0.02,0.03,0
3683133922,-0.71,-0.65,0.07,0.21,0.72,2
3855369056,-1.08,-1.06,0.07,0.11,0.82,2
3451718640,0.96,0.99,0.18,0.21,0.61,2
4286909142,0.19,1.9,0.0,0.99,0.01,1
3504132550,-0.66,-0.27,0.03,0.8,0.17,1
3756355577,-0.41,-0.48,0.27,0.08,0.65,2
3455559634,1.33,-1.62,1.0,0.0,0.0,0
3450128588,2.2,-0.56,1.0,0.0,0.0,0
4184844164,-0.68,0.08,0.02,0.92,0.06,1
4225138094,-0.86,-0.84,0.08,0.13,0.79,2
3928176690,-1.35,-0.54,0.01,0.93,0.06,1
4253030125,-0.32,-0.25,0.1,0.23,0.67,2
3848794051,-0.6,-0.61,0.12,0.1,0.78,2
4039157492,-0.78,-0.15,0.02,0.89,0.09,1
3722663595,-0.53,0.26,0.02,0.92,0.06,1
4108925044,-0.99,-0.27,0.02,0.92,0.07,1
4171998584,0.03,0.87,0.02,0.93,0.05,1
3478478575,1.62,-0.45,0.99,0.0,0.0,0
3743318948,-0.89,-0.89,0.09,0.09,0.82,2
4107925110,-0.71,-0.72,0.12,0.09,0.79,1
4043341650,-0.74,-0.82,0.27,0.06,0.66,0
4143105715,-0.77,-0.78,0.12,0.08,0.8,2
3849459401,0.64,-1.74,1.0,0.0,0.0,0
4288748445,-1.34,1.77,0.0,1.0,0.0,1
3827640795,-0.61,-0.42,0.05,0.56,0.39,0
4082059339,-0.87,-0.87,0.09,0.09,0.82,2
3816428447,-0.82,-0.77,0.07,0.19,0.74,2
3657898157,1.54,0.43,0.95,0.02,0.03,0
4201568106,0.57,-1.22,0.99,0.0,0.0,0
4181957411,-0.97,0.51,0.01,0.98,0.01,1
3682613026,-0.74,-0.76,0.12,0.08,0.8,2
3731479928,-0.87,-1.02,0.45,0.05,0.51,2
3996977195,-0.27,-0.45,0.52,0.07,0.41,0
4035086022,-0.43,1.84,0.0,1.0,0.0,1
4244095332,1.06,-0.39,0.98,0.01,0.02,0
4039764984,-0.82,-0.89,0.25,0.06,0.69,0
3485861234,1.61,-0.16,0.99,0.01,0.01,0
3657997996,-1.34,-1.01,0.02,0.72,0.26,0
3714511516,-0.52,-0.55,0.18,0.08,0.73,2
4090440655,1.99,0.52,0.97,0.01,0.01,1
3523636974,0.93,0.93,0.21,0.19,0.61,2
4196492906,-0.89,-0.88,0.08,0.11,0.81,2
4126761898,-0.74,-0.73,0.09,0.11,0.8,2
3824905053,0.19,-1.18,0.99,0.0,0.01,0
3545001180,-0.85,-0.84,0.08,0.11,0.8,0
4014722691,1.88,1.88,0.19,0.15,0.66,2
3593761982,-1.02,-0.86,0.04,0.52,0.44,2
3566353875,0.52,-1.41,1.0,0.0,0.0,0
3643579286,-0.43,-0.19,0.05,0.64,0.31,2
4089013414,-0.82,-0.84,0.12,0.08,0.8,2
4176110595,-0.4,0.38,0.02,0.92,0.06,1
3859865271,0.39,-0.46,0.93,0.02,0.05,0
3984802990,-0.73,-0.71,0.09,0.12,0.79,1
3609947680,0.32,-1.2,0.99,0.0,0.01,0
3687829294,0.75,-1.12,0.99,0.0,0.0,0
4257588577,0.59,-0.11,0.89,0.03,0.07,0
3650160293,-0.89,-1.12,0.64,0.03,0.32,0
3640301759,1.63,0.6,0.94,0.02,0.04,0
3679644285,-1.22,-1.08,0.04,0.43,0.53,2
4003528784,-0.46,0.53,0.02,0.95,0.04,1
4274761773,-0.71,-0.68,0.09,0.14,0.77,0
3529423720,-0.86,2.44,0.0,1.0,0.0,1
3539832942,-1.12,-1.07,0.06,0.18,0.76,1
3494165044,0.12,-1.49,0.99,0.0,0.01,0
3464246333,-0.75,1.79,0.0,1.0,0.0,1
4267196458,1.53,0.89,0.87,0.05,0.08,0
3745816177,-0.26,-0.24,0.13,0.16,0.71,2
3609953696,0.31,-0.33,0.89,0.03,0.08,0
4166636068,0.17,0.38,0.09,0.5,0.4,0
3970577636,-0.82,-0.79,0.08,0.14,0.78,0
4277271545,-0.8,-0.62,0.04,0.57,0.39,2
3854252761,0.29,1.34,0.02,0.95,0.03,1
3519190404,-1.41,-0.19,0.01,0.97,0.02,1
3863035284,-1.05,0.08,0.01,0.97,0.02,1
3559804751,2.16,-1.32,1.0,0.0,0.0,0
4267097719,-0.89,-1.0,0.31,0.05,0.63,2
3542264242,1.02,-0.29,0.97,0.01,0.02,0
4269875860,-0.66,-0.56,0.06,0.34,0.59,1
3951747899,0.36,-0.99,0.98,0.0,0.01,0
3512962045,1.6,-0.32,0.99,0.0,0.01,0
3976131104,-1.6,-0.14,0.0,0.98,0.01,1
3804703117,-0.69,1.05,0.0,0.99,0.01,1
3778946250,-0.84,-0.84,0.09,0.09,0.82,2
3642299455,-0.61,-0.6,0.1,0.11,0.79,2
3768954678,-1.27,0.21,0.01,0.98,0.01,1
4257913568,-0.95,-0.82,0.05,0.39,0.56,1
3876065417,-0.75,0.36,0.01,0.96,0.03,1
3686790183,1.93,2.25,0.08,0.62,0.3,2
4136203848,-0.79,-0.75,0.08,0.17,0.76,1
3544030483,-0.81,-0.82,0.1,0.09,0.81,2
4015063875,-0.81,-0.82,0.11,0.08,0.8,2
4196962833,-0.88,-0.89,0.1,0.08,0.81,2
3928151060,0.34,-0.66,0.96,0.01,0.03,0
4187413969,-0.05,-0.59,0.88,0.02,0.09,0
3528607121,-0.19,-1.1,0.96,0.01,0.03,0
3734529356,-0.47,-0.29,0.06,0.53,0.41,2
3891869887,-0.25,-0.29,0.2,0.11,0.7,0
4017723252,-1.76,-1.83,0.11,0.04,0.84,0
3537028781,-0.66,-0.74,0.27,0.07,0.66,2
3556904055,-1.44,-0.57,0.01,0.94,0.05,1
4280669757,-1.72,1.24,0.0,1.0,0.0,1
3942925071,-0.3,-0.84,0.89,0.02,0.09,0
3845209485,-0.86,2.94,0.0,1.0,0.0,1
4098751925,-1.88,0.02,0.0,0.99,0.0,1
4271180206,2.56,0.04,1.0,0.0,0.0,0
3998294288,0.31,-0.56,0.94,0.02,0.04,0
3557347799,-0.81,-0.79,0.08,0.11,0.8,2
4278849615,-0.81,-1.09,0.72,0.03,0.25,2
3661566590,0.01,0.21,0.09,0.52,0.4,1
3855975566,-0.89,-0.6,0.03,0.71,0.26,1
3879652718,-1.64,-1.42,0.03,0.52,0.46,1
3815666468,-0.0,-0.05,0.22,0.13,0.65,2
4096560698,0.19,-0.22,0.8,0.05,0.15,0
3914365523,-0.84,0.52,0.01,0.98,0.02,1
4195403958,-0.71,-0.62,0.06,0.29,0.64,1
4118665458,-0.84,-0.82,0.08,0.12,0.8,2
3960815121,-0.66,-0.81,0.47,0.05,0.48,0
3597915091,0.14,1.23,0.01,0.96,0.03,1
3572449810,0.31,-0.23,0.86,0.04,0.1,1
3834781089,-0.82,-0.87,0.18,0.07,0.75,0
3818106976,-0.26,-0.77,0.88,0.02,0.1,0
3731007975,-1.23,-1.23,0.08,0.08,0.83,2
4016448592,-0.72,-0.77,0.19,0.07,0.74,2
4212701199,-0.74,-0.75,0.11,0.09,0.8,2
4192204784,-1.5,-1.53,0.1,0.06,0.84,0
3699369595,-1.11,-1.12,0.09,0.08,0.83,0
4108837346,-0.03,-0.42,0.81,0.04,0.15,2
4117063982,-0.84,-0.77,0.07,0.21,0.72,0
3815585192,-1.05,-0.72,0.03,0.74,0.23,1
3891002211,-0.75,-0.64,0.06,0.38,0.57,2
4267463946,-0.64,1.0,0.01,0.99,0.01,1
3852666733,-0.21,-1.31,0.98,0.0,0.02,0
3536223176,-0.84,-0.82,0.08,0.13,0.79,2
3921050221,1.66,-1.21,1.0,0.0,0.0,0
4111530926,-1.15,-1.05,0.05,0.31,0.64,0
4044100027,2.22,-0.41,1.0,0.0,0.0,0
3517550177,0.53,-0.08,0.87,0.04,0.09,0
4140919239,-0.79,0.16,0.01,0.95,0.04,1
3766021995,-0.59,-0.68,0.33,0.06,0.6,0
3999343615,1.23,1.22,0.21,0.17,0.62,2
4065177322,-0.74,-0.79,0.19,0.07,0.74,0
3572896042,-0.73,-0.78,0.19,0.07,0.74,2
3996526840,-0.82,-0.84,0.12,0.08,0.8,2
4220954882,-0.45,-0.62,0.54,0.06,0.41,0
3708190155,-0.5,-1.65,0.98,0.0,0.02,0
3949992151,-0.84,0.4,0.01,0.97,0.02,1
4288743085,-1.76,-1.81,0.1,0.05,0.85,0
4203929745,2.31,-0.91,1.0,0.0,0.0,0
4168905424,-0.14,-0.86,0.93,0.01,0.06,0
3651384162,0.77,0.57,0.4,0.13,0.47,2
3532126063,-1.25,-0.41,0.01,0.94,0.05,2
3689434174,-0.04,-1.41,0.99,0.0,0.01,0
3908391224,0.57,0.24,0.63,0.09,0.28,0
4043308662,1.91,0.07,0.99,0.01,0.01,0
4029024774,-0.66,0.1,0.02,0.92,0.06,1
3582506900,-0.97,0.38,0.01,0.98,0.02,1
4219980097,-1.12,-0.29,0.01,0.94,0.05,1
3799496003,-0.47,-0.78,0.77,0.03,0.19,0
4268463572,-0.42,-0.41,0.13,0.12,0.75,2
3714334729,-0.09,0.96,0.02,0.95,0.03,1
3468350320,-0.82,-0.84,0.12,0.08,0.8,2
3468844114,-0.59,-1.07,0.88,0.02,0.1,0
4121920275,-1.41,-1.47,0.15,0.05,0.8,0
3480185315,-0.16,1.06,0.01,0.97,0.02,1
3990076747,0.8,1.34,0.04,0.84,0.12,1
3776717931,-0.81,-0.81,0.09,0.09,0.82,2
3619531555,-0.77,0.8,0.01,0.98,0.01,1
3947327386,-0.57,-0.29,0.04,0.68,0.28,1
3514269171,-0.86,0.22,0.01,0.96,0.03,1
3629946350,-0.06,-0.53,0.86,0.03,0.11,0
3847965685,-0.82,-0.85,0.15,0.07,0.78,2
3589145199,-0.1,-0.89,0.94,0.01,0.05,0
4012673950,-0.87,-0.87,0.09,0.09,0.82,2
4037514923,-1.51,-1.22,0.02,0.66,0.32,0
3958597635,-1.32,-0.11,0.01,0.97,0.02,1
3452436996,1.21,1.02,0.39,0.12,0.49,0
3566450419,-1.16,-1.2,0.12,0.07,0.82,0
3969070304,-0.7,0.61,0.01,0.97,0.02,1
3604806039,0.19,0.35,0.11,0.41,0.48,1
3464988948,-0.9,-0.87,0.07,0.15,0.78,2
3632918988,1.55,0.54,0.94,0.03,0.04,0
4037248871,0.18,0.02,0.39,0.11,0.51,1
3542446656,-0.67,-0.75,0.27,0.07,0.66,2
3583122858,-0.14,-0.52,0.81,0.04,0.16,2
3567861835,-0.19,0.13,0.06,0.7,0.24,0
4230038459,-0.91,-0.86,0.07,0.18,0.75,2
3869454658,-1.26,-0.77,0.02,0.83,0.15,2
3927392301,-0.87,-0.88,0.1,0.08,0.82,2
4035957379,1.43,-0.13,0.98,0.01,0.01,0
3440516236,-0.34,-0.24,0.08,0.32,0.59,0
4060895689,-1.32,-0.84,0.02,0.83,0.15,1
3775968783,-0.78,-0.77,0.09,0.11,0.8,2
3875372031,0.48,-1.22,0.99,0.0,0.01,0
3589679742,1.18,2.39,0.01,0.97,0.02,1
3576544880,0.19,-0.5,0.91,0.02,0.07,0
4290090302,0.81,0.88,0.15,0.24,0.61,2
4242990067,-0.63,-0.53,0.06,0.33,0.6,1
3544110209,-0.74,-0.74,0.1,0.09,0.81,2
3776233740,-0.73,2.17,0.0,1.0,0.0,1
3535821939,-0.05,0.06,0.11,0.34,0.56,1
4015003223,0.61,2.41,0.0,0.99,0.01,1
3897438587,-0.54,-0.4,0.06,0.44,0.5,0
3650971193,0.19,0.05,0.34,0.11,0.55,0
3875316251,0.93,-0.98,0.99,0.0,0.0,0
3856465314,-1.12,-1.05,0.06,0.2,0.74,2
4272853548,-0.52,-0.66,0.48,0.06,0.46,2
4000894741,0.3,-0.91,0.98,0.01,0.02,0
3806786746,-0.73,0.31,0.01,0.96,0.03,1
3583570866,1.3,-0.38,0.98,0.01,0.01,0
3698182249,0.8,0.14,0.88,0.04,0.08,0
3445253305,-1.27,-1.49,0.5,0.03,0.47,0
3461545231,-1.07,0.34,0.01,0.98,0.01,1
3919756664,0.25,0.57,0.07,0.67,0.27,2
4128655203,-1.18,0.09,0.01,0.98,0.02,1
3878704968,-0.82,-1.09,0.71,0.03,0.26,0
4238884365,-0.77,-0.66,0.05,0.39,0.56,2
3798807679,-0.62,-0.46,0.05,0.51,0.43,2
3529113946,0.42,1.27,0.02,0.93,0.05,1
3981728075,0.03,-0.66,0.92,0.02,0.07,0
3678316143,-0.33,-1.39,0.97,0.0,0.02,0
4223990868,-1.4,2.53,0.0,1.0,0.0,1
4271157145,-1.34,-0.07,0.01,0.98,0.02,1
3724189966,-0.62,-0.87,0.7,0.03,0.27,0
3685824509,-1.78,-1.33,0.01,0.78,0.21,1
3986390534,-0.77,-0.52,0.04,0.67,0.29,1
4283551632,-0.03,1.47,0.01,0.98,0.01,1
3456889960,-0.07,-1.35,0.98,0.0,0.01,0
4205207896,0.72,-1.36,1.0,0.0,0.0,0
3557293237,-1.09,1.92,0.0,1.0,0.0,1
3954711672,0.95,-1.26,1.0,0.0,0.0,0
3628419645,-0.98,-1.01,0.12,0.07,0.81,1
4175546451,0.56,-1.23,0.99,0.0,0.0,0
3667676210,-0.8,-0.72,0.06,0.26,0.67,0
3705277011,-0.68,0.6,0.01,0.97,0.02,1
3802711968,-1.11,-1.04,0.06,0.22,0.72,2
4055948609,-0.67,-0.9,0.67,0.04,0.3,1
4260822012,-0.77,-0.82,0.17,0.07,0.76,1
3632868203,-0.8,-0.43,0.03,0.78,0.19,1
3996107371,-0.99,-0.61,0.02,0.78,0.19,1
3458223543,1.13,-0.4,0.98,0.01,0.01,0
3807643350,0.62,-0.98,0.99,0.0,0.01,0
4136587469,-0.24,0.36,0.03,0.88,0.1,1
4224863280,-1.31,-0.39,0.01,0.95,0.04,1
4209560151,-0.53,-0.58,0.2,0.08,0.72,0
3770672901,-0.79,-0.91,0.38,0.05,0.57,0
3885373301,-1.46,0.17,0.0,0.99,0.01,1
3995519255,-1.23,-1.15,0.05,0.23,0.72,1
3587217116,-0.2,-0.81,0.91,0.02,0.07,0
3995558207,-1.73,-1.8,0.12,0.04,0.84,2
3535617794,-0.02,2.72,0.0,1.0,0.0,1
3511463315,1.17,1.65,0.06,0.78,0.16,1
3753882781,-0.56,-0.63,0.25,0.07,0.68,0
4030058169,-0.37,-1.12,0.94,0.01,0.05,0
3841187348,2.59,1.45,0.97,0.01,0.02,0
4075842465,-1.01,-0.13,0.01,0.94,0.04,1
3452971349,1.15,-0.44,0.98,0.01,0.01,0
3945500605,0.02,-0.93,0.96,0.01,0.03,0
3997436006,-0.82,-0.78,0.07,0.17,0.76,1
3910446005,-0.13,0.72,0.02,0.93,0.05,1
4224115839,1.3,-0.76,0.99,0.0,0.0,0
3879574800,-0.76,-0.76,0.1,0.09,0.81,2
3531623051,-0.81,-0.26,0.02,0.86,0.11,1
4222028214,-0.82,-0.77,0.07,0.19,0.74,1
3483855669,-0.77,-0.77,0.11,0.09,0.81,2
3878510540,0.27,0.26,0.2,0.18,0.62,2
3531272190,-0.07,0.0,0.11,0.27,0.62,0
3921800141,-1.93,0.22,0.0,1.0,0.0,1
3901582912,-0.11,-0.89,0.94,0.01,0.05,1
3902037300,0.84,0.27,0.85,0.05,0.1,0
4139605189,1.02,1.47,0.06,0.76,0.18,1
3643757964,-0.26,-1.22,0.97,0.01,0.03,0
3507304933,-0.84,-0.82,0.08,0.12,0.8,2
4155480157,-0.65,-0.66,0.11,0.09,0.79,2
3747097560,-1.23,1.55,0.0,1.0,0.0,1
4065691466,-1.32,-1.01,0.02,0.71,0.27,1
3711349428,-0.74,-0.5,0.04,0.65,0.31,1
4223764049,0.85,-0.2,0.95,0.02,0.04,0
3918612243,-0.81,-0.81,0.09,0.09,0.82,2
3543249753,1.34,0.09,0.96,0.01,0.02,0
3853209128,-1.0,-1.62,0.92,0.01,0.07,0
3466197850,-0.25,0.78,0.02,0.95,0.03,1
3917241820,-0.74,-0.71,0.08,0.15,0.77,1
3686492164,1.9,-1.23,1.0,0.0,0.0,0
3497604692,-1.73,0.86,0.0,1.0,0.0,1
4134258891,0.57,0.08,0.82,0.05,0.13,1
3888482940,-0.82,-0.81,0.08,0.11,0.8,2
3469217485,2.23,0.61,0.98,0.01,0.01,0
3554433055,0.89,1.55,0.03,0.89,0.08,1
3882224315,-1.43,-1.42,0.07,0.09,0.84,2
3962189815,-1.12,1.05,0.0,1.0,0.0,1
3709238063,0.04,0.24,0.09,0.51,0.4,2
3520082507,-0.65,-1.16,0.89,0.01,0.1,0
3609113906,-0.47,0.02,0.03,0.85,0.12,1
4228357419,-0.66,0.25,0.01,0.94,0.04,1
3689417023,-1.8,-1.73,0.04,0.17,0.79,2
3668993262,-0.84,-0.82,0.08,0.12,0.8,2
4228053482,0.26,-0.22,0.84,0.04,0.12,0
3570663475,1.59,-1.28,1.0,0.0,0.0,0
3778287383,0.15,0.15,0.18,0.19,0.63,1
3936290381,0.42,-0.16,0.87,0.04,0.09,0
3464025743,-0.6,-0.27,0.04,0.74,0.22,1
3530948154,-1.61,-0.99,0.01,0.88,0.11,1
4030282971,-0.44,-1.02,0.91,0.01,0.08,0
3605313884,1.8,2.73,0.01,0.96,0.03,1
4204728837,0.19,0.3,0.12,0.32,0.56,1
3634114086,0.31,-0.45,0.92,0.02,0.06,0
3903810011,0.43,-0.48,0.94,0.02,0.04,0
3877196366,0.79,0.18,0.86,0.04,0.09,0
3510775501,-0.81,-0.82,0.11,0.08,0.8,2
4253980276,-0.13,0.07,0.08,0.53,0.39,1
3867415492,-0.78,-0.81,0.14,0.08,0.79,2
4186538905,0.28,2.34,0.0,0.99,0.0,1
3882811235,1.55,-0.28,0.99,0.0,0.01,0
3827663958,1.36,-0.69,0.99,0.0,0.0,0
3933657439,-0.77,-0.77,0.09,0.1,0.81,2
3808113231,1.0,-1.74,1.0,0.0,0.0,0
3570155398,1.93,2.14,0.11,0.44,0.44,0
3741334360,-1.07,0.33,0.01,0.98,0.01,1
3436949227,-1.02,-0.94,0.06,0.25,0.69,2
3668989979,1.27,0.43,0.91,0.03,0.05,0
4170739200,-0.34,-0.34,0.14,0.13,0.73,2
3911967872,-0.72,-0.77,0.17,0.07,0.75,0
4047417165,-0.86,-0.95,0.27,0.06,0.67,1
3712043652,-0.84,-0.8,0.07,0.17,0.76,2
3558874901,-0.63,-0.38,0.04,0.65,0.31,1
4065933547,-0.89,-0.89,0.09,0.09,0.82,2
3777819795,-0.46,1.33,0.0,0.99,0.01,1
4048607986,2.14,-1.45,1.0,0.0,0.0,0
3440543223,-0.75,-0.95,0.59,0.04,0.37,0
4052570912,-0.52,-0.54,0.15,0.09,0.76,2
3775489739,2.39,-1.3,1.0,0.0,0.0,0
4185040809,-0.75,-0.72,0.08,0.14,0.78,2
3649316778,-0.78,-0.78,0.09,0.09,0.81,2
3752795034,1.88,1.3,0.86,0.05,0.1,0
3948871753,-1.1,0.92,0.0,0.99,0.0,1
4185134029,-0.74,-0.76,0.12,0.08,0.8,2
4218242690,-0.75,-0.89,0.46,0.05,0.49,2
3915087259,-0.13,-0.11,0.14,0.19,0.68,2
4011168801,-1.24,0.12,0.01,0.98,0.01,1
4005807981,0.63,0.49,0.34,0.13,0.53,2
3767062978,2.67,2.59,0.25,0.1,0.65,2
4074714225,-0.05,0.7,0.03,0.91,0.06,1
3805343455,-0.85,-1.02,0.51,0.04,0.45,2
3724118576,0.76,0.39,0.69,0.08,0.22,1
3584649674,-0.82,-0.84,0.11,0.08,0.81,2
3816444524,0.89,1.17,0.09,0.57,0.33,2
4283268144,-0.33,0.33,0.03,0.9,0.08,1
4075783992,-0.94,-1.07,0.39,0.05,0.56,0
3732336716,-0.76,-0.78,0.13,0.08,0.79,0
3875070530,-0.78,-0.81,0.14,0.08,0.79,2
4192639084,-0.44,0.26,0.02,0.9,0.07,2
3627260148,-0.87,1.0,0.0,0.99,0.01,1
3918723465,0.6,0.57,0.23,0.16,0.61,2
3642614799,-0.92,-0.89,0.07,0.14,0.79,2
4290218189,-1.01,-0.57,0.02,0.81,0.16,1
3877835552,-1.45,-0.62,0.01,0.93,0.06,1
4202546283,-0.82,-0.82,0.1,0.09,0.81,2
3795023799,-1.49,-0.11,0.0,0.98,0.01,1
3666999521,-0.88,-0.88,0.09,0.09,0.82,0
3748678930,-0.82,-0.81,0.09,0.1,0.81,1
3970158706,1.67,1.73,0.15,0.2,0.64,2
3728992360,-0.38,0.22,0.03,0.88,0.09,0
3677380317,2.36,2.31,0.23,0.12,0.66,2
3847149368,2.03,-0.87,1.0,0.0,0.0,0
3780327498,-0.86,-0.81,0.07,0.18,0.75,2
3729395661,-0.81,-0.76,0.07,0.19,0.74,1
4047759157,-0.58,-0.69,0.38,0.06,0.56,2
3733868143,0.49,-0.81,0.98,0.01,0.02,0
3914090265,-0.97,-0.65,0.03,0.74,0.23,1
3781357756,0.28,-0.5,0.92,0.02,0.06,0
4068538780,0.25,-0.39,0.9,0.03,0.08,0
3950570244,1.78,0.37,0.97,0.01,0.02,2
3961508779,-0.89,-0.87,0.08,0.12,0.8,2
4095943559,-0.87,-0.93,0.19,0.07,0.74,0
4085125900,-0.89,-0.91,0.11,0.08,0.81,2
4213202148,-0.34,-0.89,0.9,0.02,0.09,0
3664068636,-0.4,-0.14,0.05,0.66,0.29,1
3850970067,-0.9,-0.8,0.05,0.33,0.61,1
3737319341,-0.61,-0.59,0.09,0.14,0.77,0
3690848084,1.45,-0.28,0.99,0.01,0.01,0
4055091140,2.22,-1.45,1.0,0.0,0.0,0
3578553435,-0.77,-0.9,0.43,0.05,0.52,2
3770827494,-0.98,1.33,0.0,1.0,0.0,1
3907646440,-0.89,-0.1,0.01,0.93,0.06,1
4240526944,-0.72,-0.82,0.34,0.06,0.6,2
4133332508,-0.8,-0.63,0.04,0.55,0.41,1
4106054289,0.17,2.36,0.0,1.0,0.0,1
4275184152,-0.74,-0.77,0.15,0.08,0.78,2
4230739518,-0.84,-0.82,0.08,0.11,0.81,2
4087693311,1.88,0.1,0.99,0.01,0.01,0
3482509484,-1.43,0.87,0.0,1.0,0.0,1
3593324350,-1.2,0.62,0.0,0.99,0.01,1
4074946800,0.36,-0.6,0.95,0.01,0.04,0
3702345090,1.17,0.1,0.95,0.02,0.03,0
3497290301,-0.75,-0.77,0.12,0.08,0.8,2
3928298685,0.06,2.02,0.0,0.99,0.0,1
3486406707,-0.35,-0.09,0.06,0.65,0.29,2
3588886352,-0.26,1.07,0.01,0.97,0.02,1
3931430687,2.17,2.02,0.34,0.09,0.57,2
3767762665,0.4,0.26,0.34,0.13,0.54,1
4232255270,-0.82,-0.84,0.11,0.08,0.81,2
4006442934,-0.76,-0.68,0.06,0.26,0.67,2
3602498867,-0.89,-0.9,0.1,0.08,0.82,2
3439807395,-0.67,-0.71,0.18,0.08,0.75,2
4147659756,-0.46,-0.41,0.1,0.19,0.72,1
4143998942,-0.71,-0.73,0.13,0.08,0.78,0
3979856543,-0.9,-0.91,0.1,0.08,0.82,2
3790688075,0.55,1.8,0.01,0.97,0.02,0
3619999607,-1.07,-0.77,0.03,0.72,0.25,1
3585979491,-1.45,-0.41,0.01,0.96,0.03,1
4277414510,-0.61,-0.2,0.03,0.81,0.16,1
3566136276,-0.11,-0.86,0.93,0.01,0.05,1
4123649389,0.17,-0.9,0.97,0.01,0.02,0
4291106174,0.11,-0.62,0.92,0.02,0.06,0
4094228206,0.96,-0.6,0.98,0.01,0.01,0
3886725041,1.2,-1.34,1.0,0.0,0.0,0
3638713828,-0.44,0.23,0.02,0.9,0.08,2
3850777357,-0.66,-0.67,0.13,0.09,0.79,2
4026531671,-0.12,-0.14,0.18,0.14,0.68,2
3981305325,-0.29,0.97,0.01,0.97,0.02,1
3833256571,-0.91,-0.89,0.08,0.11,0.81,2
4071858930,2.16,0.23,0.99,0.0,0.01,0
3770561373,-0.11,-0.66,0.89,0.02,0.09,0
3666459233,0.72,0.27,0.79,0.06,0.15,0
3480929448,-0.6,-0.51,0.07,0.29,0.63,1
3786284482,-1.73,1.72,0.0,1.0,0.0,1
4249779990,-1.6,1.15,0.0,1.0,0.0,1
4162459939,-0.66,-0.55,0.06,0.37,0.57,1
4241954583,-0.01,-0.27,0.6,0.07,0.33,0
3644669781,1.0,0.68,0.6,0.1,0.29,1
4151396289,0.55,-1.38,1.0,0.0,0.0,0
4230209886,-0.76,-0.76,0.1,0.09,0.81,2
3531730463,-1.81,-0.16,0.0,0.99,0.01,1
3512880726,0.73,-0.81,0.99,0.0,0.01,0
4037821596,-0.28,-1.11,0.95,0.01,0.04,0
4273602763,0.18,-1.3,0.99,0.0,0.01,0
3487511804,-1.45,1.35,0.0,1.0,0.0,1
4197706170,-0.21,-0.08,0.09,0.39,0.53,1
3664188933,-0.45,-0.29,0.06,0.49,0.44,1
4057457413,-0.19,-0.99,0.95,0.01,0.04,0
3540199820,-0.82,-0.82,0.1,0.09,0.81,2
4192504949,-1.32,-1.3,0.07,0.1,0.83,2
3840543709,0.5,0.48,0.22,0.17,0.61,2
4077730080,-0.31,1.21,0.01,0.98,0.01,1
3623672299,-0.9,-0.8,0.05,0.33,0.61,1
3715608168,-0.82,-0.82,0.09,0.09,0.82,2
3792170292,-0.87,-0.85,0.08,0.11,0.81,2
3761213237,-0.69,-0.84,0.49,0.05,0.46,2
3653845774,-0.32,0.65,0.02,0.94,0.04,1
4224728234,-1.12,0.84,0.0,0.99,0.0,1
4249865171,-0.96,-1.03,0.21,0.06,0.73,2
3497330761,0.79,0.91,0.14,0.3,0.56,2
4012979469,-0.86,-0.87,0.1,0.08,0.82,2
4170903915,-1.69,-0.38,0.0,0.98,0.02,1
3460245560,-0.79,-0.76,0.08,0.15,0.77,1
3843387608,0.57,-0.06,0.88,0.04,0.09,0
3782896658,1.08,-0.01,0.95,0.02,0.03,0
4140005530,-0.79,-0.81,0.11,0.08,0.8,2
3509530918,2.47,-0.99,1.0,0.0,0.0,0
3727792927,-0.87,-0.84,0.08,0.13,0.8,2
3716992370,0.12,-0.54,0.91,0.02,0.07,0
3932670725,-0.68,-0.75,0.25,0.07,0.68,2
4156819718,-1.12,-1.2,0.22,0.05,0.73,1
3559686054,-1.02,0.77,0.0,0.99,0.01,1
3695607048,-0.51,-0.88,0.82,0.03,0.16,0
4017400010,2.09,2.06,0.21,0.13,0.66,2
3974493382,0.95,0.7,0.49,0.12,0.39,1
3769861423,1.28,-0.49,0.99,0.0,0.01,0
4243481980,1.81,-0.51,1.0,0.0,0.0,0
4230393646,-0.51,-0.51,0.12,0.11,0.77,2
4231390516,-0.72,0.66,0.01,0.98,0.01,1
3591090855,-0.72,-0.74,0.13,0.08,0.79,2
4286463056,-0.98,-1.09,0.31,0.05,0.63,1
3989913089,-1.17,-0.15,0.01,0.96,0.03,1
3627498909,-0.67,-0.54,0.05,0.45,0.49,1
3537905917,-0.79,-0.42,0.03,0.78,0.19,1
3714378603,-0.59,-0.66,0.26,0.07,0.67,0
4057101709,1.02,0.29,0.89,0.04,0.07,0
3444708943,1.55,0.4,0.95,0.02,0.03,0
3843661727,0.58,0.07,0.83,0.05,0.12,0
4156446558,-1.1,-0.75,0.02,0.76,0.22,1
4000879154,-0.68,-1.05,0.82,0.02,0.16,0
3708529438,-0.58,-0.61,0.17,0.08,0.75,2
3962739847,0.78,-0.45,0.97,0.01,0.02,0
4251917489,0.1,0.25,0.11,0.4,0.49,2
3658285698,-0.95,-1.13,0.5,0.04,0.46,2
3753574670,-0.03,-1.33,0.98,0.0,0.01,0
3900709960,0.7,1.23,0.04,0.83,0.13,2
4145979616,-0.11,1.49,0.01,0.98,0.01,1
3634787194,-0.61,-0.54,0.08,0.23,0.7,1
3456102966,0.63,-0.82,0.98,0.0,0.01,0
3563700299,-0.87,-0.88,0.1,0.08,0.82,2
4233715289,-0.77,-0.74,0.08,0.14,0.78,2
3871994806,-0.79,-0.86,0.22,0.07,0.71,2
3923483991,0.19,0.46,0.08,0.6,0.33,1
3736889986,0.94,-0.41,0.97,0.01,0.02,0
3897899133,0.2,0.12,0.25,0.14,0.61,2
4035236076,-0.42,-1.26,0.96,0.01,0.04,0
3623288212,-0.74,-0.78,0.16,0.07,0.76,2
3842873412,2.34,-1.35,1.0,0.0,0.0,0
3472588104,-0.76,-0.78,0.13,0.08,0.79,0
3718302460,-1.21,-1.45,0.55,0.03,0.42,0
3669117249,0.03,1.11,0.01,0.96,0.03,1
3960050044,1.02,0.31,0.89,0.04,0.08,0
3751120425,-0.95,0.52,0.01,0.98,0.01,1
4063536986,-0.97,-1.12,0.43,0.05,0.53,2
3481489584,-1.55,-0.29,0.01,0.98,0.02,1
3829250495,-0.61,-0.55,0.08,0.21,0.71,2
3643067396,1.66,-0.91,1.0,0.0,0.0,0
3574731913,2.44,2.59,0.12,0.34,0.54,1
3930226372,-1.69,-1.65,0.05,0.12,0.83,2
4095335222,-0.77,-0.77,0.09,0.1,0.81,2
3688072371,1.02,-0.98,0.99,0.0,0.0,0
3851622826,-0.01,-0.99,0.96,0.01,0.03,0
3622947487,-0.74,-0.77,0.15,0.08,0.78,2
3929383677,1.79,-0.74,1.0,0.0,0.0,0
3779534600,-0.85,-0.85,0.09,0.09,0.82,2
3976290904,-0.57,1.08,0.01,0.99,0.01,1
3998998104,-0.88,-0.54,0.03,0.75,0.22,1
3636490433,1.23,0.54,0.88,0.04,0.08,0
3747541139,-0.14,0.61,0.02,0.91,0.06,1
4057381636,-1.34,1.66,0.0,1.0,0.0,1
3712292271,-0.96,-0.92,0.07,0.16,0.77,1
4142060969,-0.86,-0.85,0.09,0.1,0.81,2
3995600877,0.46,0.46,0.2,0.19,0.62,1
3911609117,-0.5,2.31,0.0,1.0,0.0,1
4021614693,0.88,-0.9,0.99,0.0,0.01,0
4199710834,-0.5,-0.84,0.8,0.03,0.17,0
3663978685,1.8,1.65,0.34,0.1,0.56,1
3444969884,0.35,-0.87,0.98,0.01,0.02,0
3701475482,-0.86,-0.91,0.18,0.07,0.76,2
3470966595,-1.13,-0.95,0.04,0.54,0.42,2
3629536328,1.12,-1.0,1.0,0.0,0.0,0
3823693468,-0.27,-0.81,0.89,0.02,0.09,1
4123964154,-1.4,-1.36,0.06,0.13,0.81,0
3671958777,-0.67,-0.67,0.1,0.1,0.8,0
3563726717,-0.51,-0.43,0.08,0.28,0.64,1
4190355019,-0.81,-0.82,0.1,0.09,0.81,2
4202313126,-0.59,-1.91,0.99,0.0,0.01,0
3579152296,-0.41,-0.09,0.05,0.73,0.23,1
3772370225,-0.66,-0.72,0.22,0.07,0.71,2
3842407223,-0.44,-0.75,0.78,0.03,0.19,0
3724976446,-0.28,-0.63,0.8,0.03,0.17,0
3879647605,0.24,0.04,0.43,0.11,0.47,0
3528245748,-0.53,-0.3,0.05,0.63,0.32,1
3738404108,-0.68,-0.65,0.09,0.15,0.77,2
4087098854,-0.74,-0.72,0.09,0.12,0.79,2
4090473547,0.44,-1.11,0.99,0.0,0.01,0
3658680456,-1.78,1.52,0.0,1.0,0.0,1
3645138575,0.14,1.25,0.01,0.96,0.03,1
3517081673,1.99,-0.08,0.99,0.0,0.0,0
4232732728,-1.17,-1.16,0.08,0.09,0.83,1
4009851342,-0.28,-0.86,0.9,0.02,0.08,0
4144770386,2.17,-1.78,1.0,0.0,0.0,0
4258369845,2.05,-1.04,1.0,0.0,0.0,0
4197054597,-0.79,-0.81,0.11,0.08,0.8,2
4039889294,0.43,-0.21,0.88,0.03,0.08,1
3713130369,-0.79,-0.78,0.09,0.11,0.8,2
4252945271,-0.71,-0.39,0.03,0.74,0.23,1
3524996493,-0.12,1.45,0.01,0.98,0.01,1
3564406950,-0.58,-0.54,0.09,0.16,0.75,2
3908776571,-0.82,-0.98,0.48,0.05,0.48,0
3561294338,2.12,2.08,0.23,0.12,0.65,0
3709962686,-0.75,-0.69,0.07,0.22,0.71,1
3954033445,1.89,-0.69,1.0,0.0,0.0,0
3849725614,-0.5,0.33,0.02,0.93,0.05,1
4136709444,0.95,-0.79,0.99,0.0,0.01,0
3789359717,-0.72,-0.73,0.11,0.09,0.8,2
4115105884,-0.76,-0.79,0.15,0.08,0.77,2
4166902731,2.2,2.47,0.1,0.53,0.37,0
3445463112,1.75,-1.11,1.0,0.0,0.0,0
3711135394,0.1,-0.25,0.73,0.06,0.21,0
4102995253,-0.89,-0.95,0.17,0.07,0.76,2
4180749461,-1.01,-1.22,0.56,0.03,0.41,2
3916502192,-0.86,-0.8,0.07,0.2,0.73,2
3739590948,1.2,0.91,0.56,0.11,0.33,0
4184202084,-0.59,0.08,0.02,0.9,0.08,1
4136079906,-0.73,-1.03,0.76,0.03,0.21,0
4250251028,-0.59,-0.89,0.77,0.03,0.2,0
3912280024,-0.47,-0.4,0.09,0.24,0.67,1
4259795979,-0.17,2.11,0.0,1.0,0.0,1
4218587748,0.92,-0.96,0.99,0.0,0.01,0
3993824009,0.17,-1.09,0.98,0.0,0.01,0
4168436541,0.48,1.76,0.01,0.97,0.02,1
3638165563,-0.56,-0.77,0.61,0.04,0.35,0
4226791036,0.1,0.19,0.13,0.28,0.59,2
3885551064,-0.63,-0.75,0.41,0.06,0.53,0
3915935696,-0.89,1.53,0.0,1.0,0.0,1
3803986900,0.29,0.55,0.08,0.59,0.33,1
3542385981,-0.19,-0.54,0.8,0.04,0.17,0
3455239010,-0.34,-0.36,0.17,0.11,0.73,2
4262744023,1.13,-0.36,0.98,0.01,0.01,0
3881178090,-0.21,-0.21,0.15,0.15,0.7,2
4260473622,-0.95,-1.18,0.61,0.03,0.36,0
3810426554,1.13,-0.82,0.99,0.0,0.0,0
3881314129,-1.3,-0.67,0.01,0.88,0.1,1
3618748717,-1.34,-0.48,0.01,0.94,0.05,1
3917041522,-0.16,0.46,0.03,0.88,0.09,1
4215941661,-0.03,0.07,0.11,0.32,0.57,1
3439106290,0.42,-0.84,0.98,0.01,0.02,0
4255396969,-0.82,-0.88,0.2,0.07,0.73,2
3861382455,0.1,1.78,0.01,0.99,0.01,1
3571937255,-1.24,0.73,0.0,0.99,0.0,1
3452717139,-0.06,-0.44,0.8,0.04,0.16,0
4232402348,-1.48,-1.34,0.04,0.39,0.58,1
4187659488,-1.32,-0.66,0.01,0.9,0.09,1
4221656851,-0.32,0.31,0.03,0.88,0.09,1
3824337683,-0.95,1.84,0.0,1.0,0.0,1
3485134851,-0.99,1.51,0.0,1.0,0.0,1
3732086202,-0.78,0.08,0.01,0.94,0.05,1
4082533476,0.63,-0.03,0.88,0.04,0.08,2
4068133411,1.44,-0.45,0.99,0.0,0.01,0
3541170149,-0.45,-0.87,0.84,0.02,0.13,0
3457578134,0.54,0.27,0.54,0.11,0.35,0
4183250484,-0.88,-0.89,0.1,0.08,0.81,2
3464634926,-0.66,-1.03,0.82,0.02,0.16,2
4177193680,0.57,2.7,0.0,1.0,0.0,1
3997125594,-0.77,-0.77,0.09,0.1,0.81,2
4222086737,0.94,0.95,0.19,0.2,0.61,2
3462648960,0.89,-0.95,0.99,0.0,0.01,0
3671739089,1.02,-0.24,0.96,0.01,0.02,0
3933953474,-0.65,0.05,0.02,0.91,0.07,1
4000694022,2.17,1.46,0.91,0.03,0.06,0
3705612429,1.32,-0.76,0.99,0.0,0.0,0
3542233866,-0.25,1.73,0.0,0.99,0.0,1
3938299948,-0.45,-0.41,0.1,0.17,0.73,1
3701437098,-0.75,-0.69,0.07,0.22,0.71,1
3476592402,-1.47,-0.25,0.01,0.97,0.02,1
4072554069,-0.79,-0.79,0.09,0.09,0.81,2
4291970601,-1.04,-0.16,0.01,0.94,0.04,1
4180730753,-0.84,0.12,0.01,0.95,0.04,1
3944914832,-1.06,-1.7,0.93,0.01,0.07,0
3769136184,-1.1,0.44,0.01,0.98,0.01,1
4007385592,1.41,0.92,0.8,0.06,0.14,0
4108404014,0.62,-0.2,0.92,0.03,0.06,0
3881424880,-0.79,-0.78,0.09,0.11,0.8,2
3462128880,-0.42,-0.4,0.12,0.14,0.75,2
3982624821,-0.87,-0.87,0.09,0.09,0.82,2
3707703587,0.76,-0.66,0.98,0.01,0.01,0
3984671834,-0.29,-0.77,0.87,0.02,0.11,0
4212480740,-0.49,0.11,0.03,0.88,0.09,1
3458917637,0.94,0.2,0.9,0.03,0.07,0
3791443361,1.53,2.16,0.03,0.88,0.09,2
4220721936,0.76,-1.42,1.0,0.0,0.0,0
3969125215,-0.72,-0.71,0.09,0.12,0.79,2
3701442695,-0.35,0.52,0.02,0.93,0.05,1
3627254404,1.83,-1.35,1.0,0.0,0.0,0
3474856252,0.36,-0.75,0.97,0.01,0.02,0
3822233482,-0.82,1.08,0.0,0.99,0.0,1
3864301388,0.47,-1.43,1.0,0.0,0.0,0
4064308844,-1.61,0.61,0.0,1.0,0.0,1
4241740209,1.03,2.06,0.01,0.96,0.03,1
3929854020,-0.14,-0.0,0.09,0.4,0.51,2
3780592340,0.0,-0.76,0.93,0.01,0.05,0
3572785514,-1.41,-1.31,0.05,0.26,0.69,2
3972699106,-0.16,0.04,0.07,0.56,0.37,2
4294633312,-0.74,-0.86,0.39,0.05,0.56,0
3570944236,0.76,0.02,0.9,0.03,0.07,0
4017096085,-1.4,-1.91,0.87,0.01,0.12,0
4248269209,0.16,0.41,0.08,0.57,0.35,1
4193064537,-0.84,0.13,0.01,0.95,0.04,1
4163224880,-1.3,-0.21,0.01,0.97,0.03,2
3490681836,0.34,-1.2,0.99,0.0,0.01,0
3654937416,-0.61,-0.66,0.2,0.07,0.72,0
4057409656,-0.21,-0.76,0.89,0.02,0.09,0
3680678754,-0.71,-0.42,0.04,0.7,0.26,2
4102128365,-0.2,-0.31,0.35,0.08,0.57,0
3694157864,-0.91,-0.91,0.09,0.09,0.82,2
4148246014,-0.26,0.81,0.02,0.95,0.03,1
3887508614,-0.84,-0.89,0.18,0.07,0.76,2
3515027556,0.71,-0.92,0.99,0.0,0.01,0
3594178576,-0.9,-0.54,0.03,0.77,0.2,1
3970560557,-0.14,-1.12,0.97,0.01,0.03,0
3545935378,-1.17,-1.23,0.17,0.06,0.77,0
3491695912,-0.92,0.2,0.01,0.96,0.03,1
3707598400,-0.81,-0.82,0.1,0.09,0.81,2
3889685081,-0.39,1.24,0.01,0.99,0.01,1
3556007013,1.88,-1.78,1.0,0.0,0.0,0
4177809642,-1.41,1.18,0.0,1.0,0.0,1
4094547137,-0.93,-0.94,0.1,0.08,0.82,2
4136972964,0.8,0.2,0.86,0.04,0.1,0
4234701091,2.91,0.17,1.0,0.0,0.0,0
4088724607,-0.18,0.17,0.05,0.72,0.23,1
3826612171,1.4,-1.52,1.0,0.0,0.0,0
3708229258,-0.54,0.18,0.02,0.91,0.07,1
4085773173,-0.88,0.31,0.01,0.97,0.02,1
3945398117,-1.28,-1.08,0.03,0.57,0.4,1
3923241248,-0.66,-0.64,0.09,0.14,0.77,1
3959177911,-1.52,-0.45,0.01,0.97,0.03,1
4005802418,0.32,0.88,0.04,0.85,0.11,1
4125252649,0.82,0.99,0.12,0.38,0.49,1
3990214128,0.54,0.48,0.25,0.15,0.6,2
4285859683,-0.66,-0.71,0.2,0.07,0.73,2
4006668635,-1.12,-1.09,0.06,0.14,0.79,1
3696025079,-0.93,-1.25,0.76,0.02,0.22,0
3828121231,-0.35,-0.84,0.88,0.02,0.1,0
3677288322,-0.81,-0.7,0.05,0.36,0.58,2
3617902736,-0.21,-0.89,0.93,0.01,0.06,0
3500762398,0.52,0.62,0.13,0.28,0.58,2
3930676060,-0.73,-1.05,0.78,0.02,0.19,0
4172354426,-0.42,-1.59,0.98,0.0,0.02,0
3816663925,-1.24,0.95,0.0,1.0,0.0,1
4082162907,0.65,0.16,0.81,0.05,0.13,0
3440014049,-1.21,-1.04,0.04,0.51,0.45,1
3463488686,-1.28,-0.56,0.01,0.91,0.08,1
4272676520,-1.23,-1.17,0.06,0.17,0.77,0
3919297529,0.06,0.02,0.22,0.14,0.64,2
3632442527,-0.33,-1.78,0.99,0.0,0.01,0
4201139957,-0.5,-0.52,0.14,0.1,0.76,2
4141355079,1.3,-0.17,0.98,0.01,0.02,0
3480782243,1.66,-1.3,1.0,0.0,0.0,0
3881187809,0.54,-1.07,0.99,0.0,0.01,0
4222806304,-0.06,0.54,0.03,0.87,0.1,1
3455672858,-0.87,-0.84,0.08,0.14,0.78,2
3627569499,1.55,0.87,0.88,0.04,0.08,0
3928528946,0.35,0.08,0.54,0.1,0.36,2
4082972737,0.29,-0.16,0.82,0.05,0.13,0
3981101588,-0.53,-1.18,0.93,0.01,0.06,0
3978451681,-1.69,0.56,0.0,1.0,0.0,1
4246854744,0.51,-0.34,0.93,0.02,0.05,0
3971398669,0.38,0.4,0.18,0.2,0.62,1
3785290243,-0.82,-0.89,0.21,0.07,0.73,0
3484284044,-0.56,1.13,0.01,0.99,0.01,1
3612029867,-0.62,-0.7,0.28,0.07,0.65,0
4021404739,-1.11,-0.19,0.01,0.95,0.04,1
3830086183,-0.79,-0.71,0.06,0.29,0.65,1
4218747282,1.44,0.98,0.77,0.07,0.16,0
3647565275,-1.23,-0.72,0.02,0.84,0.14,1
4113352990,0.66,0.62,0.23,0.17,0.6,0
3510493795,1.59,0.05,0.98,0.01,0.01,0
3850775612,0.84,-1.54,1.0,0.0,0.0,0
4260318706,0.6,0.03,0.86,0.04,0.1,0
3911296032,-0.93,-0.61,0.03,0.74,0.23,1
3722436192,-0.77,-0.81,0.17,0.07,0.76,0
3558109646,-0.63,-0.56,0.08,0.24,0.69,1
3503886678,-0.2,-0.44,0.62,0.06,0.32,2
3760216111,-1.2,1.03,0.0,1.0,0.0,1
4291367819,-1.08,-0.71,0.02,0.77,0.21,1
3709586737,-0.7,-1.08,0.82,0.02,0.16,0
4281325245,-0.78,-0.82,0.15,0.08,0.77,0
4186489411,0.3,1.63,0.01,0.97,0.02,1
3916480261,-0.27,-0.84,0.9,0.02,0.08,0
4162857843,-1.69,2.55,0.0,1.0,0.0,1
3620761970,-0.57,-1.02,0.87,0.02,0.11,2
3750626655,-0.11,0.68,0.02,0.92,0.06,0
3487398647,-0.76,-0.33,0.03,0.81,0.16,1
4252534482,-1.23,-0.46,0.01,0.93,0.06,1
4153054549,-0.84,-0.82,0.08,0.11,0.81,2
4263561225,0.89,-0.71,0.99,0.0,0.01,0
4015718485,0.29,1.43,0.01,0.96,0.03,1
4066925330,0.03,-1.04,0.97,0.01,0.02,0
3568471936,0.07,-0.48,0.88,0.03,0.09,0
4211116217,3.0,-0.45,1.0,0.0,0.0,0
3907386510,-0.37,0.16,0.03,0.86,0.11,1
3682509003,-1.26,-1.08,0.03,0.52,0.44,1
3789415250,-1.44,-1.49,0.13,0.05,0.82,2
3635268641,-0.87,-0.84,0.08,0.13,0.8,2
3629038675,-0.26,-0.3,0.2,0.1,0.7,2
3533333027,-1.51,-1.76,0.49,0.03,0.48,2
4067980952,-0.04,-0.04,0.17,0.17,0.66,1
3476251044,-1.12,-1.15,0.11,0.07,0.83,2
3755586917,-0.77,-0.86,0.31,0.06,0.63,0
4067924655,-0.89,-0.47,0.03,0.8,0.17,1
3719661386,-0.79,-0.78,0.09,0.11,0.8,2
4280584901,-0.1,-0.54,0.84,0.03,0.12,2
3604674778,-0.61,0.1,0.02,0.91,0.07,1
4128953041,-0.82,-0.75,0.06,0.25,0.69,2
3583886974,-1.44,-0.96,0.02,0.82,0.16,0
3555339826,-0.69,-0.66,0.09,0.15,0.77,2
4124521528,-0.21,2.42,0.0,1.0,0.0,1
3458050348,0.75,0.38,0.69,0.08,0.22,1
4249591092,-0.82,-0.84,0.11,0.08,0.81,2
4221594129,-0.34,-1.25,0.96,0.01,0.03,0
3528124976,-0.02,0.49,0.04,0.83,0.13,1
3932669744,1.4,1.37,0.22,0.15,0.63,0
3872324645,0.97,-0.78,0.99,0.0,0.01,0
3443365547,-1.07,0.4,0.01,0.98,0.01,1
3683480096,1.34,-0.61,0.99,0.0,0.01,0
3983373223,-1.83,-0.37,0.0,0.99,0.01,1
3513085321,1.3,-0.66,0.99,0.0,0.01,0
3688933862,0.01,1.14,0.01,0.96,0.03,1
3829818457,-1.11,-0.49,0.02,0.88,0.1,2
3892409876,-0.86,1.93,0.0,1.0,0.0,1
4207399881,-0.32,-1.09,0.94,0.01,0.05,0
3504681372,-0.82,-0.82,0.09,0.1,0.81,2
3988920895,-0.66,-0.55,0.06,0.37,0.57,1
3936569242,-1.38,0.36,0.0,0.99,0.01,2
4117754350,2.8,0.03,1.0,0.0,0.0,0
3453172904,-0.36,-0.36,0.14,0.12,0.74,1
4285389648,0.07,-0.16,0.55,0.08,0.37,0
3776003117,-1.27,-0.11,0.01,0.97,0.02,1
4259559419,-0.38,-1.44,0.98,0.0,0.02,0
3913344217,0.18,-0.38,0.88,0.03,0.09,0
3780357432,-1.24,0.16,0.01,0.98,0.01,1
3783510835,0.49,0.11,0.71,0.07,0.21,1
3979358353,-0.21,-1.52,0.99,0.0,0.01,0
3495319495,0.86,0.51,0.66,0.09,0.25,0
3626795242,0.59,0.7,0.13,0.3,0.57,2
4234950574,1.88,1.0,0.93,0.03,0.04,1
3930989075,0.43,-0.27,0.9,0.03,0.07,0
4272630913,0.39,-0.03,0.78,0.06,0.16,0
3973186913,-0.87,-0.85,0.08,0.11,0.81,2
3742642618,-1.23,0.46,0.0,0.99,0.01,1
3604756904,-0.25,-0.24,0.14,0.16,0.71,2
3583990853,-0.84,-0.82,0.08,0.12,0.8,2
3725027931,-0.43,0.85,0.01,0.97,0.02,1
3731255387,-0.87,-0.87,0.09,0.09,0.82,2
4013962283,-0.34,-0.29,0.1,0.2,0.69,1
3825190290,-0.71,-0.67,0.08,0.17,0.75,2
3677542270,-0.7,-0.73,0.15,0.08,0.77,2
3707708741,-0.34,0.17,0.03,0.85,0.12,1
3697544388,-1.04,-1.04,0.09,0.09,0.83,2
3693656689,-1.43,-0.97,0.02,0.81,0.17,1
3730145328,-0.18,-1.12,0.96,0.01,0.03,0
4016009979,0.8,1.16,0.07,0.68,0.25,1
3941938532,-1.0,-0.82,0.04,0.54,0.42,1
3592578325,-0.79,-0.86,0.22,0.07,0.71,0
3926018676,-0.89,-0.43,0.02,0.83,0.15,1
3515328738,-0.85,-0.86,0.1,0.08,0.82,2
3879702089,0.04,1.16,0.01,0.96,0.03,1
4161847157,-0.05,-1.05,0.97,0.01,0.03,0
3521831803,-0.3,0.27,0.03,0.87,0.1,1
3988445421,0.52,2.17,0.01,0.99,0.01,1
3682864589,-0.12,-1.5,0.99,0.0,0.01,0
4102737657,-1.44,-1.4,0.06,0.13,0.81,2
3731799708,0.23,0.52,0.07,0.63,0.3,1
3471359008,0.27,-1.0,0.98,0.01,0.02,0
3903888445,0.29,-0.18,0.84,0.04,0.12,0
3495791066,0.75,0.54,0.43,0.13,0.44,1
3685382479,0.56,0.16,0.73,0.07,0.2,0
3660277709,0.89,-0.1,0.94,0.02,0.04,0
3785358548,-1.63,0.08,0.0,0.99,0.01,1
4228994472,-0.95,-0.92,0.07,0.13,0.8,2
4185132007,-0.72,1.27,0.0,0.99,0.0,1
3592028644,-0.86,-0.85,0.09,0.1,0.81,2
3841176439,-0.87,-0.82,0.07,0.18,0.75,1
4060843990,-0.1,0.47,0.03,0.86,0.1,1
3947482337,-0.73,-0.5,0.04,0.63,0.32,1
3529907803,-1.01,-0.65,0.02,0.77,0.21,1
3507945432,0.57,-0.6,0.97,0.01,0.02,0
4185499146,-0.09,-0.24,0.39,0.09,0.52,0
4099631286,0.88,-1.62,1.0,0.0,0.0,0
3692411368,-0.9,-0.93,0.12,0.08,0.81,1
3445778553,-0.95,0.92,0.0,0.99,0.01,1
3617069665,-0.74,0.13,0.01,0.94,0.04,1
4256111360,1.46,-0.84,1.0,0.0,0.0,0
4249231691,0.2,1.24,0.02,0.95,0.03,1
3699813401,-0.82,-0.84,0.12,0.08,0.8,2
3519618882,-0.27,-0.43,0.48,0.07,0.45,2
3831215323,-0.89,-0.9,0.1,0.08,0.82,2
4091209556,0.95,1.08,0.14,0.31,0.55,2
3660150394,-0.87,-0.53,0.03,0.75,0.22,1
4123823913,-0.26,0.82,0.02,0.95,0.03,1
3684376048,-0.77,-0.77,0.09,0.1,0.81,1
4216337905,1.04,0.94,0.29,0.14,0.57,2
3809439544,-0.25,0.52,0.02,0.92,0.06,1
3916269510,-1.64,0.75,0.0,1.0,0.0,1
4145173669,-0.82,-0.84,0.13,0.08,0.79,2
4041986216,-0.6,1.3,0.0,0.99,0.0,1
4167550578,-0.81,-0.82,0.1,0.09,0.81,1
3706756941,0.18,0.22,0.16,0.22,0.62,2
3726833862,-1.4,0.94,0.0,1.0,0.0,1
3904225542,-1.7,0.77,0.0,1.0,0.0,1
3452687019,-0.18,-1.34,0.98,0.0,0.02,0
3936099447,-1.27,-1.27,0.09,0.08,0.84,2
3611667401,-0.65,1.91,0.0,1.0,0.0,1
3502241456,-1.65,0.42,0.0,1.0,0.0,1
3452306533,-0.74,-0.9,0.5,0.05,0.46,0
4251997215,-1.01,-1.07,0.19,0.06,0.75,0
4149503140,-0.25,0.25,0.03,0.84,0.12,1
3682449322,-0.43,0.68,0.01,0.96,0.03,1
3865500373,-0.51,-1.04,0.9,0.01,0.09,0
3818553252,-1.3,1.37,0.0,1.0,0.0,1
4021767421,-0.05,-0.38,0.75,0.05,0.2,0
3756588315,-0.85,-0.88,0.12,0.08,0.8,2
3794412408,-0.79,0.01,0.02,0.93,0.05,1
3638674163,-0.77,-0.76,0.09,0.1,0.81,2
3746686033,0.45,2.5,0.0,0.99,0.0,1
3931825199,-0.78,-0.79,0.11,0.09,0.8,2
4226163107,1.38,-1.45,1.0,0.0,0.0,0
4200906337,-0.52,-1.27,0.95,0.01,0.05,2
3684479279,-1.05,-0.61,0.02,0.81,0.16,2
3488337925,-0.38,-0.58,0.59,0.05,0.36,1
3736337847,1.21,1.09,0.31,0.13,0.56,0
3635770082,-0.26,-0.19,0.1,0.25,0.65,2
3836763001,-0.84,-0.81,0.08,0.13,0.79,2
3824797147,-0.65,-0.65,0.11,0.1,0.79,2
4069464511,-0.57,-0.4,0.05,0.53,0.41,1
3778089808,-0.36,-0.16,0.06,0.57,0.37,1
4193685101,1.97,0.21,0.99,0.01,0.01,0
3492638068,-0.98,1.45,0.0,1.0,0.0,1
4038205525,2.8,0.76,0.99,0.0,0.0,0
3450950155,-0.37,-0.23,0.07,0.43,0.49,1
4133848483,-1.44,1.63,0.0,1.0,0.0,1
4036770933,-0.55,-0.59,0.16,0.08,0.75,2
3554780368,1.52,-0.95,1.0,0.0,0.0,0
4082445992,-0.41,-0.43,0.17,0.1,0.73,2
3678863989,-1.44,-1.2,0.03,0.59,0.38,2
3896523180,-0.23,-0.25,0.17,0.13,0.71,2
4061113429,2.48,0.45,0.99,0.0,0.0,0
3761520487,-0.72,-0.79,0.24,0.07,0.69,2
3502020462,-0.77,-0.77,0.09,0.1,0.81,2
3954944380,-0.82,-0.81,0.09,0.1,0.81,2
4283365726,-1.27,-1.23,0.06,0.12,0.81,2
3563010316,-0.45,-0.71,0.7,0.04,0.26,0
3765170654,-1.62,-0.97,0.01,0.89,0.1,1
3982383555,-0.65,0.57,0.01,0.97,0.02,1
3457468650,-0.8,-0.8,0.09,0.09,0.82,2
3790513417,-0.07,0.7,0.02,0.91,0.06,2
4274170042,0.99,0.65,0.63,0.1,0.27,2
3544068210,-0.59,-1.23,0.93,0.01,0.06,0
4002712599,-0.77,0.02,0.02,0.93,0.05,1
3977287580,-1.24,0.11,0.01,0.98,0.01,1
3452087643,-0.73,-0.73,0.1,0.1,0.81,2
3939207133,-1.71,-0.67,0.01,0.96,0.03,1
3478849651,1.7,2.09,0.07,0.72,0.22,1
3531190810,-0.79,-0.81,0.11,0.08,0.8,2
4025690192,-0.56,-0.57,0.12,0.1,0.78,2
3568039267,-0.88,-0.85,0.08,0.12,0.8,2
3839832482,-1.16,-0.94,0.03,0.62,0.35,2
4158216844,-0.82,-0.82,0.1,0.09,0.81,2
3642278103,-0.46,-0.39,0.09,0.24,0.68,1
4051863306,-0.27,-0.62,0.8,0.03,0.17,2
4002961410,-1.41,0.23,0.0,0.99,0.01,1
3443784754,-0.41,1.41,0.0,0.99,0.01,2
3853841389,0.8,0.67,0.33,0.14,0.54,0
3481428527,-0.81,-0.77,0.07,0.17,0.76,2
3973175497,-0.96,-0.29,0.02,0.9,0.08,1
3990672084,-1.3,-1.44,0.33,0.04,0.63,1
3939156539,-0.35,-0.76,0.84,0.03,0.14,0
3507419812,-0.21,-0.81,0.91,0.02,0.08,0
3759958464,-0.29,2.11,0.0,1.0,0.0,1
3884415755,-0.42,0.74,0.01,0.96,0.02,1
3810499716,-0.34,-1.0,0.93,0.01,0.06,0
3642636659,-0.62,-0.6,0.09,0.14,0.77,2
3978808531,-1.51,-1.23,0.02,0.64,0.34,1
3476907331,-0.75,0.55,0.01,0.97,0.02,1
3694917168,-0.76,-0.77,0.11,0.09,0.81,2
3663980897,0.8,-0.24,0.95,0.02,0.04,0
3797307708,-0.9,0.71,0.01,0.99,0.01,1
3649309032,1.99,-0.7,1.0,0.0,0.0,0
4151780367,0.22,-1.21,0.99,0.0,0.01,0
4201029752,-0.41,-0.61,0.6,0.05,0.35,2
4214265819,-0.18,-0.61,0.84,0.03,0.13,0
3930171451,-0.98,-1.0,0.1,0.08,0.82,0
3656874201,-0.72,-0.76,0.16,0.08,0.77,0
3770774049,0.41,0.97,0.04,0.85,0.11,1
3942483861,-0.8,-0.79,0.09,0.1,0.81,0
4190164448,0.92,1.94,0.01,0.96,0.03,1
3799717723,-0.68,0.34,0.01,0.95,0.03,1
3494493816,0.12,-0.7,0.94,0.01,0.05,0
3492903811,0.7,-0.52,0.97,0.01,0.02,0
4017886266,-1.73,0.21,0.0,0.99,0.0,1
3864908536,-0.44,0.92,0.01,0.97,0.02,1
4138006393,-0.73,-0.72,0.09,0.1,0.8,2
3573659378,-1.7,-0.77,0.01,0.95,0.05,1
3812377411,-0.13,0.19,0.06,0.69,0.25,2
3560859948,-0.53,-0.48,0.09,0.19,0.72,2
3522322998,0.31,0.16,0.35,0.12,0.53,0
3440549694,-0.89,-0.91,0.12,0.08,0.8,2
4153665781,-0.71,0.21,0.01,0.95,0.04,1
3943789733,-0.65,-0.71,0.24,0.07,0.69,2
4045668856,-1.3,-1.27,0.06,0.12,0.82,2
3970538988,0.86,-1.25,1.0,0.0,0.0,0
4044965592,-0.87,-0.92,0.17,0.07,0.76,2
3524775174,-0.35,-1.12,0.95,0.01,0.05,0
3819551605,-0.33,-0.51,0.53,0.06,0.41,2
3724943600,-0.08,-0.13,0.22,0.12,0.66,0
3630824218,-0.82,-0.32,0.02,0.85,0.13,1
3695479953,-0.99,-0.84,0.04,0.46,0.5,2
3568401638,2.73,1.13,0.98,0.01,0.01,0
3636713338,-0.11,-0.36,0.62,0.06,0.32,0
3770507351,-0.74,-0.75,0.11,0.09,0.8,0
4154605379,1.7,-0.52,0.99,0.0,0.0,0
3946319490,0.82,-0.45,0.97,0.01,0.02,0
3610929158,-1.53,-1.74,0.41,0.03,0.56,2
4178090534,-0.81,-0.82,0.1,0.09,0.81,2
3914737402,-1.12,1.7,0.0,1.0,0.0,1
4214893518,-0.82,-0.82,0.09,0.09,0.82,2
4277223851,-0.84,-0.84,0.09,0.09,0.82,2
3793074797,0.27,-0.27,0.86,0.04,0.1,0
3501350777,-1.42,1.27,0.0,1.0,0.0,1
3942607831,-0.06,-0.72,0.92,0.02,0.07,0
3468921230,-0.8,-0.8,0.09,0.09,0.82,2
3717959461,-0.73,1.08,0.0,0.99,0.01,1
3868993576,-0.79,0.91,0.01,0.99,0.01,1
4253543341,-0.84,0.45,0.01,0.97,0.02,1
4116197018,-0.77,-0.8,0.15,0.08,0.77,2
4220495759,-1.27,0.82,0.0,0.99,0.0,1
4000424711,1.55,-1.08,1.0,0.0,0.0,0
3584576347,-0.76,-0.77,0.12,0.08,0.8,2
3528470512,-0.71,-0.87,0.48,0.05,0.47,0
3778770107,-0.47,2.27,0.0,1.0,0.0,1
4041802842,0.82,0.58,0.49,0.12,0.39,2
3826007279,-0.5,-0.74,0.69,0.04,0.27,0
3845333785,-0.82,-0.82,0.1,0.09,0.81,2
3504641339,-0.53,-0.5,0.1,0.16,0.74,2
4022548344,0.28,-0.3,0.88,0.03,0.09,0
3698798798,-0.84,-0.84,0.09,0.09,0.82,2
3959710109,0.62,1.27,0.03,0.89,0.08,2
3587182413,-0.11,-0.02,0.11,0.3,0.59,1
3696499629,-0.8,-0.85,0.18,0.07,0.75,2
4215069194,-0.19,-0.23,0.19,0.12,0.69,2
4176358993,-0.75,-0.59,0.05,0.53,0.42,1
4053718229,1.6,0.15,0.97,0.01,0.02,0
3710679182,-0.82,-0.84,0.12,0.08,0.8,2
3788175356,0.62,0.92,0.08,0.61,0.31,2
3448727812,0.23,1.02,0.02,0.92,0.06,0
3477686908,-0.84,-0.82,0.08,0.11,0.81,2
4196605305,-0.84,-0.79,0.07,0.18,0.75,2
4127375792,-0.75,-0.82,0.25,0.06,0.69,2
3800055899,-0.53,-0.29,0.05,0.64,0.31,1
3842837551,1.78,-1.06,1.0,0.0,0.0,0
3590028618,0.81,0.76,0.25,0.16,0.59,1
3750606520,-1.15,-0.45,0.01,0.91,0.08,1
3489016826,-0.41,-0.38,0.11,0.16,0.73,2
3836131232,-0.71,1.41,0.0,0.99,0.0,1
3469196147,1.73,-0.36,0.99,0.0,0.0,0
3604875598,0.41,1.0,0.04,0.86,0.1,1
3883259074,-0.91,-0.97,0.19,0.06,0.75,2
4240824080,1.13,0.99,0.33,0.13,0.54,2
3688676242,-0.15,-1.88,1.0,0.0,0.0,0
3643195194,-0.79,-0.79,0.09,0.09,0.81,2
4017787669,-0.76,-0.74,0.09,0.12,0.8,2
3707652340,-0.92,-0.91,0.08,0.1,0.82,2
3619384221,2.59,2.8,0.11,0.42,0.47,1
4000549255,-0.06,-1.74,0.99,0.0,0.0,0
4066273229,0.47,-0.4,0.93,0.02,0.05,0
3709798919,-0.7,-0.7,0.1,0.1,0.8,2
3773402284,-1.71,-0.9,0.01,0.93,0.06,1
3878023242,-0.63,-0.51,0.06,0.41,0.53,1
3873721817,0.13,-0.5,0.9,0.02,0.08,0
3641179493,-1.02,0.84,0.0,0.99,0.01,1
4084487286,0.87,-0.27,0.95,0.02,0.03,0
3986712384,-0.86,-0.86,0.09,0.09,0.82,2
3611427909,1.14,-0.33,0.98,0.01,0.02,0
3708759483,-0.56,0.5,0.01,0.96,0.03,1
3822791393,0.48,-0.82,0.98,0.01,0.02,0
3902003502,-0.85,-0.89,0.14,0.07,0.78,0
4284205368,0.0,-1.49,0.99,0.0,0.01,0
4267006161,-0.82,-0.89,0.23,0.06,0.71,2
3616071522,1.21,1.47,0.1,0.53,0.37,1
3697295617,-0.16,-1.2,0.97,0.01,0.02,0
3819861204,-0.67,0.81,0.01,0.98,0.01,1
3616358701,-0.96,0.66,0.01,0.99,0.01,1
4094555127,-0.82,-0.82,0.1,0.09,0.81,1
4294068603,-0.82,1.52,0.0,1.0,0.0,1
3740884877,-1.08,-0.91,0.04,0.52,0.44,0
3540609456,-0.38,1.83,0.0,1.0,0.0,1
3660418010,0.82,0.82,0.2,0.19,0.61,2
4079795737,-1.27,0.2,0.01,0.98,0.01,1
4194365901,1.34,0.41,0.93,0.03,0.05,2
3664130256,0.07,0.38,0.07,0.66,0.27,1
3986510316,1.3,-0.18,0.98,0.01,0.02,0
3933351710,-1.44,2.91,0.0,1.0,0.0,1
3575511295,1.08,0.81,0.52,0.12,0.37,2
3616456059,-0.53,-0.34,0.05,0.58,0.37,2
3920126816,-0.86,-0.87,0.1,0.08,0.82,2
3493294821,-0.77,-0.77,0.1,0.09,0.81,2
4222362831,-0.91,-0.87,0.07,0.16,0.77,0
3568009981,0.06,-0.88,0.96,0.01,0.03,0
4138889838,1.12,0.97,0.35,0.13,0.52,2
3718406458,1.02,1.23,0.11,0.46,0.42,1
3608102841,-0.71,0.03,0.02,0.92,0.06,1
3952354040,-0.58,0.75,0.01,0.97,0.02,1
3720699524,-1.02,-1.0,0.07,0.11,0.81,0
4282315288,-0.8,1.02,0.0,0.99,0.01,1
3987765570,-0.69,-0.68,0.1,0.11,0.8,2
3837863346,0.17,-0.87,0.96,0.01,0.03,0
4222174166,1.0,0.34,0.87,0.04,0.08,0
3778644702,-0.58,-0.49,0.07,0.3,0.63,2
3726167791,-0.17,-0.05,0.09,0.36,0.55,1
3920392478,0.43,-1.69,1.0,0.0,0.0,0
3917639609,-0.05,-1.53,0.99,0.0,0.01,0
3669201990,-0.53,-0.54,0.13,0.1,0.77,2
4251452860,2.56,-0.13,1.0,0.0,0.0,0
3898333673,-0.84,-0.84,0.09,0.09,0.82,2
3755455157,-0.82,-0.82,0.09,0.1,0.81,2
4112400012,-0.54,0.13,0.02,0.9,0.08,1
3454777113,0.19,0.24,0.15,0.23,0.62,2
3906139755,-0.16,1.21,0.01,0.98,0.02,1
3577476750,-0.79,-0.89,0.33,0.06,0.61,2
3602357500,-0.9,-0.93,0.12,0.08,0.81,2
4052820478,0.29,0.1,0.42,0.11,0.47,1
3691999802,-1.26,0.12,0.01,0.98,0.01,1
3721874821,0.89,0.22,0.88,0.04,0.08,0
3580159491,1.44,0.58,0.92,0.03,0.05,0
3452897588,0.61,2.84,0.0,1.0,0.0,1
3957817208,-0.87,-0.75,0.05,0.39,0.56,2
3731895431,-1.34,-1.0,0.02,0.73,0.24,1
3649459701,-0.81,-0.82,0.1,0.09,0.81,2
3824966180,0.48,-1.12,0.99,0.0,0.01,0
3840968684,-0.84,-0.78,0.07,0.19,0.74,2
3456274869,-0.79,-0.85,0.2,0.07,0.73,0
3558176917,0.39,0.25,0.33,0.13,0.54,2
4123270995,-0.77,-0.52,0.04,0.67,0.3,1
3469250179,-1.22,-1.11,0.05,0.33,0.62,0
3572318632,-0.6,2.53,0.0,1.0,0.0,1
3923786288,-0.64,-0.8,0.52,0.05,0.43,2
4127597432,0.68,-0.68,0.98,0.01,0.02,0
3524414252,-0.38,-0.53,0.48,0.06,0.45,2
3671829798,-0.95,-0.96,0.1,0.08,0.82,2
3479149069,-1.26,1.34,0.0,1.0,0.0,1
3738010876,1.32,1.03,0.55,0.11,0.35,1
3875280032,0.28,0.27,0.2,0.18,0.62,1
3878827897,-0.92,-0.65,0.03,0.69,0.28,1
3610729839,-0.57,-0.52,0.08,0.21,0.71,1
4291999244,-0.56,-0.12,0.03,0.83,0.14,1
3813903599,1.98,-0.13,0.99,0.0,0.0,0
3580917196,-0.65,-0.75,0.35,0.06,0.59,0
4231995963,-0.87,-0.75,0.05,0.39,0.56,2
3691166498,-0.82,-0.84,0.11,0.08,0.81,2
3597590373,1.41,-0.08,0.98,0.01,0.01,0
3547127693,1.44,-0.4,0.99,0.0,0.01,0
3710353258,-0.94,0.73,0.0,0.99,0.01,1
4018093826,-0.79,-0.82,0.14,0.08,0.78,2
3583304058,-0.71,0.79,0.01,0.98,0.01,1
4026988128,0.96,0.62,0.62,0.1,0.28,2
3904729503,1.62,-1.25,1.0,0.0,0.0,0
3753391914,-0.77,-0.77,0.1,0.09,0.81,2
3569307669,-0.79,-0.79,0.09,0.09,0.81,2
4058368941,-1.12,2.11,0.0,1.0,0.0,1
4266936872,-0.79,-0.8,0.1,0.09,0.81,2
4039097308,-0.04,1.07,0.01,0.96,0.03,1
3545722668,-0.53,-0.39,0.06,0.45,0.49,1
3603154507,-0.36,-0.92,0.9,0.02,0.08,0
3881571249,-1.35,-1.32,0.06,0.12,0.82,2
4194387370,-0.82,-0.89,0.21,0.07,0.73,2
4025158881,-0.78,-0.77,0.09,0.1,0.81,1
4028972966,1.51,0.13,0.97,0.01,0.02,0
3948002108,-0.74,-0.74,0.1,0.09,0.81,2
4086099926,0.26,0.21,0.23,0.15,0.61,1
3556554586,-0.34,0.03,0.04,0.77,0.19,1
3674047451,1.27,2.25,0.01,0.96,0.03,2
3776147279,-1.0,0.34,0.01,0.98,0.02,1
3899166636,-0.38,-1.06,0.93,0.01,0.06,0
4227422444,-0.03,-0.21,0.46,0.09,0.46,2
3536589467,-0.41,-0.66,0.67,0.04,0.28,0
3755293409,-0.75,-0.72,0.08,0.14,0.78,2
3745457646,-0.61,1.8,0.0,1.0,0.0,1
3772206500,-0.72,-0.84,0.38,0.05,0.57,0
3492097048,-1.23,0.76,0.0,0.99,0.0,1
4033197234,0.2,0.37,0.11,0.41,0.48,1
4293990653,0.01,-0.68,0.92,0.02,0.06,0
3679209343,0.66,-1.16,0.99,0.0,0.0,0
4142742635,-0.96,-0.19,0.01,0.93,0.06,1
3867011965,-1.21,-1.1,0.05,0.33,0.62,1
3517572951,-0.68,-0.42,0.04,0.67,0.29,1
4069772273,-0.36,-0.54,0.55,0.06,0.39,1
3867091752,1.82,-1.15,1.0,0.0,0.0,0
3548505465,-0.16,2.52,0.0,1.0,0.0,1
3910463705,-0.41,1.34,0.0,0.99,0.01,1
4087065530,-1.7,-0.86,0.01,0.93,0.06,1
3541754281,-1.76,-1.01,0.01,0.91,0.08,1
3663474723,-1.71,-0.09,0.0,0.99,0.01,1
4225023243,-0.77,-0.26,0.02,0.85,0.12,1
3850047472,-1.2,-0.16,0.01,0.96,0.03,1
3462539377,-0.04,-0.55,0.88,0.03,0.1,0
3937516019,0.56,1.4,0.02,0.93,0.05,1
3581594347,-0.71,-1.34,0.93,0.01,0.07,0
3500632288,1.71,-1.46,1.0,0.0,0.0,0
4231390741,-1.6,-1.12,0.01,0.81,0.18,1
3544620499,0.5,1.41,0.02,0.94,0.04,1
3884823978,-0.81,-0.77,0.08,0.15,0.77,1
3524017674,-0.91,-0.74,0.04,0.54,0.42,2
3669026635,-0.98,0.2,0.01,0.97,0.02,1
4033334160,-0.85,-0.89,0.14,0.07,0.78,2
3578893481,-1.73,0.13,0.0,0.99,0.0,1
4171879266,-0.84,-0.84,0.09,0.09,0.82,2
3530131300,-1.16,-0.33,0.01,0.94,0.05,1
3488285829,2.36,2.34,0.2,0.14,0.66,2
4263591872,-0.93,2.45,0.0,1.0,0.0,1
4198855286,-0.08,-0.09,0.18,0.15,0.67,2
3532214558,-1.45,0.99,0.0,1.0,0.0,1
3894215666,-0.77,-0.7,0.07,0.23,0.7,2
3772396767,-0.3,-0.11,0.07,0.55,0.38,2
4092222587,-2.05,-0.47,0.0,0.99,0.01,1
4160326571,-0.58,-0.57,0.1,0.11,0.78,1
3965194531,-0.64,-0.77,0.45,0.05,0.5,0
3565181602,0.91,-0.06,0.93,0.02,0.04,0
4249815004,1.5,-1.39,1.0,0.0,0.0,0
3981197503,-1.01,1.06,0.0,0.99,0.0,2
3983796591,0.91,-0.76,0.99,0.0,0.01,0
3744513562,-0.86,-0.87,0.1,0.08,0.82,0
3933361704,0.05,-0.36,0.82,0.04,0.14,0
4254163601,-0.85,-0.84,0.08,0.11,0.8,2
3807031957,-0.66,-0.66,0.1,0.1,0.8,2
4144166469,-1.07,0.57,0.0,0.99,0.01,1
3883053766,-0.82,-1.2,0.82,0.02,0.16,0
4009851880,1.2,-0.0,0.96,0.02,0.03,0
4154950014,-1.6,-1.25,0.02,0.71,0.27,1
3815027373,-0.64,-0.66,0.15,0.08,0.77,2
4126281991,-0.66,-0.55,0.06,0.34,0.59,2
4054127885,-0.84,-0.84,0.09,0.09,0.82,2
3708108737,-0.61,1.28,0.0,0.99,0.0,1
3496910032,-0.43,-0.53,0.37,0.07,0.56,2
4240290277,0.94,2.56,0.0,0.99,0.01,1
4065135259,-0.56,-0.01,0.03,0.87,0.1,1
3854613101,-0.04,-0.56,0.88,0.03,0.1,0
3989086694,-0.49,-0.55,0.26,0.08,0.66,0
3963304115,-0.12,0.27,0.05,0.75,0.2,0
3715654751,-0.74,-0.68,0.07,0.22,0.71,2
3999999343,2.39,-1.34,1.0,0.0,0.0,0
4205475972,0.13,-1.04,0.98,0.01,0.02,0
3481200351,-0.76,0.44,0.01,0.97,0.02,1
4203049462,0.05,-0.22,0.63,0.07,0.3,0
3694095504,-0.81,-0.84,0.15,0.07,0.78,2
3968790027,-0.72,-0.73,0.11,0.09,0.8,2
3720006109,-0.67,-0.61,0.07,0.23,0.69,1
3744303549,1.98,-1.18,1.0,0.0,0.0,0
4194615553,-0.95,-0.54,0.02,0.81,0.17,1
4178409811,-0.78,-0.81,0.14,0.08,0.79,2
4243946394,2.25,-0.78,1.0,0.0,0.0,0
4292709507,0.6,2.34,0.0,0.99,0.01,1
3984372147,-1.15,-1.41,0.63,0.03,0.35,0
4148660315,1.12,-0.31,0.97,0.01,0.02,0
3692845304,1.96,0.11,0.99,0.01,0.01,0
4294602932,0.14,2.25,0.0,1.0,0.0,1
3796188258,-0.39,0.23,0.03,0.88,0.09,1
4118946065,-0.06,-0.28,0.55,0.07,0.38,2
4024341376,-0.18,-1.08,0.96,0.01,0.03,0
4208094018,0.66,-0.41,0.95,0.01,0.03,0
3819089277,0.73,1.26,0.04,0.83,0.13,1
3667253889,0.34,0.45,0.13,0.29,0.58,1
4071963515,0.41,-0.88,0.98,0.01,0.02,0
3563641451,1.23,-1.66,1.0,0.0,0.0,0
3648650693,2.78,-0.65,1.0,0.0,0.0,0
4012279407,-0.81,-0.8,0.09,0.1,0.81,2
3876937164,-1.02,-0.81,0.03,0.6,0.36,1
4023978273,0.17,-0.54,0.92,0.02,0.06,0
3612570477,1.48,1.82,0.08,0.64,0.28,2
3857774731,-0.84,1.08,0.0,0.99,0.0,1
3604848087,0.68,0.08,0.86,0.04,0.09,1
3487586635,-1.65,2.28,0.0,1.0,0.0,1
3868385818,-0.18,1.46,0.01,0.99,0.01,1
4188095022,-1.03,-0.55,0.02,0.83,0.15,1
3842344338,1.75,2.17,0.06,0.74,0.2,2
3449337843,-1.22,0.75,0.0,0.99,0.0,1
4231575331,-0.5,-0.52,0.14,0.1,0.76,2
3608426223,-0.08,-1.45,0.99,0.0,0.01,0
3882367146,-0.89,0.87,0.0,0.99,0.01,1
3684280330,-0.45,-0.63,0.56,0.05,0.39,0
4012187058,-0.21,-0.1,0.1,0.32,0.59,0
3994457159,-0.5,-0.51,0.13,0.1,0.77,2
3908700665,-0.86,-0.92,0.19,0.07,0.74,2
3828921671,-0.79,-0.79,0.09,0.09,0.81,2
3774908221,-0.5,-0.76,0.72,0.04,0.24,0
4124992462,0.71,-1.39,1.0,0.0,0.0,0
4077124495,-0.78,-0.77,0.09,0.1,0.81,2
3813970625,-0.11,-0.43,0.74,0.05,0.21,0
4106838621,-0.82,-0.81,0.09,0.1,0.81,2
3519001366,-0.1,1.2,0.01,0.97,0.02,1
3729656827,0.34,0.29,0.23,0.16,0.61,0
3620464025,-0.8,-0.79,0.09,0.1,0.81,2
3783104098,-0.81,-0.84,0.13,0.08,0.79,2
3651508507,0.56,-1.28,0.99,0.0,0.0,0
4035783812,-0.76,0.84,0.01,0.98,0.01,2
3864427719,-0.22,-0.1,0.09,0.35,0.56,1
4206857843,-1.05,-1.01,0.06,0.16,0.77,1
3550058200,-0.68,-0.1,0.02,0.88,0.1,1
4165613284,-0.84,-0.81,0.08,0.13,0.79,2
4063173127,-0.85,-0.81,0.07,0.17,0.76,1
4252780540,-0.8,0.97,0.0,0.99,0.01,1
4148235796,0.21,-0.08,0.62,0.08,0.3,2
3490043441,1.22,-1.05,1.0,0.0,0.0,0
4041395609,-1.4,-1.48,0.19,0.05,0.76,2
3998876102,-0.82,-0.89,0.21,0.07,0.73,0
4100115352,-1.9,1.12,0.0,1.0,0.0,1
4051013480,-0.8,-0.84,0.15,0.07,0.78,2
4241325093,1.53,-0.95,1.0,0.0,0.0,0
4139914835,-1.04,-0.66,0.02,0.78,0.19,1
4236828450,0.7,-0.5,0.97,0.01,0.02,0
3746868648,-0.86,-0.84,0.08,0.11,0.81,2
3729837682,-0.84,-0.82,0.08,0.13,0.79,0
4180289171,0.36,0.45,0.13,0.27,0.6,2
3576327563,-0.68,-0.43,0.04,0.66,0.3,1
4160567278,1.02,1.79,0.02,0.92,0.06,1
3764668563,0.5,2.36,0.0,0.99,0.0,1
3715928276,-0.63,-0.77,0.47,0.05,0.48,0
3909932312,-0.69,-0.64,0.08,0.19,0.73,2
3553571464,-0.98,0.64,0.01,0.99,0.01,1
3637084588,-1.51,-1.45,0.05,0.17,0.78,2
3806746755,-0.89,0.7,0.01,0.98,0.01,1
3711196880,-0.87,-1.59,0.94,0.01,0.05,0
4293094431,-0.91,1.38,0.0,1.0,0.0,1
4245742064,0.37,-0.28,0.89,0.03,0.08,0
3753571831,-0.84,-0.94,0.3,0.06,0.65,2
3540787583,-0.34,-1.21,0.96,0.01,0.03,0
3482163316,0.29,1.12,0.02,0.93,0.05,1
4219506837,-0.84,-0.85,0.1,0.09,0.81,2
3598095339,-0.54,-0.94,0.84,0.02,0.14,2
3914068010,0.28,-0.84,0.97,0.01,0.02,0
3703119501,-1.5,-0.79,0.01,0.91,0.08,1
3451156068,-1.11,-0.99,0.05,0.38,0.58,2
4014554115,-0.63,-0.66,0.17,0.08,0.75,2
3531846119,0.73,-0.32,0.95,0.02,0.04,0
3472881679,1.13,-0.16,0.97,0.01,0.02,0
4024996249,-0.47,-0.38,0.08,0.29,0.63,0
3677242851,1.55,-0.39,0.99,0.0,0.01,0
3618089237,2.05,1.39,0.89,0.04,0.07,0
4230647450,0.21,-0.63,0.94,0.02,0.05,0
4105246080,-1.76,-0.02,0.0,0.99,0.01,1
3623148314,-1.13,-1.3,0.42,0.04,0.54,0
4244151675,-0.87,-0.84,0.08,0.14,0.78,1
3860919272,-0.61,0.72,0.01,0.97,0.02,1
3508138536,-0.62,-0.71,0.33,0.06,0.61,1
3959956856,0.57,-1.81,1.0,0.0,0.0,0
4293918673,-0.85,-0.87,0.11,0.08,0.81,2
4257730913,-1.34,-1.27,0.05,0.22,0.73,2
3906900958,0.76,1.36,0.03,0.87,0.1,1
3665359811,-0.39,-0.69,0.76,0.04,0.21,0
3946481149,-1.43,0.36,0.0,0.99,0.01,1
3463137729,-0.12,-0.66,0.89,0.02,0.09,0
3972736471,-0.82,-0.84,0.12,0.08,0.8,2
4017281056,-0.8,-0.84,0.15,0.07,0.78,2
3802464503,-1.42,-1.08,0.02,0.73,0.25,2
3873453207,-0.81,-0.73,0.06,0.26,0.68,1
3953104317,-0.57,-0.54,0.1,0.14,0.76,1
3796377542,0.8,-0.35,0.96,0.01,0.03,0
3639157025,-1.12,-0.94,0.04,0.54,0.42,1
4271230859,-0.9,1.16,0.0,0.99,0.0,1
4005468679,-0.02,-0.48,0.85,0.03,0.11,0
3979205518,-0.77,0.01,0.02,0.93,0.06,2
3703216286,-1.5,1.23,0.0,1.0,0.0,1
4029464228,-0.85,-0.46,0.03,0.8,0.18,1
3554291004,-0.45,-1.7,0.99,0.0,0.01,0
3756896983,0.57,-0.13,0.89,0.03,0.07,0
4069810402,-0.61,-1.35,0.95,0.01,0.05,0
3841281134,1.52,-1.16,1.0,0.0,0.0,0
4249061273,0.48,0.5,0.18,0.2,0.62,0
3475067443,-1.7,-0.69,0.01,0.96,0.04,1
3957833942,-0.66,-1.53,0.96,0.0,0.03,0
3806194791,-0.55,0.96,0.01,0.98,0.01,1
3913134254,-0.8,-0.77,0.08,0.14,0.78,2
3869983990,2.08,-0.16,0.99,0.0,0.0,0
4231776347,-0.95,-0.82,0.05,0.42,0.54,2
3941339810,-1.05,-0.48,0.02,0.87,0.11,2
4054528390,-1.27,-0.2,0.01,0.96,0.03,1
3963538285,-0.79,-0.77,0.08,0.12,0.79,2
4215952705,-0.46,-1.66,0.98,0.0,0.01,0
4267665021,0.95,2.3,0.01,0.98,0.01,1
3780547297,-0.65,0.02,0.02,0.9,0.08,1
4046213780,-0.55,-0.61,0.21,0.08,0.71,2
3836085068,-0.87,-0.85,0.08,0.11,0.81,0
3608274908,-0.05,-0.25,0.51,0.08,0.42,0
3559404974,1.16,-0.77,0.99,0.0,0.01,0
4084335541,-1.31,0.6,0.0,0.99,0.0,1
3725726453,-1.09,0.57,0.0,0.99,0.01,1
4201958783,0.23,-0.84,0.97,0.01,0.03,0
3734218942,0.12,-0.69,0.94,0.01,0.05,0
3672177816,0.05,-0.04,0.27,0.12,0.62,1
3680721070,-0.76,-0.73,0.08,0.14,0.78,2
4040576313,-0.87,-0.9,0.14,0.07,0.79,2
3719525923,-1.2,-0.88,0.02,0.73,0.25,1
3672827485,-0.88,-0.16,0.02,0.92,0.07,1
4128761484,-0.4,-0.41,0.14,0.11,0.75,2
4102024572,-0.77,-0.82,0.17,0.07,0.76,2
4284678321,-1.09,-0.89,0.03,0.59,0.38,1
4042362085,-0.49,-0.47,0.11,0.13,0.76,2
3530177185,-0.9,2.2,0.0,1.0,0.0,1
4066251065,-1.12,-1.27,0.37,0.04,0.58,2
3715837998,1.2,-1.69,1.0,0.0,0.0,0
3631681268,0.37,-0.22,0.88,0.03,0.09,0
3563728459,-0.55,-0.65,0.34,0.07,0.6,2
4099097746,0.24,-0.48,0.91,0.02,0.06,2
3982463491,-0.84,-0.82,0.08,0.11,0.81,2
4278983238,-0.61,-0.93,0.78,0.03,0.19,0
3619798446,2.3,-1.67,1.0,0.0,0.0,0
3546601688,-0.49,1.17,0.01,0.99,0.01,1
3730777287,-0.69,-0.73,0.18,0.07,0.75,0
3894947803,-0.69,-0.59,0.06,0.34,0.6,1
3639935329,-0.84,-0.82,0.08,0.12,0.8,2
3500727212,-1.39,0.55,0.0,0.99,0.0,1
3660749794,0.13,0.26,0.11,0.38,0.51,0
4050344002,0.26,-1.84,1.0,0.0,0.0,0
3447801020,0.68,0.87,0.12,0.42,0.47,2
3624413023,-0.61,-0.61,0.11,0.1,0.79,2
4087357623,-0.05,0.44,0.04,0.82,0.14,1
3902976486,0.26,-1.03,0.98,0.0,0.01,0
4059085234,-0.68,-0.97,0.75,0.03,0.22,0
4075426844,-0.35,-0.45,0.35,0.08,0.57,2
3715692368,-1.5,0.89,0.0,1.0,0.0,1
4100873686,-0.84,-0.82,0.08,0.12,0.8,2
4156246813,-1.59,-0.91,0.01,0.9,0.09,1
3739993851,-0.81,-0.69,0.05,0.4,0.55,2
3756628684,-0.02,-0.88,0.95,0.01,0.04,0
3611879608,-0.87,-0.88,0.1,0.08,0.82,2
3980724763,-0.82,-0.78,0.07,0.17,0.76,2
4053754921,-1.62,1.2,0.0,1.0,0.0,1
3840579676,-1.65,0.54,0.0,1.0,0.0,1
3956955543,-0.84,-0.82,0.08,0.11,0.81,2
3648346541,-1.3,0.49,0.0,0.99,0.01,1
3649302637,-0.96,-0.1,0.01,0.94,0.05,1
3532280540,0.99,-1.4,1.0,0.0,0.0,0
4231384754,-0.76,-0.71,0.08,0.17,0.75,0
4200662971,-1.31,-1.3,0.07,0.09,0.84,1
3870079612,0.09,-0.13,0.5,0.09,0.42,1
3800649211,-1.26,1.23,0.0,1.0,0.0,1
3872042871,-0.93,0.58,0.01,0.98,0.01,1
4030075439,-0.2,0.07,0.06,0.64,0.3,1
3452641074,-0.77,-0.18,0.02,0.88,0.1,1
3795035110,-0.66,-0.58,0.07,0.27,0.66,1
4074652656,-1.01,-0.82,0.04,0.56,0.4,1
4120734066,-0.85,-0.82,0.08,0.13,0.79,2
4288828318,-0.39,1.02,0.01,0.98,0.01,1
4008825945,-1.26,0.43,0.0,0.99,0.01,1
3905187083,-0.65,1.35,0.0,0.99,0.0,1
3479712123,-1.11,-0.59,0.02,0.85,0.13,1
3851880093,-0.35,0.5,0.02,0.93,0.05,1
4242444282,1.56,-1.44,1.0,0.0,0.0,0
3858166753,-1.3,-1.59,0.64,0.02,0.34,2
3981940182,1.93,1.7,0.47,0.09,0.44,0
3872376914,0.31,1.02,0.03,0.91,0.07,2
3482979953,-0.32,-1.45,0.98,0.0,0.02,0
3602360423,-0.44,-1.05,0.92,0.01,0.07,0
3503486846,1.09,-1.4,1.0,0.0,0.0,0
4102918499,-0.84,-0.84,0.09,0.09,0.82,2
3729428194,0.31,1.91,0.01,0.99,0.01,1
3822532431,-0.54,-1.23,0.94,0.01,0.05,0
3905798894,-0.07,-0.68,0.9,0.02,0.08,0
4018342662,0.12,0.04,0.25,0.13,0.62,2
3739042517,-0.23,0.89,0.01,0.96,0.03,1
3750126352,-1.04,1.01,0.0,0.99,0.0,1
3483324683,-0.51,0.36,0.02,0.94,0.05,1
4259207233,0.11,0.14,0.17,0.2,0.63,2
4152892528,-1.02,-0.57,0.02,0.82,0.16,1
3594849932,-0.84,-0.71,0.05,0.4,0.55,2
3942983338,-0.06,-0.11,0.22,0.12,0.66,2
3747898670,-0.72,-0.71,0.09,0.1,0.8,2
3872229174,-0.47,-0.46,0.12,0.12,0.76,2
3771704468,1.41,-1.72,1.0,0.0,0.0,0
3727498441,-0.84,-0.77,0.06,0.24,0.7,2
3785935973,1.04,0.16,0.92,0.03,0.05,0
3843791569,-0.66,-0.72,0.24,0.07,0.69,2
3833502374,-0.4,-0.42,0.16,0.1,0.74,2
3477017877,1.07,1.03,0.24,0.16,0.6,2
3848289028,-1.16,-1.11,0.06,0.17,0.77,0
4091912992,-1.03,-0.98,0.06,0.17,0.76,1
4095827278,0.14,-0.82,0.96,0.01,0.03,0
4294947231,-0.66,-0.75,0.33,0.06,0.61,0
3449874772,0.01,0.48,0.04,0.81,0.15,1
3451690618,-1.46,2.17,0.0,1.0,0.0,1
3499394624,0.09,0.85,0.03,0.91,0.06,1
3590177515,1.78,-1.06,1.0,0.0,0.0,0
3471697663,1.91,2.72,0.02,0.94,0.04,1
3487951344,-0.75,-0.76,0.11,0.09,0.8,2
3764162314,0.92,0.84,0.28,0.15,0.57,0
3681122136,-1.26,-0.01,0.01,0.98,0.02,1
3608229249,-1.35,1.23,0.0,1.0,0.0,1
3493150307,-0.84,-0.78,0.07,0.19,0.74,2
3502956208,0.07,-1.28,0.99,0.0,0.01,0
4003870179,-0.85,-0.13,0.02,0.92,0.07,1
4219016194,-0.53,0.75,0.01,0.97,0.02,1
4159678504,2.23,2.36,0.13,0.29,0.58,2
3891558726,-0.84,0.68,0.01,0.98,0.01,1
3759864416,-0.18,-0.67,0.87,0.02,0.1,0
3533862797,1.8,0.21,0.98,0.01,0.01,0
3465875882,0.4,-0.16,0.86,0.04,0.1,0
3837095728,-0.16,-0.03,0.09,0.38,0.52,0
3589720584,-1.22,-1.87,0.93,0.0,0.07,0
3772975709,-0.91,-1.0,0.26,0.06,0.68,0
3572993153,0.01,-0.2,0.5,0.08,0.42,2
3744385158,-0.8,-0.79,0.09,0.1,0.81,2
3805356928,-1.67,-1.72,0.1,0.05,0.85,2
3467212698,-0.71,-0.4,0.04,0.73,0.23,0
3602670452,-0.39,0.84,0.01,0.97,0.02,1
3534292641,1.49,-1.07,1.0,0.0,0.0,0
4182804422,-0.61,-0.77,0.53,0.05,0.42,2
3605154553,0.13,-1.2,0.98,0.0,0.01,0
3837211640,0.41,-0.12,0.85,0.04,0.11,0
4211973456,-0.51,-0.56,0.22,0.08,0.7,0
4287998773,1.05,-0.65,0.99,0.0,0.01,0
4041561419,-1.31,-1.34,0.1,0.07,0.83,2
3569831397,-1.28,0.54,0.0,0.99,0.01,1
3739733933,0.3,-1.05,0.98,0.0,0.01,0
4181116519,-1.05,-0.76,0.03,0.72,0.26,1
3531039728,0.55,0.5,0.24,0.15,0.6,2
4173425439,-0.44,-0.25,0.06,0.57,0.37,1
3880531358,-0.77,-1.05,0.74,0.03,0.23,0
4046946008,-0.32,-0.54,0.62,0.05,0.33,0
4253954230,-1.23,2.02,0.0,1.0,0.0,1
4179290343,-1.6,-0.63,0.01,0.95,0.04,1
3950733306,-0.29,2.25,0.0,1.0,0.0,1
4102514202,-0.5,-0.52,0.14,0.1,0.76,0
3876177323,-0.31,2.72,0.0,1.0,0.0,1
3626766086,1.48,-1.15,1.0,0.0,0.0,0
3664479297,-0.93,0.43,0.01,0.98,0.02,1
3648723080,-0.02,-0.2,0.45,0.09,0.46,0
3779292734,2.17,0.04,0.99,0.0,0.0,0
3578901439,0.49,0.45,0.23,0.16,0.61,2
3971456077,0.62,0.95,0.07,0.66,0.27,1
3566985137,-0.78,-0.33,0.03,0.82,0.15,1
3487668313,-0.61,2.12,0.0,1.0,0.0,1
4135911914,0.81,1.83,0.01,0.96,0.03,1
3590583605,-0.76,-0.74,0.09,0.12,0.8,2
3557246638,0.0,0.69,0.03,0.9,0.08,2
4068626656,-0.82,-0.82,0.09,0.09,0.82,2
3838880084,-0.64,-1.16,0.9,0.01,0.09,0
3865766737,-0.84,-0.92,0.26,0.06,0.68,2
3568682616,-0.86,-1.14,0.72,0.03,0.25,2
3963594982,-0.08,-1.36,0.98,0.0,0.01,0
3522661534,-1.17,-1.2,0.1,0.07,0.83,2
4186489337,0.57,0.87,0.08,0.62,0.3,2
3802729246,-1.26,1.2,0.0,1.0,0.0,1
3962318813,-1.12,-0.76,0.02,0.77,0.21,2
3480299447,2.02,0.59,0.97,0.01,0.02,0
3467393478,-1.24,0.73,0.0,0.99,0.0,1
3541395657,-0.77,-0.78,0.1,0.09,0.81,2
4012297893,1.48,-0.91,1.0,0.0,0.0,0
3758945933,-1.54,1.22,0.0,1.0,0.0,1
3650367041,-0.97,-0.16,0.01,0.93,0.05,1
4002855601,0.98,-0.56,0.98,0.01,0.01,0
3593319069,-0.04,-1.2,0.98,0.0,0.02,0
3587126359,2.03,-0.35,1.0,0.0,0.0,0
4097565880,-0.84,-0.92,0.24,0.06,0.7,2
4208358725,-1.83,1.44,0.0,1.0,0.0,1
4243204289,-0.62,1.73,0.0,1.0,0.0,1
3722575419,0.08,0.27,0.1,0.47,0.44,1
3884642925,0.11,-1.12,0.98,0.0,0.02,0
3926109552,1.65,-0.27,0.99,0.0,0.01,0
4068113258,-0.84,-0.84,0.09,0.1,0.81,2
3587136464,-1.42,-1.43,0.08,0.07,0.84,1
4023940727,-1.11,-1.07,0.06,0.14,0.79,2
4149651911,0.19,-0.63,0.94,0.02,0.05,0
3959665874,-0.27,1.66,0.0,0.99,0.0,1
4132997135,-0.33,-0.77,0.85,0.02,0.12,0
4174491416,0.08,-0.29,0.77,0.05,0.18,0
4278584980,-0.14,-0.03,0.1,0.32,0.58,0
3579579968,1.45,-0.46,0.99,0.0,0.01,0
3574302018,-0.56,-0.54,0.1,0.13,0.77,2
3620331924,-0.71,-0.76,0.19,0.07,0.74,2
3497560987,1.7,0.03,0.98,0.01,0.01,0
3696778961,-0.78,-0.71,0.06,0.25,0.68,2
4206692298,-0.74,-0.76,0.12,0.08,0.8,2
3878377780,1.42,-0.72,0.99,0.0,0.0,0
4264293918,-0.8,-0.79,0.09,0.1,0.81,2
4230005877,-0.0,2.33,0.0,1.0,0.0,1
3734562104,-0.37,-1.22,0.96,0.01,0.04,1
4283417150,-1.76,-1.62,0.03,0.33,0.63,2
3665795964,-0.38,1.68,0.0,0.99,0.0,1
3876575346,-0.84,-0.81,0.08,0.13,0.79,2
3658318160,0.85,2.69,0.0,0.99,0.0,1
3738387519,-0.89,-0.86,0.08,0.13,0.79,1
3968003833,-0.72,-0.71,0.09,0.1,0.8,2
3736995727,-0.84,-0.82,0.08,0.12,0.8,2
3664714481,-1.7,0.57,0.0,1.0,0.0,1
4030579381,-1.27,-1.02,0.03,0.63,0.34,2
3702184878,-1.14,-1.05,0.05,0.26,0.69,0
3585657908,-0.99,-0.85,0.04,0.44,0.52,2
3679535066,-0.23,-0.47,0.63,0.06,0.31,1
3529995675,-0.59,0.71,0.01,0.97,0.02,1
4121163290,-0.29,-0.26,0.13,0.16,0.71,2
3522969926,1.76,0.41,0.97,0.01,0.02,0
3679087670,-0.76,-0.8,0.17,0.07,0.76,2
3629811372,0.46,1.56,0.01,0.96,0.03,1
3988765144,-0.12,0.04,0.09,0.43,0.48,1
3648355199,-0.25,-0.17,0.1,0.27,0.63,1
4207644382,-0.47,-1.27,0.95,0.01,0.04,0
3740295668,-1.34,0.6,0.0,0.99,0.0,1
3582416036,0.3,1.4,0.01,0.96,0.03,1
4293704939,0.17,0.18,0.18,0.19,0.63,1
4038403069,-1.05,1.2,0.0,1.0,0.0,1
4269432262,-0.84,-0.77,0.07,0.21,0.72,2
4195418175,0.49,0.6,0.13,0.29,0.58,2
3493858778,-0.54,0.61,0.01,0.96,0.03,1
4035494350,0.7,-0.54,0.97,0.01,0.02,0
3864979662,-1.7,0.58,0.0,1.0,0.0,1
4165049322,1.35,-1.43,1.0,0.0,0.0,0
3855181334,-0.06,-0.66,0.9,0.02,0.08,0
3463439858,-0.74,-0.69,0.07,0.2,0.73,2
3466613761,-0.81,-0.32,0.02,0.84,0.13,0
4278892891,0.24,-0.05,0.61,0.08,0.31,2
3785435377,-0.55,-0.6,0.19,0.08,0.73,2
4041819482,0.43,0.46,0.18,0.21,0.62,1
3682119430,0.34,0.65,0.07,0.64,0.28,1
4058763114,0.17,-0.77,0.95,0.01,0.04,0
4053213331,0.45,1.27,0.02,0.93,0.05,1
3928110728,-0.78,-1.0,0.62,0.04,0.34,0
4105424726,0.7,-1.52,1.0,0.0,0.0,0
4005699514,-0.77,-0.78,0.1,0.09,0.81,2
3501790610,-0.74,-0.75,0.11,0.09,0.8,2
4097165609,-0.36,-0.56,0.6,0.05,0.35,0
3785846027,-1.22,-0.9,0.02,0.72,0.25,1
3895549203,-0.74,-0.71,0.08,0.14,0.78,2
4071399303,-1.44,-1.23,0.03,0.55,0.42,2
3511150690,0.49,1.65,0.01,0.96,0.02,1
4213558167,-0.76,-0.74,0.09,0.12,0.8,2
3964704857,0.96,1.2,0.11,0.49,0.4,1
3466195535,-1.74,-0.43,0.0,0.98,0.02,1
3713445172,0.87,2.28,0.01,0.98,0.01,1
3482891727,-0.47,0.89,0.01,0.97,0.02,1
4266236042,2.47,-0.88,1.0,0.0,0.0,0
4100552897,-0.66,-0.78,0.42,0.05,0.53,0
3960329689,-1.31,1.21,0.0,1.0,0.0,1
3473057051,-0.5,-0.39,0.07,0.35,0.58,2
3906492400,-0.99,0.62,0.01,0.99,0.01,1
3865915001,1.85,-0.58,1.0,0.0,0.0,0
3671358218,-1.54,-1.71,0.33,0.03,0.63,2
4152346354,1.49,0.69,0.91,0.03,0.06,0
3842001935,-1.12,-0.27,0.01,0.94,0.05,1
3626739453,-0.67,-0.54,0.05,0.45,0.49,1
3476038138,1.2,0.16,0.94,0.02,0.04,0
3627082998,-0.22,0.95,0.01,0.96,0.02,1
3718532247,-0.2,-1.41,0.98,0.0,0.01,0
3972159059,0.11,0.41,0.07,0.65,0.28,1
4247868851,-0.19,-0.27,0.27,0.1,0.64,2
4097384790,1.75,-0.46,0.99,0.0,0.0,0
3608074206,-0.28,-1.22,0.96,0.01,0.03,0
3703288612,-1.25,-1.27,0.09,0.07,0.84,2
3717199921,-0.71,-0.71,0.11,0.09,0.8,2
3518028005,0.39,2.53,0.0,1.0,0.0,1
3771316582,-0.87,-1.03,0.49,0.04,0.47,0
3519668301,0.34,0.3,0.23,0.16,0.61,1
3683036709,-0.6,-0.61,0.12,0.1,0.78,2
4103949290,1.35,-1.13,1.0,0.0,0.0,0
4081786027,1.92,1.11,0.92,0.03,0.05,0
3804867283,-1.44,-1.25,0.03,0.5,0.46,1
3447695921,0.35,-0.98,0.98,0.0,0.01,0
3929023843,-0.71,-0.77,0.19,0.07,0.74,2
3982951853,-1.27,-1.41,0.34,0.04,0.62,0
3646868117,-0.44,-0.56,0.42,0.07,0.52,2
4223410220,-0.9,-0.84,0.06,0.22,0.71,2
3912795143,-1.32,1.8,0.0,1.0,0.0,1
3783111386,-1.03,-0.71,0.03,0.74,0.24,1
4006990848,1.01,-2.06,1.0,0.0,0.0,0
4219003246,-0.47,0.1,0.03,0.87,0.1,1
3790616720,-1.2,-0.5,0.01,0.91,0.08,1
4203215347,1.41,-1.76,1.0,0.0,0.0,0
3686301853,-0.42,-1.31,0.96,0.01,0.03,0
4149895746,-1.58,-1.54,0.06,0.12,0.82,2
3724484784,-0.89,-0.89,0.09,0.09,0.82,2
4142528753,-0.84,-0.84,0.09,0.09,0.82,2
4013752355,-0.86,-0.85,0.09,0.1,0.81,2
3597268955,0.49,-0.42,0.94,0.02,0.04,0
3934794677,-0.84,-0.82,0.08,0.12,0.8,2
4190092214,-1.28,-1.02,0.03,0.65,0.32,1
3965208933,0.34,0.04,0.6,0.09,0.32,0
4219126153,0.66,-0.24,0.93,0.02,0.05,0
3852621599,1.55,-1.15,1.0,0.0,0.0,0
4075592658,0.28,-0.66,0.95,0.01,0.04,0
3684040589,-1.16,1.01,0.0,1.0,0.0,1
3803457080,1.06,1.2,0.13,0.32,0.54,0
3530110386,-0.92,-0.89,0.08,0.12,0.8,2
3875751971,0.85,-1.66,1.0,0.0,0.0,0
4180442451,0.21,0.25,0.17,0.21,0.62,0
3644644223,-0.25,-0.81,0.9,0.02,0.09,0
4246199688,-0.17,-0.41,0.62,0.06,0.32,0
4137915882,-0.61,1.36,0.0,0.99,0.0,1
3803393913,-0.89,-0.9,0.11,0.08,0.81,1
3927121071,-1.41,-1.34,0.05,0.22,0.73,2
4086183252,1.02,0.41,0.86,0.05,0.1,0
3547929942,-0.85,-0.84,0.09,0.1,0.81,2
3548295169,-0.68,-0.61,0.07,0.23,0.69,2
3882741913,-0.84,-1.91,0.98,0.0,0.02,0
3869284113,-1.64,-1.65,0.07,0.07,0.85,2
3569771913,-0.84,-0.82,0.08,0.13,0.79,2
3439115906,-0.37,-0.47,0.35,0.08,0.57,0
3567500711,-1.81,0.61,0.0,1.0,0.0,1
3935574033,-0.91,-0.91,0.09,0.09,0.82,2
4104783814,-1.05,0.75,0.0,0.99,0.01,1
3497080113,-0.08,-1.41,0.99,0.0,0.01,0
3983730956,1.32,1.87,0.04,0.84,0.12,1
3700474814,-1.18,-0.93,0.03,0.66,0.31,1
3492189711,0.14,1.59,0.01,0.98,0.01,1
3630679975,-0.76,-0.75,0.09,0.1,0.81,2
4194909693,-0.49,0.79,0.01,0.97,0.02,2
4232369931,-1.37,-1.37,0.08,0.08,0.84,2
3444364935,0.85,-0.01,0.92,0.03,0.05,0
4135218559,2.52,1.51,0.96,0.02,0.02,0
3568038818,-0.18,-0.4,0.59,0.06,0.35,2
3821746239,-1.45,-1.34,0.04,0.33,0.63,2
3655402913,1.67,0.17,0.98,0.01,0.01,0
3967469673,-0.88,-0.89,0.11,0.08,0.81,2
3665572075,-0.75,-0.77,0.12,0.08,0.8,2
4292346386,-0.82,-0.84,0.12,0.08,0.8,2
3919649658,-1.47,0.14,0.0,0.99,0.01,1
4131712886,0.43,-0.45,0.94,0.02,0.05,0
4126005064,2.52,0.29,0.99,0.0,0.0,0
3967087567,0.29,0.49,0.1,0.47,0.43,1
3981264127,-0.38,-1.25,0.96,0.01,0.03,2
4049361187,-0.85,-0.22,0.02,0.89,0.09,1
4270999872,-0.72,-0.74,0.13,0.08,0.79,2
3615624694,-0.91,-0.37,0.02,0.86,0.12,1
4210968637,-0.64,-0.14,0.03,0.85,0.12,1
4020067556,-0.99,-0.9,0.06,0.27,0.67,1
3710602042,1.34,-0.33,0.98,0.01,0.01,0
4234169862,0.3,-0.93,0.98,0.01,0.02,0
3735006993,0.15,-0.59,0.92,0.02,0.06,0
4041430665,-0.42,1.6,0.0,0.99,0.0,1
3577843459,-0.31,0.55,0.02,0.93,0.05,1
3775780143,-0.48,-1.47,0.97,0.0,0.02,0
3928977997,-0.41,0.01,0.04,0.81,0.16,2
3715283537,-0.73,-0.76,0.14,0.08,0.78,0
3731568423,-0.82,-0.82,0.09,0.1,0.81,2
3846749207,0.6,-0.09,0.89,0.03,0.08,0
3815304704,-0.77,-0.78,0.12,0.08,0.8,2
3627211183,-0.68,-0.69,0.11,0.09,0.8,2
4255281904,-0.56,0.53,0.01,0.96,0.03,1
4123179092,0.77,0.68,0.28,0.14,0.58,2
3487874062,-0.48,-0.69,0.61,0.05,0.34,0
3445134906,-0.09,-0.36,0.65,0.06,0.29,0
4020401080,-0.82,-0.82,0.09,0.09,0.82,2
4274344281,-0.24,-0.36,0.4,0.08,0.52,2
4020176547,-1.0,-0.55,0.02,0.82,0.16,1
3779884751,2.31,-0.15,1.0,0.0,0.0,0
3558009088,-0.85,-0.82,0.08,0.13,0.79,2
4182412427,-0.73,-0.74,0.11,0.09,0.8,2
3650743176,-1.12,-0.24,0.01,0.94,0.05,1
4061971615,2.39,2.36,0.21,0.13,0.66,2
3974208281,-0.58,-0.99,0.85,0.02,0.13,0
3805577563,-1.16,0.2,0.01,0.98,0.01,1
3724547812,-1.55,-1.64,0.17,0.04,0.79,0
3703141146,0.73,1.03,0.09,0.6,0.31,2
3687946915,-1.36,-0.32,0.01,0.96,0.03,1
3836366558,-0.88,1.99,0.0,1.0,0.0,1
4157065930,-0.21,1.33,0.01,0.98,0.01,1
3839018711,-1.76,-0.61,0.0,0.97,0.02,1
3828951862,-1.02,-0.91,0.05,0.36,0.59,2
3511663676,-1.32,-1.47,0.34,0.04,0.62,2
4117050068,0.84,0.71,0.33,0.14,0.54,2
3800070905,-0.6,2.16,0.0,1.0,0.0,1
3861372873,0.27,1.14,0.02,0.93,0.05,1
3737543136,-0.17,0.67,0.02,0.93,0.05,1
3624213171,0.41,-1.37,0.99,0.0,0.0,0
3830366964,-0.33,-0.61,0.72,0.04,0.24,0
4254627312,-0.64,-0.51,0.06,0.43,0.51,2
4044771762,-0.91,-0.92,0.1,0.08,0.82,2
3933864949,0.57,0.48,0.27,0.14,0.58,2
3804617081,-0.51,-0.89,0.83,0.02,0.15,2
4031839669,-0.62,-0.54,0.07,0.28,0.65,1
3939606262,-1.45,-2.08,0.92,0.0,0.07,0
3537684316,-0.41,-0.23,0.06,0.53,0.41,2
3993099210,-0.38,-0.39,0.15,0.11,0.74,2
4196273503,-0.44,-0.45,0.15,0.1,0.75,2
4091694775,-0.87,-0.5,0.03,0.78,0.19,1
3840332679,-0.61,-0.19,0.03,0.81,0.16,2
3769636196,-0.85,-0.81,0.07,0.17,0.76,1
3596177910,2.33,0.29,0.99,0.0,0.0,0
3637171916,2.39,-1.36,1.0,0.0,0.0,0
3603258433,-0.56,-0.56,0.11,0.11,0.78,2
3769175917,-0.84,-0.86,0.11,0.08,0.81,2
4236571663,-1.02,-0.91,0.05,0.34,0.61,2
4205227067,0.61,0.25,0.68,0.08,0.24,0
3802722390,0.0,-0.07,0.24,0.12,0.64,1
3887024785,1.2,0.31,0.92,0.03,0.05,0
3711699654,0.16,0.69,0.04,0.84,0.12,1
3914093550,-0.21,-0.14,0.11,0.24,0.65,2
4007468768,0.14,-1.52,0.99,0.0,0.0,0
4172499314,0.61,1.83,0.01,0.97,0.02,1
4116684181,-0.66,-0.14,0.03,0.86,0.12,1
4178878979,2.34,0.46,0.99,0.01,0.01,0
3529214009,-1.54,0.83,0.0,1.0,0.0,1
4274709381,0.15,0.45,0.07,0.64,0.29,1
4019012785,1.89,-0.13,0.99,0.0,0.0,0
3538219206,0.57,0.05,0.84,0.05,0.11,0
3839467900,-0.66,-0.76,0.32,0.06,0.61,2
4177032161,-1.27,-1.28,0.09,0.08,0.84,2
3605465279,0.89,0.91,0.19,0.2,0.61,2
4024490030,2.02,1.72,0.57,0.09,0.34,0
4254997382,1.85,-0.32,0.99,0.0,0.0,0
4149374031,-0.71,-0.77,0.23,0.07,0.7,2
3995663791,-0.08,0.08,0.09,0.45,0.46,0
3895265279,-1.46,0.43,0.0,0.99,0.0,1
3768637134,-1.62,-1.67,0.1,0.05,0.84,2
3907082947,-1.39,1.06,0.0,1.0,0.0,1
4198015647,-1.06,-0.6,0.02,0.83,0.15,1
3772046898,-0.05,-0.13,0.26,0.11,0.63,2
4010613621,2.36,1.65,0.91,0.03,0.06,0
3634610028,-0.71,0.26,0.01,0.95,0.04,1
4241290715,-0.31,1.02,0.01,0.97,0.02,0
4092412559,-1.45,-1.42,0.06,0.12,0.82,2
4150696140,-0.87,0.49,0.01,0.98,0.02,1
3930961243,1.05,0.71,0.63,0.1,0.27,0
4257247464,-0.16,0.42,0.03,0.87,0.1,1
3933165989,1.44,0.36,0.95,0.02,0.03,0
3593704499,-1.28,-1.58,0.64,0.02,0.34,0
4275450265,-0.72,-0.71,0.09,0.12,0.79,1
4177496237,0.8,-0.67,0.98,0.01,0.01,0
3947240179,-0.81,-0.77,0.08,0.15,0.77,2
3501284557,-0.56,-0.5,0.08,0.22,0.7,2
4270224673,-0.38,-0.7,0.78,0.03,0.18,1
3766411270,-0.37,-0.46,0.32,0.08,0.6,0
4229308244,-0.87,0.11,0.01,0.95,0.04,1
3857250861,-0.37,-0.29,0.09,0.26,0.65,2
3729393639,0.05,-0.05,0.29,0.11,0.6,2
3600907452,-0.24,-0.69,0.86,0.03,0.12,0
3886881095,-0.96,-0.96,0.09,0.09,0.82,2
3573328748,1.63,-1.27,1.0,0.0,0.0,0
3672710194,0.99,0.46,0.82,0.06,0.12,0
3986481169,-0.8,-0.81,0.1,0.09,0.81,2
3861418108,-0.8,-0.78,0.08,0.12,0.8,2
3812516230,-1.06,-0.8,0.03,0.68,0.29,2
3760541530,-0.72,0.47,0.01,0.97,0.02,1
4011115811,-0.79,1.71,0.0,1.0,0.0,1
3798064898,-0.9,-0.89,0.08,0.1,0.82,2
4197297122,-1.59,-0.72,0.01,0.94,0.05,1
3758091796,-0.62,2.42,0.0,1.0,0.0,1
4216398877,0.57,-1.18,0.99,0.0,0.01,0
4283090386,-0.38,-0.46,0.27,0.08,0.64,2
3462204053,0.94,0.3,0.87,0.04,0.09,0
4028481835,-0.78,0.44,0.01,0.97,0.02,1
3760439929,-0.25,2.25,0.0,1.0,0.0,1
3833935103,-1.1,-1.43,0.73,0.02,0.25,0
3812477461,1.41,-0.66,0.99,0.0,0.0,0
4071414373,-1.22,-0.89,0.02,0.74,0.24,1
3823086876,1.55,1.68,0.13,0.3,0.57,1
3510975837,-0.89,-0.82,0.06,0.26,0.68,2
4227027374,-0.54,0.07,0.02,0.89,0.09,1
3758789787,-0.81,-0.84,0.13,0.08,0.79,2
3935922013,-0.52,-0.5,0.1,0.13,0.77,2
4264659096,0.9,0.39,0.81,0.06,0.13,0
3488894653,-0.8,-0.81,0.1,0.09,0.81,2
3689901164,-0.39,1.02,0.01,0.98,0.01,1
3685939873,-1.76,1.91,0.0,1.0,0.0,1
3720620747,-0.78,-0.77,0.09,0.11,0.8,2
3860150270,-0.31,-0.12,0.07,0.54,0.39,0
3619925520,-0.88,-0.65,0.04,0.64,0.33,0
4039622179,-0.89,-0.71,0.04,0.55,0.41,1
4233296717,-0.74,-0.81,0.23,0.07,0.7,0
3473013041,-1.84,1.05,0.0,1.0,0.0,1
3562238833,0.94,-1.18,1.0,0.0,0.0,0
3482711229,-0.85,-0.84,0.09,0.1,0.81,2
3650867192,-1.09,-0.18,0.01,0.95,0.04,1
3465201619,-0.93,-0.44,0.02,0.84,0.14,1
3535033382,-0.58,0.3,0.02,0.94,0.05,1
4260589581,-0.2,-0.97,0.94,0.01,0.05,0
3610472025,-0.84,-1.06,0.63,0.03,0.33,0
4246960264,1.02,-0.08,0.95,0.02,0.03,0
4080966544,0.25,1.65,0.01,0.98,0.01,1
3597590750,-1.06,-0.05,0.01,0.96,0.03,1
3531413049,-0.69,-1.12,0.86,0.02,0.13,0
4260299428,-0.69,-1.6,0.97,0.0,0.03,0
3613121792,0.5,-0.01,0.84,0.05,0.12,0
3509394564,0.76,-0.6,0.98,0.01,0.02,0
3463640527,-1.59,-0.23,0.0,0.98,0.01,1
4187953419,-0.89,0.04,0.01,0.95,0.04,1
4145998733,0.08,-1.23,0.98,0.0,0.01,0
4023763904,-0.89,-1.05,0.45,0.05,0.5,0
3784396569,0.97,-0.97,0.99,0.0,0.0,0
3925606043,-1.41,-1.35,0.05,0.18,0.77,2
3508072938,-0.84,-0.82,0.08,0.11,0.81,0
3488958659,-0.78,-0.82,0.17,0.07,0.76,2
3808412708,0.76,-0.66,0.98,0.01,0.01,0
3736499174,-1.0,-0.93,0.06,0.23,0.71,2
4091197782,-0.63,-0.64,0.12,0.09,0.79,2
3649574415,-0.97,-1.1,0.39,0.05,0.56,0
3626780009,-0.43,0.23,0.02,0.89,0.08,1
3809501871,2.62,1.43,0.97,0.01,0.02,0
3935537176,-0.29,-0.75,0.86,0.02,0.11,0
3657767355,-0.15,-0.19,0.19,0.12,0.68,2
4016670916,0.95,-0.58,0.98,0.01,0.01,0
3470793691,-1.16,1.09,0.0,1.0,0.0,1
4131504049,-0.54,0.54,0.01,0.96,0.03,1
3864652197,1.89,0.39,0.98,0.01,0.01,0
3863901937,-0.81,-0.82,0.11,0.08,0.8,2
3787048625,0.15,0.88,0.03,0.91,0.07,1
3786147713,-0.95,0.52,0.01,0.98,0.01,1
3535879754,-0.15,-1.91,1.0,0.0,0.0,0
3771656835,-0.86,-0.86,0.09,0.09,0.82,2
3780579605,0.7,0.75,0.16,0.23,0.61,1
4078009998,2.84,-0.71,1.0,0.0,0.0,0
3711498481,0.23,-0.29,0.86,0.04,0.1,0
3726628193,-1.71,1.24,0.0,1.0,0.0,2
3870048179,1.59,1.38,0.44,0.11,0.46,2
4223301255,-0.88,-0.84,0.07,0.16,0.77,1
4292563026,0.44,-0.96,0.98,0.0,0.01,0
4045170499,-0.77,-0.84,0.24,0.07,0.7,2
4133103340,1.02,1.14,0.14,0.31,0.55,2
3643364753,-1.02,0.35,0.01,0.98,0.01,1
3873633034,0.75,0.88,0.13,0.33,0.54,1
3862589167,-1.01,-1.12,0.34,0.05,0.61,2
3968871817,-1.21,-0.0,0.01,0.97,0.02,1
4010232094,-0.87,-0.48,0.03,0.79,0.18,1
3587575513,0.46,-0.08,0.85,0.04,0.11,0
3988238793,-1.34,-1.27,0.05,0.2,0.75,2
3635880065,-1.59,-1.62,0.09,0.06,0.85,2
3547146668,0.61,0.61,0.2,0.18,0.61,2
3761409737,-0.18,0.48,0.03,0.89,0.08,1
4263648122,0.27,-1.06,0.98,0.0,0.01,2
3748156535,1.1,-0.44,0.98,0.01,0.01,0
4094198877,0.03,1.55,0.01,0.98,0.01,1
3704362981,-1.0,-1.16,0.47,0.04,0.49,2
3593820932,-1.35,-0.87,0.02,0.83,0.16,1
3897330887,-0.79,-1.23,0.85,0.02,0.13,0
3564928854,-0.0,1.17,0.01,0.96,0.02,1
3791936071,-0.79,-0.82,0.14,0.08,0.78,2
3846784693,2.34,2.34,0.19,0.15,0.67,2
3483087162,-1.02,-0.93,0.05,0.31,0.64,0
4207872091,-0.97,-0.33,0.02,0.89,0.09,1
4281352225,-0.44,-0.38,0.1,0.2,0.71,1
3477225304,-0.42,-0.4,0.12,0.14,0.75,2
3590478149,-0.72,-0.75,0.14,0.08,0.78,2
4024372711,-0.82,-0.86,0.15,0.07,0.78,2
3748192224,-0.82,-0.81,0.09,0.1,0.81,2
4241437587,-0.22,-0.84,0.91,0.02,0.07,0
3596855474,-0.28,-0.06,0.06,0.59,0.34,1
3964881490,-0.46,-1.31,0.96,0.01,0.03,0
4033037614,1.42,0.88,0.83,0.06,0.12,2
3933558703,-0.28,1.43,0.0,0.99,0.01,1
3761357639,-0.52,1.68,0.0,1.0,0.0,1
3707208630,-0.79,-0.82,0.13,0.08,0.79,2
3927372634,0.7,-0.21,0.93,0.02,0.05,0
4009315793,-0.04,-0.09,0.22,0.12,0.66,2
4044446007,1.32,-0.61,0.99,0.0,0.01,0
3564310960,-0.77,-0.92,0.45,0.05,0.5,2
4112324019,-0.11,-1.05,0.96,0.01,0.03,2
4082687341,-0.88,-0.81,0.06,0.22,0.71,2
3986909953,0.57,1.12,0.04,0.84,0.12,2
3969869310,-0.9,-0.86,0.07,0.16,0.77,2
4267825232,-0.19,-1.68,0.99,0.0,0.01,0
3535822471,-1.5,-0.38,0.01,0.97,0.03,1
3669577586,0.75,0.19,0.85,0.05,0.11,0
4024341692,-0.96,-0.95,0.08,0.11,0.81,2
3531951034,0.28,0.73,0.05,0.79,0.16,1
4131647075,-1.53,-0.31,0.01,0.98,0.02,1
4114449848,-0.4,0.22,0.03,0.88,0.09,1
3743391962,-0.2,1.13,0.01,0.97,0.02,1
3939415568,0.02,-0.14,0.4,0.1,0.51,2
4291235817,0.7,1.27,0.04,0.85,0.11,1
3941328920,0.21,-0.38,0.88,0.03,0.09,0
3577691141,-0.86,-0.84,0.08,0.11,0.81,2
4283656635,0.54,0.38,0.36,0.13,0.51,0
3679872881,-0.86,0.13,0.01,0.95,0.03,1
4015912363,1.53,0.61,0.93,0.03,0.05,0
3872070554,0.04,1.52,0.01,0.98,0.01,1
3731824435,-0.53,-0.56,0.17,0.09,0.75,2
3717529825,0.01,0.0,0.18,0.16,0.65,0
3836383372,1.1,-0.21,0.97,0.01,0.02,0
3795528017,0.24,-0.69,0.95,0.01,0.04,0
3720907579,-1.49,0.05,0.0,0.99,0.01,1
4007492024,-0.53,-0.56,0.18,0.08,0.74,0
3796479253,-0.73,0.42,0.01,0.96,0.03,1
3496203823,-0.18,-0.05,0.09,0.38,0.53,2
4274854986,1.62,0.23,0.97,0.01,0.02,0
3796350393,-0.9,-0.39,0.02,0.85,0.13,2
3859752125,-1.39,-1.55,0.34,0.04,0.62,2
3853541860,-0.29,-0.22,0.1,0.23,0.67,2
3910526259,-1.4,0.46,0.0,0.99,0.0,1
3597996495,-0.65,-0.6,0.08,0.19,0.73,2
4078492268,-0.84,0.42,0.01,0.97,0.02,1
4020325248,-0.3,-0.24,0.1,0.22,0.68,2
3853934293,0.01,1.74,0.0,0.99,0.01,1
3889361167,0.02,-0.01,0.2,0.15,0.65,2
3751314777,0.8,1.35,0.04,0.84,0.12,1
3956146085,-0.79,-0.8,0.1,0.09,0.81,0
3859983759,1.06,-1.1,1.0,0.0,0.0,0
4101016216,-0.03,0.57,0.03,0.87,0.1,1
3483039076,-1.2,-1.36,0.39,0.04,0.57,2
4205918529,-0.7,-0.74,0.18,0.07,0.75,2
4000236844,1.92,-0.54,1.0,0.0,0.0,0
4127989386,-1.93,-0.11,0.0,0.99,0.0,1
3677672523,2.22,-1.25,1.0,0.0,0.0,0
4150178952,-1.05,-1.44,0.81,0.01,0.17,0
4107108018,1.27,0.33,0.93,0.03,0.04,0
3939725496,0.33,-1.28,0.99,0.0,0.01,0
3579903034,-0.35,1.74,0.0,0.99,0.0,1
3617790338,-0.54,-0.58,0.18,0.08,0.74,1
3481239169,1.52,-0.59,0.99,0.0,0.0,0
3676872664,-1.41,-0.74,0.01,0.9,0.09,1
3875546765,-0.18,0.07,0.07,0.62,0.31,1
4071848956,-0.78,-0.76,0.08,0.13,0.79,2
3761792089,-0.81,-0.84,0.15,0.07,0.78,2
3485505711,-0.18,0.34,0.03,0.85,0.12,1
4008212089,-0.52,0.68,0.01,0.96,0.02,2
3748960040,0.3,-1.3,0.99,0.0,0.01,0
3735017777,-1.32,-0.54,0.01,0.93,0.06,1
4044366093,0.76,-0.97,0.99,0.0,0.01,0
3979355118,-0.61,-0.91,0.77,0.03,0.21,0
3884873304,-0.81,-0.42,0.03,0.79,0.18,1
3849580813,-0.99,-0.84,0.04,0.46,0.5,1
3802311431,-0.82,-0.82,0.09,0.1,0.81,2
3610149658,-0.82,-0.78,0.08,0.15,0.77,2
3864597027,-1.2,-0.7,0.02,0.84,0.15,1
3526556209,-0.51,-1.35,0.96,0.01,0.03,0
4246075787,-0.52,-0.5,0.1,0.13,0.77,1
3829127377,-0.45,-0.84,0.83,0.02,0.14,0
3977640207,0.36,-1.34,0.99,0.0,0.01,0
3971415023,-1.51,2.47,0.0,1.0,0.0,1
3948545558,-0.81,-0.77,0.07,0.17,0.76,2
4273865862,-1.62,-1.62,0.07,0.08,0.85,2
4258925590,-0.53,-1.62,0.98,0.0,0.02,0
4070986027,-1.3,-1.54,0.53,0.03,0.44,0
3858596139,0.38,-1.22,0.99,0.0,0.01,0
3990192948,-0.21,-0.17,0.12,0.19,0.69,2
3810391087,0.68,0.57,0.29,0.14,0.57,2
3845488306,1.1,-0.53,0.98,0.01,0.01,0
3676567220,-0.68,-0.78,0.35,0.06,0.59,2
4134667226,-0.06,-0.43,0.79,0.04,0.17,0
3869648745,-0.72,-0.59,0.05,0.45,0.5,1
3687854081,-0.33,-0.53,0.59,0.06,0.36,2
4123448778,-1.8,1.83,0.0,1.0,0.0,1
3558476042,-0.85,-0.84,0.09,0.1,0.81,2
3511801310,-0.64,-0.36,0.04,0.69,0.27,1
3567890942,0.39,-0.42,0.93,0.02,0.05,0
4130660098,-0.82,-0.8,0.08,0.13,0.79,0
3794492655,-1.7,-1.58,0.04,0.29,0.67,2
3909303190,-0.91,-0.82,0.06,0.28,0.66,2
3578278075,0.13,-0.66,0.93,0.02,0.05,0
4243491505,1.2,-1.04,1.0,0.0,0.0,0
4042591504,-0.82,-0.82,0.09,0.09,0.82,2
3988873836,2.06,-0.75,1.0,0.0,0.0,0
3664031139,0.1,1.34,0.01,0.97,0.02,1
3578394980,-0.87,-0.89,0.13,0.08,0.8,2
3958217879,-0.03,1.75,0.0,0.99,0.01,1
3784341237,0.62,0.58,0.24,0.16,0.6,1
4036539444,-0.45,2.3,0.0,1.0,0.0,1
3815691306,-0.33,-0.35,0.16,0.11,0.73,2
4008087677,-0.84,-0.84,0.09,0.09,0.82,2
3455996220,-0.82,-0.79,0.08,0.14,0.78,2
4007499048,-0.92,-0.87,0.07,0.18,0.75,2
3652266977,-0.39,-0.35,0.1,0.19,0.71,2
3601595616,-0.97,-0.84,0.05,0.43,0.53,2
3667625383,0.38,-0.12,0.84,0.04,0.11,0
3790433358,-0.23,-0.29,0.23,0.1,0.67,0
3949421872,-0.82,-0.84,0.12,0.08,0.8,2
3860729855,-1.47,-1.59,0.26,0.04,0.7,2
3478665417,-0.16,-0.4,0.6,0.06,0.33,1
4181356924,-1.63,2.83,0.0,1.0,0.0,1
3878119954,-1.0,-0.64,0.03,0.77,0.21,1
4094904805,-1.7,1.85,0.0,1.0,0.0,1
4156200449,1.18,-1.72,1.0,0.0,0.0,0
4084989836,-0.76,-0.75,0.09,0.1,0.81,2
4261216431,-0.72,-0.71,0.09,0.1,0.8,1
3469861150,-1.51,0.54,0.0,0.99,0.0,1
4027462640,0.08,-0.39,0.85,0.03,0.11,0
3693653598,-0.45,-0.25,0.06,0.59,0.35,2
3543806878,-0.41,-0.94,0.89,0.02,0.09,0
3694646966,0.12,-1.3,0.99,0.0,0.01,0
3486816312,1.35,-1.24,1.0,0.0,0.0,0
4188382989,-1.87,-1.81,0.04,0.13,0.82,1
3471987741,1.06,0.06,0.94,0.02,0.04,0
3720384994,-0.66,-0.45,0.04,0.62,0.34,2
4101846822,0.38,0.6,0.1,0.51,0.39,0
3974040591,-0.8,-1.2,0.83,0.02,0.15,2
4059688838,-0.67,-0.64,0.08,0.16,0.76,2
3881144659,0.6,-0.95,0.99,0.0,0.01,0
3537442135,0.28,-0.95,0.98,0.01,0.02,2
4240761128,-1.02,-1.14,0.36,0.05,0.59,2
4015491904,1.05,-0.23,0.96,0.01,0.02,0
3783664494,-1.56,-0.05,0.0,0.99,0.01,1
4059060632,0.52,-0.14,0.89,0.03,0.08,0
4083236962,-1.14,-1.18,0.13,0.06,0.81,2
4129570490,-0.58,0.04,0.02,0.89,0.09,1
3704367063,-0.47,-0.3,0.06,0.52,0.42,2
3976588407,-0.15,-0.25,0.32,0.09,0.59,0
3502646723,-0.77,-0.72,0.08,0.17,0.75,2
3913872484,0.9,-1.63,1.0,0.0,0.0,0
4198382072,-0.58,-0.97,0.83,0.02,0.14,0
3755833128,-1.45,-0.08,0.0,0.98,0.01,1
4044795105,0.26,-0.4,0.9,0.03,0.07,0
3546299109,-2.0,1.46,0.0,1.0,0.0,1
4041767324,-0.02,-0.0,0.16,0.18,0.66,0
4005045149,-0.84,-0.86,0.11,0.08,0.81,2
3618668450,-0.82,0.38,0.01,0.97,0.02,1
3709570234,1.34,-0.84,1.0,0.0,0.0,0
3776030625,-0.67,-0.67,0.1,0.1,0.8,2
3952425647,-0.87,-0.82,0.07,0.16,0.76,2
3488810704,-0.46,-1.34,0.96,0.01,0.03,0
3952482090,2.33,0.96,0.97,0.01,0.02,0
4061822979,-0.71,-0.67,0.08,0.16,0.76,2
3525563032,-0.77,-0.77,0.1,0.09,0.81,2
3985702195,-0.45,-0.66,0.62,0.05,0.33,0
4226795445,0.31,1.27,0.02,0.94,0.04,1
3718556367,-1.31,2.55,0.0,1.0,0.0,1
3491021281,1.3,-0.41,0.99,0.01,0.01,0
3981442867,-0.76,-0.7,0.07,0.21,0.72,2
3712076237,-0.29,-1.2,0.96,0.01,0.03,0
3840813644,-1.05,-0.96,0.05,0.27,0.68,2
3485265256,-0.9,-0.88,0.08,0.13,0.79,2
3480865944,0.57,0.09,0.81,0.05,0.13,0
3672885031,-0.13,0.47,0.03,0.87,0.1,1
3778996326,2.05,-0.96,1.0,0.0,0.0,0
4001881675,-0.84,-0.88,0.14,0.07,0.79,2
4108636212,0.44,0.88,0.05,0.76,0.19,1
4099420773,0.19,-0.06,0.54,0.09,0.38,0
3909715931,-0.88,0.19,0.01,0.96,0.03,0
3683467212,-0.66,-0.66,0.11,0.09,0.79,0
3749382959,-1.3,-1.12,0.03,0.53,0.44,2
3840520546,-0.62,0.54,0.01,0.96,0.02,1
3884764694,-0.84,-0.82,0.08,0.13,0.79,2
4055103591,-0.81,-0.95,0.45,0.05,0.51,2
3440589233,-0.54,-0.54,0.12,0.11,0.78,2
3887970466,-0.84,-0.82,0.08,0.12,0.8,2
3516476518,0.41,-0.42,0.93,0.02,0.05,0
3498341397,-0.05,0.65,0.03,0.9,0.07,1
4165271952,-1.03,1.25,0.0,1.0,0.0,2
4144488171,1.01,1.06,0.16,0.22,0.61,1
4261028517,-0.89,-0.82,0.07,0.21,0.72,1
4272242920,-1.16,-0.54,0.02,0.89,0.1,1
3842797342,-1.0,-1.41,0.84,0.01,0.15,0
4258161701,2.89,-0.4,1.0,0.0,0.0,0
4001468334,0.37,0.89,0.04,0.83,0.13,1
4093033360,-0.84,-0.84,0.1,0.09,0.81,2
3507538814,1.22,0.2,0.94,0.02,0.04,0
3855220720,-0.49,-0.2,0.05,0.69,0.27,1
4194340648,1.35,-0.06,0.97,0.01,0.02,0
3679752016,-0.76,-0.75,0.09,0.1,0.81,2
4181784550,-0.66,-0.19,0.03,0.84,0.14,0
4125084697,-0.65,0.23,0.02,0.94,0.05,0
3802073634,-1.37,0.17,0.0,0.99,0.01,1
4117750753,-1.21,-1.16,0.06,0.17,0.77,0
3726792117,0.42,-0.07,0.83,0.05,0.12,0
3887364291,-0.02,-0.93,0.95,0.01,0.04,0
4070087005,0.11,0.08,0.21,0.16,0.64,2
3893191031,-1.02,-0.99,0.07,0.13,0.8,0
3608178262,-0.52,0.93,0.01,0.98,0.01,1
3841525218,-0.66,-0.62,0.08,0.17,0.74,2
3633314542,-0.85,-0.74,0.05,0.36,0.58,0
4069846970,0.46,0.11,0.67,0.08,0.25,0
3884456636,-1.55,-1.5,0.05,0.14,0.81,2
4140956092,1.81,1.04,0.91,0.03,0.05,2
4084265915,0.49,-0.35,0.93,0.02,0.05,0
4081014185,-0.13,1.89,0.0,0.99,0.0,1
3852673685,-0.16,-0.45,0.7,0.05,0.25,0
3863145070,0.14,-0.31,0.84,0.04,0.12,2
3898485984,-0.25,0.54,0.02,0.92,0.06,1
3842126711,1.88,-0.71,1.0,0.0,0.0,0
4083114958,0.84,0.2,0.87,0.04,0.09,2
3695128110,-0.75,-0.79,0.17,0.07,0.76,2
3955128841,-1.53,-0.21,0.0,0.98,0.02,1
3904928754,-1.23,-1.48,0.58,0.03,0.4,0
4281253512,-0.44,-0.47,0.18,0.09,0.73,2
4137281042,-0.66,-0.8,0.47,0.05,0.48,0
4283302429,-0.47,-0.23,0.05,0.63,0.31,0
4053465269,2.45,2.23,0.44,0.08,0.47,2
4181408495,2.66,0.16,1.0,0.0,0.0,0
4007023518,-0.32,1.02,0.01,0.97,0.02,1
3703539418,0.7,-1.78,1.0,0.0,0.0,0
3765590473,-0.38,-0.38,0.14,0.12,0.74,0
3883693531,0.07,-0.08,0.37,0.1,0.53,2
4281154579,0.95,-0.49,0.98,0.01,0.02,0
3510759403,0.4,-0.65,0.96,0.01,0.03,0
3689472626,-0.82,1.82,0.0,1.0,0.0,1
3746045551,0.75,0.06,0.88,0.04,0.08,0
3845151032,-0.72,-1.06,0.79,0.02,0.18,0
3624247400,-0.79,-0.77,0.08,0.14,0.78,2
3738331574,-0.32,-0.27,0.11,0.2,0.7,1
4019579001,0.35,-1.83,1.0,0.0,0.0,0
3751492229,-0.76,-0.78,0.13,0.08,0.79,0
3709828705,-0.71,-0.73,0.13,0.08,0.78,2
4061494428,-1.62,1.18,0.0,1.0,0.0,1
3982025292,-0.65,-0.47,0.05,0.55,0.41,1
4088662247,1.46,1.79,0.08,0.63,0.29,1
4253056609,-1.33,1.27,0.0,1.0,0.0,1
3637179804,0.47,-0.48,0.95,0.02,0.04,0
3496076572,1.03,1.02,0.22,0.17,0.61,2
3993417491,-0.86,-0.84,0.08,0.13,0.79,2
3839652262,-0.36,-0.08,0.05,0.68,0.27,1
4174492587,-0.67,-0.66,0.1,0.11,0.8,1
3857875933,-0.13,0.47,0.03,0.88,0.09,1
4176290590,-0.16,0.31,0.04,0.81,0.15,1
4061196990,-0.64,-0.75,0.39,0.06,0.55,2
3898978250,-1.4,1.44,0.0,1.0,0.0,1
3680268090,-0.45,0.47,0.02,0.94,0.04,1
3523835560,-1.12,-1.66,0.9,0.01,0.1,0
3884031519,-0.72,-0.72,0.1,0.1,0.81,2
4237692704,-0.19,-0.05,0.09,0.39,0.52,1
3772684797,-0.7,-0.71,0.12,0.09,0.79,2
4281062380,0.8,-0.7,0.98,0.01,0.01,0
4016853978,-0.89,-0.88,0.08,0.11,0.81,2
4174344180,-1.9,-1.7,0.03,0.43,0.55,2
3604999265,1.79,-0.7,1.0,0.0,0.0,0
3725486005,-0.77,-0.78,0.1,0.09,0.81,2
3998756786,-0.84,-0.82,0.08,0.11,0.81,2
3533507129,-1.06,-1.27,0.53,0.04,0.44,1
3502842659,0.31,0.11,0.44,0.11,0.45,2
3440494496,-1.39,2.94,0.0,1.0,0.0,2
3954302701,-0.79,-0.77,0.08,0.12,0.79,2
4167510653,-0.27,0.59,0.02,0.93,0.05,1
3508919204,-1.48,1.07,0.0,1.0,0.0,1
3774306841,-0.82,-0.82,0.09,0.1,0.81,2
4172609151,-0.37,-0.29,0.09,0.25,0.66,1
4000625619,-0.63,1.67,0.0,1.0,0.0,1
3601983762,-0.29,0.44,0.02,0.91,0.07,1
4284651189,-1.23,-1.27,0.12,0.06,0.81,0
3475810704,-1.48,-1.46,0.06,0.1,0.83,2
3974743555,2.36,1.34,0.96,0.02,0.03,0
3738456599,0.48,-1.0,0.99,0.0,0.01,0
3483467083,0.87,0.46,0.73,0.08,0.2,1
3810709172,-0.77,-0.77,0.09,0.1,0.81,2
4236412174,-0.35,-0.31,0.11,0.18,0.71,2
4286942126,-0.74,-0.6,0.05,0.47,0.48,2
3582240183,-0.56,-1.23,0.93,0.01,0.06,0
4228864129,-0.71,-0.73,0.12,0.09,0.79,0
4228989625,0.2,0.01,0.43,0.1,0.46,0
3744709847,1.09,-0.84,0.99,0.0,0.01,0
3960072693,-0.28,0.4,0.03,0.9,0.08,1
4214450583,-1.17,-1.26,0.23,0.05,0.71,2
4086753916,1.16,2.5,0.01,0.98,0.01,1
3636323178,-0.81,-0.82,0.11,0.08,0.8,2
3937172501,-0.87,-0.87,0.09,0.09,0.82,2
4060869737,0.38,-1.13,0.99,0.0,0.01,0
4292914487,-0.7,-0.77,0.23,0.07,0.7,0
3487974056,-1.1,1.47,0.0,1.0,0.0,1
4170496928,-0.58,0.17,0.02,0.92,0.06,1
3998298488,-0.85,1.22,0.0,0.99,0.0,1
3983797143,0.49,-1.18,0.99,0.0,0.01,0
3523159720,-0.54,-0.54,0.12,0.11,0.78,1
3792703047,-0.81,-0.81,0.09,0.09,0.82,2
4274479649,-0.59,-0.55,0.09,0.15,0.76,1
3774574747,-1.68,-1.7,0.08,0.07,0.85,2
4068467107,-0.6,-0.61,0.13,0.09,0.78,2
3479108101,0.23,-0.22,0.83,0.04,0.13,0
3896048011,-0.85,-0.86,0.1,0.08,0.82,2
3529621483,-0.78,-0.81,0.14,0.08,0.79,2
3695669672,-1.24,-1.49,0.57,0.03,0.4,1
4201462799,-0.9,-0.91,0.1,0.08,0.82,2
3715066342,-0.96,0.68,0.01,0.99,0.01,1
3670602139,-0.72,-0.77,0.19,0.07,0.74,2
4275439023,-0.86,-0.84,0.08,0.11,0.81,2
3579338407,-0.82,-0.79,0.08,0.13,0.79,0
3827716409,-0.82,-0.84,0.11,0.08,0.81,2
4235485065,-1.72,2.12,0.0,1.0,0.0,1
3545398119,-0.77,1.45,0.0,1.0,0.0,1
4183528909,-0.88,-0.86,0.08,0.11,0.81,2
3716440837,-0.84,-0.84,0.09,0.09,0.82,2
3471803993,-1.46,-1.42,0.06,0.13,0.82,1
4092504655,2.25,2.33,0.14,0.22,0.64,2
3898479363,-1.68,1.35,0.0,1.0,0.0,1
3764488776,-0.65,-0.64,0.1,0.11,0.79,2
3774510690,-1.12,0.34,0.01,0.98,0.01,1
3831647198,1.27,0.26,0.94,0.02,0.04,0
3540970619,0.6,-0.92,0.99,0.0,0.01,0
3672537460,-0.61,-0.25,0.03,0.78,0.19,1
4179889805,-1.0,-0.03,0.01,0.95,0.04,1
3862783340,-0.13,-0.14,0.17,0.15,0.68,0
3858249350,-0.47,0.13,0.03,0.88,0.09,1
3732958258,-0.84,-0.84,0.09,0.09,0.82,2
3587100965,-0.05,-0.39,0.76,0.05,0.19,0
3781564911,0.68,-0.09,0.91,0.03,0.06,0
4058351985,-0.53,-0.53,0.12,0.11,0.78,2
3767793899,-0.92,-0.63,0.03,0.71,0.26,1
3498720760,0.13,-0.15,0.63,0.07,0.3,0
3969929745,-0.8,-0.8,0.09,0.09,0.82,2
3716371936,-0.66,-0.7,0.18,0.08,0.74,1
4050433326,-0.89,-0.95,0.17,0.07,0.76,2
4102378551,-0.87,-0.5,0.03,0.78,0.19,1
3780777761,-0.9,-0.91,0.1,0.08,0.82,0
4133685563,-0.21,-0.84,0.92,0.02,0.07,0
3785275026,-0.8,-0.81,0.1,0.09,0.81,2
4098483367,0.53,-0.89,0.98,0.0,0.01,0
4182676184,-0.88,-0.87,0.09,0.1,0.81,2
3588396411,-0.01,-0.97,0.96,0.01,0.03,0
3929596349,-0.72,1.42,0.0,1.0,0.0,1
3489499136,-1.26,2.11,0.0,1.0,0.0,1
3582439719,2.3,-0.16,1.0,0.0,0.0,0
4278844497,-0.11,-0.21,0.3,0.1,0.6,1
4006332954,-0.63,-0.53,0.06,0.33,0.6,1
3658247072,-0.95,-0.96,0.09,0.08,0.82,2
4217207737,-0.82,-0.86,0.15,0.07,0.78,2
3892050633,-0.94,-0.71,0.03,0.63,0.34,1
4291229804,0.62,-1.16,0.99,0.0,0.01,0
3943638651,-1.22,1.05,0.0,1.0,0.0,1
3477476741,-0.43,-0.33,0.08,0.33,0.59,2
3592042776,-0.31,-1.34,0.97,0.0,0.02,0
3475413265,-1.87,0.96,0.0,1.0,0.0,1
4292053765,2.05,0.56,0.97,0.01,0.01,0
4113734497,0.52,-1.42,1.0,0.0,0.0,0
3693967863,0.63,-1.01,0.99,0.0,0.01,0
3954796032,-0.9,-0.9,0.09,0.09,0.82,2
4086889425,-0.06,0.56,0.03,0.88,0.09,1
4211248122,0.82,0.22,0.86,0.04,0.1,2
4169063775,-1.34,-0.77,0.01,0.86,0.12,1
3650237838,-0.3,-1.52,0.98,0.0,0.01,0
3940315190,-0.41,-0.95,0.9,0.02,0.09,0
4223399997,1.77,-0.62,1.0,0.0,0.0,0
3710447640,2.47,2.67,0.11,0.42,0.47,2
3642877442,1.66,0.37,0.96,0.02,0.02,0
3590777431,-0.77,-0.16,0.02,0.89,0.09,1
3632904258,-0.49,0.12,0.02,0.89,0.09,0
3519949464,-0.44,-0.48,0.2,0.09,0.71,2
3986750648,-1.32,-0.8,0.02,0.84,0.14,0
3769261864,-1.45,-1.56,0.23,0.04,0.73,2
3632413105,-0.71,-0.72,0.11,0.09,0.8,1
4254719559,-0.94,-0.76,0.04,0.56,0.4,2
3508517270,-0.45,-0.47,0.15,0.1,0.75,0
3691887330,1.76,1.3,0.78,0.06,0.16,0
3518977809,-0.56,-0.52,0.09,0.19,0.73,2
3855345057,-0.81,-0.82,0.1,0.09,0.81,2
3779387466,0.61,-0.69,0.97,0.01,0.02,0
4224565288,1.12,-0.99,1.0,0.0,0.0,0
4194578980,-1.15,0.1,0.01,0.97,0.02,1
3608608905,-0.11,-1.04,0.96,0.01,0.03,0
3796042811,-0.84,-0.75,0.06,0.31,0.63,1
4037512865,-0.52,-1.06,0.9,0.01,0.09,0
4039958432,-0.77,-0.77,0.1,0.09,0.81,2
4057872650,1.61,-1.4,1.0,0.0,0.0,0
4151433309,0.99,0.06,0.93,0.02,0.05,0
4081623959,-0.27,-1.56,0.99,0.0,0.01,0
4043979272,-0.77,-0.72,0.08,0.17,0.75,2
4099636883,-0.66,1.47,0.0,0.99,0.0,1
4267816052,1.38,-0.49,0.99,0.0,0.01,0
3695032801,-1.8,-0.04,0.0,0.99,0.01,1
4056235366,-0.07,-0.08,0.18,0.15,0.67,0
3733680017,-0.29,-0.29,0.15,0.13,0.72,2
3454440220,-0.63,-0.44,0.05,0.58,0.38,2
3602819727,-0.33,-0.51,0.54,0.06,0.4,1
4175436066,2.81,-0.53,1.0,0.0,0.0,0
4244070647,1.2,1.09,0.3,0.13,0.57,1
3587074482,-0.49,-0.48,0.12,0.12,0.77,2
3963353438,0.13,-0.16,0.65,0.07,0.28,2
3867592916,0.33,0.53,0.1,0.48,0.42,1
3868100455,1.1,1.13,0.18,0.2,0.62,1
4256675407,-0.72,-0.82,0.31,0.06,0.63,0
3441156311,-0.67,-0.66,0.09,0.12,0.79,2
3492840742,0.02,1.17,0.01,0.96,0.03,1
3575496664,-0.93,1.27,0.0,1.0,0.0,1
4162842140,-0.77,-1.53,0.95,0.01,0.04,0
4067948264,-0.51,-0.86,0.81,0.03,0.17,0
4044358946,-1.73,0.73,0.0,1.0,0.0,1
4189448748,-1.28,-0.05,0.01,0.97,0.02,1
4073900039,-0.82,-0.85,0.13,0.08,0.79,2
3485690286,-0.84,-1.49,0.93,0.01,0.06,0
3764660351,-0.04,0.46,0.04,0.83,0.13,1
4189628934,0.02,-0.21,0.56,0.08,0.36,0
4174462741,0.87,-0.92,0.99,0.0,0.01,0
3593603924,-0.19,-0.39,0.54,0.07,0.39,0
3812938758,0.34,0.88,0.04,0.84,0.12,2
3711651074,-0.72,-0.76,0.16,0.08,0.77,2
3748518295,-0.65,-0.77,0.4,0.06,0.55,1
3872132261,-0.45,-0.66,0.62,0.05,0.33,1
3598371822,-0.89,-0.82,0.06,0.23,0.7,2
3905486078,-0.8,-0.75,0.07,0.19,0.74,2
3884545318,-0.84,-0.8,0.07,0.17,0.76,2
3958833080,-0.84,-0.65,0.04,0.58,0.38,1
4060612801,-0.94,-1.02,0.26,0.06,0.68,2
3745897759,-0.48,1.63,0.0,0.99,0.0,1
4097093071,0.41,0.89,0.05,0.8,0.15,1
3507608531,-0.02,-0.02,0.17,0.17,0.66,2
3483403866,-0.88,-0.26,0.02,0.89,0.09,1
3535175277,-0.7,-0.73,0.15,0.08,0.77,2
3589343975,0.54,-1.63,1.0,0.0,0.0,0
4070148345,-0.77,-0.77,0.09,0.1,0.81,2
3476465815,0.4,0.55,0.12,0.38,0.5,0
3813181158,-1.64,-1.74,0.18,0.04,0.78,2
4049828196,-0.4,-0.26,0.07,0.45,0.48,2
3799361367,-1.16,-0.95,0.03,0.6,0.37,1
3705519877,-0.89,-0.87,0.08,0.12,0.8,2
4163483123,1.4,1.4,0.2,0.17,0.63,0
4156944609,-0.71,-0.71,0.1,0.1,0.8,2
3615280694,-1.48,-1.56,0.16,0.05,0.79,0
3969249987,1.33,1.59,0.1,0.54,0.36,2
3626074474,0.42,0.14,0.56,0.1,0.34,0
4162272312,-0.74,-0.41,0.03,0.75,0.22,0
3677359478,-0.71,-0.73,0.12,0.09,0.79,2
3719060601,-0.41,-1.2,0.95,0.01,0.04,0
4227388144,1.53,1.18,0.64,0.09,0.27,0
3569808468,0.58,-1.11,0.99,0.0,0.01,0
4024613330,-0.72,0.23,0.01,0.95,0.04,1
4044854606,1.65,-0.16,0.99,0.01,0.01,0
3454149133,-0.23,-0.37,0.43,0.08,0.49,0
4071564983,0.25,-0.21,0.83,0.04,0.13,0
3455749721,-0.77,-0.77,0.11,0.09,0.81,2
3907199575,-1.11,0.34,0.01,0.98,0.01,1
4169363171,0.2,-0.36,0.87,0.03,0.09,0
4198361575,1.83,-0.28,0.99,0.0,0.0,0
3613694389,-1.68,0.86,0.0,1.0,0.0,1
4247811575,-1.55,0.05,0.0,0.99,0.01,1
3610747423,-0.7,0.68,0.01,0.98,0.02,1
4006203826,-0.85,-0.8,0.07,0.18,0.75,2
4144115042,0.25,0.49,0.09,0.54,0.37,1
3720762636,0.47,0.0,0.82,0.05,0.13,0
3540950520,-0.13,-0.38,0.64,0.06,0.3,2
3438223530,-0.84,-0.89,0.16,0.07,0.77,0
4141416656,0.79,0.14,0.88,0.04,0.09,0
4261045573,-1.11,-1.73,0.92,0.01,0.07,0
3889119535,-0.48,-0.79,0.78,0.03,0.19,0
3958615315,0.08,1.35,0.01,0.97,0.02,1
3694583141,-0.75,-0.75,0.1,0.09,0.81,2
4036240631,-0.81,-0.78,0.08,0.13,0.78,2
3689158153,1.13,1.46,0.08,0.63,0.28,1
4228353914,-0.65,-0.26,0.03,0.79,0.17,1
3559485576,-0.7,-0.66,0.08,0.16,0.76,1
3841960105,0.23,0.55,0.07,0.66,0.27,2
4254030033,-0.89,-0.18,0.02,0.91,0.07,1
4071119475,-0.84,-0.84,0.09,0.09,0.82,2
4178202274,-1.05,-1.11,0.19,0.06,0.75,0
4169808721,-0.66,-0.76,0.32,0.06,0.61,0
4082226582,-0.27,-0.79,0.89,0.02,0.09,0
3840824592,-0.85,-1.04,0.55,0.04,0.41,2
3541460840,-0.76,-0.77,0.11,0.09,0.81,2
3958130623,-1.13,-1.27,0.37,0.04,0.59,0
3750854297,1.3,2.11,0.02,0.93,0.05,1
4189373812,-0.32,2.11,0.0,1.0,0.0,1
3822111853,-0.86,-0.97,0.34,0.05,0.6,2
3702590495,0.97,-0.62,0.98,0.01,0.01,0
4167675963,-0.76,-0.73,0.08,0.14,0.78,2
3680992180,-0.15,-1.27,0.98,0.0,0.02,0
4138042189,0.2,1.72,0.01,0.98,0.01,1
4258428039,-0.74,-0.72,0.09,0.12,0.79,2
4209717362,1.02,0.16,0.92,0.03,0.05,0
3523503001,-0.82,-0.82,0.09,0.1,0.81,2
4201351583,-0.74,-0.71,0.08,0.14,0.78,2
3443162734,-1.47,-0.89,0.01,0.87,0.12,1
4073067681,-0.77,-0.75,0.09,0.12,0.8,2
3727267373,-0.57,-0.52,0.09,0.2,0.72,1
4208033247,0.28,-0.04,0.65,0.08,0.27,0
3953434526,1.7,-1.32,1.0,0.0,0.0,0
4256363151,-1.28,-0.03,0.01,0.97,0.02,1
3733056755,-0.75,-0.07,0.02,0.91,0.07,1
3552520616,2.05,0.37,0.98,0.01,0.01,0
3449874432,-0.33,-0.26,0.1,0.24,0.66,2
3711141935,-0.99,-1.07,0.24,0.06,0.7,0
4284791770,1.05,0.77,0.54,0.12,0.35,2
4278169486,0.23,-0.66,0.94,0.01,0.04,0
4193307072,0.22,0.04,0.42,0.11,0.48,0
3474854131,-0.32,-0.31,0.14,0.14,0.73,2
4082559011,-0.63,-0.46,0.05,0.54,0.41,1
3517065317,-0.75,-0.74,0.09,0.1,0.81,2
4186244509,0.68,-1.39,1.0,0.0,0.0,0
3624339021,-0.64,-1.07,0.86,0.02,0.13,0
3836654181,-0.71,-0.7,0.09,0.12,0.79,2
3469784683,-0.09,-0.38,0.69,0.06,0.25,0
3945651245,0.79,1.82,0.01,0.96,0.03,1
4211877091,0.88,0.42,0.78,0.07,0.15,0
3475087792,-0.75,-0.81,0.21,0.07,0.72,0
4051591662,-1.44,-1.37,0.05,0.19,0.75,1
3580050634,0.97,1.66,0.03,0.9,0.07,1
3804898655,-0.73,-0.75,0.13,0.08,0.79,2
3656574643,-0.96,1.62,0.0,1.0,0.0,1
3818449762,-0.64,-0.66,0.13,0.09,0.78,2
3806993512,0.57,2.34,0.0,0.99,0.01,1
3456980653,0.39,-0.37,0.92,0.02,0.06,0
3654820777,-0.66,-0.76,0.35,0.06,0.59,2
3900515764,-0.46,-0.61,0.47,0.06,0.47,2
3982350464,-0.79,-0.26,0.02,0.86,0.12,2
3948691925,-0.95,-0.45,0.02,0.85,0.13,1
4140393062,-0.82,-0.77,0.07,0.19,0.74,2
3597579432,0.61,0.97,0.07,0.7,0.23,1
3902260242,-0.46,-0.71,0.71,0.04,0.25,2
3999378338,-0.86,-0.93,0.21,0.06,0.72,0
4084628546,1.9,1.09,0.92,0.03,0.05,0
3703893461,-0.55,1.03,0.01,0.98,0.01,1
4026281212,-0.64,-1.25,0.92,0.01,0.07,2
3834815897,0.08,-1.36,0.99,0.0,0.01,0
3924511537,0.07,-0.64,0.92,0.02,0.06,0
3476731994,-0.78,-0.82,0.17,0.07,0.76,0
4071412508,1.51,0.21,0.96,0.01,0.02,0
4010267685,1.27,1.27,0.19,0.18,0.63,2
3974371838,-0.27,-0.17,0.09,0.3,0.61,1
3951773323,0.96,-0.62,0.98,0.01,0.01,0
4002669907,-0.33,-1.56,0.98,0.0,0.01,0
3614570060,-0.58,-0.56,0.1,0.12,0.78,0
3893024435,-0.89,-0.89,0.09,0.09,0.82,2
3522623057,-0.74,-0.77,0.15,0.08,0.78,0
4092550162,0.59,-0.21,0.92,0.03,0.06,0
3952809368,-0.87,-0.7,0.04,0.54,0.42,1
4192165148,-0.75,-0.77,0.13,0.08,0.79,2
3960739729,-0.62,-0.61,0.1,0.12,0.78,2
4076601828,-0.38,-1.12,0.94,0.01,0.05,0
3647814249,0.15,-0.58,0.92,0.02,0.06,0
3821693345,0.29,-1.18,0.99,0.0,0.01,0
3930006001,-0.87,-0.88,0.1,0.08,0.82,2
3850921801,0.07,1.98,0.0,0.99,0.0,1
3453795299,-1.38,0.62,0.0,0.99,0.0,1
4214876898,-0.8,-0.86,0.2,0.07,0.73,0
4077921339,-0.68,-0.64,0.08,0.17,0.75,1
3614033611,-0.87,-0.87,0.09,0.09,0.82,2
4246483945,-0.62,-0.46,0.05,0.52,0.43,1
3616333863,1.12,-0.4,0.98,0.01,0.01,0
3838430578,-0.06,-0.61,0.89,0.02,0.09,0
3734131702,0.08,0.06,0.2,0.16,0.64,1
3685046668,-0.52,-0.63,0.38,0.06,0.55,2
3712305232,-1.05,0.9,0.0,0.99,0.0,1
3920738399,-0.75,-0.77,0.13,0.08,0.79,2
3866272407,-0.41,-0.32,0.08,0.3,0.62,0
3945589823,-0.73,-0.73,0.1,0.1,0.81,2
4242799175,0.38,0.42,0.17,0.21,0.62,0
3552195410,0.16,-0.09,0.55,0.09,0.37,2
3842853961,0.21,0.26,0.16,0.22,0.62,1
3787377213,-0.47,-0.41,0.09,0.22,0.69,2
3501011034,-0.22,-0.88,0.92,0.01,0.06,0
3566100388,-0.72,-0.84,0.4,0.05,0.55,0
3764660837,-1.0,-1.05,0.18,0.06,0.76,2
4202792520,-0.89,-0.84,0.07,0.16,0.77,2
4283339257,1.64,-0.43,0.99,0.0,0.0,0
3451680326,-0.86,-0.84,0.08,0.13,0.79,2
4144770144,-1.43,-1.43,0.08,0.08,0.84,2
3458659881,-0.82,-0.82,0.1,0.09,0.81,2
4273597147,-0.18,-0.31,0.39,0.08,0.53,1
3716876408,-0.0,0.1,0.11,0.33,0.56,2
3735408811,0.29,-0.34,0.89,0.03,0.08,0
3550237525,-0.21,-0.59,0.81,0.03,0.16,0
3660571303,-0.08,0.57,0.03,0.89,0.08,1
3840855709,-0.94,-0.88,0.06,0.21,0.73,2
3883382593,-0.41,-0.61,0.59,0.05,0.35,0
3584609073,-0.17,1.16,0.01,0.97,0.02,1
3587381540,2.44,-0.13,1.0,0.0,0.0,0
4159862376,0.55,0.1,0.8,0.06,0.14,2
3468600605,0.29,-0.89,0.97,0.01,0.02,0
3975914707,1.98,0.48,0.98,0.01,0.01,0
4114068816,-0.14,1.55,0.0,0.99,0.01,1
3942818200,-1.41,-1.64,0.49,0.03,0.48,2
4225163398,-0.01,-0.29,0.66,0.06,0.28,2
3496774432,-0.77,-0.73,0.08,0.17,0.75,2
3595558273,0.06,0.95,0.02,0.93,0.05,1
4010631296,-1.41,1.51,0.0,1.0,0.0,1
3438873122,0.1,-0.44,0.88,0.03,0.1,0
3631531840,-0.1,2.09,0.0,1.0,0.0,1
3819302388,-0.74,-0.76,0.12,0.08,0.8,2
3708780803,0.05,-0.31,0.77,0.05,0.18,0
4263172738,1.04,-0.56,0.98,0.01,0.01,0
3969625169,-0.76,-0.85,0.31,0.06,0.63,2
3490913405,2.92,-1.38,1.0,0.0,0.0,0
4238879331,-1.39,-1.41,0.1,0.07,0.84,2
3764843303,1.0,0.87,0.32,0.14,0.54,2
3498501615,-1.15,1.2,0.0,1.0,0.0,1
3715165360,1.56,-0.44,0.99,0.0,0.01,0
4116355423,0.73,0.49,0.5,0.12,0.39,2
3766138211,0.81,0.82,0.19,0.2,0.61,2
4095832338,0.38,2.62,0.0,1.0,0.0,1
4134219738,1.17,-0.15,0.97,0.01,0.02,0
3679861908,0.2,-0.82,0.96,0.01,0.03,0
3936202165,2.17,0.81,0.97,0.01,0.02,0
3718021905,-0.22,-0.6,0.81,0.03,0.15,0
3602961464,0.11,0.12,0.18,0.19,0.64,2
3553648616,-0.27,-0.37,0.35,0.08,0.57,2
4005272466,-0.8,-0.8,0.09,0.09,0.82,0
3975072344,0.06,0.91,0.02,0.93,0.05,1
3607196438,-1.16,-0.77,0.02,0.78,0.19,1
3884198872,-0.77,-0.92,0.48,0.05,0.48,0
3841264020,-0.64,-1.54,0.97,0.0,0.03,0
3796720818,-0.78,0.94,0.01,0.99,0.01,1
3474383510,-0.82,0.2,0.01,0.96,0.03,1
3795403408,0.26,0.75,0.04,0.81,0.14,1
3782148912,-1.16,1.68,0.0,1.0,0.0,1
4102192667,-0.9,2.23,0.0,1.0,0.0,1
4183802871,-0.02,-1.12,0.97,0.01,0.02,0
3582498486,-0.68,-0.44,0.04,0.65,0.31,2
3882194213,1.39,0.19,0.96,0.02,0.03,0
4226920149,0.54,-1.05,0.99,0.0,0.01,0
3531321818,-1.0,-0.39,0.02,0.88,0.1,1
4141418273,-0.76,-0.73,0.08,0.14,0.78,2
4261043741,-0.52,-0.41,0.07,0.34,0.59,1
4016219044,-0.73,-0.75,0.13,0.08,0.79,2
3490014831,-0.89,-0.12,0.01,0.93,0.06,1
3777785588,-0.82,-0.78,0.07,0.17,0.76,2
3969621179,-1.35,-1.39,0.12,0.06,0.82,2
4260393721,-0.79,-0.67,0.05,0.4,0.54,1
4285065544,0.36,0.16,0.43,0.11,0.46,0
3779483553,0.21,0.16,0.24,0.15,0.61,2
3914209865,0.67,-0.48,0.96,0.01,0.03,0
4227491806,-0.31,-1.41,0.98,0.0,0.02,0
4219164523,-0.35,-0.65,0.75,0.04,0.21,1
4153518401,-0.36,-0.33,0.12,0.15,0.73,2
4037720854,1.12,-0.52,0.98,0.01,0.01,0
3991512627,-0.56,-0.53,0.09,0.16,0.75,2
3496374390,-0.52,-0.48,0.1,0.17,0.74,2
3727170884,-1.02,0.48,0.01,0.98,0.01,1
3761857471,-1.45,-0.16,0.01,0.98,0.02,0
3980309181,1.9,-1.45,1.0,0.0,0.0,0
3503897259,1.12,1.79,0.03,0.89,0.08,1
3766904979,0.4,-0.92,0.98,0.01,0.01,1
4162117496,-0.77,-0.77,0.09,0.1,0.81,2
3451156023,-0.06,-0.96,0.96,0.01,0.04,0
3779451444,1.47,1.98,0.05,0.81,0.14,1
3687074879,-0.7,-0.78,0.28,0.06,0.66,2
4226335147,-0.71,0.26,0.01,0.95,0.04,1
3701762874,1.62,0.21,0.97,0.01,0.02,0
4232797987,-0.32,-0.77,0.86,0.02,0.12,0
3836186560,1.84,-1.15,1.0,0.0,0.0,0
3975378322,-1.78,-1.51,0.02,0.58,0.39,1
3563907047,-0.26,-1.28,0.97,0.0,0.02,0
3698200435,-0.32,-0.45,0.44,0.07,0.49,0
4208691918,-0.81,-0.74,0.07,0.23,0.71,2
3881791791,-0.74,-0.85,0.36,0.06,0.58,2
4075232777,-0.63,-0.66,0.17,0.08,0.75,2
3746555880,0.56,1.2,0.03,0.89,0.08,2
4228007665,-0.67,-0.7,0.15,0.08,0.77,2
3488077111,-0.91,0.22,0.01,0.97,0.03,1
3552664032,-0.6,0.85,0.01,0.98,0.01,1
3959084715,-0.47,0.94,0.01,0.98,0.01,1
3826820548,-0.94,-0.9,0.07,0.14,0.78,1
4164946281,2.73,3.0,0.1,0.53,0.38,2
4280287624,0.46,0.08,0.72,0.07,0.21,2
3511237996,0.36,-0.54,0.94,0.02,0.04,2
4172303561,-1.21,-0.95,0.03,0.67,0.3,2
3656424002,-0.81,1.08,0.0,0.99,0.0,1
3653195833,-0.0,-0.39,0.81,0.04,0.15,0
4060881132,-1.53,2.48,0.0,1.0,0.0,1
3879626737,0.85,-1.18,1.0,0.0,0.0,0
4224929567,0.5,-0.35,0.93,0.02,0.05,0
3816996794,-0.72,-0.71,0.09,0.12,0.79,2
4148107077,1.78,1.28,0.81,0.06,0.13,1
4196529871,-1.26,-0.76,0.02,0.84,0.15,1
3710840159,0.71,-0.02,0.9,0.03,0.07,0
3591617543,-0.84,-0.88,0.14,0.07,0.79,2
3966963875,1.75,1.0,0.91,0.03,0.06,0
3490193612,1.13,0.33,0.91,0.03,0.06,0
4015552582,-0.08,0.52,0.03,0.87,0.09,1
3798854266,-0.27,-0.72,0.86,0.02,0.12,2
3691720121,0.99,-0.16,0.95,0.02,0.03,0
3612328088,-1.2,-1.02,0.03,0.53,0.43,0
3531533455,0.41,-0.84,0.98,0.01,0.02,0
3654654994,-0.89,-0.87,0.08,0.12,0.8,2
4079034566,1.55,2.05,0.05,0.8,0.15,0
3663276995,-0.09,-0.64,0.89,0.02,0.09,2
3545374361,0.08,0.71,0.03,0.88,0.09,1
3846532366,1.14,-1.62,1.0,0.0,0.0,0
4205660616,-1.41,-1.45,0.11,0.06,0.83,2
3947313031,-1.13,0.71,0.0,0.99,0.01,1
3960549756,-0.66,-0.66,0.1,0.11,0.8,0
3725460559,0.46,1.2,0.02,0.92,0.06,2
3700718927,-0.43,-0.37,0.1,0.21,0.7,1
4253458875,-0.92,-0.9,0.08,0.11,0.81,2
4200232113,-1.28,2.23,0.0,1.0,0.0,1
3978529848,-0.84,-0.85,0.11,0.08,0.81,2
3522107021,1.93,-1.03,1.0,0.0,0.0,0
4028194012,-1.24,0.64,0.0,0.99,0.0,1
4279241262,-0.77,-0.77,0.1,0.09,0.81,2
4092788359,0.95,-0.13,0.95,0.02,0.04,0
3949584261,-0.04,0.89,0.02,0.94,0.04,1
4062915826,0.02,0.01,0.19,0.16,0.65,2
4219270156,0.05,-0.78,0.94,0.01,0.04,0
3675871959,0.42,-1.07,0.99,0.0,0.01,0
3575022517,0.95,0.01,0.93,0.02,0.05,0
3465848588,-0.38,0.66,0.02,0.95,0.03,1
3629569421,2.31,-0.04,1.0,0.0,0.0,0
3485189050,-0.99,-0.29,0.02,0.91,0.07,1
4008175949,-0.79,-0.84,0.17,0.07,0.76,1
3844060605,-0.02,-0.3,0.66,0.06,0.28,2
3639825057,1.39,-1.27,1.0,0.0,0.0,0
4290226288,-0.9,-0.93,0.12,0.08,0.81,0
3753842690,-0.87,-0.6,0.03,0.69,0.28,1
3621106613,-0.8,-0.77,0.08,0.15,0.77,1
4224797115,-0.61,-0.36,0.05,0.64,0.31,2
3453706483,-1.1,0.01,0.01,0.97,0.03,1
3712026570,-0.54,1.2,0.0,0.99,0.01,1
4037838768,-1.27,-1.25,0.07,0.11,0.82,2
3471938045,0.57,0.53,0.24,0.16,0.6,2
4085797943,2.61,1.05,0.98,0.01,0.01,0
3728194605,0.05,2.11,0.0,0.99,0.0,1
4270158198,-0.27,0.43,0.03,0.9,0.07,1
4268111462,-0.69,-0.84,0.49,0.05,0.46,0
3902497039,-0.8,-0.74,0.07,0.21,0.72,2
3905793985,-0.88,-0.84,0.08,0.14,0.78,1
4193465699,2.17,2.45,0.09,0.56,0.35,1
3561178324,-0.78,-0.42,0.03,0.77,0.2,1
3559908200,-0.9,0.54,0.01,0.98,0.01,1
3621075138,1.52,1.61,0.14,0.25,0.6,1
3751749550,-0.79,0.4,0.01,0.97,0.02,1
4048538949,0.55,0.48,0.26,0.15,0.59,2
3819938545,0.55,0.16,0.73,0.07,0.2,2
4081740913,-0.75,-0.87,0.39,0.05,0.56,0
3980080434,-0.68,1.12,0.0,0.99,0.01,1
3966886010,-0.79,-0.81,0.11,0.08,0.8,2
3992572532,-0.72,-0.42,0.04,0.72,0.25,1
3627886427,-0.32,0.2,0.03,0.85,0.12,1
3637218980,-1.49,-1.4,0.04,0.26,0.7,1
3682748106,-0.54,-0.61,0.24,0.07,0.68,0
3978727553,-1.7,-0.58,0.01,0.97,0.03,1
4222577204,-0.95,-0.11,0.01,0.94,0.05,1
4205416862,-0.68,-0.51,0.05,0.54,0.41,2
3701410998,-0.86,-0.87,0.1,0.08,0.82,0
3772866992,-0.56,-0.68,0.4,0.06,0.54,0
4204251587,-0.07,-0.51,0.84,0.03,0.13,0
3983972493,-0.17,-0.55,0.82,0.03,0.15,0
4107801829,-0.03,-1.02,0.96,0.01,0.03,0
4142102782,-0.04,1.48,0.01,0.98,0.01,1
4262210152,0.01,0.12,0.11,0.34,0.55,2
4284924803,0.3,-0.38,0.9,0.03,0.07,0
3776828648,-0.05,0.87,0.02,0.94,0.04,1
3925763044,-0.0,0.03,0.15,0.2,0.65,2
4267658380,0.68,0.6,0.27,0.14,0.58,2
3701436024,-0.46,-0.26,0.06,0.59,0.36,0
4195185784,2.05,0.91,0.95,0.02,0.03,0
3632596511,0.64,-0.25,0.93,0.02,0.05,0
3940812560,-1.23,-0.41,0.01,0.93,0.05,1
3713371401,0.26,-1.64,1.0,0.0,0.0,0
3870694166,-0.8,0.91,0.01,0.99,0.01,1
4206856770,-0.92,1.45,0.0,1.0,0.0,1
3570550294,0.13,0.39,0.08,0.59,0.33,1
4265755159,-0.21,-0.32,0.34,0.08,0.57,0
3908500368,1.27,-0.06,0.97,0.01,0.02,0
4152975921,-0.05,-0.86,0.94,0.01,0.05,0
3615741639,-0.09,-0.86,0.94,0.01,0.05,0
4086401818,-0.68,-1.02,0.79,0.02,0.18,0
3754726950,0.4,0.7,0.08,0.62,0.3,1
4227300365,-0.84,0.48,0.01,0.97,0.02,1
3630937437,-1.35,0.01,0.01,0.98,0.01,1
3497732689,-0.19,-0.19,0.15,0.15,0.69,2
3719791418,2.02,0.53,0.97,0.01,0.01,0
3642594431,-0.14,0.17,0.06,0.68,0.26,1
3688177637,-0.47,0.82,0.01,0.97,0.02,1
4228478004,1.85,-0.44,1.0,0.0,0.0,0
4095327252,-0.89,0.63,0.01,0.98,0.01,1
3929812193,-0.99,-0.98,0.08,0.1,0.82,2
3504872356,1.2,-0.98,1.0,0.0,0.0,0
3752482833,1.39,0.66,0.89,0.04,0.07,0
4220305502,-0.73,-1.05,0.78,0.02,0.2,0
3597586445,-0.88,-1.04,0.49,0.04,0.47,0
3756668797,-1.62,0.57,0.0,1.0,0.0,1
3900619134,0.95,2.73,0.0,0.99,0.01,1
3600336384,0.11,0.18,0.13,0.25,0.62,0
3441640966,1.12,-0.98,1.0,0.0,0.0,0
3468660601,0.44,0.86,0.06,0.75,0.2,1
3673585695,-0.53,-0.55,0.15,0.09,0.76,2
3555818271,-0.8,-0.81,0.1,0.09,0.81,2
3983503410,0.71,-1.18,0.99,0.0,0.0,0
3674215663,-1.36,-0.16,0.01,0.97,0.02,1
3823716333,-0.9,-0.92,0.11,0.08,0.81,2
3717686644,-0.85,-0.86,0.1,0.08,0.82,2
3937071168,1.23,-1.08,1.0,0.0,0.0,0
3533430383,-0.93,0.05,0.01,0.95,0.03,1
3499100817,-0.77,-0.8,0.15,0.08,0.77,2
3857719707,1.56,-0.49,0.99,0.0,0.0,0
3966575948,-1.3,0.96,0.0,1.0,0.0,1
3518810803,1.11,-1.05,1.0,0.0,0.0,0
4211405339,0.27,-1.42,0.99,0.0,0.0,0
4196302229,-0.67,-0.69,0.12,0.09,0.79,1
4028619202,-1.02,-1.02,0.08,0.1,0.82,2
3608096431,-1.36,0.36,0.0,0.99,0.01,1
3765719304,-0.05,1.04,0.01,0.96,0.03,1
3995697623,-1.11,-1.1,0.08,0.09,0.83,0
3749557287,0.43,-1.46,1.0,0.0,0.0,0
3672949798,2.94,2.48,0.79,0.05,0.17,0
3852249156,-0.23,-0.56,0.78,0.04,0.18,0
3731042597,-0.33,-0.42,0.34,0.08,0.58,0
4143638029,-0.49,-0.59,0.36,0.07,0.58,0
3990992552,-1.08,-1.03,0.06,0.16,0.77,2
4138405412,-0.7,-0.69,0.09,0.11,0.8,2
3473409126,-1.62,2.84,0.0,1.0,0.0,1
3630578037,-0.48,-0.6,0.4,0.06,0.54,0
4216142538,0.9,-1.65,1.0,0.0,0.0,0
3732729486,-0.66,1.32,0.0,0.99,0.0,1
4102326018,-0.68,-0.65,0.09,0.15,0.77,2
4190625764,-1.76,1.3,0.0,1.0,0.0,1
3448528919,1.1,-0.34,0.97,0.01,0.02,0
3562602040,-0.26,-1.73,0.99,0.0,0.01,0
4036653586,-0.15,-0.11,0.13,0.2,0.67,1
3724414766,-1.25,0.6,0.0,0.99,0.0,1
3573559312,1.03,0.21,0.91,0.03,0.06,0
3480962190,-0.11,-0.87,0.94,0.01,0.05,0
3720290634,-1.59,-1.58,0.06,0.09,0.84,2
3931418201,-0.78,-0.8,0.12,0.08,0.8,2
3447516908,0.89,-1.97,1.0,0.0,0.0,0
3749118402,-0.67,-0.68,0.11,0.09,0.79,2
3437129374,-1.13,-0.84,0.03,0.7,0.27,1
3820031335,-0.37,0.8,0.01,0.96,0.02,1
4220521423,1.09,1.99,0.02,0.95,0.04,1
3927338647,0.54,-0.25,0.92,0.03,0.06,0
3965095720,-0.08,-0.12,0.21,0.13,0.67,2
4043057480,1.52,-1.22,1.0,0.0,0.0,0
4195417677,-0.35,-0.5,0.46,0.07,0.47,2
3967359794,-0.67,-0.69,0.12,0.09,0.79,2
4254762145,-0.13,-1.27,0.98,0.0,0.02,0
4031124548,0.05,2.52,0.0,1.0,0.0,1
3819314200,-0.07,-0.61,0.89,0.02,0.09,0
4093103379,0.07,-0.07,0.36,0.1,0.54,0
3616064204,-0.19,-0.05,0.09,0.41,0.5,0
3479708194,0.03,-0.91,0.96,0.01,0.03,0
4209043802,-0.95,-0.94,0.08,0.1,0.82,0
3949123717,-1.68,1.04,0.0,1.0,0.0,1
3814740415,0.42,0.25,0.37,0.12,0.5,0
4233458392,-0.77,-0.75,0.08,0.13,0.79,2
4294452769,-0.8,-0.8,0.09,0.09,0.82,2
3682672488,-0.8,-0.81,0.1,0.09,0.81,2
4080772194,-0.17,-0.24,0.24,0.1,0.66,0
3515783583,-0.77,-0.77,0.1,0.09,0.81,2
3579445515,-0.84,-0.76,0.06,0.26,0.68,2
3649006441,1.5,-0.74,1.0,0.0,0.0,0
4011447475,-0.64,-0.75,0.39,0.06,0.55,2
4029062077,0.57,-0.27,0.92,0.02,0.05,0
4066676192,2.05,0.77,0.96,0.02,0.02,0
3847769744,-0.73,-0.65,0.06,0.28,0.66,2
4085272835,-1.2,-0.02,0.01,0.97,0.02,1
3826724560,-1.1,-0.4,0.01,0.91,0.08,1
4260808044,0.53,-0.19,0.9,0.03,0.07,0
3991487194,-0.5,0.28,0.02,0.92,0.06,1
4109588332,-0.84,0.44,0.01,0.97,0.02,1
3974402543,-0.85,-0.82,0.08,0.15,0.78,1
3498135394,-0.86,-0.64,0.04,0.63,0.33,1
3948000494,-0.44,-0.33,0.08,0.34,0.59,0
4111510164,-1.05,-1.32,0.67,0.02,0.31,2
3579662898,-0.75,-0.78,0.15,0.08,0.78,2
4290669078,-1.38,0.51,0.0,0.99,0.0,1
4203708763,-0.8,-0.72,0.06,0.26,0.67,1
4070378210,-0.67,-0.73,0.22,0.07,0.71,2
3468220843,0.7,-0.73,0.98,0.01,0.01,0
4228846139,-1.27,-1.22,0.06,0.17,0.77,1
3744548464,-0.84,-0.84,0.09,0.09,0.82,2
4096699897,-0.77,-1.55,0.96,0.0,0.04,0
3488786855,0.44,-1.02,0.99,0.0,0.01,0
4022194358,1.6,-0.56,0.99,0.0,0.0,0
4060365805,-0.28,-0.76,0.87,0.02,0.11,0
3634874035,0.49,1.12,0.03,0.88,0.09,1
4234795762,0.22,0.66,0.05,0.77,0.18,1
3449228882,-1.52,-0.85,0.01,0.89,0.09,1
4263175476,-0.44,-0.49,0.22,0.08,0.69,0
3894235760,-0.13,0.46,0.03,0.87,0.1,1
3712392764,-0.82,-0.8,0.08,0.11,0.8,2
3650033377,1.25,-1.66,1.0,0.0,0.0,0
3697047650,-0.58,-0.76,0.56,0.05,0.4,0
3475467808,-0.84,-0.89,0.18,0.07,0.76,2
3836839628,-0.87,-0.08,0.01,0.93,0.05,2
4216063518,-0.16,-0.14,0.15,0.17,0.68,1
3544668416,0.07,-0.61,0.91,0.02,0.07,0
3882804494,-0.17,-0.13,0.12,0.2,0.68,0
4241535373,0.19,2.3,0.0,1.0,0.0,1
3841936408,-0.58,-0.19,0.03,0.79,0.17,1
4227706654,0.81,-0.71,0.98,0.01,0.01,0
3879426176,1.84,-0.48,1.0,0.0,0.0,0
3975772296,-1.54,0.81,0.0,1.0,0.0,1
3613917804,-0.58,-0.36,0.05,0.62,0.33,1
4290567181,-1.59,-1.15,0.02,0.79,0.2,1
4198665000,-0.77,-1.12,0.8,0.02,0.18,0
3719048931,-0.69,-0.75,0.23,0.07,0.71,2
3448060056,0.77,-1.2,1.0,0.0,0.0,0
4135766767,-0.61,-0.61,0.11,0.1,0.79,2
3945147487,-0.94,-0.93,0.08,0.1,0.82,2
3811906970,-0.38,-0.88,0.88,0.02,0.1,0
3725505210,-0.81,-0.74,0.07,0.23,0.71,2
3755905280,-0.5,-1.2,0.94,0.01,0.05,0
4062605905,-0.89,-0.84,0.07,0.18,0.75,2
4178952599,-0.39,0.6,0.02,0.95,0.04,1
3975074604,0.94,-0.56,0.98,0.01,0.01,0
4251266470,0.4,0.29,0.3,0.13,0.57,2
3571521031,-0.63,-0.57,0.08,0.21,0.71,1
3832171122,0.12,0.97,0.02,0.93,0.05,1
4115648217,0.7,0.87,0.12,0.39,0.49,1
3479813269,0.88,1.04,0.12,0.38,0.5,2
3652864364,1.22,-0.13,0.97,0.01,0.02,0
4129500606,-0.87,-0.88,0.1,0.08,0.82,2
4133162476,-1.25,-1.03,0.03,0.6,0.37,2
3660541492,-0.88,-0.87,0.09,0.1,0.81,2
4079965318,-1.27,-1.16,0.04,0.35,0.61,2
3721316667,1.52,-0.58,0.99,0.0,0.0,0
3918795966,-0.75,-1.03,0.74,0.03,0.24,2
3914929980,1.67,1.1,0.85,0.05,0.1,0
3947217991,-0.47,-0.69,0.63,0.05,0.32,1
3992318704,-0.77,-0.77,0.09,0.1,0.81,2
3865610759,-1.11,-1.33,0.55,0.03,0.42,0
4140736007,-0.13,-0.14,0.17,0.15,0.68,0
3985411604,-1.34,-0.08,0.01,0.98,0.02,1
4270976008,0.5,-1.54,1.0,0.0,0.0,0
3956682559,-0.27,0.37,0.03,0.89,0.09,1
3500925701,-0.61,-0.63,0.14,0.09,0.77,2
3842904864,1.21,1.99,0.02,0.93,0.05,1
3889650090,0.17,-1.36,0.99,0.0,0.01,0
4213461981,-0.84,-0.86,0.11,0.08,0.81,2
3906606191,0.49,0.4,0.28,0.14,0.58,2
3583999779,-0.73,-0.61,0.05,0.42,0.53,2
3494234309,0.71,0.2,0.82,0.05,0.12,0
3489722800,-0.81,-0.89,0.25,0.06,0.68,2
3686843013,-0.84,-0.81,0.08,0.13,0.79,2
3472508560,-0.69,0.06,0.02,0.92,0.06,1
3500018067,-0.82,-0.82,0.09,0.09,0.82,2
3905747779,-0.79,-0.82,0.13,0.08,0.79,2
4248420073,-0.86,-0.85,0.09,0.1,0.81,2
3552006258,0.81,-0.28,0.95,0.02,0.03,0
3777132867,-0.76,1.36,0.0,0.99,0.0,1
4021310047,2.92,0.18,1.0,0.0,0.0,0
4227312268,2.42,-1.28,1.0,0.0,0.0,0
3721051004,-0.77,-0.81,0.15,0.08,0.77,0
4174883723,0.1,-0.2,0.66,0.07,0.27,2
4216204587,-1.04,0.89,0.0,0.99,0.0,1
3571610628,0.5,-0.23,0.9,0.03,0.07,0
3861897059,-0.85,-0.82,0.08,0.13,0.79,1
4042687081,-0.19,-0.38,0.53,0.07,0.4,0
3909679952,-0.64,-0.43,0.05,0.6,0.35,1
3846835151,-0.85,-0.85,0.09,0.09,0.82,2
3442811366,0.56,0.73,0.12,0.39,0.49,2
3948495445,-0.88,-0.94,0.2,0.06,0.73,2
4038996585,1.38,-0.06,0.97,0.01,0.02,1
3506447284,1.7,0.4,0.96,0.02,0.02,0
3826576129,-0.54,1.62,0.0,1.0,0.0,1
3485595945,0.95,0.93,0.23,0.17,0.6,2
3959549565,-0.71,-0.63,0.07,0.27,0.67,2
3735639810,0.22,1.35,0.01,0.96,0.03,0
4079125667,-0.95,-1.24,0.72,0.02,0.25,0
4199341465,-1.16,1.03,0.0,1.0,0.0,1
4147367459,-0.61,0.52,0.01,0.96,0.03,1
3928005292,-0.42,0.71,0.01,0.96,0.03,1
4129600660,0.57,0.58,0.19,0.2,0.62,1
3923514562,-0.66,-0.57,0.07,0.29,0.64,2
3862345512,-0.76,0.63,0.01,0.98,0.01,1
3761119095,-0.47,1.26,0.0,0.99,0.01,1
4227477791,-0.69,-0.57,0.06,0.39,0.55,1
3998747582,2.55,-0.91,1.0,0.0,0.0,0
3491265819,-1.04,1.97,0.0,1.0,0.0,1
3832401433,-1.42,-1.44,0.09,0.07,0.84,2
3648402717,-1.0,0.19,0.01,0.97,0.02,1
4261380281,-0.72,-0.71,0.09,0.1,0.8,2
4162449054,-0.84,-0.84,0.1,0.09,0.81,2
4043916584,1.1,-0.82,0.99,0.0,0.01,0
3503388916,-0.89,0.57,0.01,0.98,0.01,1
3789345998,-1.4,-1.18,0.03,0.57,0.4,1
4103698096,-0.74,-0.77,0.15,0.08,0.78,2
4246770411,-1.74,-0.17,0.0,0.99,0.01,1
3809558774,0.31,0.98,0.03,0.9,0.08,1
3831383332,-0.22,-1.88,1.0,0.0,0.0,0
3991857184,2.62,1.41,0.97,0.01,0.02,0
3602713522,1.01,-0.69,0.99,0.0,0.01,0
4136042924,2.02,2.03,0.18,0.16,0.66,0
4243979266,-0.5,-1.03,0.9,0.01,0.09,0
3600752792,2.8,0.31,1.0,0.0,0.0,0
4113656197,3.0,0.75,0.99,0.0,0.0,0
3702096459,0.4,0.55,0.12,0.37,0.51,1
3615358587,-1.17,-1.12,0.06,0.16,0.78,0
3622683690,-0.78,-0.78,0.09,0.09,0.81,2
3931400861,-0.8,-0.8,0.09,0.09,0.82,2
3811015098,-0.65,-0.76,0.38,0.06,0.57,0
4152708184,-0.61,-0.36,0.04,0.65,0.3,1
3827849726,0.05,-0.7,0.93,0.02,0.06,0
4293227845,-0.07,-0.76,0.92,0.02,0.06,0
3531271341,0.45,0.26,0.4,0.12,0.48,2
3802502818,0.46,-1.62,1.0,0.0,0.0,0
3673573425,-1.52,-1.59,0.15,0.05,0.81,2
3994530070,2.42,1.15,0.97,0.01,0.02,0
4117861351,0.44,-0.55,0.95,0.01,0.03,0
3492972582,-1.11,-1.14,0.12,0.07,0.81,0
3956082157,-0.05,0.77,0.02,0.92,0.05,1
4225867641,0.13,-0.78,0.95,0.01,0.04,0
3989316956,0.15,0.77,0.03,0.88,0.09,1
3539463441,-1.07,-1.03,0.07,0.15,0.79,2
3856959979,-0.72,0.11,0.02,0.93,0.05,1
3582464636,-0.74,-0.45,0.04,0.71,0.26,1
3630589779,0.02,-0.85,0.95,0.01,0.04,0
4016248861,1.33,-0.89,1.0,0.0,0.0,0
3567864834,-0.84,-0.84,0.1,0.09,0.81,2
4261336515,-0.55,-0.81,0.71,0.04,0.25,0
4041154848,-0.73,-0.11,0.02,0.89,0.09,1
3566154899,-0.74,-0.77,0.15,0.08,0.78,2
3486044668,2.05,-0.9,1.0,0.0,0.0,0
3805707321,-0.74,-0.77,0.15,0.08,0.78,2
4083823658,0.11,-0.66,0.93,0.02,0.05,0
3622921567,-0.87,-0.87,0.09,0.09,0.82,2
4239797148,-0.85,-0.85,0.09,0.09,0.82,2
3959431212,-1.07,-1.11,0.13,0.07,0.8,0
4292154969,-1.07,-1.08,0.09,0.08,0.83,2
3749050241,0.77,-0.59,0.98,0.01,0.02,0
3515082547,-0.8,-0.81,0.1,0.09,0.81,2
4003847029,-0.82,-0.99,0.52,0.04,0.44,0
3889842434,-0.47,-0.48,0.14,0.1,0.76,2
4007735149,1.59,-1.68,1.0,0.0,0.0,0
4257682815,-1.51,2.16,0.0,1.0,0.0,1
4281980776,-0.23,-0.36,0.42,0.08,0.51,0
3683100897,0.31,-0.36,0.9,0.03,0.07,0
4087986740,-0.89,-0.84,0.07,0.16,0.77,1
4215943106,-0.84,-0.82,0.08,0.12,0.8,2
4189240769,-0.78,-0.79,0.11,0.09,0.8,2
3745155179,0.21,-0.2,0.8,0.05,0.15,0
3749948752,-1.28,-0.55,0.01,0.91,0.07,1
3667591909,-0.22,-0.18,0.12,0.19,0.69,2
4253105766,-0.59,-0.18,0.03,0.8,0.16,2
4019467778,-1.07,1.28,0.0,1.0,0.0,1
3591394864,-0.87,-0.88,0.1,0.08,0.82,2
3485761934,-1.34,-1.2,0.04,0.44,0.53,2
4143673319,1.46,-0.38,0.99,0.0,0.01,0
3782244228,-0.81,-0.77,0.07,0.17,0.76,2
3747496222,2.31,-0.64,1.0,0.0,0.0,0
3737015423,0.26,0.35,0.13,0.26,0.6,1
3918406813,-1.41,0.51,0.0,0.99,0.0,1
4226462335,-0.98,-0.96,0.08,0.11,0.81,2
4237549667,-0.17,0.34,0.04,0.84,0.12,1
3987237653,-1.15,0.28,0.01,0.98,0.01,1
3809874415,-0.61,0.35,0.01,0.95,0.04,1
3751753183,-0.81,-0.84,0.13,0.08,0.79,2
3606900156,-0.14,0.23,0.05,0.74,0.21,0
3665581034,-1.48,-0.3,0.01,0.97,0.02,1
3693522072,-1.33,-0.28,0.01,0.96,0.03,1
3466737646,-0.84,-0.82,0.08,0.13,0.79,2
3952738321,-0.77,-0.77,0.11,0.09,0.81,2
3960683314,-0.95,-0.64,0.03,0.74,0.24,1
4279561409,-0.48,-0.5,0.15,0.09,0.75,0
4119871729,0.08,-0.72,0.94,0.01,0.05,0
3752850843,-0.77,-0.77,0.09,0.1,0.81,2
3780191489,-1.13,-0.97,0.04,0.5,0.46,2
4153519215,0.76,-0.65,0.98,0.01,0.01,0
3607558102,-0.24,0.03,0.06,0.65,0.29,1
3734172477,-0.88,-0.59,0.03,0.71,0.26,1
3515930442,0.53,0.86,0.07,0.66,0.27,1
3620633383,0.86,-0.73,0.99,0.0,0.01,0
4055034459,-0.68,-0.74,0.23,0.07,0.7,1
3554004309,-1.0,1.07,0.0,0.99,0.0,1
3502934675,-0.86,1.0,0.0,0.99,0.01,1
3621086899,-0.73,-0.73,0.1,0.1,0.81,0
3438831584,-0.21,-0.08,0.09,0.36,0.54,1
3579650305,-0.09,0.01,0.1,0.33,0.57,1
4228081378,-0.44,0.86,0.01,0.97,0.02,1
3878958681,1.47,0.3,0.95,0.02,0.03,0
4258988790,-0.36,-0.47,0.37,0.07,0.56,0
3937288260,0.84,-0.82,0.99,0.0,0.01,0
3821863648,-0.55,-0.61,0.21,0.08,0.71,0
3717781886,-1.93,1.59,0.0,1.0,0.0,1
3552907282,-0.64,0.55,0.01,0.97,0.02,2
3760726154,-1.76,-0.72,0.01,0.96,0.03,1
3551901422,-1.76,1.41,0.0,1.0,0.0,1
4040697626,-0.78,-0.77,0.09,0.1,0.81,2
4265449646,0.1,0.11,0.17,0.19,0.64,2
3915508156,-0.8,-0.69,0.05,0.38,0.57,1
3840265293,-0.59,-1.06,0.88,0.02,0.1,0
3959982216,-0.31,0.36,0.03,0.9,0.08,1
3600970455,0.41,2.05,0.01,0.99,0.01,1
3734147079,-0.66,0.57,0.01,0.97,0.02,1
3596860644,-1.73,-1.78,0.1,0.05,0.85,2
3637590492,-0.43,-0.41,0.11,0.14,0.75,2
3956717277,0.15,0.11,0.23,0.15,0.63,2
3860837001,0.35,-0.17,0.85,0.04,0.11,0
3908372404,1.0,2.25,0.01,0.97,0.02,1
4177781973,1.52,1.58,0.16,0.21,0.64,0
3751917710,-0.77,-1.0,0.66,0.03,0.31,0
3798494249,0.08,2.05,0.0,0.99,0.0,1
4020295879,-0.31,-0.31,0.14,0.13,0.72,2
3740978033,-0.86,-0.86,0.09,0.09,0.82,2
3988966266,0.56,-0.9,0.98,0.0,0.01,0
4051756036,-1.0,-0.68,0.03,0.74,0.24,2
3537609032,0.12,-0.13,0.56,0.08,0.36,2
3501163388,0.67,0.54,0.32,0.14,0.54,2
3597428673,-0.16,-0.95,0.94,0.01,0.05,0
3580979781,-0.01,-0.89,0.95,0.01,0.04,0
4037367727,-0.66,-0.64,0.09,0.13,0.78,2
3710901085,-0.89,-0.89,0.08,0.1,0.82,2
3609919186,-0.12,-0.28,0.44,0.08,0.48,0
4046460269,-1.42,0.65,0.0,0.99,0.0,1
3548082008,0.14,-0.52,0.91,0.02,0.07,0
3953721667,0.91,1.12,0.11,0.45,0.43,1
3522654845,1.53,1.36,0.36,0.11,0.53,2
3684303288,0.41,-1.7,1.0,0.0,0.0,0
3868484486,-1.52,-1.52,0.07,0.09,0.84,2
3763088057,-0.85,-0.67,0.04,0.57,0.39,1
3928925752,-1.43,0.8,0.0,1.0,0.0,1
3739602374,-0.49,0.89,0.01,0.98,0.02,1
3817015984,1.99,-1.17,1.0,0.0,0.0,0
3851378772,-1.21,0.23,0.01,0.98,0.01,1
3618784346,0.04,-1.28,0.98,0.0,0.01,0
4024108785,-0.29,0.38,0.03,0.9,0.08,1
4232369605,0.05,-0.47,0.87,0.03,0.1,0
3968362847,0.96,-0.35,0.97,0.01,0.02,0
3585651919,-0.62,0.79,0.01,0.98,0.01,1
3545551227,0.56,-1.01,0.99,0.0,0.01,0
4041236291,-0.64,-0.66,0.13,0.09,0.78,2
4029961621,-0.46,2.78,0.0,1.0,0.0,1
3746494995,2.36,0.4,0.99,0.0,0.01,0
3525186678,-0.66,-0.7,0.18,0.08,0.74,2
4176288077,-0.85,-0.88,0.12,0.08,0.8,2
3497230007,2.34,0.4,0.99,0.01,0.01,0
4083182360,-0.79,-0.46,0.03,0.75,0.22,2
4097595534,0.43,0.31,0.31,0.13,0.56,2
4009783042,0.14,-0.43,0.88,0.03,0.09,0
4236294114,-0.12,0.19,0.06,0.68,0.26,1
3592186978,-0.09,0.25,0.06,0.7,0.24,1
4029307024,-0.85,-0.81,0.07,0.17,0.76,2
3451825888,1.77,-0.13,0.99,0.0,0.01,0
4215922658,-0.19,0.81,0.02,0.95,0.04,1
3719107224,-0.88,0.19,0.01,0.96,0.03,1
4081010539,-1.4,-1.37,0.06,0.12,0.82,2
4294081229,-0.16,-0.66,0.87,0.02,0.1,0
3443598603,-0.74,-0.69,0.07,0.2,0.73,1
3887091484,-0.29,-0.13,0.08,0.47,0.46,1
3657843813,-0.79,-0.81,0.11,0.08,0.8,0
3440526270,-0.17,-0.1,0.11,0.25,0.64,2
3673928993,-0.57,-0.59,0.13,0.09,0.77,1
4162051164,-0.97,-0.12,0.01,0.94,0.05,1
3682173708,1.91,2.12,0.11,0.44,0.44,2
3837283488,-0.03,-0.25,0.52,0.08,0.4,0
3777602856,-0.45,0.19,0.02,0.89,0.08,1
3699822885,-0.74,-1.04,0.76,0.03,0.22,0
3715250053,-0.8,-0.79,0.09,0.1,0.81,2
3751571607,-0.77,0.25,0.01,0.95,0.03,1
3568665288,0.05,-0.23,0.64,0.07,0.29,0
4172669833,-1.34,-1.35,0.08,0.08,0.84,2
3949075763,1.36,1.58,0.11,0.46,0.43,2
4226971091,0.98,0.0,0.93,0.02,0.04,0
3776989105,-0.77,-0.82,0.2,0.07,0.73,1
3623899493,-1.12,-1.04,0.06,0.24,0.71,2
3754464420,-0.77,-0.77,0.1,0.09,0.81,2
4197869230,1.45,1.1,0.63,0.09,0.28,1
4274103601,2.7,2.94,0.1,0.47,0.42,1
4197668521,0.85,-0.11,0.93,0.02,0.04,0
3917282680,-0.7,-1.0,0.76,0.03,0.21,0
3479597179,0.29,-0.02,0.64,0.08,0.28,0
4270119062,-0.99,-0.97,0.07,0.11,0.81,0
3880768865,2.02,-0.03,0.99,0.0,0.0,0
3973855557,0.8,0.85,0.16,0.23,0.61,0
3627400094,-0.87,-0.84,0.08,0.13,0.8,2
3623904401,0.43,0.15,0.55,0.1,0.35,0
4234765453,-0.66,0.95,0.01,0.98,0.01,1
4096724379,-0.53,-0.53,0.12,0.11,0.78,2
4172633408,0.96,1.91,0.02,0.95,0.03,2
4222847658,-0.3,-0.35,0.22,0.1,0.69,0
4057549293,-0.14,0.27,0.05,0.78,0.18,1
3913231784,-1.42,-0.77,0.01,0.89,0.1,1
3856336719,-1.35,-1.24,0.04,0.32,0.64,2
3828323914,-0.74,-0.75,0.11,0.09,0.8,1
4112601377,2.61,-0.36,1.0,0.0,0.0,0
3638751794,-0.36,-0.48,0.4,0.07,0.53,1
3732843490,0.12,-0.25,0.76,0.05,0.18,0
3818171346,-0.56,0.42,0.01,0.95,0.04,1
4004090640,1.14,0.43,0.88,0.04,0.08,0
4069451437,-0.71,-0.73,0.12,0.09,0.79,2
3722826231,-0.67,-0.54,0.05,0.45,0.49,1
3596445145,-0.6,-0.77,0.55,0.05,0.41,0
3490803412,-0.4,-0.19,0.06,0.59,0.35,2
3840480022,1.75,0.27,0.97,0.01,0.01,0
3622323786,0.88,0.14,0.89,0.03,0.07,0
3961346105,0.96,-0.8,0.99,0.0,0.01,0
3561332967,-1.41,-0.84,0.01,0.86,0.13,1
4233308113,0.05,-0.29,0.74,0.05,0.21,0
3741689399,-0.84,-0.82,0.08,0.11,0.81,2
3654644333,1.1,-0.37,0.98,0.01,0.02,0
4064333383,-0.03,-0.06,0.2,0.14,0.66,2
3487101963,-1.08,-0.21,0.01,0.94,0.05,1
4035305068,1.49,-0.39,0.99,0.0,0.01,0
3949521697,-0.8,-0.78,0.08,0.12,0.8,2
3507904005,0.53,-1.7,1.0,0.0,0.0,0
4118954991,0.67,-1.74,1.0,0.0,0.0,0
4166520754,-0.82,-0.75,0.06,0.25,0.69,2
3561863418,1.62,1.15,0.78,0.06,0.15,0
3676944211,2.02,-1.05,1.0,0.0,0.0,0
4267587008,-0.91,0.15,0.01,0.96,0.03,1
3977553003,0.88,1.02,0.13,0.34,0.53,1
3956792871,0.47,0.71,0.1,0.52,0.38,1
3579577868,-0.33,0.26,0.03,0.87,0.1,1
3621700778,-0.33,-0.3,0.11,0.16,0.72,2
3914634840,-0.48,-0.45,0.1,0.17,0.74,2
3670487849,1.12,-0.85,0.99,0.0,0.0,0
4015830479,-0.78,-1.3,0.89,0.01,0.1,0
3790644736,-1.1,-1.06,0.07,0.14,0.79,1
3725842581,0.57,-0.79,0.98,0.01,0.01,0
4215855431,-1.32,-0.85,0.02,0.82,0.16,1
3911794098,-0.89,-0.0,0.01,0.94,0.04,1
3658121753,-1.39,1.64,0.0,1.0,0.0,1
3856598527,-1.03,-1.03,0.09,0.09,0.83,2
3580303784,0.49,-1.16,0.99,0.0,0.01,0
3761948397,0.96,-0.95,0.99,0.0,0.0,0
3784282755,-0.97,-0.95,0.07,0.12,0.8,2
3557653154,-0.91,-0.89,0.08,0.11,0.81,2
3894549577,-0.43,-0.44,0.13,0.11,0.75,2
4127984183,-1.26,-0.25,0.01,0.96,0.03,1
3917323116,0.28,-1.08,0.98,0.0,0.01,0
3984670886,-0.05,-0.9,0.95,0.01,0.04,0
4052505155,-0.52,-0.36,0.06,0.49,0.45,1
4043563905,-0.92,-0.04,0.01,0.94,0.04,1
4122162081,-0.13,-0.18,0.21,0.11,0.68,2
4027719926,-0.71,-0.69,0.09,0.14,0.78,2
3498956578,-0.32,-0.02,0.05,0.69,0.25,2
3801284557,-0.84,1.52,0.0,1.0,0.0,1
4220674200,0.15,-0.53,0.91,0.02,0.07,0
3726023799,1.34,-0.26,0.98,0.01,0.01,0
4113618432,0.29,-1.27,0.99,0.0,0.01,0
4053508717,-0.32,-1.18,0.96,0.01,0.04,0
3922691105,-0.47,0.21,0.02,0.9,0.08,1
3858545382,1.91,-0.25,0.99,0.0,0.0,0
4145652418,0.15,-0.21,0.76,0.05,0.19,0
3882213913,0.04,-0.92,0.96,0.01,0.03,0
4250515153,-1.45,-1.34,0.04,0.33,0.63,2
3905301372,-0.6,-0.36,0.05,0.63,0.32,1
4199959504,0.84,1.52,0.03,0.89,0.08,1
3452576671,1.65,-0.46,0.99,0.0,0.0,0
3962271106,-0.67,1.13,0.0,0.99,0.01,1
4269403387,-0.89,-0.89,0.09,0.09,0.82,2
3922994000,-1.12,0.93,0.0,0.99,0.0,1
4236414699,-0.9,-0.89,0.08,0.11,0.81,2
3489169406,-0.96,0.44,0.01,0.98,0.01,1
4063054660,-0.34,-0.21,0.08,0.39,0.53,0
3818411187,-0.25,-1.08,0.95,0.01,0.04,0
3601216283,-0.91,-0.91,0.09,0.09,0.82,2
4145755863,-0.09,-0.06,0.14,0.19,0.67,0
4075061105,-0.95,-0.04,0.01,0.95,0.04,1
4093864547,-0.27,-0.07,0.07,0.56,0.38,2
3731056844,-0.49,-0.45,0.1,0.17,0.73,2
3670596186,-0.63,-0.82,0.57,0.04,0.38,0
3659132851,0.61,-1.12,0.99,0.0,0.01,0
3786299285,-0.65,0.1,0.02,0.92,0.06,1
3706099949,1.04,1.16,0.14,0.3,0.56,0
3607914905,-0.71,-0.69,0.09,0.12,0.79,2
3986748513,1.73,-0.82,1.0,0.0,0.0,0
4095888653,-0.39,-0.57,0.54,0.06,0.4,0
4003187453,-0.42,-0.5,0.31,0.08,0.62,0
3878423896,0.84,0.81,0.23,0.17,0.6,1
3997422005,-0.84,-0.81,0.08,0.15,0.78,2
3479570354,-0.82,-0.93,0.32,0.06,0.62,2
3762198604,1.12,-0.79,0.99,0.0,0.01,0
3443405025,-0.92,-0.97,0.17,0.07,0.76,0
3452727732,0.23,0.17,0.24,0.15,0.61,0
3575579978,2.3,-0.45,1.0,0.0,0.0,0
3674372368,1.91,0.37,0.98,0.01,0.01,0
4258496722,-0.79,-0.72,0.07,0.24,0.69,1
3937016305,-0.72,-0.84,0.38,0.05,0.57,0
4176660341,0.09,1.23,0.01,0.96,0.03,1
3782910020,-0.15,-0.17,0.18,0.13,0.68,2
4222785443,-0.95,0.77,0.0,0.99,0.01,1
3807708558,-0.84,-0.79,0.07,0.18,0.75,2
3533642313,0.67,0.15,0.83,0.05,0.12,0
4000321061,0.06,0.43,0.06,0.72,0.22,1
4230414336,-0.85,-0.87,0.11,0.08,0.81,2
3722383489,-0.71,-0.69,0.09,0.12,0.79,2
3444550526,-1.04,0.07,0.01,0.97,0.03,1
4092369049,-0.9,-0.49,0.03,0.81,0.17,1
3882966495,-0.5,-0.5,0.11,0.12,0.77,2
3702162931,-0.84,-0.84,0.09,0.09,0.82,2
3719489924,-1.12,1.22,0.0,1.0,0.0,1
4003852226,-1.28,0.26,0.0,0.99,0.01,1
3772629128,0.61,-0.84,0.98,0.0,0.01,0
3918547915,-0.88,-0.94,0.2,0.06,0.73,2
4269483786,-0.25,-0.82,0.9,0.02,0.08,0
4162350830,-0.89,-0.86,0.08,0.13,0.79,2
4139631758,0.44,-0.84,0.98,0.01,0.02,0
3899864690,-0.84,-0.82,0.08,0.11,0.81,2
3661079031,-0.31,-0.29,0.12,0.16,0.72,1
4265569404,-0.52,0.7,0.01,0.97,0.02,1
3772846778,-0.59,-0.58,0.1,0.11,0.78,2
4169672936,2.34,1.87,0.79,0.05,0.15,0
4268623850,-0.77,-0.74,0.08,0.14,0.78,2
3511050181,0.47,0.49,0.18,0.2,0.62,2
3693887115,-1.43,-0.3,0.01,0.97,0.02,1
3581911204,1.03,0.76,0.52,0.12,0.36,0
3968874653,0.04,0.01,0.2,0.15,0.65,2
3790876907,-0.86,-0.8,0.07,0.2,0.73,2
3975878652,-1.32,-1.24,0.05,0.22,0.72,1
3714387334,-0.37,-0.33,0.11,0.16,0.73,2
3677666042,0.54,0.27,0.54,0.11,0.35,0
3467135375,2.73,2.42,0.6,0.07,0.33,0
4096743503,0.56,-0.89,0.98,0.0,0.01,0
3991047248,-0.7,0.29,0.01,0.95,0.04,1
4043725627,-0.89,0.09,0.01,0.95,0.04,1
3843166930,0.74,-0.78,0.98,0.0,0.01,0
3997263184,-1.65,-1.45,0.03,0.49,0.48,1
4149853853,-0.08,-0.68,0.9,0.02,0.08,0
4158320246,-0.91,-0.91,0.09,0.09,0.82,2
4177214417,-0.29,-1.87,0.99,0.0,0.01,0
4085952889,-1.27,-1.17,0.05,0.3,0.65,1
4121838459,-0.77,-0.74,0.08,0.13,0.79,0
3815339010,1.6,-0.96,1.0,0.0,0.0,0
3623309658,0.19,-0.52,0.91,0.02,0.06,0
3839890395,-0.71,-0.72,0.12,0.09,0.79,2
3735282800,-0.82,-0.9,0.28,0.06,0.66,2
3904010176,-0.35,-0.36,0.15,0.12,0.73,1
3989411992,-1.32,0.54,0.0,0.99,0.0,1
3549694181,-0.38,0.23,0.03,0.88,0.09,1
3476879544,-0.7,-0.74,0.18,0.07,0.75,2
3759889336,-0.86,-0.91,0.18,0.07,0.76,2
3932409423,-1.37,0.89,0.0,1.0,0.0,1
3441834652,-0.41,1.85,0.0,1.0,0.0,1
4226180259,0.04,-0.69,0.92,0.02,0.06,0
4108794998,-0.66,-0.79,0.45,0.05,0.5,2
3963465971,-0.8,-0.79,0.09,0.1,0.81,2
3682303795,-1.02,-1.26,0.6,0.03,0.37,0
4152637034,-0.12,1.3,0.01,0.98,0.01,1
4021054230,-1.42,0.77,0.0,1.0,0.0,1
4222267907,0.12,1.88,0.0,0.99,0.01,1
4264681933,-0.19,-1.28,0.98,0.0,0.02,0
3889177932,-0.33,-0.01,0.05,0.71,0.24,1
3631908788,-1.41,-1.45,0.11,0.06,0.83,2
3903119903,-0.11,-0.28,0.47,0.08,0.45,2
3929748901,-0.95,-0.5,0.02,0.82,0.15,1
4084863508,-0.37,1.84,0.0,1.0,0.0,1
3661371584,-0.71,-0.67,0.08,0.16,0.76,2
3870722629,0.05,1.0,0.02,0.94,0.04,1
4036605122,-0.71,-0.72,0.11,0.09,0.8,2
4215140113,0.02,-0.28,0.68,0.06,0.26,2
4208315932,-0.95,-0.89,0.06,0.2,0.74,0
3828957813,1.73,-1.45,1.0,0.0,0.0,0
3795775397,1.22,-1.06,1.0,0.0,0.0,0
3629265033,1.12,-0.27,0.97,0.01,0.02,2
4108015523,0.26,-1.05,0.98,0.0,0.01,0
3530485921,-0.72,-0.72,0.1,0.1,0.81,2
3535103372,-0.78,-0.17,0.02,0.89,0.09,1
4160195396,-0.63,-1.23,0.92,0.01,0.07,0
3487544972,-1.27,1.63,0.0,1.0,0.0,1
3509118171,-0.82,-0.86,0.15,0.07,0.78,2
3749203017,-0.82,-0.76,0.07,0.23,0.71,2
3801614802,1.14,-0.84,0.99,0.0,0.0,0
4124286259,-0.82,-0.82,0.1,0.09,0.81,2
3582266096,-0.9,-0.93,0.12,0.08,0.81,2
4026306087,-0.82,-0.82,0.09,0.1,0.81,2
4050178287,-1.36,0.39,0.0,0.99,0.01,1
3449890656,0.26,-1.41,0.99,0.0,0.01,0
4106014474,1.34,-0.54,0.99,0.0,0.01,0
4088517313,-0.84,-0.85,0.1,0.09,0.81,2
4142243865,-0.13,-0.52,0.82,0.04,0.15,2
3508617863,-0.95,-0.89,0.06,0.22,0.72,2
4183954545,1.01,1.3,0.09,0.59,0.32,1
4056818558,0.31,-1.71,1.0,0.0,0.0,0
4043963436,-1.5,0.3,0.0,0.99,0.01,1
3715175597,-1.05,-0.73,0.03,0.74,0.24,2
4093693593,1.27,-0.17,0.97,0.01,0.02,0
3516821941,-0.78,-0.82,0.15,0.08,0.77,2
3998813275,2.02,0.19,0.99,0.01,0.01,0
3987473314,-0.8,-0.8,0.09,0.09,0.82,2
3917042930,-0.53,-0.63,0.35,0.07,0.58,2
4037165975,-1.52,0.31,0.0,0.99,0.01,1
3635579152,0.58,-1.28,0.99,0.0,0.0,0
3504358594,-0.72,-0.55,0.05,0.54,0.41,1
3780354095,-1.16,0.5,0.0,0.99,0.01,1
4190044324,-1.66,-1.81,0.27,0.03,0.69,0
3558098864,-0.84,-0.85,0.1,0.09,0.81,2
3781914755,-0.13,-0.38,0.63,0.06,0.31,2
4244975385,-0.19,0.69,0.02,0.93,0.05,1
4183670912,-1.23,-0.5,0.01,0.91,0.07,1
3792114830,-0.19,-0.06,0.09,0.39,0.52,2
3546782034,-1.22,-1.25,0.11,0.06,0.82,2
3809142108,-1.18,1.44,0.0,1.0,0.0,1
4080278135,-0.61,-0.19,0.03,0.82,0.15,1
4235255992,-0.22,-0.2,0.13,0.17,0.7,0
4095168073,-0.84,-0.78,0.07,0.19,0.74,1
3657947201,0.77,-0.13,0.93,0.02,0.05,2
3796173882,-1.08,-0.8,0.03,0.69,0.28,1
4237182354,-0.78,-0.78,0.09,0.09,0.81,2
3730481112,-0.8,-0.81,0.1,0.09,0.81,2
4200354648,0.27,0.99,0.03,0.91,0.07,0
3812614080,-1.33,-1.2,0.04,0.37,0.59,1
4050469206,-0.17,-0.23,0.24,0.1,0.66,2
3799927825,-1.3,-1.24,0.06,0.17,0.78,2
3676751156,0.3,-1.01,0.98,0.0,0.01,0
3448486534,0.43,-0.25,0.9,0.03,0.07,0
3630869269,0.87,0.59,0.54,0.11,0.34,2
3467573530,-1.47,-1.45,0.06,0.1,0.83,0
4107206748,-0.07,0.79,0.02,0.93,0.05,1
3809936468,-1.08,-1.12,0.15,0.06,0.79,2
3851812921,0.89,0.12,0.9,0.03,0.07,0
4037472079,-0.61,-0.61,0.11,0.1,0.79,2
3615475757,-0.08,-0.33,0.61,0.07,0.32,1
3993487547,-0.23,-0.02,0.07,0.58,0.35,1
3515821276,-0.54,-0.61,0.29,0.07,0.64,0
4241628733,-0.53,-0.65,0.41,0.06,0.52,2
4105092067,-0.41,-0.4,0.12,0.13,0.75,0
3676331144,0.3,-1.31,0.99,0.0,0.01,0
3970162689,-0.19,-1.02,0.95,0.01,0.04,0
3575995109,-0.49,1.43,0.0,0.99,0.0,1
3796573188,-1.6,-1.62,0.09,0.06,0.85,2
4264624971,0.09,-0.28,0.77,0.05,0.18,0
4182333701,1.94,0.97,0.94,0.02,0.04,0
4284829096,-0.7,-0.49,0.04,0.6,0.35,1
4039932605,-0.29,-0.22,0.1,0.24,0.66,0
3586406432,-0.84,-0.82,0.08,0.12,0.8,2
3722473932,-1.4,-1.27,0.04,0.38,0.58,2
4294899228,-1.55,0.62,0.0,1.0,0.0,1
3794220164,-0.61,0.2,0.02,0.93,0.05,1
3603149326,-0.8,1.45,0.0,1.0,0.0,1
3962769934,-0.84,-0.84,0.1,0.09,0.81,2
4280016212,-1.33,1.52,0.0,1.0,0.0,1
4023340550,1.95,1.76,0.39,0.1,0.51,2
4014105111,-0.26,-1.47,0.98,0.0,0.01,0
4257769834,0.16,0.29,0.11,0.36,0.53,1
3786067200,0.12,0.08,0.22,0.15,0.63,2
4215775875,-0.32,0.79,0.01,0.96,0.03,1
3975012757,0.71,-0.5,0.97,0.01,0.02,0
4128746334,2.81,1.34,0.98,0.01,0.01,0
4104391452,0.15,0.15,0.19,0.18,0.63,2
3462074745,2.25,1.64,0.88,0.04,0.08,0
3728794351,0.66,-1.59,1.0,0.0,0.0,0
4079697941,-0.3,0.2,0.03,0.85,0.12,0
3501962113,2.36,-0.17,1.0,0.0,0.0,0
3541022349,0.57,-0.61,0.97,0.01,0.02,0
3884819726,-1.61,-1.51,0.04,0.26,0.7,2
3701961104,-0.76,-0.78,0.13,0.08,0.79,0
4158847343,1.59,-0.81,1.0,0.0,0.0,0
3561506337,-0.81,0.05,0.01,0.94,0.05,2
4035830377,-0.82,-0.86,0.15,0.07,0.78,2
3974064733,0.45,-1.64,1.0,0.0,0.0,0
3589440147,0.65,-1.45,1.0,0.0,0.0,0
3603179006,0.54,-1.5,1.0,0.0,0.0,0
4056822588,-0.75,-0.73,0.09,0.12,0.79,2
4029366729,0.05,-1.02,0.97,0.01,0.02,0
4184269064,-0.55,-0.58,0.15,0.09,0.76,2
3598681593,-0.17,-0.01,0.09,0.44,0.48,2
3984914850,2.45,1.45,0.96,0.02,0.03,0
3747530961,-1.97,1.73,0.0,1.0,0.0,1
3824934279,-0.82,-0.77,0.07,0.19,0.74,2
4023729341,-0.88,0.98,0.0,0.99,0.01,1
4117977656,0.34,1.05,0.03,0.91,0.07,2
4051387333,-0.9,-0.04,0.01,0.94,0.04,1
3610013302,-0.92,-0.95,0.14,0.07,0.79,1
4245370350,0.18,-0.95,0.97,0.01,0.02,0
3976364901,-0.87,-0.05,0.01,0.94,0.05,1
3545555202,-1.23,0.43,0.0,0.99,0.01,1
3613378363,1.63,1.15,0.79,0.06,0.14,0
3549925915,1.76,1.63,0.3,0.11,0.59,2
3551013138,-0.25,-0.16,0.1,0.29,0.62,1
3947919892,-0.79,-0.8,0.1,0.09,0.81,2
3707378093,-1.4,-0.1,0.01,0.98,0.02,1
3757808274,0.54,1.46,0.02,0.94,0.04,1
4251575107,-0.84,-0.82,0.08,0.12,0.8,2
4172674866,-0.9,-0.5,0.03,0.8,0.18,2
4169343630,-1.64,1.59,0.0,1.0,0.0,1
4114348953,-0.64,-0.77,0.43,0.05,0.52,2
3713924344,-1.3,-0.28,0.01,0.96,0.03,1
4277393233,-1.58,1.36,0.0,1.0,0.0,1
3784062847,1.11,-1.37,1.0,0.0,0.0,0
3807858884,-0.78,-0.76,0.08,0.13,0.79,2
4142692117,-0.79,-0.92,0.4,0.05,0.55,0
3527175666,-0.21,0.42,0.03,0.88,0.09,1
3555400181,2.31,0.26,0.99,0.0,0.0,0
3823365416,0.49,-1.04,0.99,0.0,0.01,0
3687510342,-0.45,-0.48,0.18,0.09,0.73,1
3709416269,1.46,2.36,0.02,0.95,0.04,1
3459954308,-0.77,-0.71,0.07,0.23,0.7,1
4150561937,-1.59,1.8,0.0,1.0,0.0,1
3863423303,-0.81,-0.76,0.07,0.19,0.74,2
4189673017,-0.6,-0.66,0.23,0.07,0.7,2
4153644606,0.59,1.49,0.02,0.94,0.04,0
3530177344,-1.24,1.54,0.0,1.0,0.0,1
4195459891,-0.34,-0.37,0.19,0.1,0.71,0
3828043311,1.44,-0.24,0.98,0.01,0.01,0
3464019550,-0.45,-0.72,0.73,0.04,0.24,1
4203271127,0.46,0.67,0.1,0.46,0.43,2
3523476874,-1.15,-0.04,0.01,0.97,0.03,1
3477690373,0.97,1.62,0.03,0.89,0.08,1
4159921574,-0.47,-0.48,0.14,0.1,0.76,2
3582188977,0.26,-0.39,0.9,0.03,0.08,0
3801721091,0.65,-1.91,1.0,0.0,0.0,0
3722478645,0.03,-0.21,0.58,0.08,0.35,1
3767641517,0.6,0.77,0.12,0.39,0.49,0
4141826723,-0.65,-0.41,0.04,0.63,0.32,1
3475725627,-0.81,-0.25,0.02,0.87,0.11,1
3516071934,-1.69,-0.97,0.01,0.91,0.08,1
4075973488,-0.81,-0.82,0.11,0.08,0.8,2
4005436126,-0.01,-0.73,0.93,0.02,0.06,0
4013563204,-1.02,-0.82,0.03,0.59,0.37,1
3497023131,0.96,-1.56,1.0,0.0,0.0,0
3562146282,-0.77,-0.77,0.11,0.09,0.81,2
3891030629,0.16,-1.11,0.98,0.0,0.01,0
4036839940,-0.82,-0.79,0.08,0.14,0.78,2
3894284346,-0.22,-0.57,0.79,0.04,0.17,0
4094552948,-0.73,-0.28,0.03,0.83,0.15,1
4275389524,-0.78,-0.79,0.11,0.09,0.8,1
3503535885,0.34,0.54,0.1,0.48,0.42,1
3634244472,-0.81,-0.14,0.02,0.9,0.08,1
4199527387,0.32,-1.22,0.99,0.0,0.01,0
3779503594,-1.15,-1.11,0.06,0.14,0.79,2
3973183478,-0.59,-0.69,0.36,0.06,0.58,0
3955352387,-0.18,-1.46,0.99,0.0,0.01,0
3537552908,0.16,0.28,0.12,0.32,0.56,1
4088659010,-0.66,0.82,0.01,0.98,0.01,1
3720005219,1.42,-0.98,1.0,0.0,0.0,0
3593585617,0.54,-0.72,0.97,0.01,0.02,0
3787447321,-0.85,-0.86,0.1,0.08,0.82,2
4170283219,-0.66,-0.04,0.02,0.89,0.09,1
3515105781,-1.03,-0.84,0.03,0.58,0.38,1
3883188992,-1.58,2.39,0.0,1.0,0.0,1
3990750690,-0.72,-0.3,0.03,0.81,0.16,1
4205539430,0.72,-1.03,0.99,0.0,0.01,0
3933914412,1.02,-1.65,1.0,0.0,0.0,0
3571217611,0.01,1.88,0.0,0.99,0.0,1
4091880241,-0.61,-0.61,0.1,0.11,0.79,2
3780525876,-0.47,-0.89,0.85,0.02,0.13,0
3953766494,0.8,-0.61,0.98,0.01,0.02,0
3610640275,0.51,1.2,0.03,0.91,0.07,1
4187578611,0.16,0.45,0.07,0.62,0.3,1
3842148524,-0.98,0.29,0.01,0.97,0.02,1
4162802966,-0.03,-0.14,0.32,0.1,0.57,0
4019488000,-1.71,-1.7,0.06,0.08,0.85,2
4221188589,-0.5,0.22,0.02,0.91,0.07,1
3984087407,-0.93,-0.45,0.02,0.83,0.14,1
3998277847,0.64,-0.03,0.88,0.04,0.08,0
4161326752,-1.35,-1.41,0.14,0.05,0.8,0
3494981041,-0.38,-1.28,0.96,0.01,0.03,0
3639635571,0.16,-1.05,0.98,0.01,0.02,0
4136913504,-0.81,-0.82,0.1,0.09,0.81,2
3930943946,-0.06,-0.9,0.95,0.01,0.04,0
3566744332,0.47,-0.55,0.96,0.01,0.03,0
3887814278,-1.56,-1.39,0.03,0.45,0.52,0
4115508178,-1.05,-1.05,0.09,0.09,0.83,2
3617286813,0.73,2.06,0.01,0.98,0.01,1
4057036105,-0.94,-0.94,0.09,0.09,0.82,2
3667583513,-0.71,0.31,0.01,0.95,0.03,1
4057464953,0.1,-0.14,0.55,0.08,0.37,0
3761431876,-0.77,-0.73,0.08,0.17,0.75,2
3859448254,-0.86,-0.84,0.08,0.11,0.81,2
4207350137,-0.71,-0.79,0.27,0.06,0.67,1
4030361188,-0.77,-0.61,0.05,0.5,0.46,0
3864717492,-1.05,-0.56,0.02,0.84,0.14,1
4023251369,-0.84,-0.85,0.11,0.08,0.81,2
3471770699,-0.54,-0.63,0.31,0.07,0.62,0
4059145203,-0.01,-1.72,1.0,0.0,0.0,0
3649689558,-0.96,-0.93,0.07,0.14,0.79,2
3971153006,-1.02,-1.02,0.09,0.09,0.83,2
3440445973,-0.81,-0.91,0.33,0.06,0.62,2
4273144571,0.97,0.06,0.93,0.03,0.05,0
3868556946,-0.76,-0.82,0.23,0.07,0.71,2
4230051950,-0.78,-0.81,0.14,0.08,0.79,2
3947862004,-1.26,1.55,0.0,1.0,0.0,1
4046405804,-1.45,-1.45,0.08,0.07,0.84,2
3554503683,-0.63,-0.16,0.03,0.84,0.14,1
3630785138,0.8,0.26,0.84,0.05,0.11,0
3538164249,-0.86,-0.91,0.18,0.07,0.76,2
3729833889,-0.88,-0.61,0.03,0.68,0.29,2
4122082885,0.89,-1.64,1.0,0.0,0.0,0
4262605526,-0.01,-0.31,0.68,0.06,0.26,2
4252148758,2.81,-1.65,1.0,0.0,0.0,0
4254044254,-0.26,0.29,0.03,0.86,0.11,1
3714189502,-0.67,-0.63,0.08,0.17,0.74,2
4103178520,-1.45,1.99,0.0,1.0,0.0,1
3810063895,-1.12,-0.64,0.02,0.83,0.15,1
3581507303,-1.02,-0.24,0.01,0.93,0.06,1
3607821489,-0.84,-0.81,0.08,0.15,0.78,2
3611484413,1.18,1.49,0.09,0.61,0.3,1
4129765973,-0.36,-0.66,0.76,0.04,0.2,0
3852739341,0.03,-0.63,0.91,0.02,0.07,0
3707724680,-1.33,-1.06,0.03,0.66,0.32,2
4016447995,-0.89,-0.93,0.13,0.07,0.79,2
3661518167,-0.78,-0.79,0.11,0.09,0.8,2
4068318584,-0.87,-0.8,0.06,0.22,0.71,1
4170507213,1.31,-0.84,1.0,0.0,0.0,0
4134427534,1.69,-0.66,1.0,0.0,0.0,0
3959986697,-0.29,-0.33,0.2,0.1,0.7,0
4128193727,0.2,-0.41,0.89,0.03,0.08,0
3869187326,-1.65,2.42,0.0,1.0,0.0,1
3783314182,2.33,1.64,0.9,0.03,0.06,0
4215257267,2.16,-1.76,1.0,0.0,0.0,0
3736630199,0.21,-0.71,0.95,0.01,0.04,0
3450666336,0.39,-0.61,0.96,0.01,0.03,0
4252983166,0.41,-1.15,0.99,0.0,0.01,0
3566617510,-0.81,-0.77,0.08,0.15,0.77,2
3626677286,-0.82,-0.81,0.09,0.1,0.81,2
3859330081,-0.32,-1.69,0.99,0.0,0.01,0
3650206397,0.33,0.1,0.49,0.1,0.41,0
4128289626,0.95,-0.33,0.97,0.01,0.02,0
3643961439,-0.89,-0.88,0.08,0.11,0.81,1
3895656231,1.76,-1.95,1.0,0.0,0.0,0
4213118986,-0.78,-0.78,0.09,0.09,0.81,2
3524827270,-0.5,-0.44,0.09,0.22,0.69,2
3648413493,-1.45,-1.45,0.08,0.08,0.84,2
4153850017,-1.1,-1.31,0.53,0.03,0.43,0
3914926060,-0.93,1.59,0.0,1.0,0.0,1
4199490204,-0.95,-1.01,0.17,0.06,0.76,0
4004328370,0.26,1.7,0.01,0.98,0.01,1
3802013968,-0.74,-0.77,0.13,0.08,0.79,2
4030396756,0.97,-1.39,1.0,0.0,0.0,0
3661998886,-1.44,-1.3,0.04,0.38,0.59,2
3626561917,-0.79,-0.9,0.35,0.05,0.59,2
3931638227,1.02,-1.66,1.0,0.0,0.0,0
3829836931,-1.21,-1.28,0.19,0.05,0.76,0
3449598769,-0.11,1.98,0.0,0.99,0.0,1
3535916823,-0.48,-0.49,0.13,0.1,0.76,2
3729441856,0.95,-0.62,0.98,0.01,0.01,0
4132901423,-1.27,2.08,0.0,1.0,0.0,1
3523416481,-0.71,1.28,0.0,0.99,0.0,1
3865307973,-0.65,-0.54,0.06,0.37,0.57,1
4116825232,-0.21,-0.23,0.17,0.13,0.7,1
3742686654,-0.09,-0.84,0.93,0.01,0.05,0
4175995372,-0.98,-0.89,0.05,0.3,0.65,2
4245482950,-0.73,-0.64,0.06,0.31,0.62,0
3999563883,-0.89,-0.82,0.07,0.21,0.72,2
3559580481,-0.23,-0.91,0.93,0.01,0.06,0
4174658190,-1.65,-1.7,0.1,0.05,0.85,2
3672057573,-0.77,-0.74,0.08,0.14,0.78,1
3980739859,-0.81,-0.82,0.11,0.08,0.8,2
3624938565,-0.89,-0.82,0.06,0.23,0.7,2
4171279316,-0.29,2.39,0.0,1.0,0.0,1
3507124288,-0.94,-0.93,0.08,0.1,0.82,1
3732848011,-0.76,-0.76,0.1,0.09,0.81,2
4079039865,0.92,-0.58,0.98,0.01,0.01,0
4276823101,-1.62,1.32,0.0,1.0,0.0,1
3612918096,-0.8,-0.81,0.1,0.09,0.81,2
3539581956,1.02,-0.6,0.98,0.01,0.01,0
4098428963,0.01,0.04,0.15,0.2,0.65,2
3496302122,-0.54,-0.59,0.21,0.08,0.71,0
3860705432,0.8,-0.59,0.98,0.01,0.02,0
3829534008,1.22,-0.6,0.99,0.0,0.01,0
3448938542,-1.3,-1.47,0.38,0.04,0.58,0
3771135279,1.01,-0.61,0.98,0.01,0.01,0
4275275519,-0.86,-0.81,0.07,0.18,0.75,1
4172309444,-0.85,-0.89,0.14,0.07,0.78,2
3944116833,2.78,1.6,0.97,0.01,0.02,0
3521818404,-0.14,-0.38,0.61,0.06,0.33,1
3489905765,-0.67,-0.76,0.3,0.06,0.64,2
4051511627,-0.45,-0.34,0.07,0.37,0.56,2
3463676088,2.09,-0.15,0.99,0.0,0.0,0
3959076136,-0.49,0.1,0.03,0.88,0.1,1
3737858439,0.91,-1.7,1.0,0.0,0.0,0
4026585193,-0.45,-0.48,0.17,0.09,0.74,2
3970042624,0.07,-0.49,0.88,0.03,0.09,0
3991243349,-0.79,-0.85,0.2,0.07,0.73,0
4176523478,-0.25,-0.77,0.89,0.02,0.09,2
3605598975,-0.73,-0.73,0.1,0.1,0.81,1
4072399741,0.11,1.88,0.0,0.99,0.01,1
4215105062,-0.75,-0.78,0.15,0.08,0.78,2
3805760210,1.38,0.05,0.97,0.01,0.02,0
3995508668,-0.59,2.62,0.0,1.0,0.0,1
3909136982,-0.25,-1.05,0.95,0.01,0.04,0
4203001345,-0.67,-0.4,0.04,0.68,0.28,1
3911083427,1.41,-1.07,1.0,0.0,0.0,0
4045247242,-0.65,-0.64,0.1,0.11,0.79,2
3610134892,-0.19,-0.2,0.16,0.14,0.7,2
4231468933,-1.63,-1.7,0.13,0.04,0.83,2
3866194691,-1.46,1.69,0.0,1.0,0.0,1
3795934580,-1.23,-0.56,0.01,0.9,0.09,1
3583768271,0.32,0.4,0.14,0.25,0.61,2
3543282784,-0.84,-0.95,0.32,0.06,0.62,0
3548037239,-0.71,-0.66,0.08,0.19,0.73,2
4090632724,-0.06,0.91,0.02,0.94,0.04,1
3967460464,-0.81,-0.33,0.02,0.84,0.14,1
3758207435,-0.49,-1.2,0.94,0.01,0.05,0
3600309984,1.62,1.77,0.13,0.35,0.52,1
3755117254,0.29,1.09,0.02,0.92,0.05,1
3941621870,-0.17,0.54,0.03,0.9,0.07,1
4160207478,-0.23,-0.65,0.84,0.03,0.13,0
3680177410,-0.42,0.36,0.02,0.92,0.06,1
3758499260,-0.75,-0.77,0.12,0.08,0.8,1
4074601120,0.01,-0.77,0.94,0.01,0.05,0
3799666746,0.46,-0.45,0.94,0.02,0.04,0
4110719422,0.98,-1.27,1.0,0.0,0.0,0
3490170770,-1.14,0.14,0.01,0.98,0.02,1
4104671898,-0.94,-1.06,0.37,0.05,0.58,2
3585693897,-0.76,-0.8,0.17,0.07,0.76,0
3703401303,-0.68,-0.71,0.14,0.08,0.77,2
3966345766,-0.88,-0.89,0.1,0.08,0.81,1
4140200102,0.04,-0.25,0.65,0.07,0.28,0
4185135579,-1.42,0.89,0.0,1.0,0.0,1
4074834643,-0.42,0.75,0.01,0.96,0.02,1
3551023037,-0.47,-0.48,0.14,0.1,0.76,2
3896232195,-0.64,-0.66,0.15,0.08,0.77,2
4201405075,-0.36,-0.33,0.11,0.16,0.73,2
3686668168,3.11,-0.43,1.0,0.0,0.0,0
4192406678,-0.77,-0.79,0.12,0.08,0.8,2
3733078820,-0.43,1.36,0.0,0.99,0.01,1
3827376943,-0.66,-0.66,0.1,0.1,0.8,2
3867622782,-0.09,0.2,0.06,0.65,0.28,0
4265285152,-0.76,-0.71,0.07,0.19,0.74,2
3599670510,-1.21,-1.36,0.37,0.04,0.59,2
3596206181,-0.98,0.34,0.01,0.98,0.02,1
4100807282,-0.09,0.71,0.02,0.92,0.06,1
4156975367,-0.39,-0.39,0.14,0.11,0.74,1
3615621116,1.34,-1.95,1.0,0.0,0.0,0
3640268156,0.52,0.38,0.34,0.13,0.53,2
3444967812,-1.71,-1.71,0.07,0.08,0.86,2
4154720652,1.16,-1.41,1.0,0.0,0.0,0
3667468990,-0.89,-0.95,0.19,0.07,0.74,2
4240073128,1.53,-0.49,0.99,0.0,0.0,0
3988407346,0.1,-0.61,0.92,0.02,0.06,0
3759751639,-0.38,0.39,0.02,0.92,0.06,1
4157121856,1.18,0.11,0.95,0.02,0.03,0
3709480948,-1.05,-0.68,0.02,0.78,0.2,2
3529255383,-1.1,-0.79,0.03,0.73,0.25,1
4020469098,0.38,2.17,0.0,0.99,0.01,1
4150125228,-0.95,-0.33,0.02,0.89,0.09,0
3531131758,0.48,0.13,0.67,0.08,0.25,0
3901195795,2.7,-1.43,1.0,0.0,0.0,0
4176579531,-0.82,-0.79,0.08,0.13,0.79,2
4053344098,-0.71,-0.72,0.12,0.09,0.79,2
4293540065,-1.21,-0.45,0.01,0.92,0.07,1
3458171463,-1.16,-1.05,0.05,0.31,0.64,2
3850583786,-1.22,1.53,0.0,1.0,0.0,1
4138368225,-1.65,-0.37,0.0,0.98,0.02,1
3541714020,1.94,-0.72,1.0,0.0,0.0,0
3846411845,-1.12,-1.42,0.7,0.02,0.28,0
3877347785,1.97,-0.71,1.0,0.0,0.0,0
3876386933,-0.8,-0.81,0.1,0.09,0.81,2
3834416523,-0.31,0.3,0.03,0.88,0.09,2
3687066890,-1.08,0.8,0.0,0.99,0.0,1
3720760777,1.92,1.89,0.21,0.14,0.65,2
3737069000,-0.88,-0.88,0.09,0.09,0.82,2
3458782660,0.73,1.55,0.02,0.93,0.05,1
3804539612,-0.82,-1.16,0.79,0.02,0.19,0
3585419991,-0.47,0.76,0.01,0.97,0.02,1
4057834944,-1.71,0.04,0.0,0.99,0.01,1
4196542797,1.02,-0.63,0.99,0.0,0.01,0
3492544183,-0.8,-0.84,0.15,0.07,0.78,2
3877076427,0.5,-0.11,0.87,0.04,0.09,0
3717527351,1.41,-1.68,1.0,0.0,0.0,0
4122709252,-0.37,1.65,0.0,0.99,0.0,1
3603744159,-0.44,-0.28,0.06,0.49,0.44,0
3751222888,-0.93,-1.43,0.89,0.01,0.1,0
3832080230,0.82,1.08,0.1,0.53,0.37,1
3510126639,0.71,-1.78,1.0,0.0,0.0,0
3992240341,0.22,-0.2,0.81,0.05,0.14,0
4269934547,-0.48,-1.05,0.91,0.01,0.08,0
3713190332,-0.19,0.08,0.06,0.64,0.3,1
3452531992,-0.77,-0.71,0.07,0.21,0.72,2
3522096824,-1.1,0.7,0.0,0.99,0.01,1
4119218456,-0.82,-0.76,0.07,0.21,0.73,2
3724912777,-1.23,2.52,0.0,1.0,0.0,1
4108583237,-0.09,-0.13,0.2,0.13,0.67,2
3733606904,0.68,-0.97,0.99,0.0,0.01,0
3536230308,-1.18,-1.12,0.06,0.17,0.77,1
3626941473,-0.77,-0.77,0.09,0.1,0.81,2
3929613107,0.85,-1.72,1.0,0.0,0.0,0
4027513727,2.56,-1.48,1.0,0.0,0.0,0
3868070898,-0.72,-0.31,0.03,0.81,0.16,0
4159762343,2.05,0.19,0.99,0.01,0.01,0
4187450057,0.32,-0.41,0.91,0.02,0.06,0
3529826041,-0.43,-0.78,0.8,0.03,0.17,1
3490493348,-0.16,0.42,0.03,0.87,0.1,1
4267842464,-0.88,-0.53,0.03,0.76,0.21,2
3624835943,-1.49,-1.16,0.02,0.71,0.27,1
3856478475,-0.74,-0.76,0.12,0.08,0.8,2
4294020084,-0.89,-0.88,0.08,0.12,0.8,2
3590475961,-0.75,-0.74,0.09,0.1,0.81,2
3931657115,-1.34,1.52,0.0,1.0,0.0,1
3771453361,-0.09,-0.09,0.16,0.17,0.67,2
3984492996,-0.81,-0.85,0.16,0.07,0.77,2
3976110949,0.9,-0.61,0.98,0.01,0.01,0
4043756146,-1.7,2.62,0.0,1.0,0.0,1
4077941669,-0.21,1.01,0.01,0.97,0.02,1
4162616489,-0.86,-0.84,0.08,0.13,0.79,2
3543001214,-1.15,-0.79,0.02,0.76,0.21,1
4150307014,0.85,-0.67,0.98,0.01,0.01,0
3845492049,-0.62,-1.2,0.91,0.01,0.08,0
3639970298,2.06,0.33,0.98,0.01,0.01,0
3969830490,0.89,-0.05,0.93,0.02,0.05,0
3489815535,-0.75,-1.24,0.88,0.01,0.1,0
4166047617,-1.31,0.06,0.01,0.98,0.01,1
4045059583,1.73,-0.8,1.0,0.0,0.0,0
4102846412,-0.54,-0.53,0.11,0.12,0.77,2
3561659200,1.63,-1.2,1.0,0.0,0.0,0
4243770332,-0.95,-1.0,0.15,0.07,0.78,2
4159309891,-0.64,-0.57,0.07,0.23,0.69,0
3986392841,1.68,-0.66,1.0,0.0,0.0,0
3513028582,-1.05,0.52,0.01,0.99,0.01,1
4185050265,-1.0,0.82,0.0,0.99,0.01,1
3519904732,-0.05,1.85,0.0,0.99,0.0,1
3478971768,-1.23,-0.89,0.02,0.75,0.23,1
4140079955,-0.57,0.79,0.01,0.97,0.02,1
3907173894,0.7,-0.24,0.93,0.02,0.04,2
4137302876,1.59,1.23,0.65,0.09,0.26,2
4171845034,0.61,-0.03,0.88,0.04,0.08,0
3794415117,-0.71,0.02,0.02,0.92,0.06,1
3465024857,-0.27,-0.01,0.06,0.64,0.3,2
3962890321,-0.82,-0.84,0.11,0.08,0.81,2
3449666922,-0.66,-0.62,0.09,0.16,0.76,2
3957169234,0.01,-0.0,0.19,0.16,0.65,0
3683432898,0.22,-0.97,0.98,0.01,0.02,0
3768343103,-0.63,-0.54,0.07,0.29,0.64,2
3535316676,-0.21,-0.82,0.91,0.02,0.07,0
3651288814,-0.66,-0.65,0.09,0.12,0.79,2
3467723429,-0.76,-0.77,0.11,0.09,0.81,2
4077499245,-0.27,-0.37,0.33,0.08,0.59,0
3530619732,-0.3,-0.35,0.21,0.1,0.69,0
3520520698,0.98,-1.12,1.0,0.0,0.0,0
3724860212,-0.23,2.53,0.0,1.0,0.0,1
4061215531,-0.81,-0.81,0.09,0.09,0.82,2
4090810850,0.17,0.74,0.03,0.86,0.11,1
3601802873,-1.41,-0.08,0.01,0.98,0.02,1
4061215878,-1.43,-1.4,0.06,0.12,0.82,2
4050521717,-0.7,-0.99,0.75,0.03,0.22,0
3583108057,0.84,0.84,0.2,0.19,0.61,2
3778983776,1.1,-0.87,0.99,0.0,0.0,0
3797482474,-1.34,0.04,0.01,0.98,0.01,1
3443096040,-0.07,-1.04,0.96,0.01,0.03,0
4100476656,-0.4,-0.84,0.85,0.02,0.12,0
3782823683,-0.77,-0.82,0.2,0.07,0.73,0
3576795865,-0.67,-0.47,0.05,0.6,0.36,1
3556897985,-0.41,-0.01,0.04,0.79,0.17,2
3871021520,-1.45,-1.52,0.17,0.05,0.78,2
4139178952,0.84,-0.41,0.97,0.01,0.02,0
3713326809,-0.32,0.09,0.04,0.79,0.17,1
4170134628,0.47,-1.02,0.99,0.0,0.01,0
3743497050,0.79,0.62,0.38,0.13,0.49,0
3603060059,-0.42,-0.66,0.66,0.05,0.3,0
3563157231,-1.51,2.17,0.0,1.0,0.0,1
3565179748,-0.07,-0.17,0.31,0.1,0.59,0
4265613587,-1.48,-0.7,0.01,0.93,0.06,1
3948279307,0.7,-1.93,1.0,0.0,0.0,0
3645842853,0.66,-1.5,1.0,0.0,0.0,0
3770890701,-0.37,-0.78,0.84,0.03,0.13,0
3514807052,0.73,0.2,0.83,0.05,0.12,0
3927888923,-0.81,-0.84,0.13,0.08,0.79,2
3600096178,-0.28,0.99,0.01,0.97,0.02,1
3720001310,-0.72,-0.72,0.1,0.1,0.81,2
3834125727,-0.71,-0.77,0.23,0.07,0.7,2
4042415580,-1.51,-1.28,0.03,0.56,0.41,2
3863882698,-0.79,-0.71,0.06,0.29,0.65,2
4153796147,0.24,0.01,0.49,0.1,0.41,2
4140412752,0.82,0.73,0.29,0.14,0.56,2
3787372254,-0.61,-1.66,0.98,0.0,0.02,0
3845211762,-0.18,-0.18,0.15,0.15,0.69,2
3769310431,0.68,-1.95,1.0,0.0,0.0,0
4198326990,-1.71,-0.17,0.0,0.99,0.01,1
3887913599,-1.7,-0.25,0.0,0.99,0.01,1
3595035566,-0.46,0.31,0.02,0.92,0.06,1
3862574318,-0.84,-0.84,0.09,0.1,0.81,2
3437394992,-0.68,-0.17,0.03,0.85,0.12,1
3837298640,-0.38,0.07,0.03,0.83,0.14,1
4278354569,0.84,0.87,0.18,0.21,0.61,1
3752160578,0.08,0.04,0.21,0.14,0.64,2
3749877656,-1.1,-1.09,0.07,0.1,0.82,2
3689057317,-0.17,-0.47,0.73,0.05,0.23,0
4174489058,0.76,-1.27,1.0,0.0,0.0,0
3463795208,-0.79,-0.95,0.49,0.04,0.46,0
3890215616,-1.41,1.02,0.0,1.0,0.0,1
3884165963,-0.66,0.63,0.01,0.97,0.02,1
3716074659,-0.43,-1.13,0.94,0.01,0.05,0
3622912011,-0.95,-0.79,0.04,0.51,0.45,2
3834411551,-0.3,-1.46,0.98,0.0,0.02,0
3912543292,0.44,-1.0,0.98,0.0,0.01,0
3616398343,-0.41,0.88,0.01,0.97,0.02,1
3919434968,0.4,0.44,0.16,0.22,0.62,2
4244624277,2.48,-0.77,1.0,0.0,0.0,0
3514881446,-0.31,-1.26,0.97,0.01,0.03,0
3752222513,-1.81,1.55,0.0,1.0,0.0,1
3669120722,1.51,-0.48,0.99,0.0,0.01,0
3859721043,-0.26,-1.27,0.97,0.01,0.03,0
4025550374,-0.82,-0.74,0.06,0.27,0.67,2
4030332498,-1.66,-1.26,0.02,0.75,0.23,1
4270923962,0.16,0.36,0.09,0.49,0.41,1
3809376553,0.88,-0.55,0.98,0.01,0.02,0
3752996035,0.23,0.23,0.19,0.19,0.62,2
3708821684,-1.11,0.63,0.0,0.99,0.01,1
3956764001,0.47,-0.24,0.9,0.03,0.07,0
3751671172,-0.12,0.86,0.02,0.94,0.04,1
4242010621,-0.73,-0.72,0.09,0.1,0.8,2
3768037628,0.05,-0.51,0.89,0.03,0.09,0
4011773717,-1.16,-0.59,0.02,0.87,0.11,1
4231143363,0.59,2.78,0.0,1.0,0.0,1
4241435251,-0.8,-0.82,0.11,0.08,0.8,2
3568306348,0.33,-0.82,0.97,0.01,0.02,0
3987369365,-1.62,-1.64,0.08,0.07,0.85,0
3774950465,1.78,-0.75,1.0,0.0,0.0,0
3967238476,-0.75,-0.74,0.09,0.1,0.81,2
4214279148,-1.88,1.76,0.0,1.0,0.0,1
3811232664,1.05,-0.21,0.96,0.01,0.02,0
3474860627,-0.46,-0.56,0.36,0.07,0.57,1
3464407459,1.05,1.1,0.16,0.22,0.62,2
3928532102,-0.59,-0.63,0.19,0.08,0.73,2
4009262990,-0.38,-0.33,0.1,0.19,0.7,1
3921129223,-0.74,-0.11,0.02,0.89,0.09,1
4032700662,-1.73,1.55,0.0,1.0,0.0,1
3498560094,0.42,-0.32,0.91,0.03,0.07,0
3714648359,-1.02,-0.91,0.05,0.36,0.59,2
4055094999,-0.69,1.23,0.0,0.99,0.0,1
3453053763,0.22,-0.58,0.93,0.02,0.05,0
3643592775,-1.58,1.84,0.0,1.0,0.0,0
3480013137,-0.59,-0.67,0.31,0.07,0.63,0
3535323991,-0.61,0.31,0.02,0.94,0.04,1
4013797416,0.29,0.19,0.28,0.13,0.59,2
3556602351,-0.1,0.43,0.03,0.85,0.11,1
3578798844,-0.85,-0.87,0.11,0.08,0.81,2
4019682186,0.29,1.12,0.02,0.93,0.05,1
3899717245,-0.82,-0.8,0.08,0.13,0.79,2
3679501003,-0.46,-1.16,0.94,0.01,0.05,0
3690871312,-0.88,-0.89,0.11,0.08,0.81,2
3618108998,-0.87,-0.82,0.07,0.18,0.75,1
3704559972,-0.16,0.41,0.03,0.86,0.1,2
3656327574,-0.43,-0.54,0.39,0.07,0.54,0
4024807200,-1.16,0.23,0.01,0.98,0.01,1
3866353314,1.08,1.55,0.06,0.78,0.16,1
4209884162,-0.76,-0.71,0.08,0.17,0.75,2
4242665893,1.16,0.36,0.91,0.03,0.06,0
3527053929,-0.72,-0.55,0.05,0.54,0.41,1
3697387771,1.6,1.59,0.2,0.16,0.64,2
3717005065,-0.84,-0.77,0.06,0.26,0.68,2
3531206766,-0.36,0.05,0.04,0.8,0.16,1
4012344998,0.3,0.08,0.47,0.1,0.42,2
3919950208,-0.82,-0.84,0.11,0.08,0.81,2
4224330542,0.06,1.5,0.01,0.98,0.01,0
3616430296,-1.41,0.74,0.0,1.0,0.0,1
3558335310,0.21,0.65,0.05,0.77,0.18,1
4031956754,-0.01,-1.71,0.99,0.0,0.0,0
4072383551,0.4,-1.39,0.99,0.0,0.0,0
3874210883,-0.87,-0.71,0.04,0.49,0.46,2
4028334587,1.59,-0.77,1.0,0.0,0.0,0
4284813434,-0.73,1.09,0.0,0.99,0.01,1
4029017906,-1.14,-0.35,0.01,0.93,0.06,1
4114149162,-0.57,1.16,0.0,0.99,0.01,1
4247996950,-0.54,-0.51,0.1,0.14,0.76,2
3970077300,3.11,2.42,0.91,0.03,0.06,0
3609905997,-0.62,-0.66,0.17,0.08,0.75,2
4155045444,-0.36,-0.36,0.14,0.12,0.74,1
3452229405,1.28,-0.38,0.98,0.01,0.01,0
3638139002,-0.81,-0.75,0.07,0.21,0.73,2
4045609987,-0.78,-0.43,0.03,0.77,0.2,1
3807495100,-0.73,-0.7,0.08,0.15,0.77,2
4089945587,-0.89,-0.29,0.02,0.88,0.1,1
3822248037,-1.27,-0.19,0.01,0.96,0.03,1
3531864477,-0.62,1.99,0.0,1.0,0.0,1
3519047429,0.4,-0.11,0.84,0.04,0.11,0
3453930188,0.02,-0.62,0.91,0.02,0.07,0
3590135597,-0.36,0.55,0.02,0.94,0.04,1
4177565166,0.54,2.33,0.0,0.99,0.01,1
4147521786,-0.64,-0.36,0.04,0.69,0.27,1
3918567518,-1.62,0.18,0.0,0.99,0.01,1
3971717329,-1.18,0.36,0.0,0.99,0.01,1
3725099934,-0.36,0.24,0.03,0.88,0.1,1
4172965563,0.11,0.03,0.25,0.12,0.62,2
4169233066,-0.82,-0.82,0.09,0.09,0.82,2
3847527196,-0.71,-0.26,0.03,0.83,0.14,1
4070915413,-0.58,-0.82,0.69,0.04,0.28,0
4031110408,1.42,1.41,0.21,0.16,0.63,0
3977176278,0.12,1.67,0.01,0.98,0.01,1
3871762337,-0.8,-0.89,0.28,0.06,0.66,0
3900285961,2.33,0.82,0.98,0.01,0.01,0
4072472324,-0.89,-0.87,0.08,0.12,0.8,1
3669717422,-0.87,-0.88,0.1,0.08,0.82,2
4220751793,-0.84,-0.84,0.09,0.1,0.81,2
4080672836,-0.49,-0.31,0.06,0.54,0.4,1
4224546335,-0.86,0.02,0.01,0.94,0.04,1
3869434592,-0.95,-1.02,0.19,0.06,0.74,2
3705753186,-0.7,1.96,0.0,1.0,0.0,1
3824712096,-1.16,-1.06,0.05,0.28,0.66,0
3844238111,2.16,2.0,0.34,0.09,0.57,2
4168940012,0.84,-0.42,0.97,0.01,0.02,0
4150063517,0.36,-0.12,0.83,0.04,0.12,0
3744155147,-0.77,-0.44,0.03,0.75,0.21,1
3696927226,-0.56,-0.51,0.09,0.2,0.72,0
3540897218,0.92,0.54,0.69,0.09,0.22,0
3469911483,-1.07,-0.47,0.02,0.88,0.1,1
3514947295,1.59,-0.11,0.98,0.01,0.01,0
3906204533,1.41,0.41,0.94,0.02,0.04,0
3687595941,-0.41,-1.14,0.94,0.01,0.05,0
3888864515,0.17,1.11,0.02,0.94,0.04,1
3893503887,2.08,0.04,0.99,0.0,0.0,0
3776180488,-0.5,0.66,0.01,0.96,0.02,1
3903288373,0.11,-0.8,0.95,0.01,0.04,0
3793342621,-0.39,0.36,0.02,0.91,0.06,1
3462183907,-0.89,0.07,0.01,0.95,0.04,1
4230725414,-0.39,-1.73,0.99,0.0,0.01,0
3502899496,-1.62,-1.44,0.03,0.46,0.51,2
3751411440,-0.77,-0.76,0.09,0.1,0.81,2
3635498305,-0.64,1.48,0.0,0.99,0.0,1
3901316519,0.33,-0.85,0.97,0.01,0.02,0
3981648188,-0.81,-0.8,0.09,0.1,0.81,2
4028540971,-1.33,-1.31,0.07,0.1,0.83,2
4107915054,-1.27,1.34,0.0,1.0,0.0,1
3625127560,-0.63,-1.04,0.84,0.02,0.14,0
3480358338,0.94,0.34,0.85,0.05,0.1,0
3438544259,-1.16,-0.95,0.03,0.6,0.37,1
3736161819,-0.15,-0.44,0.69,0.05,0.26,0
3695705791,-1.39,-1.73,0.67,0.02,0.31,0
3810875998,-1.71,-1.95,0.4,0.03,0.57,2
3786100677,-0.7,-0.56,0.05,0.45,0.49,1
3437859468,-0.81,-0.79,0.08,0.11,0.8,2
3831579028,-0.91,-0.88,0.07,0.15,0.78,2
4219086767,-0.95,-0.77,0.04,0.56,0.4,1
3600438629,-0.74,-0.92,0.54,0.04,0.42,0
3868821465,1.17,0.91,0.51,0.12,0.38,2
4059719747,0.46,0.59,0.13,0.33,0.55,2
4117670614,-0.95,0.24,0.01,0.97,0.02,1
3855452092,-1.48,-1.5,0.09,0.07,0.84,2
3997451225,1.43,-0.61,0.99,0.0,0.0,0
3919112683,-0.0,-1.45,0.99,0.0,0.01,0
4158451273,-0.81,-0.79,0.08,0.11,0.8,0
4058593594,-1.04,-0.66,0.02,0.78,0.2,1
4224860363,-0.86,0.1,0.01,0.95,0.04,1
4194370349,-0.85,-0.86,0.1,0.08,0.82,2
3742760845,0.27,0.35,0.14,0.26,0.61,1
3847103876,-0.72,-0.71,0.09,0.1,0.8,2
4041828630,-0.89,-0.82,0.06,0.23,0.7,2
4208856820,0.39,-0.48,0.94,0.02,0.05,0
3673046513,-0.38,-1.04,0.93,0.01,0.06,0
4181143702,-0.73,-0.63,0.06,0.34,0.6,1
3738232163,1.21,-0.52,0.99,0.0,0.01,0
3759997228,-0.06,-0.71,0.91,0.02,0.07,0
3766821786,-1.2,-0.95,0.03,0.65,0.32,1
4276132444,1.34,1.08,0.5,0.11,0.39,2
4066102115,-0.85,2.05,0.0,1.0,0.0,1
4270319858,-1.45,-0.91,0.01,0.85,0.14,1
3751848139,2.08,1.81,0.52,0.09,0.39,2
3590887816,-1.27,1.07,0.0,1.0,0.0,1
3842955974,-0.82,-0.76,0.07,0.21,0.73,1
3530061197,-0.71,-0.13,0.02,0.88,0.1,1
3737188175,0.71,1.83,0.01,0.96,0.02,1
4263215147,0.33,0.49,0.11,0.4,0.49,1
3941302790,2.62,0.77,0.99,0.01,0.01,0
3778446072,-0.61,-0.74,0.43,0.06,0.51,0
3982230546,-1.16,-1.41,0.58,0.03,0.39,2
4221720001,-1.4,0.2,0.0,0.99,0.01,1
3807876369,-1.05,-0.94,0.05,0.35,0.6,1
3928081453,-0.38,-0.65,0.72,0.04,0.24,2
3889375876,0.54,-0.49,0.95,0.01,0.03,0
3893190130,-0.76,0.1,0.01,0.94,0.05,1
3602371365,1.97,-0.58,1.0,0.0,0.0,0
3624958873,-0.59,-0.76,0.54,0.05,0.41,2
3540312929,-1.22,-1.12,0.05,0.28,0.67,1
4230845744,3.0,-1.98,1.0,0.0,0.0,0
3699105182,-0.07,-0.54,0.86,0.03,0.11,1
3779548151,-0.71,-0.38,0.03,0.75,0.22,1
3464809226,-1.14,1.26,0.0,1.0,0.0,1
3833240473,0.42,0.55,0.12,0.33,0.54,2
3750351635,-0.39,-0.72,0.79,0.03,0.18,0
4268331700,0.36,-1.35,0.99,0.0,0.01,0
4068621652,-0.86,-0.89,0.13,0.08,0.8,0
3557836259,-0.79,-0.81,0.11,0.08,0.8,1
3445889259,-1.65,-1.87,0.39,0.03,0.58,0
3982289121,0.53,-0.95,0.99,0.0,0.01,0
4167318793,0.39,2.05,0.01,0.99,0.01,1
3621117511,-0.34,-1.1,0.94,0.01,0.05,0
4243879017,-0.56,1.98,0.0,1.0,0.0,1
4163853717,0.24,-0.94,0.97,0.01,0.02,0
4030388553,-0.4,1.85,0.0,1.0,0.0,1
3554634508,-0.79,-0.75,0.08,0.17,0.76,2
3785063489,-1.03,-1.13,0.3,0.05,0.65,0
4215540619,-1.21,-0.86,0.02,0.76,0.22,1
3807564868,2.17,-0.78,1.0,0.0,0.0,0
3739255177,-1.02,-0.1,0.01,0.95,0.04,1
3529629152,-1.3,0.94,0.0,1.0,0.0,1
3651363537,-0.21,-1.02,0.95,0.01,0.04,0
3554813157,0.45,0.36,0.27,0.14,0.59,2
3957639727,-0.75,-0.1,0.02,0.9,0.08,2
4251496736,-0.13,-1.27,0.98,0.0,0.02,0
4090566617,-0.13,-1.23,0.97,0.0,0.02,2
3856665862,2.27,-1.45,1.0,0.0,0.0,0
3859712650,0.69,-1.42,1.0,0.0,0.0,0
4078358760,0.88,-1.22,1.0,0.0,0.0,0
3777596731,0.29,0.36,0.15,0.24,0.61,2
3786706288,0.63,-1.78,1.0,0.0,0.0,0
4011961784,-0.07,0.58,0.03,0.89,0.08,1
4271397976,0.52,0.12,0.74,0.07,0.19,0
4158482969,0.14,-1.39,0.99,0.0,0.01,0
3513006357,0.21,-0.56,0.93,0.02,0.06,0
3940448962,1.27,-0.81,0.99,0.0,0.0,0
3501589534,-1.34,-1.34,0.08,0.08,0.84,2
3723635528,-0.1,-0.95,0.95,0.01,0.04,0
3690057183,-1.62,2.16,0.0,1.0,0.0,1
4113534165,-1.47,-1.7,0.46,0.03,0.51,2
3687761656,0.77,-1.41,1.0,0.0,0.0,0
3672813751,-0.09,-1.3,0.98,0.0,0.02,0
3493103994,-0.52,-0.69,0.53,0.05,0.42,0
3500103921,0.66,-1.84,1.0,0.0,0.0,0
4117476760,0.08,1.32,0.01,0.97,0.02,1
3617589480,0.99,-0.71,0.99,0.0,0.01,0
3630653347,-0.98,-0.98,0.09,0.09,0.82,2
3627796422,0.2,0.14,0.25,0.14,0.61,2
4245546857,-0.89,-1.41,0.89,0.01,0.1,0
3687273689,-0.42,-0.48,0.25,0.08,0.67,2
4274076811,0.48,0.15,0.65,0.08,0.27,0
4042871858,-0.37,1.95,0.0,1.0,0.0,1
3612239350,1.55,-0.29,0.99,0.0,0.01,0
3800930942,0.56,0.05,0.83,0.05,0.12,2
3738674887,-0.71,-1.04,0.79,0.02,0.19,0
3775771101,0.37,-0.76,0.97,0.01,0.02,0
3981596701,0.16,0.46,0.07,0.63,0.3,1
4277008043,-0.67,-0.29,0.03,0.78,0.18,0
3466807448,0.19,0.97,0.02,0.92,0.06,1
3572545507,-0.69,0.38,0.01,0.96,0.03,1
3566675152,-0.66,-1.51,0.96,0.0,0.03,0
3937128804,0.2,-0.93,0.97,0.01,0.02,0
3849851894,-0.46,-1.64,0.98,0.0,0.01,0
3860429817,0.44,-0.87,0.98,0.01,0.02,0
4171067017,-1.33,-0.87,0.02,0.82,0.17,1
3593087389,-0.32,-0.62,0.75,0.04,0.21,0
4137375897,0.57,0.35,0.45,0.12,0.43,0
3661116957,-0.59,-0.62,0.17,0.08,0.75,2
4040442048,-0.41,-0.54,0.42,0.07,0.51,0
4075912059,-1.35,1.58,0.0,1.0,0.0,1
3784801711,-0.57,-0.84,0.73,0.03,0.24,0
3797650279,-0.11,-0.11,0.16,0.16,0.68,2
3618602658,0.71,1.41,0.03,0.9,0.07,1
3785385075,-0.86,-0.27,0.02,0.88,0.1,1
3511515107,1.18,0.71,0.78,0.07,0.15,0
4103989287,-0.9,-0.87,0.07,0.15,0.78,2
4021106162,-0.69,0.28,0.01,0.95,0.04,1
4127745008,-0.57,-0.2,0.04,0.78,0.19,1
4178012968,-1.24,2.44,0.0,1.0,0.0,1
3700566762,0.71,2.94,0.0,1.0,0.0,1
4238256918,-0.32,-0.15,0.07,0.51,0.42,1
3612546956,-0.84,-0.86,0.11,0.08,0.81,2
3638965914,0.97,-1.58,1.0,0.0,0.0,0
3880280939,-1.3,-1.37,0.16,0.05,0.78,2
3743427541,0.16,0.2,0.16,0.22,0.62,2
3623694773,-0.28,-0.37,0.31,0.08,0.6,2
3662572515,0.73,0.38,0.67,0.09,0.25,0
3546484413,-0.78,-0.36,0.03,0.81,0.16,1
4153593539,-0.85,-0.85,0.09,0.09,0.82,2
3877392936,-0.69,0.04,0.02,0.92,0.07,1
3642619734,0.77,0.52,0.51,0.12,0.37,0
4161222090,1.34,-0.2,0.98,0.01,0.01,0
4236728758,1.42,-1.02,1.0,0.0,0.0,0
3652288451,-0.75,-0.66,0.06,0.31,0.63,2
3999423869,-0.4,-1.37,0.97,0.0,0.03,0
3722500795,-0.17,-0.14,0.13,0.19,0.68,2
3619158304,1.74,-1.03,1.0,0.0,0.0,0
3673472734,-0.68,-0.68,0.1,0.1,0.8,2
4184151175,-0.78,-0.8,0.12,0.08,0.8,2
4210995470,-0.3,-0.65,0.79,0.03,0.17,2
4109574720,-0.18,0.52,0.03,0.9,0.07,1
3681312843,-0.32,0.15,0.03,0.83,0.14,1
3535195189,-1.49,0.38,0.0,0.99,0.0,1
3906126657,0.03,-0.21,0.57,0.08,0.35,2
4185273438,-0.98,0.86,0.0,0.99,0.01,1
3754830277,-0.84,-0.89,0.18,0.07,0.76,2
4251559333,-1.2,1.8,0.0,1.0,0.0,1
3520071588,0.17,-0.84,0.96,0.01,0.03,0
3815893321,1.45,2.62,0.01,0.97,0.02,1
3957983061,0.67,-0.03,0.89,0.03,0.07,0
3963205435,-1.32,-0.52,0.01,0.93,0.06,1
3535448304,-0.66,-0.78,0.4,0.06,0.55,0
4087104834,-0.87,0.39,0.01,0.97,0.02,1
3727923887,0.38,0.34,0.23,0.16,0.61,2
4032443830,0.56,-0.15,0.9,0.03,0.07,0
3765940499,0.5,-0.77,0.98,0.01,0.02,0
4156426946,-1.33,-1.54,0.47,0.03,0.5,2
3729581395,0.11,-0.8,0.95,0.01,0.04,0
3776152299,-1.01,-0.69,0.03,0.74,0.23,1
3809885138,0.28,-1.34,0.99,0.0,0.01,0
3873587901,0.57,-1.48,1.0,0.0,0.0,0
3944852622,-0.61,-0.64,0.14,0.09,0.77,2
4231835971,-1.07,0.15,0.01,0.97,0.02,1
3567166086,-0.51,-1.14,0.92,0.01,0.07,0
4216704538,-1.05,0.0,0.01,0.96,0.03,1
3802908266,-0.82,-0.82,0.1,0.09,0.81,2
3996893806,-1.11,1.2,0.0,1.0,0.0,1
3933994000,-0.21,0.57,0.02,0.92,0.06,1
3975070922,-0.6,1.12,0.01,0.99,0.01,1
3862606635,-0.82,-0.9,0.28,0.06,0.66,0
3735073858,0.17,-1.06,0.98,0.0,0.02,0
3811491215,-0.42,-0.38,0.1,0.16,0.73,2
3618073615,-0.67,-1.01,0.79,0.02,0.18,0
4088072943,-0.87,-0.85,0.08,0.11,0.81,2
3905433590,-0.93,-0.67,0.03,0.67,0.29,1
4192448522,0.0,-0.94,0.96,0.01,0.03,0
3583548852,2.52,0.5,0.99,0.0,0.0,0
3864241325,0.49,0.1,0.72,0.07,0.21,1
3498953769,-0.66,0.91,0.01,0.98,0.01,1
4024056014,-0.74,-0.76,0.12,0.08,0.8,2
3626850518,-0.54,-0.5,0.09,0.17,0.74,2
3889737125,-0.12,1.06,0.01,0.96,0.02,1
4025864970,-0.93,-1.07,0.43,0.05,0.53,2
4267970306,-0.7,-0.74,0.18,0.07,0.75,2
3523712443,-1.31,-1.2,0.04,0.34,0.61,1
3794719197,-0.8,-0.8,0.09,0.09,0.82,2
4012446560,0.61,2.3,0.0,0.99,0.01,1
3971191624,2.86,2.92,0.15,0.19,0.66,0
4111275186,-0.87,-0.09,0.02,0.93,0.06,1
3931961965,-0.18,0.35,0.03,0.85,0.11,2
3587048473,-0.99,-0.97,0.07,0.11,0.81,2
4165947662,-0.68,-0.56,0.06,0.39,0.55,2
3524900314,-1.59,0.91,0.0,1.0,0.0,1
3980985314,0.15,0.5,0.06,0.7,0.24,0
4096916085,-0.78,-0.77,0.09,0.1,0.81,2
3504047864,-1.46,1.45,0.0,1.0,0.0,1
3973117059,-0.86,-0.13,0.02,0.92,0.06,1
4281808840,-0.89,0.78,0.01,0.99,0.01,1
3491230905,-0.89,-0.91,0.11,0.08,0.81,2
4279681581,-0.36,-0.48,0.41,0.07,0.52,0
4223951278,0.8,-0.19,0.94,0.02,0.04,0
3991031338,-1.54,2.36,0.0,1.0,0.0,1
4165888321,-0.69,-0.33,0.03,0.77,0.2,2
4136785023,0.04,0.07,0.15,0.2,0.64,2
3839114315,1.01,1.98,0.01,0.95,0.03,1
3781786293,0.6,0.18,0.77,0.06,0.17,0
3995069044,0.37,-0.52,0.94,0.02,0.04,0
4263936275,1.52,0.22,0.96,0.01,0.02,0
3843008180,0.04,-0.02,0.23,0.13,0.64,1
4030406118,-1.28,-0.32,0.01,0.95,0.04,1
4136468669,-1.34,-1.41,0.19,0.05,0.76,2
4238139643,-1.07,-1.3,0.59,0.03,0.38,0
4118286669,-0.77,-0.76,0.09,0.12,0.8,2
3829672491,-0.87,-0.84,0.08,0.14,0.78,2
3685054900,2.22,-0.59,1.0,0.0,0.0,0
3968621952,0.52,0.57,0.15,0.24,0.61,1
3652989148,-1.35,0.47,0.0,0.99,0.01,1
3564176523,0.23,1.23,0.02,0.95,0.03,1
3900716878,-0.7,-0.66,0.08,0.16,0.76,2
3892984524,-0.89,1.09,0.0,0.99,0.0,1
3601765145,-1.55,-1.88,0.61,0.02,0.37,2
4139960622,2.61,2.17,0.77,0.05,0.18,0
3520623546,-0.04,-1.05,0.97,0.01,0.03,0
4154827103,0.48,1.02,0.04,0.84,0.12,2
3569837680,0.18,-0.05,0.5,0.09,0.4,2
3633311816,-1.1,-1.05,0.06,0.16,0.78,1
3441715992,-0.02,-0.04,0.2,0.14,0.66,2
3960997669,1.46,1.42,0.23,0.14,0.63,2
3481856805,0.61,1.79,0.01,0.97,0.02,1
3867410207,-0.75,-0.76,0.11,0.09,0.8,2
4023937558,0.86,-0.13,0.94,0.02,0.04,0
4104260430,-0.72,-1.17,0.86,0.02,0.12,0
4003641301,0.73,0.03,0.89,0.03,0.08,1
4107619765,-0.84,-0.81,0.08,0.13,0.79,2
3960207980,-0.39,-0.08,0.05,0.71,0.24,1
3555369077,0.87,0.67,0.42,0.13,0.45,0
4252890088,-0.85,-0.84,0.08,0.11,0.8,1
3546863024,-0.66,-1.42,0.95,0.01,0.04,0
4036073207,-0.77,-0.17,0.02,0.89,0.09,1
3870613604,-0.6,0.49,0.01,0.96,0.03,1
4180754702,1.02,-1.66,1.0,0.0,0.0,0
4233902611,-1.05,-1.87,0.96,0.0,0.04,0
4229760992,0.33,-0.93,0.98,0.01,0.02,0
3470657955,-1.14,1.71,0.0,1.0,0.0,1
3558909131,-0.82,-0.81,0.09,0.1,0.81,2
3982116212,0.29,-1.78,1.0,0.0,0.0,0
3933467168,-0.28,-0.64,0.8,0.03,0.17,0
3964657336,0.43,0.65,0.1,0.51,0.4,2
4118217043,0.11,1.58,0.01,0.98,0.01,1
4235879501,-0.5,-0.08,0.03,0.81,0.15,1
4211791373,-0.85,-0.84,0.08,0.11,0.8,2
3999886257,-0.86,-0.84,0.08,0.11,0.81,2
3995841927,-0.86,0.05,0.01,0.95,0.04,1
3758192510,-1.32,-0.38,0.01,0.95,0.04,1
3975475788,-0.77,-0.84,0.24,0.07,0.7,0
3894423191,0.04,-1.55,0.99,0.0,0.01,0
3906744317,-1.03,-0.77,0.03,0.67,0.3,0
3506032077,-0.9,-0.28,0.02,0.89,0.09,1
3669704738,2.86,-0.75,1.0,0.0,0.0,0
4010450665,1.96,-1.37,1.0,0.0,0.0,0
4247165262,1.7,1.48,0.44,0.1,0.46,1
4247098446,0.57,0.54,0.22,0.17,0.61,0
4290579575,1.61,-1.59,1.0,0.0,0.0,0
3515994772,-1.47,0.15,0.0,0.99,0.01,1
4090314053,-1.45,-1.63,0.39,0.03,0.58,2
3674212947,-1.98,1.88,0.0,1.0,0.0,1
3600823155,-0.84,-0.81,0.08,0.13,0.79,2
4093660961,-1.13,-1.01,0.04,0.39,0.57,2
4064861548,-0.62,-0.57,0.08,0.19,0.72,1
3875938317,0.52,-1.51,1.0,0.0,0.0,0
4282955839,1.23,-0.27,0.98,0.01,0.02,0
4260806564,-0.58,0.84,0.01,0.98,0.01,1
3733578443,-0.39,-0.75,0.81,0.03,0.16,0
3930314771,0.13,-1.05,0.98,0.01,0.02,0
3716981070,-0.02,-0.13,0.31,0.1,0.59,2
4110214004,0.41,-1.83,1.0,0.0,0.0,0
3727371622,-0.36,-0.64,0.72,0.04,0.24,2
3544337529,-1.3,-1.34,0.11,0.06,0.83,2
3985907622,-0.13,0.06,0.08,0.53,0.39,1
3917021224,-0.49,-0.44,0.09,0.2,0.71,1
3661029551,-0.14,0.32,0.04,0.81,0.15,1
4261742467,1.21,-1.47,1.0,0.0,0.0,0
3462096129,1.15,0.53,0.86,0.05,0.09,2
3509249940,-0.82,-0.81,0.08,0.11,0.8,2
4045179456,-0.84,-0.84,0.09,0.09,0.82,2
3653109432,1.53,0.39,0.95,0.02,0.03,0
3509232565,0.07,2.48,0.0,1.0,0.0,1
3475236784,-1.03,2.12,0.0,1.0,0.0,1
4012398100,-0.21,0.06,0.06,0.65,0.29,1
3807800729,1.7,1.55,0.34,0.11,0.56,0
3575490257,-0.49,-0.89,0.84,0.02,0.14,0
3774608094,0.8,-1.0,0.99,0.0,0.01,0
3610273175,-0.84,-0.76,0.06,0.28,0.66,1
3581177026,-0.47,-0.78,0.78,0.03,0.19,2
3765599159,0.63,1.06,0.05,0.76,0.18,1
3701896356,-1.52,-1.16,0.02,0.73,0.26,0
3490297245,2.88,-1.51,1.0,0.0,0.0,0
3718312839,-0.54,1.3,0.0,0.99,0.01,1
3496246343,-0.75,-1.38,0.92,0.01,0.07,0
4255470922,2.89,0.98,0.99,0.01,0.01,0
4157850840,-0.37,-0.32,0.1,0.21,0.69,1
3983572561,-0.95,1.44,0.0,1.0,0.0,1
4032660161,1.12,-0.33,0.98,0.01,0.02,0
3996185937,-1.44,1.22,0.0,1.0,0.0,1
4252239775,-0.72,-0.74,0.13,0.08,0.79,2
4262858440,-0.37,-0.44,0.25,0.09,0.67,2
3970867491,-0.76,-0.77,0.12,0.08,0.8,2
4218187867,0.69,-0.28,0.94,0.02,0.04,0
3761339886,-0.41,-0.26,0.07,0.47,0.47,1
4001976690,-0.77,1.33,0.0,0.99,0.0,1
3716454654,0.27,-1.26,0.99,0.0,0.01,0
3449048612,-0.56,1.23,0.0,0.99,0.01,1
3523831359,1.83,-1.83,1.0,0.0,0.0,0
4228672218,-0.4,0.53,0.02,0.94,0.04,1
3668933086,1.53,-0.04,0.98,0.01,0.01,0
3696515701,0.21,-0.29,0.86,0.04,0.11,0
4220149347,-0.44,0.62,0.01,0.95,0.03,1
4045200368,-1.16,0.21,0.01,0.98,0.01,1
4293965487,0.84,-0.15,0.94,0.02,0.04,0
4044433720,0.03,-0.76,0.94,0.01,0.05,0
3779580886,-0.5,-0.95,0.86,0.02,0.12,0
3485622132,-0.85,-0.82,0.08,0.15,0.78,2
3993360637,-0.66,-0.69,0.15,0.08,0.76,2
3979978006,-0.82,-1.47,0.93,0.01,0.06,0
4216471352,-1.0,-0.86,0.04,0.44,0.52,2
3562277674,-0.29,-0.56,0.7,0.05,0.25,2
3703298031,-0.54,-0.87,0.79,0.03,0.18,0
4066970778,0.68,-1.17,0.99,0.0,0.0,0
4026779554,-1.3,1.82,0.0,1.0,0.0,1
4132906941,0.25,-0.89,0.97,0.01,0.02,0
3517380544,-0.63,-0.65,0.13,0.09,0.78,2
3788213295,-1.38,-0.12,0.01,0.98,0.02,1
3744884282,0.31,-0.35,0.9,0.03,0.08,0
3824614085,-0.68,1.4,0.0,0.99,0.0,1
3851813988,0.5,-0.61,0.96,0.01,0.03,0
3743074443,-1.14,-1.35,0.52,0.03,0.44,1
3458616759,0.63,0.09,0.84,0.05,0.11,2
3497731978,0.59,-0.2,0.91,0.03,0.06,0
3694234981,0.49,2.34,0.0,0.99,0.0,1
4239696605,-0.67,1.24,0.0,0.99,0.0,1
3763552221,-0.81,-1.39,0.91,0.01,0.08,0
4128359480,-1.62,-1.4,0.03,0.52,0.45,2
3611336482,0.47,-1.32,0.99,0.0,0.0,0
4090062295,-1.13,0.19,0.01,0.98,0.02,1
3929690893,-1.16,-1.27,0.3,0.05,0.65,2
3731525601,1.03,1.32,0.09,0.58,0.33,2
3513371247,0.98,0.8,0.39,0.13,0.48,2
4025748760,0.83,1.15,0.08,0.63,0.29,2
3544334307,-0.77,-1.35,0.91,0.01,0.08,0
4284085138,-1.05,-0.89,0.04,0.52,0.44,2
3630523326,-0.2,-0.82,0.91,0.02,0.07,0
3630988963,1.45,-0.26,0.98,0.01,0.01,0
4174542085,-0.86,-0.3,0.02,0.87,0.11,1
3831569571,-0.8,2.86,0.0,1.0,0.0,1
3647363412,-0.82,-0.84,0.13,0.08,0.79,2
3606130183,1.3,2.84,0.0,0.99,0.01,1
3893859286,0.9,1.45,0.04,0.84,0.12,1
4029064209,-0.77,0.9,0.01,0.99,0.01,1
3848325518,0.27,0.52,0.08,0.57,0.35,2
3557991702,-0.39,1.43,0.0,0.99,0.01,1
3686175999,-0.47,-0.73,0.71,0.04,0.25,2
3692810841,-0.88,-0.91,0.14,0.07,0.79,2
4064022794,-0.19,-0.24,0.21,0.11,0.69,1
3870251926,-0.85,-0.78,0.06,0.24,0.7,2
3919149795,-0.46,-0.03,0.03,0.82,0.15,1
3865660213,0.36,0.49,0.12,0.33,0.54,2
4167705965,-0.44,-1.02,0.91,0.01,0.08,2
4066310512,-1.28,0.74,0.0,0.99,0.0,1
4009893826,-0.55,-0.71,0.51,0.05,0.44,0
3481237131,-0.9,-0.9,0.09,0.09,0.82,2
3472471582,-0.95,-0.9,0.07,0.16,0.77,2
3841333065,-0.92,-0.21,0.02,0.91,0.07,1
3862572845,-0.36,-0.36,0.14,0.13,0.74,2
3993612995,-0.33,2.45,0.0,1.0,0.0,1
3622931525,-0.59,-0.5,0.07,0.31,0.62,2
3488314259,-0.9,0.5,0.01,0.98,0.01,1
4081376472,-0.5,-0.17,0.04,0.73,0.23,1
3724354238,-0.78,-0.75,0.08,0.14,0.78,2
3718727649,-1.05,0.31,0.01,0.98,0.02,1
3818842161,1.15,0.25,0.92,0.03,0.05,0
4072063393,-0.64,-0.61,0.09,0.13,0.77,2
3466293570,-0.93,-0.94,0.1,0.08,0.82,1
4207712693,0.44,-0.29,0.91,0.03,0.07,0
4166443743,0.41,0.34,0.25,0.15,0.6,2
3934186342,-0.67,-0.77,0.35,0.06,0.59,1
4118856695,-0.89,-0.17,0.02,0.91,0.07,1
3631306518,-0.89,-0.98,0.26,0.06,0.68,1
3737257757,-0.58,-0.56,0.1,0.12,0.78,1
3876107739,-0.76,2.17,0.0,1.0,0.0,1
4174972482,-0.01,-0.48,0.86,0.03,0.11,0
4072215550,-0.78,-0.78,0.09,0.09,0.81,2
3453481263,0.55,-1.62,1.0,0.0,0.0,0
3934157145,1.38,-1.02,1.0,0.0,0.0,0
3453433776,-0.63,-0.63,0.11,0.1,0.79,2
3557592443,-0.1,0.42,0.04,0.84,0.12,1
4073120635,1.27,-0.95,1.0,0.0,0.0,0
3802436696,-0.87,-1.23,0.8,0.02,0.18,0
3772256723,1.62,2.36,0.02,0.92,0.06,1
4104987757,-0.57,-1.15,0.91,0.01,0.08,0
4287650976,0.02,-0.51,0.88,0.03,0.09,0
4252161142,-0.72,-1.32,0.92,0.01,0.07,0
3780323554,-0.36,-0.1,0.06,0.65,0.29,1
3849151609,-0.65,-0.64,0.1,0.11,0.79,2
3822705974,-0.67,0.93,0.01,0.98,0.01,1
3678586755,-1.21,-1.11,0.05,0.31,0.65,1
4088043430,-0.07,-0.11,0.21,0.12,0.66,2
4197442691,-0.75,-0.76,0.11,0.09,0.8,2
3749781750,0.48,0.46,0.22,0.17,0.61,2
3819414932,-0.95,-0.63,0.03,0.74,0.23,1
3769114854,-1.05,-1.08,0.11,0.07,0.82,2
3659089830,-0.57,-0.53,0.09,0.18,0.73,2
3766496710,2.22,1.88,0.64,0.07,0.29,1
4202470157,0.77,-1.16,0.99,0.0,0.0,0
3907367129,-0.82,-0.91,0.27,0.06,0.67,0
3663294101,2.66,1.3,0.98,0.01,0.01,0
3872599526,1.97,-1.59,1.0,0.0,0.0,0
3991984273,1.24,1.16,0.27,0.14,0.59,2
3448411826,-1.31,0.24,0.0,0.99,0.01,1
3793945606,-1.42,1.63,0.0,1.0,0.0,1
4168035588,-1.81,-1.81,0.06,0.08,0.86,2
4110374894,-0.95,-0.78,0.04,0.54,0.42,2
4199657944,-0.51,-0.66,0.47,0.06,0.47,0
3649805909,-0.9,-0.86,0.07,0.16,0.77,2
3922483515,2.11,2.55,0.06,0.76,0.18,1
3967160669,0.48,0.71,0.09,0.53,0.38,2
3641531226,-0.58,0.08,0.02,0.9,0.08,1
4206978375,-1.44,0.81,0.0,1.0,0.0,2
3610599372,-1.12,2.39,0.0,1.0,0.0,1
3452433390,-1.12,-1.41,0.69,0.02,0.29,0
3627707184,1.8,0.38,0.97,0.01,0.02,0
4017763487,0.07,0.52,0.05,0.79,0.16,1
3440589343,-0.84,-0.81,0.08,0.15,0.78,2
3870753505,-0.14,-0.14,0.16,0.16,0.68,0
4207230250,-0.72,-0.72,0.1,0.1,0.81,2
3619394441,-0.52,0.26,0.02,0.92,0.06,1
3638678314,1.48,-0.71,0.99,0.0,0.0,0
4041814344,-0.63,-0.91,0.75,0.03,0.22,0
3719322338,-0.24,-0.11,0.09,0.38,0.54,1
3811223084,-0.31,-0.29,0.12,0.16,0.72,2
3963392257,-0.84,-0.86,0.11,0.08,0.81,2
4016851112,-0.08,-0.06,0.15,0.18,0.67,2
3620224139,-0.66,-0.72,0.24,0.07,0.69,1
4272437710,-0.81,-0.8,0.09,0.1,0.81,2
3534180451,0.29,0.33,0.17,0.21,0.62,2
3764639217,0.38,-0.2,0.87,0.04,0.09,0
3756420604,0.82,-0.38,0.96,0.01,0.03,0
3741329789,-0.38,-0.85,0.87,0.02,0.11,0
4000453938,-0.67,0.07,0.02,0.92,0.06,1
4215802168,0.82,0.29,0.83,0.05,0.12,0
4084385399,-0.85,-0.84,0.09,0.1,0.81,2
4132965176,-0.92,-0.56,0.03,0.77,0.2,1
3896604429,-0.17,0.89,0.02,0.95,0.03,1
4248979414,0.52,-0.31,0.92,0.02,0.05,0
3737982119,-0.35,-0.84,0.88,0.02,0.1,0
4168086490,-0.3,-0.28,0.13,0.15,0.72,2
3770942318,2.39,2.36,0.21,0.13,0.66,2
4278320316,0.54,0.21,0.65,0.09,0.27,2
3608242540,-0.58,1.27,0.0,0.99,0.01,1
3533083695,0.06,-1.03,0.97,0.01,0.02,0
3449119187,-0.64,-0.64,0.11,0.1,0.79,2
3680869611,-0.7,-0.67,0.09,0.14,0.77,1
3716444822,-0.94,-1.02,0.24,0.06,0.7,2
3804447856,-1.43,0.65,0.0,1.0,0.0,1
4246836600,-0.22,-0.2,0.14,0.16,0.7,0
3461866500,-1.4,1.34,0.0,1.0,0.0,1
3948941816,0.08,1.91,0.0,0.99,0.01,1
3697012880,1.23,-0.1,0.97,0.01,0.02,0
4197502399,-0.89,-0.66,0.04,0.64,0.32,1
4225353156,-0.81,-0.85,0.16,0.07,0.77,0
3601915072,-0.82,-0.82,0.09,0.1,0.81,2
3547747397,1.62,0.29,0.97,0.01,0.02,0
3714855208,1.18,0.02,0.95,0.02,0.03,0
4273702146,0.13,1.09,0.02,0.94,0.04,1
3951514151,-0.36,0.3,0.02,0.9,0.08,1
3663892675,-0.64,-0.72,0.3,0.06,0.63,2
3546756859,-0.89,-0.82,0.06,0.26,0.68,2
3721077798,1.59,-0.47,0.99,0.0,0.0,0
3476299508,-0.43,2.39,0.0,1.0,0.0,1
3760107600,-0.61,-0.68,0.27,0.07,0.66,0
4227115802,0.7,1.24,0.04,0.84,0.12,1
4128085873,-1.06,-0.95,0.05,0.37,0.58,1
3541161646,2.11,-1.76,1.0,0.0,0.0,0
3638425762,-0.31,-1.18,0.96,0.01,0.04,0
3662324702,-0.88,-0.85,0.08,0.12,0.8,1
3984342433,-0.8,-0.71,0.06,0.31,0.63,2
3814671602,2.34,2.34,0.19,0.15,0.67,2
3474397433,0.85,-1.05,0.99,0.0,0.0,0
3659262834,0.08,-0.74,0.94,0.01,0.05,0
3782328392,1.3,-1.02,1.0,0.0,0.0,0
3967834340,-0.07,-0.07,0.16,0.17,0.67,2
3658110292,0.75,-1.13,0.99,0.0,0.0,0
3505880681,-0.45,-1.43,0.97,0.0,0.02,2
3631780299,0.44,0.58,0.12,0.35,0.53,2
3906099970,-1.12,-0.47,0.02,0.89,0.09,1
3901478656,-0.75,-0.77,0.12,0.08,0.8,2
4220767928,-1.31,0.05,0.01,0.98,0.01,1
4095813678,-0.71,0.72,0.01,0.98,0.01,1
3875191004,-0.79,-0.79,0.09,0.09,0.81,2
3603238337,-0.32,-1.24,0.96,0.01,0.03,0
4192697246,0.33,1.67,0.01,0.98,0.02,1
3830506849,-0.82,-0.84,0.12,0.08,0.8,1
3678354771,-0.78,-0.78,0.09,0.09,0.81,2
4124033072,0.51,0.45,0.25,0.15,0.6,1
3559783028,-0.86,-0.86,0.09,0.09,0.82,2
4241624870,-1.35,0.25,0.0,0.99,0.01,1
3589975224,-1.23,-0.93,0.02,0.71,0.27,1
4013470565,-0.56,0.29,0.02,0.94,0.05,1
3883336468,0.64,0.01,0.87,0.04,0.09,0
4234523403,-0.84,-0.84,0.09,0.09,0.82,2
4013251001,-0.85,-0.88,0.12,0.08,0.8,2
4163730433,1.08,1.41,0.08,0.64,0.28,1
3510831895,-0.25,-0.54,0.72,0.05,0.23,2
3654273970,0.13,-0.19,0.68,0.07,0.25,2
4216393500,-0.68,-0.71,0.16,0.08,0.76,2
3570786623,-1.78,-0.02,0.0,0.99,0.01,1
3496526675,1.39,-0.76,0.99,0.0,0.0,0
3754049619,-0.79,-0.73,0.07,0.22,0.71,2
3863288150,-0.5,-0.52,0.14,0.1,0.76,1
4082560358,-0.56,-0.95,0.83,0.02,0.14,2
4243465992,-0.29,-1.73,0.99,0.0,0.01,0
4015824844,0.77,-1.34,1.0,0.0,0.0,0
4020459961,-0.29,-1.41,0.98,0.0,0.02,0
4000776283,-0.57,-0.57,0.11,0.11,0.78,2
4120866439,-0.95,-0.04,0.01,0.95,0.04,1
3621365415,-0.87,1.05,0.0,0.99,0.0,1
3686384627,-0.47,-1.2,0.94,0.01,0.05,2
3862349858,2.14,0.02,0.99,0.0,0.0,0
3528624638,-0.77,-0.77,0.1,0.09,0.81,2
4041396983,-0.21,1.34,0.01,0.98,0.01,1
3947463599,0.06,-1.02,0.97,0.01,0.02,0
4223387653,-0.66,-0.6,0.07,0.23,0.69,1
3828176321,1.79,-0.77,1.0,0.0,0.0,0
3869265692,-1.03,-1.02,0.08,0.11,0.82,0
3939446131,-0.06,-0.38,0.73,0.05,0.22,0
3543653746,-0.28,1.66,0.0,0.99,0.0,1
3642945173,0.9,0.89,0.21,0.18,0.61,0
4268146196,-0.21,-1.51,0.99,0.0,0.01,0
3534685958,-0.49,-0.34,0.06,0.46,0.47,2
3685629364,1.3,0.8,0.8,0.06,0.14,2
3466828691,-0.61,-1.1,0.89,0.01,0.1,0
3834985384,-0.73,-0.75,0.13,0.08,0.79,2
3971909221,-0.48,0.65,0.01,0.96,0.03,1
3485214578,-0.77,-0.67,0.06,0.31,0.63,2
3834481330,0.29,0.4,0.12,0.31,0.56,2
3641017749,-0.81,0.34,0.01,0.96,0.02,1
3867973905,-1.76,1.8,0.0,1.0,0.0,1
4211109453,-1.39,-0.72,0.01,0.9,0.09,1
3929932580,-1.34,-1.02,0.02,0.72,0.26,1
3938548511,1.16,-0.11,0.96,0.01,0.02,0
3704664857,-0.53,0.72,0.01,0.97,0.02,1
4188701931,-0.08,-0.04,0.13,0.21,0.66,2
3595845136,-0.77,-1.2,0.85,0.02,0.13,0
3515920962,-0.86,-0.86,0.09,0.09,0.82,2
3922140481,-1.15,-1.17,0.1,0.07,0.83,1
4083368950,-0.6,-0.89,0.76,0.03,0.21,2
4135176728,-0.71,-0.76,0.17,0.07,0.75,2
3826248433,-0.79,-0.81,0.11,0.08,0.8,2
3999083150,0.42,-1.35,0.99,0.0,0.0,0
3846256700,-0.51,0.34,0.02,0.93,0.05,1
3782094445,1.05,-0.77,0.99,0.0,0.01,0
3582472853,2.27,1.2,0.96,0.02,0.03,0
4038542157,-1.83,0.88,0.0,1.0,0.0,1
3657685761,-0.48,0.33,0.02,0.93,0.05,1
3687481850,-0.75,-0.76,0.11,0.09,0.8,2
3821591776,-1.21,-1.16,0.06,0.15,0.78,0
3753524977,0.57,-0.69,0.97,0.01,0.02,0
3711440916,-0.86,-0.86,0.09,0.09,0.82,2
3654914308,-0.46,-0.36,0.08,0.33,0.6,1
3835767210,-0.01,1.61,0.01,0.99,0.01,1
4125195101,0.29,-0.27,0.87,0.03,0.1,0
4248422661,-1.03,-0.24,0.01,0.93,0.06,1
4017971385,-0.25,-1.03,0.94,0.01,0.05,0
3801304722,-0.78,-0.77,0.09,0.11,0.8,2
3604864182,-0.77,-0.77,0.1,0.09,0.81,1
4031581584,-0.95,-0.95,0.08,0.1,0.82,1
3816869371,-0.99,-0.8,0.04,0.57,0.39,1
3565314061,-0.95,-0.96,0.1,0.08,0.82,2
3941069646,-1.17,-1.12,0.06,0.17,0.77,2
4229393037,-0.12,2.62,0.0,1.0,0.0,1
3787390560,-1.16,-0.19,0.01,0.95,0.04,1
3538632441,-0.34,-1.56,0.98,0.0,0.01,0
3970247555,-0.73,1.05,0.0,0.99,0.01,1
3762051552,0.7,0.8,0.14,0.28,0.58,2
3593599878,-0.78,-0.81,0.14,0.08,0.79,2
3752490723,1.59,0.0,0.98,0.01,0.01,0
3837445208,-0.07,2.03,0.0,0.99,0.0,1
3954958187,-1.02,-1.03,0.09,0.08,0.83,2
4210188715,-0.77,-0.76,0.09,0.12,0.8,2
4018241837,-1.16,0.75,0.0,0.99,0.0,1
3688367664,-0.54,-0.74,0.62,0.04,0.34,0
3684328848,0.67,-0.27,0.94,0.02,0.04,0
3706280130,0.52,0.86,0.07,0.68,0.25,1
4111622453,-0.79,-0.93,0.42,0.05,0.53,1
3733319312,-0.7,1.82,0.0,1.0,0.0,1
4171574309,-1.06,-0.77,0.03,0.71,0.26,2
3475509417,0.07,0.31,0.08,0.57,0.35,2
4120702809,-0.84,-0.8,0.08,0.15,0.77,2
4168015805,-0.14,0.57,0.03,0.9,0.07,1
3819837464,-0.92,0.81,0.0,0.99,0.01,1
3466329886,-0.82,-0.81,0.09,0.1,0.81,2
3693160435,-0.65,-0.43,0.05,0.62,0.34,0
3984281512,-0.71,2.05,0.0,1.0,0.0,1
4127402581,-0.82,0.77,0.01,0.98,0.01,1
3766699109,0.54,0.9,0.06,0.7,0.23,0
4135510849,-0.77,-0.75,0.09,0.12,0.8,2
3985272329,1.02,-1.46,1.0,0.0,0.0,0
3566839729,-0.4,-1.36,0.97,0.0,0.03,0
4283201974,-1.1,-0.45,0.02,0.9,0.09,1
3721330649,0.82,-1.62,1.0,0.0,0.0,0
3556095456,-0.71,-0.73,0.12,0.09,0.79,2
4045273718,0.07,2.11,0.0,0.99,0.0,1
3499862924,-0.82,-0.77,0.07,0.21,0.73,0
3596234761,0.24,-0.56,0.93,0.02,0.05,0
3705563586,-0.52,0.22,0.02,0.92,0.06,1
4256363743,0.74,0.74,0.2,0.19,0.61,2
3914665906,-0.71,-0.6,0.06,0.37,0.57,2
3691016286,-0.04,-0.04,0.17,0.17,0.66,2
3907110209,-0.47,-0.1,0.04,0.78,0.18,1
3606806970,-0.71,-0.78,0.26,0.07,0.68,0
4215382708,-0.6,1.18,0.0,0.99,0.01,1
3897310077,-0.81,-0.77,0.08,0.15,0.77,1
3778404033,-1.65,-1.73,0.14,0.04,0.82,2
3697201848,-0.11,-0.29,0.48,0.08,0.44,0
3470837322,1.32,0.61,0.89,0.04,0.07,0
3665695972,-0.81,-0.81,0.09,0.09,0.82,2
3603206414,-1.32,-0.66,0.01,0.9,0.09,1
3485102930,-0.8,-0.85,0.18,0.07,0.75,2
3728672010,-0.56,2.3,0.0,1.0,0.0,1
3970154622,-0.85,-0.85,0.09,0.09,0.82,2
4184957425,-0.82,-0.81,0.09,0.1,0.81,2
3838301590,-0.8,-0.85,0.18,0.07,0.75,2
3790038845,-0.31,-0.38,0.27,0.09,0.64,2
3486539349,-0.85,-0.89,0.16,0.07,0.77,0
3730270867,0.61,1.2,0.04,0.86,0.11,1
3677281150,-0.58,-1.01,0.86,0.02,0.12,0
3885863135,-0.13,-0.61,0.87,0.03,0.1,0
3512353718,0.58,1.13,0.04,0.84,0.12,0
4221973016,0.06,-1.59,0.99,0.0,0.0,0
3463511181,-1.45,-1.08,0.02,0.75,0.23,1
4223763439,-0.73,-0.8,0.24,0.07,0.69,0
3601409622,-0.6,-0.54,0.08,0.2,0.71,2
4135834094,-0.96,-0.95,0.08,0.11,0.81,2
3661602776,-1.25,-0.35,0.01,0.95,0.04,1
4191582295,0.32,0.89,0.04,0.86,0.1,1
4234264844,-0.62,-0.11,0.03,0.86,0.12,2
3625182849,-0.6,-0.59,0.1,0.12,0.78,0
3570437489,-1.76,-1.8,0.09,0.06,0.86,2
3702179310,-0.64,-0.66,0.13,0.09,0.78,2
3465170568,-0.03,0.03,0.12,0.24,0.63,2
3505748567,-0.75,-0.66,0.06,0.31,0.63,1
4260952099,-0.41,-0.42,0.15,0.11,0.75,2
3509921530,-0.42,0.62,0.02,0.95,0.03,1
4091096198,-1.28,0.9,0.0,1.0,0.0,1
4079996357,-0.25,1.7,0.0,0.99,0.0,0
3874393803,-0.62,1.2,0.0,0.99,0.01,1
3983085875,-0.95,-0.94,0.08,0.11,0.81,1
4236078838,0.96,0.26,0.89,0.04,0.08,1
3602874659,-0.54,1.2,0.0,0.99,0.01,1
4138179183,-0.74,1.73,0.0,1.0,0.0,1
3930771630,-0.94,-1.06,0.37,0.05,0.58,2
4027134404,-1.59,0.15,0.0,0.99,0.01,1
3893433059,-0.84,-0.91,0.22,0.06,0.72,2
3969916747,0.0,2.66,0.0,1.0,0.0,1
3952433991,0.46,-1.2,0.99,0.0,0.01,0
3768404526,-0.37,-1.12,0.94,0.01,0.05,0
3438826433,-0.94,-0.52,0.02,0.81,0.17,1
3752933000,-0.5,1.02,0.01,0.98,0.01,1
4081003227,-0.95,-0.94,0.08,0.1,0.82,2
3630817505,-0.77,-0.76,0.09,0.12,0.8,2
4119571986,0.68,2.5,0.0,0.99,0.0,1
3485837274,-0.22,0.16,0.05,0.76,0.19,1
3884582929,-1.54,0.7,0.0,1.0,0.0,1
3553699109,0.17,-0.44,0.89,0.03,0.08,0
3576315095,1.01,1.91,0.02,0.95,0.04,1
3478173688,-1.47,-1.67,0.42,0.03,0.55,1
3715268410,-0.81,-0.82,0.1,0.09,0.81,0
3484816269,-2.06,0.3,0.0,1.0,0.0,1
3577191458,-0.74,-0.75,0.11,0.09,0.8,2
4116134745,-0.73,-0.72,0.09,0.1,0.8,2
4139064981,1.54,1.08,0.77,0.07,0.16,0
4278458723,-1.49,-1.45,0.06,0.13,0.82,2
3771098618,-0.42,-0.41,0.12,0.14,0.75,1
3584004353,-0.95,-0.67,0.03,0.7,0.27,1
4194936305,1.08,-1.74,1.0,0.0,0.0,0
4079584112,-0.14,-0.1,0.13,0.2,0.67,2
3454885979,-0.56,-1.5,0.97,0.0,0.03,0
3479077019,-0.28,0.17,0.04,0.81,0.15,1
3928092928,-1.47,1.55,0.0,1.0,0.0,1
4108143800,2.27,-0.11,1.0,0.0,0.0,0
3459294988,-1.07,0.08,0.01,0.97,0.02,1
4033013357,-0.66,-0.57,0.06,0.32,0.62,1
4055792717,-0.61,-0.36,0.04,0.65,0.3,1
3786796333,-0.47,-0.66,0.57,0.05,0.38,0
4021320326,-0.71,-0.71,0.09,0.1,0.8,2
3968615472,0.48,-0.89,0.98,0.01,0.01,0
4125029023,0.12,-1.0,0.97,0.01,0.02,0
3573628775,-1.39,-0.96,0.02,0.8,0.18,1
4047933439,-0.69,-0.71,0.13,0.09,0.79,2
3728155402,1.23,-0.97,1.0,0.0,0.0,0
3583927480,-0.25,0.13,0.05,0.76,0.2,1
4118911991,0.75,-1.63,1.0,0.0,0.0,0
4063049298,-0.71,-0.7,0.09,0.11,0.8,0
3648343961,-1.59,0.97,0.0,1.0,0.0,1
3537813346,0.42,0.58,0.12,0.37,0.51,1
3595342292,0.18,-0.89,0.97,0.01,0.03,0
3674220736,-1.45,-0.9,0.01,0.85,0.13,1
3447763651,-1.58,0.18,0.0,0.99,0.01,1
3688994942,-0.93,-0.28,0.02,0.9,0.09,1
4117846084,1.11,-0.66,0.99,0.0,0.01,0
3868094901,-0.56,-0.48,0.07,0.28,0.65,1
4207458018,-1.32,-1.45,0.29,0.04,0.66,2
3467135720,-1.3,-1.37,0.18,0.05,0.77,2
3620050099,-0.67,-0.17,0.03,0.85,0.12,1
3734311558,-0.84,-0.81,0.08,0.15,0.78,2
3961956273,0.1,-1.38,0.99,0.0,0.01,0
3556327804,0.12,-0.98,0.97,0.01,0.02,0
3838854573,-0.76,-0.65,0.06,0.37,0.58,1
3704431379,1.79,1.27,0.82,0.06,0.13,0
3928255529,-0.76,-0.71,0.07,0.19,0.74,2
3805545825,-0.48,0.03,0.03,0.85,0.12,1
3587789688,0.02,-0.51,0.88,0.03,0.09,0
4218036675,1.05,-0.64,0.99,0.0,0.01,0
3816031664,1.13,0.54,0.85,0.05,0.1,0
3743054600,1.22,1.27,0.16,0.21,0.62,1
3919701810,-0.16,-0.03,0.09,0.37,0.54,1
3609693282,0.93,-1.24,1.0,0.0,0.0,0
3991559230,-0.72,-0.92,0.59,0.04,0.37,0
3798141099,-1.47,0.37,0.0,0.99,0.0,1
3595155982,0.73,1.95,0.01,0.97,0.02,1
4157468989,-1.0,1.58,0.0,1.0,0.0,1
3708848178,-1.69,-1.64,0.05,0.13,0.82,2
3798464023,-0.82,-0.7,0.05,0.41,0.54,1
4079157109,0.08,-1.64,0.99,0.0,0.0,0
3609107579,1.37,0.81,0.83,0.06,0.11,0
3941932244,0.22,0.0,0.47,0.1,0.43,2
4171176799,-0.96,-0.77,0.04,0.59,0.38,1
3776862851,-0.86,-0.84,0.08,0.13,0.79,2
3677678708,-1.76,-1.84,0.13,0.04,0.83,2
3882818874,2.61,-1.0,1.0,0.0,0.0,0
4191809121,-0.97,-0.96,0.08,0.1,0.82,2
3949676826,-0.72,-0.79,0.24,0.07,0.69,2
3835486831,1.02,-1.12,1.0,0.0,0.0,0
4128839620,0.97,-0.15,0.95,0.02,0.03,0
4052512507,-0.71,-0.82,0.34,0.06,0.6,0
3734376451,-0.32,1.36,0.01,0.99,0.01,1
3902257376,1.41,0.42,0.93,0.03,0.04,0
4083355146,-0.71,-0.77,0.21,0.07,0.72,2
3853098432,-0.56,-0.75,0.57,0.05,0.38,0
3536183336,-0.86,-0.85,0.09,0.1,0.81,2
4054598029,-0.15,-0.1,0.12,0.21,0.67,1
3778561201,1.99,-0.21,0.99,0.0,0.0,0
4104842016,-0.74,-0.71,0.08,0.14,0.78,2
3580370320,-0.2,-0.36,0.45,0.08,0.47,2
4204395194,0.41,-0.84,0.98,0.01,0.02,1
3910115826,-0.34,-0.4,0.24,0.09,0.67,2
4029743570,0.7,-1.22,0.99,0.0,0.0,0
4263165266,-0.71,-0.69,0.09,0.12,0.79,2
4220063789,0.67,-0.58,0.97,0.01,0.02,0
4113356199,-0.54,-0.47,0.08,0.23,0.69,2
3670670082,-1.24,-1.24,0.08,0.08,0.83,2
4005355288,-1.14,0.35,0.01,0.98,0.01,1
3637404239,-0.9,-0.62,0.03,0.7,0.27,1
3852142292,0.39,1.37,0.02,0.95,0.04,1
3571463596,-1.23,-1.3,0.21,0.05,0.74,2
3777987118,0.49,2.34,0.0,0.99,0.0,1
3686617184,0.86,0.66,0.42,0.13,0.45,0
3981938427,0.5,-0.62,0.96,0.01,0.03,0
3496988303,-0.95,-1.33,0.81,0.02,0.17,0
4068405144,-0.34,-0.95,0.91,0.01,0.07,0
3616200030,-0.73,-1.04,0.77,0.02,0.21,0
3584890120,-1.41,0.4,0.0,0.99,0.01,1
3715318345,-1.27,-1.14,0.04,0.4,0.56,0
3698901729,0.71,0.71,0.21,0.18,0.61,0
3450084609,-1.05,-1.03,0.07,0.12,0.81,2
4076376538,-1.54,1.06,0.0,1.0,0.0,1
3505125660,-0.84,-0.91,0.22,0.06,0.72,1
3831468989,-0.3,-1.23,0.96,0.01,0.03,0
4182568415,1.96,-1.18,1.0,0.0,0.0,0
3988362818,-0.86,-0.86,0.09,0.09,0.82,2
4200041412,-0.9,-0.84,0.07,0.2,0.73,1
3558157216,0.13,0.3,0.1,0.44,0.46,0
3825219946,-0.2,-0.21,0.16,0.14,0.7,0
3834309136,0.75,-1.17,0.99,0.0,0.0,0
3934210024,2.11,-0.06,0.99,0.0,0.0,0
3896365828,0.91,2.27,0.01,0.98,0.01,1
4190120121,-0.81,-0.9,0.3,0.06,0.64,0
4254556595,-0.77,-0.77,0.09,0.1,0.81,2
3871238436,0.89,0.38,0.81,0.06,0.13,0
3668083338,0.24,0.15,0.27,0.13,0.6,2
3452554961,-1.33,-0.84,0.02,0.83,0.16,1
3776167119,0.46,-0.38,0.93,0.02,0.05,0
4008378539,2.25,1.81,0.76,0.06,0.18,0
4137313476,-0.66,0.06,0.02,0.91,0.07,1
4134805500,-0.84,-0.31,0.02,0.86,0.12,1
4056837920,-0.24,-0.73,0.88,0.02,0.1,2
3866434964,-0.81,-0.82,0.1,0.09,0.81,2
3664623592,-0.5,-0.16,0.04,0.75,0.21,1
3970088308,-0.52,0.61,0.01,0.96,0.03,1
4215346086,-0.76,0.6,0.01,0.98,0.02,1
4263647233,-0.15,-0.5,0.79,0.04,0.17,2
3539050319,1.27,2.12,0.02,0.94,0.04,1
3651786559,-0.66,0.47,0.01,0.96,0.03,1
4053137844,0.87,-0.74,0.99,0.0,0.01,0
4001737262,-0.34,-1.11,0.95,0.01,0.05,0
3706433352,-0.39,0.42,0.02,0.93,0.05,1
4090260143,-0.84,-0.82,0.08,0.11,0.81,2
4223244199,-0.26,-0.38,0.4,0.08,0.53,0
4262121285,2.97,-0.28,1.0,0.0,0.0,0
3731135687,-0.18,-0.05,0.09,0.38,0.53,1
3709960701,2.67,2.7,0.17,0.16,0.67,2
4009253819,2.3,-1.3,1.0,0.0,0.0,0
4151956227,-0.33,-0.31,0.13,0.14,0.73,2
3847926232,-0.16,1.16,0.01,0.97,0.02,1
3651796686,0.46,0.41,0.24,0.15,0.6,0
4136729998,-0.72,-0.73,0.11,0.09,0.8,2
3897967985,-1.02,-0.7,0.03,0.74,0.24,1
4233716294,0.5,-0.35,0.93,0.02,0.05,0
4017085499,-0.37,-0.75,0.82,0.03,0.15,0
4198426697,1.92,-0.77,1.0,0.0,0.0,0
4280484596,-0.84,-0.86,0.12,0.08,0.8,2
4067923097,-0.52,-0.54,0.15,0.09,0.76,2
4004396843,-0.85,-0.87,0.11,0.08,0.81,2
3829463922,-1.59,0.43,0.0,0.99,0.0,1
3626098394,-0.8,-0.8,0.09,0.09,0.82,2
3610259660,0.86,-0.39,0.97,0.01,0.02,0
3998798695,1.66,2.8,0.01,0.97,0.02,1
3553922778,-0.27,1.39,0.01,0.99,0.01,1
3923693512,-0.71,-0.67,0.08,0.16,0.76,2
3823155189,1.72,-0.27,0.99,0.0,0.01,0
4215486948,-1.83,-1.87,0.08,0.06,0.86,0
3853163263,0.99,0.29,0.89,0.04,0.08,0
4113854293,0.32,-0.69,0.96,0.01,0.03,0
3788909523,-0.65,0.37,0.01,0.95,0.03,1
3933808307,-0.78,-0.02,0.02,0.92,0.06,1
3932296927,-0.92,-0.9,0.08,0.11,0.81,2
4177848792,-0.96,-0.61,0.03,0.77,0.21,2
3518574137,-1.81,-1.23,0.01,0.85,0.14,2
3646279948,0.8,0.3,0.81,0.06,0.13,0
3981604591,1.89,2.23,0.08,0.65,0.27,0
4025289693,-0.77,-0.77,0.11,0.09,0.81,2
3516661536,0.08,-0.32,0.8,0.04,0.16,2
4147890415,-1.45,1.9,0.0,1.0,0.0,1
4185741329,-0.93,-1.04,0.34,0.05,0.61,2
3594204923,-0.93,-0.94,0.1,0.08,0.82,2
4294349169,-1.35,0.53,0.0,0.99,0.0,1
4008893503,-0.16,0.54,0.03,0.9,0.07,2
3981062121,-0.71,-0.7,0.09,0.11,0.8,2
4241355217,-0.42,0.17,0.03,0.88,0.1,1
3856849510,0.45,1.05,0.03,0.87,0.09,0
4241576673,-0.89,-0.8,0.06,0.31,0.64,0
3538014295,-1.3,0.27,0.0,0.99,0.01,1
4258514130,0.77,-0.9,0.99,0.0,0.01,0
3872942736,1.1,1.34,0.1,0.5,0.39,1
3778626211,-1.64,-1.6,0.05,0.12,0.82,1
3528831494,2.48,2.73,0.1,0.5,0.4,2
3875494353,-1.55,-1.55,0.07,0.08,0.85,2
4185651940,-0.77,-0.76,0.09,0.1,0.81,0
3545840669,-0.68,-0.66,0.09,0.13,0.78,2
4252192977,-1.02,-1.03,0.09,0.08,0.83,2
3901974127,0.47,0.2,0.55,0.1,0.35,0
3837639201,-0.75,-0.63,0.05,0.4,0.54,2
4266189146,-1.37,-1.35,0.07,0.1,0.83,2
3742020009,-1.01,1.88,0.0,1.0,0.0,1
3601127041,-0.74,-0.61,0.05,0.43,0.52,1
4179381779,-0.28,-1.12,0.95,0.01,0.04,0
3615344117,-0.54,2.22,0.0,1.0,0.0,1
4191350323,-0.99,-0.06,0.01,0.95,0.04,1
4179296178,-0.76,-0.75,0.09,0.1,0.81,0
3695236195,-0.71,-0.61,0.06,0.34,0.6,2
4292179357,-0.1,1.64,0.0,0.99,0.01,1
4113646048,-0.29,0.26,0.03,0.86,0.11,1
4198230943,2.09,-0.94,1.0,0.0,0.0,0
4002367608,-0.05,0.1,0.1,0.41,0.49,1
4160406211,1.6,-1.05,1.0,0.0,0.0,0
3990767430,-0.73,-1.26,0.9,0.01,0.09,0
4219233608,0.74,1.01,0.09,0.55,0.36,1
4035714797,-0.9,-0.88,0.08,0.13,0.79,2
3883837011,0.0,-0.08,0.27,0.11,0.62,2
4050137843,-1.18,-1.02,0.04,0.5,0.46,1
3495811032,-1.55,-1.78,0.45,0.03,0.52,0
3573516689,-1.13,-0.85,0.03,0.69,0.28,1
3459734938,0.68,-0.24,0.93,0.02,0.05,0
4109534513,-0.93,-0.84,0.06,0.27,0.68,1
3581977137,-0.87,-0.82,0.07,0.18,0.75,1
3791323566,1.01,-0.8,0.99,0.0,0.01,0
3538626431,-1.01,0.08,0.01,0.96,0.03,1
3532669895,-0.77,-0.79,0.14,0.08,0.78,2
4004085286,-0.4,-0.42,0.16,0.1,0.74,2
3645993188,0.93,-0.7,0.99,0.0,0.01,0
3606516482,-0.81,-0.78,0.08,0.13,0.78,2
3936341455,0.13,1.9,0.0,0.99,0.01,1
4139067879,-0.47,-0.22,0.05,0.65,0.3,0
3855339596,-0.76,-0.76,0.1,0.09,0.81,2
4280752211,0.84,-0.23,0.95,0.02,0.03,0
4018690722,0.74,0.8,0.15,0.24,0.61,2
3846247681,-0.77,-0.78,0.12,0.08,0.8,2
4113098387,-0.45,0.26,0.02,0.91,0.07,1
4232164637,-0.05,0.29,0.06,0.7,0.24,2
3773687448,-0.95,0.95,0.0,0.99,0.0,1
3546896065,-0.74,-0.73,0.09,0.11,0.8,1
3900666824,-1.49,0.06,0.0,0.99,0.01,1
3717101898,-1.6,0.9,0.0,1.0,0.0,1
4275302318,-0.94,-0.92,0.08,0.12,0.81,2
4032199532,-0.87,-0.84,0.08,0.13,0.8,2
3516389130,-1.07,1.28,0.0,1.0,0.0,1
3799834852,-0.28,-0.65,0.81,0.03,0.16,0
4050059646,0.73,-1.52,1.0,0.0,0.0,0
4166166911,0.46,-0.37,0.93,0.02,0.05,0
3783800934,-0.54,-1.01,0.87,0.02,0.11,0
3986041636,-1.49,-1.78,0.56,0.02,0.41,2
4215506531,-0.59,-0.96,0.82,0.02,0.15,2
4053788084,0.6,0.63,0.17,0.21,0.61,1
3865179063,0.82,0.58,0.49,0.12,0.39,0
4031012388,-0.87,-0.87,0.09,0.09,0.82,2
4267557334,2.42,-1.01,1.0,0.0,0.0,0
3773015095,-0.84,-0.69,0.05,0.48,0.47,2
4082552010,-0.5,-0.6,0.36,0.07,0.57,2
4085672815,-0.95,0.38,0.01,0.98,0.02,1
3993419737,-0.59,0.17,0.02,0.92,0.06,1
3947393573,-0.85,-0.87,0.11,0.08,0.81,0
3490790309,-0.01,1.73,0.0,0.99,0.01,1
3774345543,1.12,-0.84,0.99,0.0,0.0,0
4282130043,-0.16,-0.16,0.15,0.16,0.69,2
3744656253,-0.75,-0.77,0.12,0.08,0.8,0
4000456708,0.86,-1.12,0.99,0.0,0.0,0
3609705721,-0.46,-0.39,0.09,0.23,0.68,2
3868973998,0.16,-0.54,0.91,0.02,0.06,0
3542612284,0.43,0.52,0.14,0.26,0.6,2
3742499089,-0.77,-0.7,0.07,0.25,0.68,2
3635743746,-0.27,-1.25,0.97,0.01,0.03,0
3979653941,-0.84,-0.57,0.03,0.69,0.27,2
3806625810,-0.48,-0.52,0.18,0.09,0.73,2
3629608583,-1.13,-1.14,0.09,0.08,0.83,2
4213165401,-0.75,-0.74,0.09,0.1,0.81,2
3574713751,0.77,1.21,0.05,0.77,0.17,1
4228017915,-0.81,-0.8,0.09,0.1,0.81,2
3571984753,0.36,-0.43,0.92,0.02,0.06,0
4267369230,-1.3,-1.3,0.08,0.08,0.84,2
3844910215,1.25,-1.11,1.0,0.0,0.0,0
3805195905,1.26,0.29,0.93,0.02,0.04,0
3640686512,-0.76,-0.67,0.06,0.29,0.65,1
3625399303,-0.82,-0.77,0.07,0.19,0.74,2
4227573282,-0.65,0.21,0.02,0.94,0.05,1
3827045844,-1.39,0.74,0.0,1.0,0.0,1
3849780705,0.24,-1.21,0.99,0.0,0.01,0
3483027558,-1.13,1.68,0.0,1.0,0.0,1
3621872275,-0.16,0.38,0.03,0.85,0.11,1
4258041419,-0.17,-1.3,0.98,0.0,0.02,0
3800554880,-0.92,-0.96,0.15,0.07,0.78,0
4276398848,-1.41,0.05,0.0,0.98,0.01,1
4166921552,-0.38,-0.61,0.64,0.05,0.31,2
4185724417,-0.92,0.17,0.01,0.96,0.03,1
3683784098,-1.68,0.76,0.0,1.0,0.0,1
4258765705,0.86,0.89,0.17,0.22,0.61,1
4280969214,-1.3,0.27,0.0,0.99,0.01,1
3517050122,-1.26,1.16,0.0,1.0,0.0,1
3515812639,-0.27,-1.3,0.97,0.0,0.02,0
3942710055,-1.68,-1.7,0.08,0.07,0.85,2
4196088169,-1.65,-0.13,0.0,0.99,0.01,1
4191491926,-0.87,-0.84,0.08,0.14,0.78,1
3833234950,-1.8,-2.02,0.35,0.03,0.63,0
3457246440,-1.13,-0.51,0.02,0.89,0.1,1
4108171981,0.63,0.57,0.25,0.15,0.6,2
3876433864,0.75,0.52,0.46,0.12,0.42,2
4030688076,-0.65,-1.21,0.91,0.01,0.08,0
3801184671,-0.58,-0.64,0.23,0.07,0.7,0
4285604601,-1.55,1.52,0.0,1.0,0.0,1
3990669092,-0.69,0.21,0.01,0.94,0.04,1
3965915335,-1.18,0.13,0.01,0.98,0.02,1
3567349749,-0.93,-0.92,0.08,0.1,0.82,2
3857454426,-0.45,-0.26,0.06,0.56,0.38,2
3579221622,-0.82,-1.1,0.73,0.03,0.24,0
4119064431,-1.69,0.16,0.0,0.99,0.0,1
3953418175,0.17,0.88,0.03,0.9,0.07,1
4138182991,-0.81,-0.95,0.43,0.05,0.52,2
4013514821,-0.01,-0.57,0.89,0.02,0.09,0
3790436416,-0.78,-0.8,0.12,0.08,0.8,2
4151555151,-0.54,-0.66,0.39,0.06,0.54,0
3968468141,-0.45,-0.59,0.45,0.06,0.48,0
3442314160,2.44,-1.41,1.0,0.0,0.0,0
4166271996,0.42,-0.23,0.89,0.03,0.08,2
3836519593,-1.36,-1.35,0.07,0.09,0.84,1
4291221942,-0.47,0.24,0.02,0.91,0.07,1
3820036357,1.73,1.95,0.11,0.45,0.44,2
3838134998,-1.53,2.39,0.0,1.0,0.0,1
4217724456,1.09,1.0,0.28,0.14,0.58,0
4106369395,-0.09,-0.77,0.92,0.02,0.06,0
3638820593,-0.74,-0.73,0.09,0.11,0.8,2
4224488475,-0.21,0.4,0.03,0.88,0.09,1
3443688741,-0.53,-0.93,0.84,0.02,0.14,2
3438421267,-1.24,-0.57,0.01,0.9,0.09,1
3997542386,0.76,1.23,0.05,0.79,0.16,1
3646594052,0.73,-0.27,0.94,0.02,0.04,0
4277867024,-0.77,-0.73,0.08,0.17,0.75,2
4282275530,-0.66,-0.94,0.74,0.03,0.23,0
3804583935,-0.43,-0.44,0.13,0.11,0.75,0
3575135703,-0.85,-0.86,0.1,0.08,0.82,2
3803172970,-0.41,-1.27,0.96,0.01,0.03,0
4187995788,-0.89,-0.82,0.06,0.23,0.7,1
3953158032,1.24,-0.28,0.98,0.01,0.01,0
4069154160,-0.66,-0.71,0.2,0.07,0.73,2
3917099082,-0.44,-0.47,0.18,0.09,0.73,2
3719892018,-0.08,-0.07,0.16,0.17,0.67,1
4157862922,-1.34,1.45,0.0,1.0,0.0,1
3894551747,0.76,-0.41,0.96,0.01,0.03,0
4060086226,-1.03,-1.07,0.14,0.07,0.8,2
3816356165,0.57,-1.15,0.99,0.0,0.01,0
4068615668,-1.3,0.82,0.0,1.0,0.0,1
3909680262,-0.5,-0.16,0.04,0.75,0.21,1
4112837100,-0.99,-0.95,0.07,0.14,0.79,0
3527716235,0.71,-1.71,1.0,0.0,0.0,0
3740859354,-0.86,-0.87,0.1,0.08,0.82,2
4041140657,-0.34,-0.29,0.11,0.18,0.71,0
4018977601,-0.81,-0.77,0.08,0.15,0.77,1
4115696626,2.06,2.16,0.14,0.25,0.62,1
4136163860,-1.7,-0.2,0.0,0.99,0.01,1
3445998918,-0.84,-0.89,0.16,0.07,0.77,2
3989664774,-1.13,0.21,0.01,0.98,0.02,1
3785864447,-0.25,0.89,0.01,0.96,0.03,1
4077821307,-0.68,-0.69,0.11,0.09,0.8,2
3520154956,-0.73,-0.73,0.1,0.1,0.81,2
4082822557,0.08,-0.53,0.9,0.02,0.08,0
4130752406,-0.77,-0.76,0.09,0.12,0.8,2
4183084229,-0.82,-0.78,0.08,0.15,0.77,2
3442234082,-0.82,-0.77,0.07,0.17,0.76,2
3887309819,0.96,0.08,0.92,0.03,0.05,0
3624413008,-1.34,0.91,0.0,1.0,0.0,1
3882752950,0.57,0.09,0.82,0.05,0.13,0
4125066637,-1.44,0.71,0.0,1.0,0.0,1
3487154554,-0.63,0.23,0.02,0.94,0.05,1
4203921554,0.95,-0.71,0.99,0.0,0.01,0
4075625241,0.82,-1.12,0.99,0.0,0.0,0
4100759070,-1.31,-0.57,0.01,0.92,0.07,1
3613602538,-0.71,-0.68,0.08,0.15,0.76,1
3792371432,-0.89,-0.81,0.06,0.26,0.68,1
3595182704,0.46,-2.06,1.0,0.0,0.0,0
3911920702,0.68,-0.63,0.97,0.01,0.02,0
3585604082,-0.78,-0.72,0.07,0.21,0.72,2
4255439310,0.72,-0.26,0.94,0.02,0.04,0
3513148967,1.14,1.44,0.09,0.59,0.32,1
3693888999,-1.35,-1.39,0.12,0.06,0.82,2
4121969664,1.45,1.83,0.07,0.7,0.23,1
4192140404,-0.07,-0.41,0.76,0.05,0.19,0
4143596807,-0.07,0.79,0.02,0.93,0.05,1
3437088132,-0.06,-0.55,0.87,0.03,0.1,0
4010083959,-1.14,-0.95,0.03,0.56,0.41,1
3889804622,0.23,2.05,0.0,0.99,0.01,1
3839432093,0.44,0.54,0.13,0.27,0.6,1
3763182154,-1.52,1.34,0.0,1.0,0.0,1
4281042010,0.75,-0.78,0.98,0.0,0.01,0
3539387498,-0.54,-0.55,0.14,0.09,0.77,2
3654895945,0.34,0.3,0.23,0.16,0.61,2
4024697011,-1.64,0.4,0.0,1.0,0.0,1
3703807426,-0.45,-0.55,0.38,0.07,0.55,0
4072278251,-0.04,-0.4,0.78,0.04,0.17,0
4091115902,0.43,-0.74,0.97,0.01,0.02,0
4052995312,-0.11,-0.17,0.23,0.11,0.66,0
4099941913,0.25,-0.73,0.96,0.01,0.03,0
3877216629,0.47,1.0,0.04,0.83,0.13,1
3992744682,-0.4,0.24,0.02,0.89,0.09,1
3448834469,-1.03,-0.9,0.04,0.41,0.54,2
3695632667,-0.44,-0.61,0.54,0.06,0.4,0
3607855229,0.34,0.29,0.24,0.15,0.61,2
3580983552,-0.75,-0.81,0.21,0.07,0.72,0
3791957292,0.94,0.53,0.72,0.08,0.2,0
3448638081,-0.8,-0.78,0.08,0.12,0.8,2
4105649286,-0.26,-0.21,0.11,0.19,0.7,2
3574661821,-0.82,-0.8,0.08,0.13,0.79,2
4059162348,0.95,-1.72,1.0,0.0,0.0,0
3691720622,-0.89,-0.93,0.15,0.07,0.78,2
3655405444,0.04,-0.25,0.66,0.07,0.28,1
4152599050,-0.71,-0.71,0.1,0.1,0.8,2
3699565590,0.38,-0.08,0.82,0.05,0.13,0
3783589306,0.49,1.04,0.04,0.85,0.12,1
3460799091,-0.53,-0.33,0.05,0.58,0.37,1
4030526497,-0.74,-0.62,0.05,0.4,0.54,1
3795777210,0.75,0.17,0.85,0.04,0.1,0
3765100577,-0.99,-1.12,0.4,0.05,0.56,2
4048461804,-0.09,2.09,0.0,1.0,0.0,1
4230632701,-0.84,-0.82,0.08,0.11,0.81,2
3475687905,-0.79,-0.77,0.08,0.12,0.79,2
3444666728,0.22,0.89,0.03,0.89,0.08,1
4051336090,1.2,-1.05,1.0,0.0,0.0,0
3979557170,-0.63,-0.73,0.35,0.06,0.59,1
4131751766,0.93,0.52,0.72,0.08,0.2,1
4203382257,-0.91,-1.0,0.26,0.06,0.68,1
4001795693,-1.39,0.57,0.0,0.99,0.0,1
3641737421,-0.82,-0.84,0.12,0.08,0.8,2
4129795093,0.66,0.44,0.46,0.12,0.41,0
3685029918,-0.56,-1.35,0.95,0.01,0.04,0
4106757710,-0.91,0.24,0.01,0.97,0.02,1
3650765309,-0.88,-0.86,0.08,0.11,0.81,2
4117581194,-0.73,-0.77,0.17,0.07,0.75,2
3546430984,-1.02,-0.89,0.04,0.44,0.52,1
4077898943,1.62,2.12,0.05,0.81,0.14,1
3778871569,1.53,-0.82,1.0,0.0,0.0,0
3747126136,1.47,-0.26,0.99,0.01,0.01,0
4130261941,-0.03,-0.82,0.94,0.01,0.05,0
4188718061,0.37,-0.5,0.94,0.02,0.05,0
4200012415,-0.82,-0.81,0.09,0.1,0.81,2
3577570956,-0.86,-0.85,0.09,0.1,0.81,2
4246910794,-0.74,-0.73,0.09,0.11,0.8,2
4004049078,-0.24,-0.01,0.07,0.6,0.33,2
3693704817,-1.0,-0.76,0.03,0.65,0.32,1
4158956064,1.82,1.78,0.22,0.13,0.64,1
3887055292,-0.89,-0.86,0.08,0.13,0.79,2
3687011406,-0.64,0.09,0.02,0.92,0.07,1
3940570556,0.33,-0.77,0.97,0.01,0.02,0
3923420116,-0.69,-0.76,0.25,0.07,0.69,2
3738559037,-0.09,-0.52,0.84,0.03,0.13,0
4096328722,1.93,1.93,0.19,0.15,0.66,2
4175477007,-0.19,-0.06,0.09,0.38,0.53,2
3648055152,-1.02,-1.44,0.84,0.01,0.14,0
3713829923,2.2,2.09,0.28,0.1,0.62,0
4286370847,0.98,1.37,0.07,0.7,0.23,1
3788546570,-0.12,-1.24,0.98,0.0,0.02,0
3546902123,-0.57,-0.14,0.03,0.82,0.15,1
3453700071,-0.47,-0.48,0.14,0.1,0.76,2
4090010102,2.81,-0.49,1.0,0.0,0.0,0
4121982145,0.0,0.46,0.04,0.8,0.16,1
3702225864,-0.77,-0.79,0.12,0.08,0.8,1
4261420325,-1.74,-1.71,0.05,0.11,0.84,1
3859201381,-1.05,-1.27,0.58,0.03,0.39,0
4093789209,0.01,2.61,0.0,1.0,0.0,1
3916432991,1.89,0.01,0.99,0.0,0.01,0
4265864989,-0.85,-0.71,0.05,0.45,0.51,2
3707751245,-0.71,-0.72,0.12,0.09,0.79,2
4228958963,-1.4,-0.44,0.01,0.95,0.04,1
4150279810,-0.13,1.28,0.01,0.98,0.01,1
3746631947,-0.49,0.05,0.03,0.86,0.11,0
3485166418,-1.64,0.02,0.0,0.99,0.01,1
4186955213,-0.2,0.68,0.02,0.93,0.05,1
3964468760,-0.55,-0.36,0.05,0.59,0.36,2
4084068108,1.5,0.81,0.88,0.04,0.07,2
3775812132,2.34,0.02,1.0,0.0,0.0,0
4127523028,-0.84,-0.75,0.06,0.31,0.63,2
3885203398,-0.41,-1.41,0.97,0.0,0.02,0
4026686601,-0.41,-0.97,0.9,0.02,0.08,0
3612379466,-0.89,0.09,0.01,0.95,0.03,1
3671891887,-0.59,-0.57,0.1,0.12,0.78,2
3739558809,1.84,1.63,0.43,0.1,0.47,2
3722712205,-0.7,-1.7,0.98,0.0,0.02,0
3518967317,-0.56,-0.94,0.82,0.02,0.15,0
4172190642,0.68,0.77,0.14,0.26,0.6,2
3516071898,-0.95,-1.02,0.21,0.06,0.73,2
4080538406,0.21,0.03,0.41,0.11,0.48,0
3758049327,-0.82,-0.84,0.12,0.08,0.8,0
4288100799,-0.94,-0.04,0.01,0.95,0.04,1
3937614787,-0.66,-0.58,0.07,0.27,0.66,2
3713030092,-1.27,-0.21,0.01,0.96,0.03,1
3834020102,-0.55,-0.47,0.07,0.3,0.63,2
4063440163,-1.66,-1.54,0.04,0.3,0.67,1
3696942633,-1.02,-0.9,0.05,0.36,0.59,2
3470791593,-0.73,-1.33,0.92,0.01,0.07,0
4238456955,-0.66,2.33,0.0,1.0,0.0,1
3781518781,0.47,-0.67,0.97,0.01,0.02,0
4277837113,2.09,-0.81,1.0,0.0,0.0,0
3878554146,-0.8,-0.82,0.11,0.08,0.8,2
3803222747,-0.07,-0.82,0.93,0.01,0.05,0
4118695428,-0.71,-0.27,0.03,0.82,0.15,1
3672031764,-0.86,-0.72,0.05,0.45,0.51,1
3979368875,-0.76,-0.71,0.07,0.19,0.74,1
3957449269,-0.75,-0.48,0.04,0.69,0.28,2
4011730578,-0.73,-0.74,0.11,0.09,0.8,2
4237394671,-1.23,2.16,0.0,1.0,0.0,1
4195574869,-0.95,0.75,0.0,0.99,0.01,1
3704471220,2.08,-1.07,1.0,0.0,0.0,0
3618823831,-0.79,-0.81,0.11,0.08,0.8,2
4025769759,-1.27,-1.26,0.07,0.1,0.83,2
3913525632,0.91,-1.21,1.0,0.0,0.0,0
3587202373,-0.02,-0.18,0.42,0.09,0.49,2
3818846283,-0.58,-1.32,0.95,0.01,0.05,0
4041145397,-0.78,-0.77,0.09,0.11,0.8,2
3981933519,-0.89,-0.92,0.13,0.07,0.79,0
3701115868,1.24,-1.03,1.0,0.0,0.0,0
3462325149,-0.82,-0.81,0.09,0.1,0.81,2
3521038828,2.12,0.77,0.97,0.02,0.02,0
4076009104,-0.47,-0.48,0.13,0.1,0.76,1
3453323161,-0.66,-0.16,0.03,0.85,0.12,1
3455356618,1.02,-1.21,1.0,0.0,0.0,0
3953713744,-0.89,-0.82,0.06,0.26,0.68,2
3817202070,-0.89,0.71,0.01,0.99,0.01,1
4232543179,0.42,-0.93,0.98,0.01,0.01,0
3469379445,-0.72,-0.74,0.13,0.08,0.79,2
3818279441,-1.58,-0.75,0.01,0.93,0.06,1
4201251586,-0.84,-0.81,0.08,0.13,0.79,2
3806286720,-0.42,-0.12,0.05,0.71,0.24,1
3847102448,0.31,0.06,0.53,0.1,0.37,0
3780729289,0.34,-1.2,0.99,0.0,0.01,0
4192337966,-0.15,0.94,0.02,0.95,0.03,1
3724242453,-1.62,-0.25,0.0,0.98,0.01,1
4021191436,-0.09,-0.62,0.88,0.02,0.09,0
4280711005,0.27,-1.26,0.99,0.0,0.01,0
3811741935,-0.35,-1.15,0.95,0.01,0.04,0
3940436765,-0.69,-1.11,0.85,0.02,0.13,2
4213057466,-1.41,-1.33,0.05,0.24,0.71,2
4265154113,-0.85,-0.84,0.09,0.1,0.81,2
3447477206,-0.81,-0.78,0.08,0.13,0.78,2
4143081279,0.14,-1.73,1.0,0.0,0.0,0
4221668962,-0.66,-0.59,0.07,0.27,0.66,2
4263727916,-0.82,-0.86,0.16,0.07,0.77,2
4262068665,-0.82,-0.84,0.12,0.08,0.8,0
4167041644,-0.67,-0.73,0.22,0.07,0.71,0
4130977833,0.12,0.27,0.11,0.4,0.49,1
4228138689,-0.41,-0.81,0.83,0.03,0.14,2
3761739037,-0.98,-0.97,0.08,0.1,0.82,2
4159252230,-0.88,-0.93,0.17,0.07,0.76,2
4082726233,-0.88,0.25,0.01,0.96,0.03,1
3839680164,-0.72,1.3,0.0,0.99,0.0,1
3529087906,-1.83,-1.88,0.1,0.05,0.86,2
3778382255,-1.16,1.84,0.0,1.0,0.0,1
3852174737,-0.82,-0.8,0.08,0.11,0.8,2
3812212401,1.8,1.37,0.75,0.07,0.18,0
3836658084,-0.23,-0.13,0.09,0.33,0.58,1
3636377510,-0.68,2.0,0.0,1.0,0.0,1
3935028789,-1.17,0.23,0.01,0.98,0.01,1
3587687760,0.15,-0.41,0.88,0.03,0.09,2
4031710026,1.1,-1.12,1.0,0.0,0.0,0
3616468270,0.04,0.19,0.1,0.41,0.49,0
3613398372,-0.63,-0.95,0.78,0.03,0.19,0
3838354362,-1.61,0.31,0.0,0.99,0.0,1
3519944561,-0.52,-1.12,0.92,0.01,0.07,0
4081002165,-0.67,-0.65,0.09,0.13,0.78,2
4181145755,-0.41,-0.41,0.13,0.12,0.75,2
4058056382,-0.98,-0.44,0.02,0.86,0.12,1
3817605275,-0.81,-1.01,0.59,0.04,0.38,2
3683865732,2.14,-1.36,1.0,0.0,0.0,0
4074418385,0.0,-1.03,0.97,0.01,0.03,0
4123099103,1.23,-1.4,1.0,0.0,0.0,0
3990010159,-0.82,-0.74,0.06,0.25,0.69,2
3581235501,-0.8,-0.8,0.09,0.09,0.82,0
3916574329,-1.61,-1.6,0.07,0.09,0.85,2
4191825747,0.09,-0.39,0.86,0.03,0.11,0
3497361239,-0.86,-0.85,0.09,0.1,0.81,2
3867935774,-0.01,1.87,0.0,0.99,0.0,1
3918983932,-0.2,-0.72,0.88,0.02,0.09,0
3645003894,-1.49,-1.9,0.75,0.01,0.24,2
3722838067,-0.17,1.68,0.0,0.99,0.01,1
3758448267,-0.54,-0.44,0.07,0.35,0.58,1
3748377195,-0.77,-0.77,0.1,0.09,0.81,2
3622731894,-1.11,-1.12,0.09,0.08,0.83,2
3580339106,-0.27,0.8,0.02,0.95,0.03,1
4120859604,-0.17,0.21,0.05,0.75,0.2,1
3625329276,-0.25,-0.18,0.1,0.25,0.65,2
4100548089,-0.87,-0.82,0.07,0.18,0.75,1
3908981544,-0.71,-0.66,0.08,0.17,0.75,2
4024864786,0.85,-0.82,0.99,0.0,0.01,0
3557228238,-0.84,-0.82,0.08,0.11,0.81,1
3649466381,-0.71,0.01,0.02,0.92,0.07,1
4269176867,-0.82,-0.81,0.08,0.11,0.8,2
4208697224,-1.13,-0.71,0.02,0.8,0.17,1
3467500811,-0.53,-0.59,0.23,0.08,0.69,0
3937692421,0.04,-0.48,0.87,0.03,0.1,0
3463904802,-1.73,-0.85,0.01,0.94,0.05,1
3693621168,0.06,1.91,0.0,0.99,0.01,1
3794945679,-0.84,-0.82,0.08,0.12,0.8,2
3925281078,0.54,-0.71,0.97,0.01,0.02,0
3494754040,0.69,0.63,0.25,0.15,0.59,2
4059098498,-0.93,-0.72,0.04,0.6,0.36,1
4228693234,0.15,2.67,0.0,1.0,0.0,1
3484782485,0.57,2.25,0.0,0.99,0.01,1
3530220139,0.6,-0.97,0.99,0.0,0.01,0
3437660479,-1.64,0.01,0.0,0.99,0.01,1
3868169447,-0.09,-0.1,0.18,0.15,0.67,0
4292800712,-0.1,-0.76,0.92,0.02,0.07,0
4143181863,0.36,-0.51,0.94,0.02,0.05,0
3719588178,-0.16,0.09,0.07,0.61,0.32,2
3766372654,0.11,-1.56,0.99,0.0,0.0,0
3760455711,-0.65,1.06,0.01,0.99,0.01,1
3723889120,-0.26,0.22,0.03,0.84,0.13,1
3624806107,1.49,0.99,0.81,0.06,0.13,0
3758896284,-0.77,-0.8,0.15,0.08,0.77,2
3878685339,0.44,-0.87,0.98,0.01,0.02,0
4223413602,-1.1,-0.51,0.02,0.88,0.11,1
3680515046,-0.16,-0.92,0.94,0.01,0.05,0
3485159207,-0.66,0.25,0.01,0.94,0.04,1
3588597089,-0.82,-0.66,0.04,0.52,0.44,2
3843734749,-1.52,0.11,0.0,0.99,0.01,1
3614899058,-0.57,0.84,0.01,0.98,0.01,1
4083114455,-0.32,-0.5,0.54,0.06,0.4,2
3828000408,-0.66,-0.85,0.57,0.04,0.38,0
4203370903,2.52,1.27,0.97,0.01,0.02,0
3761180381,-0.8,-0.81,0.1,0.09,0.81,2
3889477144,-0.24,1.93,0.0,1.0,0.0,1
3463246670,-1.78,-0.84,0.01,0.95,0.05,1
3860506026,-0.21,-0.22,0.16,0.14,0.7,2
4064542548,-0.46,-0.41,0.09,0.2,0.71,2
4283568111,-0.7,-1.09,0.83,0.02,0.15,1
3971028984,0.84,1.47,0.03,0.88,0.09,1
3663733323,-0.38,0.0,0.04,0.78,0.18,2
3555452953,2.55,2.16,0.72,0.06,0.22,1
3810847310,-0.54,-0.0,0.03,0.86,0.11,1
4048233779,-1.15,-0.92,0.03,0.63,0.34,0
4236095246,0.54,0.34,0.41,0.12,0.46,0
3711914323,-0.81,-0.81,0.09,0.09,0.82,1
3816449000,-0.38,0.52,0.02,0.94,0.04,1
4272956219,0.38,-0.9,0.98,0.01,0.02,0
3966336558,0.38,-0.53,0.94,0.02,0.04,0
3576381177,-0.34,0.22,0.03,0.87,0.11,1
4109034876,-1.51,0.1,0.0,0.99,0.01,1
4015239339,-1.95,2.25,0.0,1.0,0.0,1
3651125760,-0.77,-0.77,0.1,0.09,0.81,2
3677158449,0.3,-1.18,0.99,0.0,0.01,0
3630245308,-1.13,-0.06,0.01,0.96,0.03,1
3559369723,0.47,1.54,0.01,0.96,0.03,1
3964478668,-0.64,-0.1,0.03,0.87,0.11,1
4054186639,-0.78,0.04,0.02,0.93,0.05,1
3990190741,0.06,0.03,0.21,0.15,0.65,2
4250431344,2.36,0.5,0.99,0.01,0.01,0
4182769502,0.36,0.86,0.04,0.82,0.14,1
4012758407,-0.81,-0.8,0.09,0.1,0.81,2
3975204890,-0.61,-0.5,0.06,0.35,0.59,0
4183025586,-1.05,0.57,0.0,0.99,0.01,1
4114759879,-0.76,-0.77,0.12,0.08,0.8,2
4200624010,-1.11,0.78,0.0,0.99,0.0,1
3668369328,-0.41,-0.41,0.14,0.11,0.75,2
3462154593,-1.12,-1.26,0.36,0.05,0.6,0
3551343313,-0.98,1.58,0.0,1.0,0.0,1
4164366962,1.36,2.84,0.01,0.99,0.01,1
4039433387,-1.18,-0.79,0.02,0.78,0.2,2
3683810074,-0.79,-0.78,0.09,0.11,0.8,2
4213015875,-0.07,0.29,0.05,0.73,0.22,1
3583156948,-1.08,-0.65,0.02,0.81,0.17,2
4207145444,0.97,-1.16,1.0,0.0,0.0,0
4014498943,-0.25,-0.6,0.79,0.04,0.17,1
3711040732,-0.51,-0.55,0.19,0.08,0.72,2
3634857006,-0.76,-0.79,0.15,0.08,0.77,2
3947195225,0.11,0.21,0.12,0.31,0.57,2
3775856409,-1.45,2.02,0.0,1.0,0.0,1
3926621962,-1.52,0.52,0.0,0.99,0.0,1
4164019995,-1.14,-1.2,0.18,0.06,0.77,1
3991205734,-1.02,-0.87,0.04,0.5,0.46,1
3722068641,0.21,0.31,0.13,0.29,0.58,2
4214757383,-0.24,-0.57,0.78,0.04,0.18,0
3445803593,-0.9,-0.89,0.08,0.1,0.82,2
4121537886,-0.77,-0.77,0.1,0.09,0.81,2
3985638976,0.44,1.67,0.01,0.97,0.02,1
3697449017,-0.81,-0.84,0.13,0.08,0.79,2
4128769631,-0.86,-0.84,0.08,0.11,0.81,2
3895158283,-0.58,-0.58,0.11,0.1,0.78,2
4029658139,-1.21,-0.53,0.01,0.9,0.08,1
4179339679,-0.56,0.16,0.02,0.91,0.07,2
4068011808,0.15,1.17,0.02,0.95,0.03,1
3870181407,1.3,0.0,0.96,0.01,0.02,0
3656637115,-0.82,-0.84,0.11,0.08,0.81,1
4149319564,-0.82,-0.84,0.12,0.08,0.8,0
3489340533,-0.95,-1.15,0.54,0.04,0.42,1
3551044207,-0.72,-0.69,0.08,0.15,0.76,1
3923800604,-1.62,1.05,0.0,1.0,0.0,1
3545298842,-2.17,-2.16,0.05,0.08,0.87,2
3740018414,0.43,-0.86,0.98,0.01,0.02,0
3902936984,-0.7,-0.73,0.15,0.08,0.77,2
4250929531,0.16,-0.36,0.87,0.03,0.1,0
3677809919,-0.89,0.22,0.01,0.96,0.03,1
3552622124,-1.62,1.06,0.0,1.0,0.0,1
3746708399,-1.7,0.07,0.0,0.99,0.01,1
4189475053,-1.5,-1.41,0.05,0.23,0.72,2
4008960266,-0.65,-0.67,0.14,0.08,0.78,2
3888687409,-0.75,-0.7,0.07,0.19,0.74,1
3814193150,-1.53,-1.54,0.08,0.07,0.85,2
4172989254,-0.08,0.3,0.05,0.75,0.2,1
3926368860,-1.71,-0.04,0.0,0.99,0.01,1
3933124938,1.15,-0.45,0.98,0.01,0.01,0
3739568658,1.8,-1.3,1.0,0.0,0.0,0
3896939883,2.55,2.86,0.08,0.6,0.32,2
3601507935,-0.43,-0.86,0.85,0.02,0.13,0
3494107291,-1.07,1.12,0.0,1.0,0.0,1
3951206528,-1.83,-1.72,0.04,0.25,0.72,2
3499315700,-0.58,-0.82,0.69,0.04,0.28,0
3545962279,0.47,0.01,0.82,0.05,0.13,0
4267834087,-1.37,-1.34,0.06,0.11,0.83,2
4165941804,2.23,1.64,0.87,0.04,0.09,0
3751005810,0.09,0.01,0.26,0.12,0.62,0
4134334285,-0.44,-0.65,0.62,0.05,0.33,0
3826567735,-1.59,-1.45,0.04,0.37,0.6,2
3499461353,-1.55,-1.64,0.18,0.04,0.78,2
4184609760,-0.36,-0.02,0.05,0.74,0.22,1
3505194919,1.36,0.02,0.97,0.01,0.02,0
4022629933,1.28,0.54,0.89,0.04,0.07,0
4022989820,-0.16,0.12,0.06,0.65,0.28,2
3689807178,0.54,0.63,0.14,0.26,0.6,0
3799619258,-0.28,-0.93,0.92,0.01,0.07,2
4209242419,-0.06,0.01,0.12,0.25,0.63,2
3998315566,-1.01,-1.17,0.46,0.04,0.5,0
3492400651,1.04,-0.82,0.99,0.0,0.01,0
3614767584,0.14,-0.03,0.4,0.1,0.5,0
4069259515,-1.87,0.94,0.0,1.0,0.0,1
3507971908,-0.6,0.87,0.01,0.98,0.01,1
3643326806,1.37,-1.97,1.0,0.0,0.0,0
3750842127,-1.11,-1.0,0.05,0.35,0.6,1
4076187205,-1.4,1.31,0.0,1.0,0.0,1
4059485874,-1.34,-0.03,0.01,0.98,0.02,1
3451216566,-0.19,-0.59,0.82,0.03,0.14,0
4206104127,0.95,0.17,0.9,0.03,0.07,0
4065969167,-1.15,-1.27,0.32,0.05,0.64,2
3501436785,-0.72,-0.75,0.14,0.08,0.78,2
4163446392,-0.88,-0.87,0.09,0.1,0.81,2
3745692523,0.7,-1.21,0.99,0.0,0.0,0
3732571378,-0.79,-0.77,0.08,0.12,0.79,1
4166657957,-0.89,-0.98,0.26,0.06,0.68,0
3687590069,0.29,0.41,0.12,0.32,0.56,1
3889985409,1.54,1.58,0.17,0.19,0.64,2
3865815908,-0.97,1.31,0.0,1.0,0.0,1
3623877864,-0.8,-0.79,0.09,0.1,0.81,0
3506000237,0.95,-0.45,0.97,0.01,0.02,0
3630783766,-0.77,-0.8,0.15,0.08,0.77,0
3807687637,0.69,-0.6,0.97,0.01,0.02,0
4197301939,-0.33,-0.63,0.74,0.04,0.22,2
4127194932,1.56,0.3,0.96,0.02,0.02,0
4243571764,0.78,0.87,0.14,0.26,0.59,1
3524041688,0.04,0.36,0.07,0.67,0.26,1
3761125210,1.73,-0.06,0.99,0.01,0.01,0
3985990568,-0.71,-0.9,0.59,0.04,0.37,0
3789206026,-0.89,0.05,0.01,0.95,0.04,1
4198453021,-0.4,-1.34,0.97,0.01,0.03,0
3759323482,1.43,1.55,0.13,0.3,0.56,1
3852741461,-0.38,-0.46,0.29,0.08,0.62,2
4247092076,-0.01,-0.24,0.56,0.08,0.36,0
3460058846,-0.74,-0.74,0.1,0.09,0.81,2
3875773403,-0.74,-0.03,0.02,0.91,0.07,0
4188882777,-1.5,0.34,0.0,0.99,0.0,1
3462238776,-0.9,0.3,0.01,0.97,0.02,1
3701317994,1.23,-0.77,0.99,0.0,0.0,0
3514059419,-1.01,-1.97,0.98,0.0,0.02,0
3793210675,-0.55,-0.54,0.1,0.13,0.77,0
3628431563,-0.77,-0.73,0.08,0.15,0.77,2
4054067019,-0.73,-0.79,0.22,0.07,0.71,2
3548977379,0.89,0.77,0.31,0.14,0.55,2
3995007200,-0.39,-0.08,0.05,0.71,0.24,1
4293415746,-0.79,0.92,0.01,0.99,0.01,1
4148767296,-1.34,1.63,0.0,1.0,0.0,1
3806540798,1.16,0.48,0.88,0.04,0.08,0
3952628959,1.06,-1.76,1.0,0.0,0.0,0
3597104079,-0.79,-0.78,0.09,0.11,0.8,2
3624479300,-0.17,-0.95,0.94,0.01,0.05,0
3948609048,-1.07,0.87,0.0,0.99,0.0,1
4084232581,0.63,-1.03,0.99,0.0,0.01,0
3855982766,-0.32,1.47,0.0,0.99,0.01,1
4161645561,2.42,0.81,0.98,0.01,0.01,0
3688205359,-0.71,-0.72,0.11,0.09,0.8,0
3905820932,2.7,-0.56,1.0,0.0,0.0,0
3436435843,-1.49,0.73,0.0,1.0,0.0,1
3504700247,0.05,-1.24,0.98,0.0,0.01,0
3874279375,-0.77,-0.77,0.1,0.09,0.81,2
4035999133,-0.79,-0.78,0.09,0.11,0.8,2
3962359791,-1.06,-1.05,0.07,0.11,0.82,2
4219634469,-1.78,-1.73,0.05,0.14,0.81,2
3564723397,0.99,-0.67,0.99,0.0,0.01,0
3669442778,-0.17,-0.75,0.9,0.02,0.08,0
3749023236,-0.78,-0.77,0.09,0.11,0.8,2
3863409656,-0.53,-0.2,0.04,0.74,0.22,1
4102945508,0.63,0.63,0.2,0.19,0.61,2
3768406353,-0.52,-0.5,0.11,0.13,0.77,2
4141449051,-1.11,-1.05,0.06,0.18,0.76,2
3473255857,-0.53,2.3,0.0,1.0,0.0,1
3642904542,1.25,0.31,0.93,0.03,0.05,0
4076008993,-1.47,0.29,0.0,0.99,0.01,1
3611020337,-0.84,-0.8,0.07,0.17,0.76,2
4044415496,2.53,-1.32,1.0,0.0,0.0,0
3835568388,-0.01,-0.27,0.62,0.07,0.31,0
3731998809,-0.79,-0.82,0.13,0.08,0.79,2
4225692102,-0.91,-0.84,0.06,0.22,0.72,2
3690826391,0.5,-1.62,1.0,0.0,0.0,0
3726653682,0.47,1.0,0.04,0.83,0.13,2
4133862104,0.25,-0.77,0.96,0.01,0.03,0
3643404046,-0.04,-0.04,0.16,0.17,0.66,0
4066544432,-0.66,-1.25,0.91,0.01,0.07,0
3908570488,-0.66,0.0,0.02,0.9,0.08,1
3610507892,0.95,0.15,0.91,0.03,0.06,0
3559343191,2.84,-1.52,1.0,0.0,0.0,0
3479233189,-0.47,-0.6,0.43,0.06,0.51,0
3609685574,-0.68,-0.71,0.14,0.08,0.77,1
4014303892,-0.19,-1.44,0.98,0.0,0.01,0
4234091756,-0.28,-0.33,0.2,0.1,0.7,2
3455631217,0.07,0.24,0.1,0.44,0.46,1
3474722032,-0.76,-0.82,0.21,0.07,0.73,2
4170060125,-0.82,2.11,0.0,1.0,0.0,1
3711430048,-0.06,-0.33,0.65,0.06,0.29,1
3758070308,-0.01,-0.96,0.96,0.01,0.03,2
3799380960,-0.7,-0.74,0.18,0.07,0.75,1
4246104267,-0.64,-0.61,0.09,0.13,0.77,2
3444841263,-0.89,-0.78,0.05,0.35,0.6,2
3917044065,-0.03,1.98,0.0,0.99,0.0,1
3764452979,-0.38,1.2,0.01,0.98,0.01,1
3891210819,1.4,0.83,0.84,0.05,0.11,1
4229267872,-1.15,1.11,0.0,1.0,0.0,1
4095403192,-0.78,-0.72,0.07,0.21,0.72,0
3929971872,-1.02,-1.02,0.09,0.09,0.83,2
4131378465,-1.17,-1.05,0.05,0.36,0.6,1
3539101010,-0.79,1.34,0.0,0.99,0.0,1
3988123282,-0.62,-0.53,0.07,0.32,0.61,2
3988417381,-0.76,-0.68,0.06,0.26,0.67,2
3840771264,-0.81,-0.78,0.08,0.13,0.78,1
3857466335,-0.47,0.31,0.02,0.92,0.06,1
3506980293,-0.86,-0.8,0.07,0.2,0.73,2
3948707728,0.37,-0.69,0.96,0.01,0.03,0
3881903898,-0.54,-0.71,0.54,0.05,0.41,0
3882446839,-1.24,-1.08,0.04,0.49,0.47,1
3826552146,0.91,-0.16,0.95,0.02,0.04,0
3532597693,-0.95,-0.95,0.09,0.09,0.82,2
4064066664,0.34,-0.66,0.96,0.01,0.03,0
3908393785,0.37,-0.54,0.94,0.02,0.04,0
3678494888,-0.84,2.23,0.0,1.0,0.0,1
4040237800,2.12,0.81,0.96,0.02,0.02,0
4040098191,-0.92,-0.91,0.08,0.1,0.82,2
4265299832,0.54,0.17,0.7,0.08,0.22,0
3485332792,0.09,-0.84,0.96,0.01,0.03,0
3933761309,-0.37,-1.61,0.98,0.0,0.01,0
3762631344,-0.72,-0.71,0.09,0.12,0.79,2
4055439633,0.48,0.6,0.13,0.32,0.56,0
3897339141,-0.7,-0.41,0.04,0.7,0.26,2
3880020155,-1.47,-0.2,0.01,0.98,0.02,1
4272156486,-1.07,-1.09,0.1,0.07,0.83,0
4052483883,-1.05,0.14,0.01,0.97,0.02,1
3570231138,-0.89,-0.89,0.08,0.1,0.82,2
3601789075,-0.64,-0.64,0.11,0.1,0.79,2
4121269481,-0.19,1.02,0.01,0.97,0.02,1
3686781752,-0.5,0.84,0.01,0.97,0.02,1
4137996970,-0.88,-0.37,0.02,0.85,0.13,1
3498084208,-0.18,-0.23,0.21,0.11,0.68,2
4095397360,-0.82,-0.84,0.11,0.08,0.81,2
3749391134,-0.77,-0.75,0.08,0.13,0.79,2
3539982716,-0.66,-0.65,0.1,0.11,0.8,2
4146235611,0.75,1.34,0.04,0.86,0.1,1
4123732069,-1.34,-0.4,0.01,0.95,0.04,1
3542155583,-1.01,-0.97,0.07,0.15,0.78,2
3906310501,-0.93,-0.93,0.09,0.09,0.82,2
3659222814,-0.61,2.27,0.0,1.0,0.0,1
4148827122,0.84,2.39,0.01,0.99,0.01,1
4191871087,-0.15,-0.78,0.91,0.02,0.07,0
4127980058,-0.7,-0.71,0.12,0.09,0.79,2
4254601014,-1.54,-1.83,0.55,0.02,0.43,0
4159871276,2.56,1.45,0.97,0.01,0.02,0
4003061970,-0.88,0.54,0.01,0.98,0.01,1
4287905957,-0.76,-0.59,0.04,0.55,0.4,2
4172864939,-0.95,0.02,0.01,0.95,0.04,1
4066664576,-0.51,-0.55,0.2,0.08,0.72,2
4256267847,1.4,1.4,0.2,0.17,0.63,2
3877321824,-1.46,-1.05,0.02,0.78,0.2,1
3727869361,-0.84,-0.88,0.15,0.07,0.78,2
4285043527,0.24,-0.43,0.9,0.02,0.07,0
3728490720,1.8,0.26,0.98,0.01,0.01,0
4076174668,-0.51,1.6,0.0,0.99,0.0,1
3713868738,-0.85,-0.84,0.09,0.1,0.81,2
3552157310,-0.74,1.33,0.0,0.99,0.0,1
3734506541,1.18,0.02,0.95,0.02,0.03,0
3900096085,1.34,1.52,0.12,0.38,0.49,1
4094043850,1.99,1.62,0.68,0.07,0.24,0
3572100635,-0.76,-0.58,0.04,0.57,0.39,2
3932467319,-1.71,1.34,0.0,1.0,0.0,1
3720415625,0.2,0.23,0.17,0.21,0.62,2
3789742361,-1.01,-0.55,0.02,0.82,0.16,1
4241233464,0.45,-1.39,0.99,0.0,0.0,0
3757908827,-0.08,-1.1,0.97,0.01,0.03,0
3961721975,-0.79,-0.7,0.06,0.31,0.63,2
4225694468,-1.3,-1.05,0.03,0.64,0.33,1
3701437371,-0.04,-0.73,0.92,0.02,0.06,0
3522880986,-0.41,-0.28,0.07,0.43,0.5,1
3883350584,-0.99,-0.88,0.05,0.37,0.59,2
3538715985,0.27,0.25,0.21,0.17,0.62,0
3487049659,-0.37,-0.39,0.16,0.1,0.73,1
4130418750,-1.15,-1.21,0.18,0.06,0.77,1
4030425181,-1.37,0.32,0.0,0.99,0.01,1
3566563957,-0.41,-0.36,0.1,0.2,0.71,1
3945176907,2.34,0.47,0.99,0.01,0.01,0
4056209120,-1.38,1.52,0.0,1.0,0.0,1
4030597862,-0.66,-1.21,0.9,0.01,0.08,0
3637371647,0.55,0.15,0.75,0.07,0.19,2
4123077977,-0.7,0.31,0.01,0.95,0.03,1
4235276634,-0.6,-0.23,0.03,0.78,0.19,1
3784483967,-0.84,0.56,0.01,0.98,0.01,1
3453252914,-0.88,-0.87,0.09,0.1,0.81,2
3934824050,-0.67,-0.82,0.49,0.05,0.46,1
3999183671,1.02,-0.98,0.99,0.0,0.0,0
3662294764,-1.17,0.41,0.0,0.99,0.01,1
4062094580,-0.92,-0.84,0.06,0.24,0.7,1
3885882058,-0.65,-0.38,0.04,0.67,0.29,1
4261273385,-0.79,-0.82,0.14,0.08,0.78,2
3739462441,-0.34,1.2,0.01,0.98,0.01,1
3828642464,2.86,-1.44,1.0,0.0,0.0,0
3999503462,-0.51,-0.44,0.08,0.26,0.66,0
4050061319,0.46,0.27,0.39,0.12,0.48,0
4157596697,-1.25,-0.27,0.01,0.96,0.03,1
4114831581,-0.82,-0.82,0.09,0.09,0.82,2
3701455325,-1.62,-1.32,0.02,0.65,0.33,2
3863888214,0.01,-0.33,0.75,0.05,0.2,0
4188720589,-0.82,-0.82,0.09,0.09,0.82,2
3790195437,-0.64,-0.65,0.12,0.09,0.79,2
4144092616,-0.89,-0.9,0.1,0.08,0.82,2
3679744909,-0.88,-0.91,0.14,0.07,0.79,2
4090984037,-0.9,-0.82,0.06,0.28,0.66,2
4075431898,0.05,2.25,0.0,1.0,0.0,1
3722494442,1.41,2.02,0.04,0.87,0.1,1
3956359202,-1.11,0.26,0.01,0.98,0.01,1
3874251392,-0.65,-0.88,0.66,0.04,0.3,0
3496944421,0.18,-0.31,0.86,0.04,0.11,0
3625463758,-0.74,-0.74,0.1,0.09,0.81,2
3932821574,-1.12,-0.13,0.01,0.96,0.03,1
3933844503,-0.72,-0.71,0.09,0.12,0.79,2
3529331549,-0.01,0.12,0.1,0.38,0.52,2
4007503917,-0.65,-0.45,0.05,0.6,0.36,1
3653461116,-1.69,-1.7,0.08,0.07,0.86,2
4180217850,-1.15,-1.22,0.19,0.06,0.75,1
4239175528,1.63,-0.77,1.0,0.0,0.0,0
4261965388,2.78,2.5,0.55,0.07,0.38,0
4236514722,-1.2,1.49,0.0,1.0,0.0,1
3530427771,0.19,0.81,0.03,0.88,0.09,1
3676319948,-0.82,-0.82,0.1,0.09,0.81,2
3641852082,-0.76,-0.92,0.5,0.05,0.46,1
4063042700,-1.37,0.09,0.0,0.98,0.01,1
3535452356,0.09,-0.0,0.27,0.12,0.61,2
3729162934,-0.85,-0.85,0.09,0.09,0.82,2
3891188782,0.23,1.91,0.0,0.99,0.01,1
4047907447,-0.07,-0.77,0.92,0.02,0.06,0
4066623788,0.58,0.17,0.75,0.07,0.18,0
3958280790,-0.05,-0.16,0.31,0.1,0.59,0
3693155604,0.39,0.27,0.3,0.13,0.56,2
3757625602,-0.77,-0.79,0.12,0.08,0.8,2
4046915852,-1.13,-1.41,0.64,0.02,0.33,2
3565433979,-0.78,-0.78,0.09,0.09,0.81,2
4155964869,-0.84,-0.84,0.09,0.1,0.81,2
3992521976,-0.78,-0.71,0.06,0.25,0.68,2
3745601239,-0.62,-0.62,0.11,0.1,0.79,2
4154789780,-0.25,-0.25,0.15,0.14,0.71,2
3919113084,0.11,-1.34,0.99,0.0,0.01,0
3964473538,-0.54,-0.48,0.09,0.21,0.7,2
4107537042,2.55,-1.7,1.0,0.0,0.0,0
3660466495,0.84,0.76,0.27,0.15,0.58,2
3485221165,-0.96,-0.97,0.09,0.08,0.82,2
4252278635,1.2,-0.62,0.99,0.0,0.01,0
3892373157,-1.02,-1.1,0.25,0.06,0.69,1
3536006301,-1.27,-0.65,0.01,0.88,0.1,1
3683773966,0.73,-0.74,0.98,0.01,0.01,0
3672957441,-1.09,-0.77,0.02,0.74,0.24,1
4263738907,0.15,-0.88,0.96,0.01,0.03,0
3635180114,-0.76,-0.84,0.26,0.06,0.68,0
4203336799,-1.63,-0.3,0.0,0.98,0.01,1
4258859881,-0.76,-0.72,0.08,0.15,0.77,2
3848915724,-0.88,-0.86,0.08,0.11,0.81,2
3653844077,-1.01,-0.9,0.05,0.34,0.61,2
4234712904,-1.14,-1.2,0.18,0.06,0.77,2
3448750749,-0.52,-0.38,0.06,0.43,0.51,1
3548499885,-0.61,-0.78,0.55,0.05,0.41,0
4022943638,-1.66,0.82,0.0,1.0,0.0,1
3511998202,-0.95,-0.99,0.14,0.07,0.79,2
3832018749,-0.6,-0.64,0.18,0.08,0.74,1
3613740553,1.07,-1.15,1.0,0.0,0.0,0
4205236413,2.06,-0.56,1.0,0.0,0.0,0
4034388587,-0.62,-0.06,0.02,0.87,0.1,1
4022717901,-0.34,-0.45,0.38,0.07,0.55,1
4116639638,-0.78,-0.75,0.08,0.14,0.78,2
3873759510,1.15,1.17,0.18,0.2,0.62,0
3880139965,-0.56,-1.39,0.96,0.01,0.04,0
3791537345,-0.78,-0.77,0.09,0.1,0.81,2
4103865666,-0.84,-0.86,0.12,0.08,0.8,2
3960317906,-0.28,0.77,0.02,0.95,0.03,1
3457950012,0.33,-0.48,0.93,0.02,0.05,0
3628341441,-0.78,-0.77,0.09,0.1,0.81,2
4161257562,-0.45,-0.79,0.8,0.03,0.17,0
3920207499,-0.79,-0.77,0.08,0.12,0.79,2
3611664193,-0.7,-0.67,0.09,0.14,0.77,2
3726433876,-1.46,-0.98,0.01,0.82,0.16,1
3818083228,-0.68,-0.64,0.08,0.17,0.75,2
4171077677,-0.04,1.31,0.01,0.97,0.02,1
3926215000,1.32,0.24,0.95,0.02,0.03,0
3857542864,-0.81,-0.69,0.05,0.4,0.55,1
3949362957,1.4,1.59,0.12,0.41,0.47,0
3822977525,-0.44,-0.37,0.09,0.23,0.68,2
3636721233,-0.33,-0.36,0.19,0.1,0.71,2
3946037068,-0.77,-0.81,0.15,0.08,0.77,2
4050474617,0.1,-0.29,0.8,0.05,0.15,0
4109184216,-0.97,-0.3,0.02,0.9,0.08,1
4235217465,0.86,0.76,0.3,0.14,0.56,2
4214689421,-0.91,-0.89,0.08,0.11,0.81,2
4212312947,-0.8,-0.82,0.13,0.08,0.79,2
3535041409,-0.65,0.42,0.01,0.96,0.03,1
4010298246,-0.54,-0.56,0.16,0.09,0.75,2
3733614450,0.44,-0.93,0.98,0.0,0.01,0
4023755124,-0.33,1.66,0.0,0.99,0.0,1
4057607946,-0.75,-0.74,0.09,0.1,0.81,1
3615516406,-0.41,-0.26,0.07,0.46,0.47,0
3823457998,-0.05,0.13,0.09,0.48,0.43,2
4027704531,-1.18,-0.77,0.02,0.8,0.18,1
3991923410,-0.77,-1.59,0.96,0.0,0.04,0
4280501571,-0.13,-0.07,0.11,0.25,0.64,1
3599722986,-0.35,-0.54,0.56,0.06,0.39,2
3866185257,-0.28,0.21,0.03,0.84,0.13,1
4131884646,-0.61,-0.59,0.1,0.13,0.78,2
3913481541,0.09,0.32,0.08,0.55,0.37,1
3638476908,-0.49,1.0,0.01,0.98,0.01,1
3469146345,1.94,-0.16,0.99,0.0,0.0,0
3869178556,-0.21,-0.82,0.91,0.02,0.07,0
3586941925,-1.13,-1.01,0.04,0.39,0.57,2
3949183563,-1.49,-1.12,0.02,0.75,0.23,1
3966588375,-0.76,-0.58,0.04,0.57,0.39,1
3773706340,0.62,0.85,0.1,0.49,0.41,1
4252613030,0.23,-1.6,1.0,0.0,0.0,0
3498727530,-0.71,-0.7,0.09,0.11,0.8,2
3710500400,0.36,-0.46,0.93,0.02,0.05,0
4279569985,0.65,-0.75,0.98,0.01,0.01,0
3671708435,0.23,-0.23,0.84,0.04,0.12,2
3639587425,-0.77,-0.77,0.09,0.1,0.81,1
4134755282,-1.0,-1.88,0.97,0.0,0.03,0
3763762558,0.73,-0.1,0.92,0.03,0.06,0
4287112149,-0.89,-0.88,0.08,0.12,0.8,2
3585179643,-0.86,1.35,0.0,1.0,0.0,1
3771172165,-0.81,-1.23,0.84,0.02,0.14,0
3995549356,2.06,0.95,0.95,0.02,0.03,0
3578676930,-1.59,-1.22,0.02,0.74,0.25,1
4074258871,-0.89,-0.82,0.07,0.21,0.72,2
3661275627,0.12,-0.92,0.97,0.01,0.03,0
3597933895,0.24,0.42,0.1,0.44,0.45,1
3475565233,-0.02,-1.31,0.98,0.0,0.01,0
4104569613,-0.65,-1.24,0.92,0.01,0.07,0
4124343614,-0.45,-1.22,0.95,0.01,0.04,0
3603886789,-0.49,-0.29,0.05,0.59,0.35,2
3552901941,-0.81,-0.75,0.07,0.21,0.73,2
4087834693,-0.67,-0.65,0.09,0.13,0.78,0
3625602871,-0.93,-1.01,0.25,0.06,0.69,2
3742633995,1.02,-1.4,1.0,0.0,0.0,0
3676854194,-0.72,-0.61,0.06,0.39,0.55,1
4210113770,-0.99,-0.99,0.09,0.09,0.82,2
3604181277,-0.82,-0.84,0.13,0.08,0.79,2
4017018701,-0.34,-0.95,0.92,0.01,0.07,0
4233581413,-0.84,-0.87,0.12,0.08,0.8,2
3561984673,-1.05,-0.85,0.03,0.58,0.38,1
4146647855,-0.89,-0.91,0.12,0.08,0.8,2
3972592150,-1.45,2.06,0.0,1.0,0.0,1
3992423487,-0.34,-0.37,0.18,0.1,0.72,1
4206771947,0.08,-0.13,0.48,0.09,0.43,2
3797448364,-0.82,-0.82,0.09,0.09,0.82,2
4192767001,-0.77,-0.78,0.1,0.09,0.81,2
4016159538,-0.07,-0.68,0.9,0.02,0.08,0
4023760894,0.76,0.34,0.75,0.07,0.18,0
3489249184,-0.36,-0.44,0.3,0.08,0.62,1
4294144396,-0.93,0.5,0.01,0.98,0.01,1
4190694161,0.52,0.25,0.55,0.1,0.35,0
3811007297,-0.74,-0.75,0.11,0.09,0.8,0
4157351619,-0.61,-0.66,0.2,0.07,0.72,0
3650758625,2.47,1.6,0.94,0.02,0.03,0
4094731783,1.98,-0.95,1.0,0.0,0.0,0
4186864445,0.17,0.46,0.07,0.63,0.3,1
3623938589,-0.95,-0.77,0.04,0.58,0.39,0
3685312925,-0.63,-0.46,0.05,0.54,0.41,1
3680245145,-0.78,-0.84,0.19,0.07,0.74,2
3546028574,2.05,-0.67,1.0,0.0,0.0,0
3658551692,-0.84,-0.89,0.18,0.07,0.75,0
3953568445,1.91,0.38,0.98,0.01,0.01,0
3749519125,-0.66,-0.47,0.05,0.58,0.37,1
3967659532,2.02,-0.82,1.0,0.0,0.0,0
3485996302,-1.09,1.27,0.0,1.0,0.0,1
3619906558,-0.1,0.08,0.08,0.5,0.41,1
3518590694,-0.91,0.11,0.01,0.96,0.03,1
3739618078,0.95,0.08,0.92,0.03,0.05,0
3907427465,-0.36,-0.59,0.63,0.05,0.32,0
3505598750,-0.93,-1.47,0.9,0.01,0.09,1
3971816073,-0.81,-0.72,0.06,0.29,0.65,2
3898630851,-0.73,-0.76,0.14,0.08,0.78,2
3524057715,-1.74,0.29,0.0,1.0,0.0,1
3798766599,-0.73,-0.75,0.13,0.08,0.79,2
3470585241,-0.6,-0.69,0.32,0.06,0.62,0
3485554277,-0.04,0.47,0.04,0.84,0.12,1
3477433036,-1.22,0.66,0.0,0.99,0.0,1
4068453355,-1.3,-1.36,0.16,0.05,0.78,0
4166591931,-0.76,0.57,0.01,0.97,0.02,1
3494833946,-0.6,-0.68,0.29,0.07,0.64,2
3452656835,-0.84,-0.84,0.09,0.09,0.82,2
4172472084,-0.8,-0.81,0.1,0.09,0.81,2
3814029685,2.06,-0.7,1.0,0.0,0.0,0
3903026093,-0.22,-0.63,0.83,0.03,0.14,2
3935331827,-0.67,-0.65,0.09,0.13,0.78,2
3990419034,-0.54,-1.04,0.89,0.02,0.1,0
3957305536,-1.0,1.47,0.0,1.0,0.0,1
3997849396,-0.5,2.59,0.0,1.0,0.0,1
3869186518,0.87,1.33,0.05,0.78,0.17,2
3803079514,-0.37,-1.55,0.98,0.0,0.02,0
3550808545,-0.11,0.86,0.02,0.94,0.04,1
3972608557,2.3,-0.41,1.0,0.0,0.0,0
3633429564,-0.82,-0.82,0.09,0.09,0.82,2
3877054222,-1.43,0.07,0.0,0.99,0.01,1
4096719548,0.36,-0.6,0.95,0.01,0.04,0
4193338956,-1.16,-1.45,0.65,0.02,0.33,2
4152103771,0.42,0.56,0.12,0.35,0.53,2
3461494354,-0.69,-0.38,0.04,0.72,0.24,2
4218567078,0.09,-0.17,0.59,0.08,0.33,0
3647987855,2.61,-1.42,1.0,0.0,0.0,0
4274073514,-0.89,-0.88,0.08,0.11,0.81,2
3645252946,1.98,1.21,0.92,0.03,0.05,0
4164360491,-0.84,-0.89,0.16,0.07,0.77,2
3909301210,0.08,0.1,0.16,0.2,0.64,1
3737429611,-0.44,-0.25,0.06,0.56,0.38,2
3666854070,0.43,1.8,0.01,0.98,0.01,1
4232302965,-1.45,0.22,0.0,0.99,0.01,1
4033436124,2.53,2.91,0.07,0.69,0.24,1
4130402713,-0.77,-0.77,0.1,0.09,0.81,2
3651126145,-0.06,0.69,0.03,0.91,0.06,1
4040034207,2.11,-1.18,1.0,0.0,0.0,0
4086236987,-0.82,-0.84,0.11,0.08,0.81,2
4258703887,-1.2,-1.12,0.05,0.26,0.69,1
4165192940,1.01,-1.23,1.0,0.0,0.0,0
3967197884,-0.12,-1.06,0.96,0.01,0.03,0
3767342966,-1.52,-1.48,0.06,0.13,0.82,2
3769618278,0.44,-0.58,0.96,0.01,0.03,0
4092912288,-0.71,-0.42,0.04,0.71,0.25,1
4173700973,1.68,-1.04,1.0,0.0,0.0,0
4159132124,0.99,-0.0,0.94,0.02,0.04,0
4149158452,-0.01,-0.34,0.73,0.05,0.22,0
3845756656,-0.0,0.47,0.04,0.81,0.15,1
3914908508,-0.33,-0.32,0.13,0.14,0.73,2
4102812675,-1.3,2.16,0.0,1.0,0.0,1
3771771183,0.2,-0.34,0.87,0.03,0.1,0
3654553937,-0.82,-0.82,0.09,0.09,0.82,2
4096038293,-1.2,1.44,0.0,1.0,0.0,1
4243326482,-0.4,-1.0,0.91,0.01,0.07,0
4092672341,-1.54,-0.67,0.01,0.94,0.05,1
3456770416,-0.69,-0.66,0.09,0.13,0.78,2
3547472362,2.02,0.55,0.97,0.01,0.01,0
3972919006,0.34,-0.33,0.9,0.03,0.08,0
3466684622,-0.49,0.7,0.01,0.96,0.02,1
3794197274,-0.77,-0.57,0.04,0.6,0.36,1
3651810453,-0.61,-0.64,0.16,0.08,0.76,2
3839662153,-0.71,-0.72,0.11,0.09,0.8,2
4178422625,-0.71,-0.12,0.02,0.88,0.1,1
4033773005,-0.63,-1.22,0.92,0.01,0.07,0
4089120875,0.9,-0.55,0.98,0.01,0.01,0
4224812135,1.32,-1.01,1.0,0.0,0.0,0
4236306493,-0.66,-0.67,0.11,0.09,0.79,2
3577648062,-0.9,-0.9,0.09,0.09,0.82,1
4103317086,-0.65,-0.7,0.2,0.07,0.73,2
3953410775,-0.8,-0.77,0.08,0.15,0.77,2
3788960138,-1.52,0.76,0.0,1.0,0.0,1
3773163717,-0.66,-0.63,0.08,0.16,0.76,2
4187060144,0.47,-1.16,0.99,0.0,0.01,0
3494850326,-0.61,-0.77,0.51,0.05,0.44,0
3481368031,0.57,-0.97,0.99,0.0,0.01,0
3861791517,-0.64,-0.68,0.18,0.08,0.74,1
3677331851,-1.78,0.86,0.0,1.0,0.0,1
3678314759,-0.05,-0.24,0.48,0.08,0.44,1
3799351229,-1.32,-1.15,0.03,0.5,0.47,0
4267199301,-0.61,-0.58,0.09,0.14,0.76,2
3818854885,-0.41,-0.25,0.07,0.48,0.45,1
3855528899,0.13,1.78,0.01,0.99,0.01,1
3473650468,0.26,0.39,0.12,0.34,0.54,1
3586645565,-0.23,-1.08,0.95,0.01,0.04,0
4160558878,-1.39,-1.39,0.08,0.08,0.84,2
3685943128,0.9,-0.93,0.99,0.0,0.01,0
4164180430,-1.35,1.55,0.0,1.0,0.0,1
3713046666,-1.02,-0.07,0.01,0.95,0.04,1
3621794020,-0.74,-0.77,0.13,0.08,0.79,2
3915601021,-1.67,-0.09,0.0,0.99,0.01,1
3540864998,-0.65,-1.9,0.99,0.0,0.01,0
3666334400,-0.49,-0.52,0.17,0.09,0.74,2
3920467789,-0.69,-0.66,0.09,0.13,0.78,0
3642351306,-0.84,-0.9,0.2,0.07,0.74,2
3649526540,-0.77,-0.77,0.09,0.1,0.81,2
3740071849,0.22,1.8,0.01,0.98,0.01,1
3942818392,-1.05,0.78,0.0,0.99,0.01,1
3527343454,0.28,0.61,0.07,0.67,0.26,2
4170410272,0.46,-0.64,0.96,0.01,0.03,0
3785794646,-0.77,0.66,0.01,0.98,0.01,1
3876776064,-0.38,-1.16,0.95,0.01,0.04,0
3759956951,0.47,-0.21,0.89,0.03,0.08,0
3622720041,1.95,0.43,0.98,0.01,0.01,0
3699294446,-1.15,2.33,0.0,1.0,0.0,1
3620950604,-0.68,-0.71,0.16,0.08,0.76,0
4114179339,1.18,0.71,0.78,0.07,0.15,0
3811638337,-0.84,-0.77,0.06,0.24,0.7,2
4237448181,-1.47,-1.48,0.09,0.07,0.84,2
3740183519,-1.11,-1.69,0.91,0.01,0.08,0
4131345014,-0.95,-0.95,0.08,0.1,0.82,1
3628251896,-0.64,-0.58,0.08,0.21,0.71,0
4020733595,-0.48,-0.44,0.1,0.18,0.72,1
4177511337,-0.53,-0.52,0.11,0.12,0.77,2
3888262946,2.12,2.33,0.11,0.43,0.46,1
4048986281,-1.13,0.09,0.01,0.97,0.02,1
3490738233,2.94,-0.7,1.0,0.0,0.0,0
4220753267,-0.61,-1.68,0.98,0.0,0.02,0
3933792614,-1.16,-1.12,0.06,0.14,0.8,2
4040142607,2.41,0.1,1.0,0.0,0.0,0
3506619581,-0.79,-0.77,0.08,0.12,0.79,2
3771057737,-0.85,-0.87,0.11,0.08,0.81,2
4234829909,-0.41,-0.42,0.14,0.11,0.75,1
4260108353,0.61,0.21,0.72,0.07,0.2,2
3631274535,-0.89,-0.89,0.08,0.1,0.82,2
3454799406,0.32,-0.16,0.84,0.04,0.12,0
3879934797,-0.67,-0.45,0.04,0.62,0.33,1
4012769267,-0.54,-0.9,0.82,0.02,0.16,0
3505322204,-1.56,-1.7,0.25,0.04,0.71,0
4066966573,-0.62,-0.55,0.08,0.24,0.69,2
4241066553,-1.35,0.69,0.0,0.99,0.0,2
3942893461,2.06,-0.38,1.0,0.0,0.0,0
4231644896,-0.19,-0.89,0.93,0.01,0.06,0
3658559905,-0.57,-0.47,0.07,0.33,0.6,1
4156241840,-0.52,-1.05,0.9,0.01,0.09,0
3885962010,0.43,0.84,0.06,0.74,0.2,0
3775275551,-0.84,-0.88,0.15,0.07,0.78,2
3930126732,-1.52,-1.5,0.07,0.09,0.84,2
3880487442,-0.33,0.33,0.03,0.89,0.08,1
4118374483,-0.79,-0.8,0.1,0.09,0.81,2
4094498349,-0.94,-0.11,0.01,0.94,0.05,0
4178221700,0.28,0.76,0.05,0.8,0.15,1
3748180674,0.54,-1.3,0.99,0.0,0.0,0
3946245278,-0.84,-0.85,0.1,0.09,0.81,2
3601052269,-0.77,-0.75,0.09,0.12,0.8,2
3901988477,0.46,1.45,0.02,0.95,0.03,1
3754065133,-0.91,-1.15,0.64,0.03,0.33,2
3680647458,-0.75,-0.89,0.46,0.05,0.49,0
3962155327,-0.23,-0.06,0.08,0.49,0.44,1
4160041844,-1.12,0.21,0.01,0.98,0.02,1
3949455389,-0.4,-0.26,0.07,0.45,0.48,1
3759150161,-0.89,0.83,0.0,0.99,0.01,1
3601001680,0.01,-1.53,0.99,0.0,0.01,0
3973642371,-1.22,1.84,0.0,1.0,0.0,1
3752164241,-1.45,2.56,0.0,1.0,0.0,1
3842524248,-0.85,-0.84,0.08,0.11,0.8,1
3577757097,-1.52,-1.81,0.55,0.02,0.42,2
3447339840,-0.13,0.19,0.06,0.69,0.25,1
3743307353,1.42,-0.57,0.99,0.0,0.01,0
4205700834,-1.0,-0.84,0.04,0.49,0.47,2
3968193810,-0.28,0.29,0.03,0.87,0.1,1
3651390431,-1.5,0.77,0.0,1.0,0.0,1
4228256019,1.01,-1.48,1.0,0.0,0.0,0
3902417596,0.84,1.13,0.09,0.59,0.32,2
3452212516,-0.21,-0.26,0.2,0.11,0.69,0
4210751808,-1.2,0.55,0.0,0.99,0.01,1
3535031313,0.48,-0.3,0.92,0.02,0.06,0
3508737292,-0.75,-0.61,0.05,0.47,0.48,2
4082093551,-0.67,-0.66,0.09,0.12,0.79,2
3899847434,-0.75,-0.77,0.13,0.08,0.79,2
4189903570,-0.36,-1.62,0.99,0.0,0.01,0
3737563682,-0.88,-0.9,0.13,0.07,0.8,2
4048769350,2.14,-1.74,1.0,0.0,0.0,0
3888542809,-1.74,-1.46,0.02,0.61,0.37,2
4165983842,-0.72,-0.77,0.19,0.07,0.74,2
4153588410,-0.89,-0.93,0.13,0.07,0.79,2
4113151185,-1.83,-0.84,0.01,0.96,0.04,1
3807298714,-0.78,-0.81,0.14,0.08,0.79,0
4201572470,-0.85,-0.89,0.14,0.07,0.78,2
3684237310,-0.42,-0.81,0.83,0.03,0.15,0
3563304357,-0.62,-0.58,0.08,0.18,0.74,2
4108911575,-0.6,-0.6,0.11,0.1,0.79,1
3610853986,-0.58,-0.23,0.04,0.76,0.2,1
4272531315,-0.43,-0.36,0.09,0.25,0.66,1
4144624674,-0.06,0.13,0.08,0.51,0.41,1
3551648058,-0.85,-0.85,0.09,0.09,0.82,2
4046788336,0.57,0.38,0.4,0.13,0.47,0
3989865748,-0.32,-0.21,0.08,0.36,0.56,1
3936102724,0.03,0.28,0.08,0.59,0.33,2
3772870721,-1.26,-1.3,0.12,0.06,0.82,2
4064809354,-1.58,0.16,0.0,0.99,0.01,2
4055993547,-0.79,-0.81,0.11,0.08,0.8,2
3793234139,-0.01,-0.01,0.17,0.17,0.66,2
4134879267,-0.76,-0.71,0.08,0.17,0.75,2
3507679789,0.08,-0.29,0.78,0.05,0.17,0
3441230664,-0.44,-0.46,0.16,0.1,0.74,2
3918764010,-0.61,2.36,0.0,1.0,0.0,1
3533490930,-0.71,-0.94,0.66,0.03,0.3,0
3690347874,0.5,-0.33,0.93,0.02,0.05,0
3446727473,-0.59,1.16,0.0,0.99,0.01,1
4097194276,-0.16,0.94,0.01,0.96,0.03,1
3873367761,1.2,-0.56,0.99,0.0,0.01,0
3746301976,-0.61,-0.74,0.45,0.05,0.49,0
3676864924,0.23,0.57,0.06,0.68,0.25,1
4213576227,-0.54,-1.42,0.96,0.01,0.03,0
3926605373,-0.05,1.7,0.0,0.99,0.01,1
4053620078,-0.77,-0.71,0.07,0.19,0.74,2
3708797485,-0.76,-0.73,0.08,0.14,0.78,2
3711572426,-1.13,-1.3,0.42,0.04,0.54,2
3898054326,-0.07,0.97,0.02,0.95,0.03,1
4084937968,-0.67,-0.68,0.11,0.09,0.79,2
3688342904,2.02,2.11,0.14,0.25,0.61,2
3541744963,-0.36,-0.62,0.69,0.04,0.27,0
3828043007,-0.52,0.82,0.01,0.97,0.02,1
3662487043,1.78,0.87,0.93,0.03,0.04,0
4238511728,-0.82,-0.81,0.08,0.11,0.8,2
3848914222,-0.82,-0.77,0.07,0.19,0.74,1
3987539661,1.01,-0.82,0.99,0.0,0.01,0
3525813167,-0.94,-0.91,0.07,0.13,0.8,2
3848378186,-0.74,-0.67,0.07,0.24,0.69,0
4169308866,0.32,-0.87,0.97,0.01,0.02,0
4178875598,-0.86,-0.89,0.13,0.08,0.8,1
3610977304,-0.89,-0.85,0.07,0.15,0.78,2
3771407796,0.08,-0.75,0.94,0.01,0.05,0
4063391506,-0.59,0.57,0.01,0.96,0.02,1
4225915327,2.81,-1.04,1.0,0.0,0.0,0
3474184400,0.27,-1.84,1.0,0.0,0.0,0
4138225869,-0.92,-0.9,0.08,0.11,0.81,2
3440376041,-1.02,-1.05,0.11,0.07,0.82,2
4176087396,-0.8,-0.8,0.09,0.09,0.82,2
3753004450,0.85,-0.61,0.98,0.01,0.01,0
3608738078,-0.65,-0.68,0.16,0.08,0.76,1
3528824471,-1.1,1.39,0.0,1.0,0.0,1
3469857579,-0.82,-0.79,0.08,0.14,0.78,2
3551245574,-0.79,0.65,0.01,0.98,0.01,1
4198930172,-0.93,-0.04,0.01,0.94,0.04,2
3821365645,-0.82,-0.85,0.15,0.07,0.78,0
3704208685,-0.34,1.05,0.01,0.98,0.01,1
3592485435,-1.6,-1.64,0.1,0.06,0.85,2
4067497396,-0.34,-0.59,0.67,0.05,0.28,0
4263714852,-1.59,1.63,0.0,1.0,0.0,1
3556098934,-0.74,0.92,0.01,0.99,0.01,1
4257394453,-0.37,-0.05,0.05,0.72,0.23,1
3592610606,-0.33,2.05,0.0,1.0,0.0,1
3738200428,-0.9,-0.86,0.07,0.16,0.77,1
3580396711,-0.72,-0.66,0.07,0.21,0.72,2
3622748520,-0.78,-0.78,0.09,0.09,0.81,2
4238625973,1.27,0.74,0.82,0.06,0.12,0
3560976510,1.93,1.93,0.19,0.15,0.66,2
3906487996,-1.16,-1.16,0.08,0.09,0.83,2
3607849683,-0.21,1.02,0.01,0.97,0.02,1
3748396828,-0.09,-1.34,0.98,0.0,0.01,2
4202808023,-1.3,-0.32,0.01,0.96,0.03,1
3560603336,-0.14,-0.97,0.95,0.01,0.04,0
4014391119,-0.12,-0.75,0.91,0.02,0.07,0
3737474138,-0.33,0.03,0.05,0.75,0.21,1
3981415997,0.54,0.89,0.07,0.68,0.25,1
3473697466,-0.66,-0.77,0.35,0.06,0.59,0
4206928033,-1.27,0.56,0.0,0.99,0.01,1
3717465904,-1.0,2.31,0.0,1.0,0.0,1
3835840245,-0.92,-0.88,0.07,0.16,0.77,2
3839633528,-1.45,0.08,0.0,0.99,0.01,1
3825955295,-0.77,-0.78,0.12,0.08,0.8,2
4030318643,0.54,-1.18,0.99,0.0,0.01,0
3964253771,-1.35,0.75,0.0,1.0,0.0,1
3872092678,-0.76,-0.25,0.02,0.85,0.12,1
4067924463,-0.62,-0.54,0.07,0.28,0.65,2
3572191442,-0.21,-0.14,0.11,0.25,0.64,2
4182769623,-0.28,0.05,0.05,0.71,0.24,1
3569953588,-0.94,-0.33,0.02,0.88,0.1,1
3472518550,0.2,0.55,0.06,0.69,0.24,0
3587947904,-0.85,-0.88,0.12,0.08,0.8,2
4063596813,-1.2,0.14,0.01,0.98,0.02,1
4066714085,-1.84,-1.83,0.06,0.09,0.86,2
3617595887,-0.04,-1.53,0.99,0.0,0.01,0
3529381632,-0.67,-0.73,0.22,0.07,0.71,0
4135784562,0.5,-0.82,0.98,0.01,0.02,0
4028959811,-0.33,1.37,0.01,0.99,0.01,1
3534805738,-0.85,-0.89,0.14,0.07,0.78,2
3737896227,0.12,-1.64,1.0,0.0,0.0,0
3970890226,-0.66,-0.86,0.59,0.04,0.37,2
3953247050,0.96,0.41,0.83,0.05,0.12,0
3962923793,-1.02,0.28,0.01,0.97,0.02,1
3820843833,0.03,-1.48,0.99,0.0,0.01,0
4123099272,-0.97,-0.71,0.03,0.68,0.29,1
3805273058,-0.82,-0.84,0.12,0.08,0.8,0
4247112438,-0.29,-1.01,0.94,0.01,0.05,0
3656752997,-0.45,-0.41,0.1,0.19,0.71,0
4048519243,-0.08,-0.85,0.94,0.01,0.05,0
3598431465,-0.75,-0.43,0.03,0.74,0.23,1
4260076805,1.23,1.23,0.2,0.18,0.62,2
3648386806,0.56,-0.04,0.87,0.04,0.09,1
3619497698,-0.82,-0.92,0.3,0.06,0.64,2
4266376055,-0.95,-1.23,0.7,0.02,0.27,0
3853993207,1.2,-0.84,0.99,0.0,0.0,0
3442898913,-1.37,-1.3,0.05,0.18,0.77,1
3757099105,-0.2,-1.22,0.97,0.01,0.02,0
3671397778,-0.37,-0.34,0.11,0.16,0.73,2
3942613184,1.34,1.0,0.62,0.1,0.28,0
3903402974,0.51,-0.95,0.98,0.0,0.01,0
3701022986,-0.51,-0.57,0.23,0.08,0.69,2
3507633263,-0.82,-0.84,0.12,0.08,0.8,2
4262557415,0.22,1.03,0.02,0.92,0.05,2
3644944607,0.3,-1.02,0.98,0.0,0.01,0
3595630470,-0.06,-1.27,0.98,0.0,0.02,0
3474734563,-0.72,-0.75,0.14,0.08,0.78,1
4178113438,-0.94,-0.95,0.09,0.08,0.82,2
3965176753,-1.0,-0.99,0.08,0.1,0.82,2
3609980369,-1.25,-0.64,0.01,0.88,0.1,2
3539857135,-0.8,-0.84,0.15,0.07,0.78,0
4261497204,0.08,-1.32,0.99,0.0,0.01,0
3713567712,-0.89,-0.89,0.08,0.1,0.82,2
3663609598,-0.96,-0.73,0.03,0.64,0.33,1
3487087363,-0.75,-0.77,0.12,0.08,0.8,2
3893524764,-1.45,-0.25,0.01,0.97,0.02,1
3677042146,0.4,-0.43,0.93,0.02,0.05,0
4177043408,-0.74,-0.73,0.09,0.11,0.8,0
3547066642,-0.27,-0.41,0.45,0.07,0.48,0
4202253676,-0.96,-1.05,0.26,0.06,0.69,2
3934394978,-0.71,-0.65,0.07,0.23,0.7,2
3890535325,-1.23,-0.27,0.01,0.95,0.04,1
4068697946,-0.86,-0.84,0.08,0.11,0.81,2
3836317466,2.28,0.04,0.99,0.0,0.0,0
4076256883,-0.82,-0.84,0.13,0.08,0.79,2
4045120520,-0.37,-0.37,0.14,0.12,0.74,2
4155457363,-0.79,-0.84,0.17,0.07,0.76,2
3796880054,-0.73,-0.11,0.02,0.89,0.09,1
3527217932,-0.06,0.42,0.04,0.82,0.14,1
3610820927,0.28,1.47,0.01,0.97,0.02,1
3745050032,0.03,0.68,0.03,0.88,0.09,1
3858584635,0.34,-1.32,0.99,0.0,0.01,0
3950207746,-1.02,1.91,0.0,1.0,0.0,1
3691318835,-0.84,-0.89,0.16,0.07,0.77,2
4285304482,-1.09,-0.9,0.04,0.56,0.41,1
3952240738,-0.72,-0.75,0.14,0.08,0.78,2
4194973013,-0.75,0.54,0.01,0.97,0.02,1
3757908057,-0.7,-0.66,0.08,0.17,0.75,2
3667834028,-0.1,-0.68,0.9,0.02,0.08,0
3901734267,-0.14,-0.35,0.56,0.07,0.38,0
3749335714,-0.88,-0.91,0.14,0.07,0.79,2
4289607724,-1.27,-1.21,0.06,0.19,0.76,2
4221790380,2.31,0.05,0.99,0.0,0.0,0
4125061563,-0.05,-0.05,0.17,0.17,0.67,1
4239786468,-1.22,-1.18,0.06,0.14,0.8,2
3685361624,0.94,0.89,0.25,0.16,0.59,2
3850055872,-0.28,0.61,0.02,0.94,0.05,1
4064626202,-0.9,-0.86,0.07,0.16,0.77,1
3673915424,-0.51,0.06,0.03,0.87,0.1,1
3658863011,-0.3,-0.43,0.41,0.07,0.51,2
4048515968,-0.45,-0.55,0.38,0.07,0.55,2
3842820407,-0.29,-0.36,0.26,0.09,0.65,1
4008003607,-1.84,1.68,0.0,1.0,0.0,1
4116435187,0.89,2.22,0.01,0.98,0.01,1
3569547699,0.36,0.84,0.05,0.8,0.15,2
3533049961,-0.59,0.61,0.01,0.97,0.02,1
4217305068,1.51,0.8,0.89,0.04,0.07,0
3525710147,-1.62,-0.57,0.01,0.96,0.03,1
3890849941,-0.89,-0.93,0.13,0.07,0.79,2
3796838265,1.35,-1.7,1.0,0.0,0.0,0
4027366976,-0.85,-0.75,0.05,0.34,0.61,1
3438387801,-0.82,-0.89,0.21,0.07,0.73,2
3725635014,-0.2,-1.18,0.97,0.01,0.03,0
3968485154,-0.39,-0.49,0.35,0.07,0.58,0
3475905364,-1.33,-0.82,0.02,0.84,0.14,1
4099816455,-0.8,-0.77,0.08,0.14,0.78,2
3490055403,-0.34,2.2,0.0,1.0,0.0,1
3939445067,0.69,0.33,0.67,0.09,0.24,2
4043855521,-0.64,0.88,0.01,0.98,0.01,1
4167273702,1.16,-0.53,0.99,0.0,0.01,0
3514571750,0.8,-0.01,0.91,0.03,0.06,0
3705730049,-0.77,-0.92,0.45,0.05,0.5,0
4090933992,-0.82,-0.81,0.09,0.1,0.81,1
3996312991,-1.23,-1.21,0.07,0.1,0.83,1
3832737308,0.85,1.21,0.07,0.68,0.25,2
3935181217,-0.86,-0.87,0.1,0.08,0.82,2
4270989643,-0.6,0.03,0.02,0.89,0.09,1
3447682031,-0.75,-0.73,0.09,0.12,0.79,2
3490672854,-0.38,0.71,0.01,0.96,0.03,1
4264143483,0.25,-1.59,1.0,0.0,0.0,0
3665825699,0.11,-0.31,0.82,0.04,0.14,0
3603077806,-0.71,-0.69,0.09,0.12,0.79,2
3980339795,-0.8,-0.72,0.06,0.26,0.67,2
4211385637,-0.23,2.27,0.0,1.0,0.0,1
3476523721,0.24,-0.1,0.71,0.07,0.23,2
3938873653,0.36,0.23,0.31,0.13,0.56,2
3701965308,-0.65,-0.47,0.05,0.55,0.4,2
3899550777,-1.06,0.82,0.0,0.99,0.0,1
3469103194,0.21,-0.56,0.93,0.02,0.06,0
3860926443,-0.81,-0.93,0.37,0.05,0.57,1
4182616832,-0.71,-0.74,0.16,0.08,0.77,2
4294710549,0.18,-0.4,0.88,0.03,0.09,0
4146485262,1.77,-0.05,0.99,0.01,0.01,0
4241549408,0.18,2.16,0.0,0.99,0.0,1
4078793729,-0.3,0.52,0.02,0.93,0.05,1
3597473471,-0.74,-0.62,0.05,0.4,0.54,1
3613042041,-1.16,1.1,0.0,1.0,0.0,1
3912767999,-1.39,0.96,0.0,1.0,0.0,1
3853345163,-1.36,-1.5,0.32,0.04,0.64,2
3816221050,0.45,0.45,0.19,0.19,0.62,1
3921232723,0.26,1.03,0.02,0.92,0.06,1
4070397178,-0.87,-0.84,0.08,0.14,0.78,0
4217163582,1.23,-0.62,0.99,0.0,0.01,0
3615981352,-0.5,-0.52,0.15,0.09,0.76,0
3857070217,-1.09,-1.36,0.66,0.02,0.32,0
3532021216,-0.12,-1.37,0.98,0.0,0.01,0
4051914203,0.11,-0.99,0.97,0.01,0.02,0
3751815232,-0.91,1.32,0.0,1.0,0.0,1
3605589547,-0.35,1.32,0.01,0.99,0.01,1
4211935322,-0.73,-0.71,0.09,0.12,0.79,0
3586143770,-0.92,-1.12,0.57,0.04,0.39,0
4268635271,1.06,0.35,0.89,0.04,0.07,0
3638684060,-1.24,-0.77,0.02,0.83,0.16,2
4172947196,0.91,-1.39,1.0,0.0,0.0,0
3820393335,-1.11,-0.8,0.03,0.73,0.25,1
3963758022,1.05,0.97,0.27,0.14,0.58,2
3689577690,-0.78,-0.72,0.07,0.21,0.72,1
3575299396,-0.53,0.53,0.01,0.96,0.03,1
4019437410,-1.63,-1.49,0.04,0.36,0.6,1
3512454520,-0.87,0.46,0.01,0.98,0.02,1
3623071152,0.31,-0.89,0.98,0.01,0.02,0
3930882562,0.31,-1.1,0.99,0.0,0.01,0
4263811653,0.51,0.51,0.2,0.19,0.62,2
3541325717,-1.76,-1.8,0.09,0.06,0.86,1
3905539280,-1.23,-1.14,0.05,0.25,0.69,1
3659165598,0.19,-0.41,0.89,0.03,0.09,0
3922293225,1.01,-1.81,1.0,0.0,0.0,0
4066917963,-0.93,-1.23,0.74,0.02,0.23,0
3793761363,-1.5,-0.27,0.01,0.98,0.02,1
3512680077,-1.05,0.42,0.01,0.98,0.01,1
3647399393,-0.47,-0.27,0.06,0.58,0.36,1
3998368533,0.47,0.7,0.1,0.51,0.4,0
4098301496,-1.08,0.76,0.0,0.99,0.01,1
4184383183,-0.77,-0.8,0.14,0.08,0.79,2
3648078273,-1.13,1.75,0.0,1.0,0.0,1
3693125506,0.16,-0.45,0.89,0.03,0.08,0
3967014880,1.12,0.45,0.87,0.04,0.08,0
3601715789,-0.68,-0.66,0.09,0.13,0.78,2
3739817938,-1.12,-1.11,0.08,0.09,0.83,2
3605566747,-0.84,-0.86,0.11,0.08,0.81,2
4202628431,-0.77,-0.76,0.09,0.1,0.81,2
3518984100,-0.44,-1.81,0.99,0.0,0.01,0
3965150353,-0.28,-0.41,0.43,0.07,0.5,2
3947772282,1.32,1.84,0.05,0.81,0.14,1
3851535539,-0.84,-0.73,0.05,0.38,0.57,1
3867441555,-0.75,-0.8,0.19,0.07,0.74,0
3650297289,-1.2,1.2,0.0,1.0,0.0,1
4087875964,0.28,-1.03,0.98,0.0,0.01,0
4144749065,-0.52,-0.68,0.51,0.05,0.44,0
4251655740,0.18,1.98,0.0,0.99,0.01,1
4266722122,-0.69,-0.52,0.05,0.54,0.42,1
3890936880,0.1,0.27,0.1,0.45,0.45,1
3480175580,-0.73,-0.73,0.1,0.1,0.81,2
4015119819,-0.77,-1.0,0.66,0.03,0.31,0
4047574803,-0.23,-0.35,0.38,0.08,0.54,2
4023741540,-1.0,0.61,0.01,0.99,0.01,1
3576074313,0.5,1.81,0.01,0.97,0.02,1
4028376357,0.52,-0.3,0.92,0.02,0.05,0
3582766601,-0.72,0.08,0.02,0.93,0.05,1
4121651943,-0.87,-0.85,0.08,0.11,0.81,2
3980725731,-0.65,-0.65,0.11,0.1,0.79,2
3634049528,0.93,-0.67,0.98,0.0,0.01,0
3660850580,-1.22,0.6,0.0,0.99,0.01,1
3436932764,-0.34,-0.3,0.11,0.18,0.72,2
3510172782,2.66,-1.09,1.0,0.0,0.0,0
3802463066,-0.77,-0.42,0.03,0.76,0.21,1
3750035884,-0.75,0.55,0.01,0.97,0.02,1
3740941622,-1.16,-0.92,0.03,0.65,0.32,1
3442833077,-0.73,-0.71,0.09,0.12,0.79,2
4156516667,-0.78,-0.71,0.07,0.23,0.7,1
3653455926,-0.6,-0.54,0.08,0.23,0.7,0
3493090299,1.98,-1.45,1.0,0.0,0.0,0
3973130271,-0.5,0.78,0.01,0.97,0.02,1
3663124022,0.49,0.7,0.11,0.47,0.43,2
4222953595,-0.51,1.2,0.01,0.99,0.01,1
3966885037,1.56,0.64,0.93,0.03,0.04,0
3453984467,-1.1,-1.54,0.85,0.01,0.14,0
3466370711,1.78,-0.23,0.99,0.0,0.0,0
4169352682,-1.59,-1.62,0.09,0.06,0.85,2
3503595707,-0.82,-0.89,0.23,0.06,0.71,2
3817074223,-0.13,-1.0,0.95,0.01,0.04,0
3676556156,0.68,-0.89,0.99,0.0,0.01,0
3588246295,0.87,-0.93,0.99,0.0,0.01,0
4024917088,2.34,2.34,0.19,0.15,0.67,2
4124791570,-0.77,-0.59,0.04,0.58,0.38,0
3615529601,-1.35,0.74,0.0,1.0,0.0,1
3812868816,-0.31,-0.21,0.09,0.31,0.6,2
3560750590,-1.41,2.3,0.0,1.0,0.0,1
4201597732,-0.8,-0.84,0.15,0.07,0.78,0
3793680728,-0.4,-0.39,0.13,0.12,0.75,2
3540119903,-0.42,-0.4,0.11,0.14,0.75,2
4027400670,-0.4,-1.05,0.93,0.01,0.06,2
3756823139,-0.29,-0.58,0.72,0.04,0.23,0
3504133519,0.53,0.37,0.36,0.13,0.51,0
3682358226,-0.86,-0.89,0.14,0.07,0.78,2
4060437195,0.26,0.87,0.03,0.88,0.09,1
3801655387,0.39,-0.95,0.98,0.0,0.01,0
4229911856,0.9,0.08,0.91,0.03,0.06,0
4191560269,0.84,0.76,0.28,0.15,0.57,0
3883765113,1.32,0.77,0.83,0.06,0.11,2
4191998097,-1.76,-0.82,0.01,0.95,0.05,1
4009085793,0.11,1.06,0.02,0.94,0.04,1
3786226686,0.27,0.88,0.03,0.88,0.09,1
3658392229,-1.23,0.44,0.0,0.99,0.01,1
4150922843,-1.31,-1.17,0.04,0.42,0.54,2
3454848093,1.84,1.93,0.14,0.24,0.62,0
3730302850,-0.71,-0.91,0.61,0.04,0.35,0
3464884325,1.2,1.36,0.13,0.36,0.51,0
3648755308,-0.63,-0.71,0.28,0.07,0.65,2
3959727908,1.18,-0.37,0.98,0.01,0.01,0
4293765835,-0.9,-0.9,0.09,0.09,0.82,2
3914767041,-0.54,-0.67,0.44,0.06,0.5,1
4046037320,-0.49,-1.51,0.97,0.0,0.02,0
3745503703,-0.41,1.28,0.01,0.99,0.01,1
3540614605,2.36,0.99,0.97,0.01,0.02,0
3481161188,-1.37,0.76,0.0,1.0,0.0,1
3861280997,-0.77,-0.75,0.09,0.12,0.8,2
3742932642,-0.03,-0.89,0.95,0.01,0.04,0
4027748155,-0.14,0.61,0.02,0.91,0.06,1
3551058175,0.04,-0.66,0.92,0.02,0.06,0
4219667568,-0.05,-1.52,0.99,0.0,0.01,0
3723689058,0.73,-0.25,0.94,0.02,0.04,0
3747795109,-0.77,-0.77,0.1,0.09,0.81,2
3658078769,-0.16,-0.28,0.36,0.09,0.55,2
3718791374,-0.77,-1.01,0.66,0.03,0.31,0
3674744249,2.05,0.93,0.95,0.02,0.03,0
3642071637,-0.54,-0.58,0.18,0.08,0.74,0
4031638883,-1.76,2.09,0.0,1.0,0.0,1
3505347838,1.01,-1.59,1.0,0.0,0.0,0
3829593850,-1.04,2.31,0.0,1.0,0.0,1
3544916072,-0.15,-0.13,0.14,0.17,0.68,0
3884577125,0.17,-0.62,0.93,0.02,0.05,0
4189485313,-0.93,-0.61,0.03,0.74,0.23,1
3707317712,1.06,-1.51,1.0,0.0,0.0,0
4249085989,2.14,-1.2,1.0,0.0,0.0,0
3477425140,-0.74,-0.76,0.12,0.08,0.8,2
3775837273,-0.96,0.82,0.0,0.99,0.01,1
4146759700,1.59,1.61,0.18,0.17,0.64,0
3756242083,-0.15,0.84,0.02,0.94,0.04,1
4075360414,-1.69,-1.09,0.01,0.87,0.12,1
3779022849,0.18,0.04,0.34,0.11,0.55,0
4204314195,0.98,-0.62,0.98,0.01,0.01,0
4058502059,-0.19,0.06,0.07,0.62,0.32,2
3598309829,-1.12,0.12,0.01,0.97,0.02,1
3916782400,0.13,0.05,0.25,0.13,0.62,2
4197926115,-0.79,-0.82,0.13,0.08,0.79,2
3694856400,-0.93,-1.08,0.45,0.05,0.51,2
3825180327,-1.43,1.34,0.0,1.0,0.0,1
4017239892,-0.26,1.09,0.01,0.97,0.02,0
3826252854,-0.33,-0.23,0.09,0.33,0.59,2
3567611641,-0.39,-0.34,0.1,0.21,0.69,2
3806706763,1.07,1.18,0.14,0.28,0.58,1
4261471939,-1.52,0.65,0.0,1.0,0.0,1
3576231689,0.54,-0.2,0.91,0.03,0.07,0
3608641464,-0.75,-0.82,0.23,0.07,0.71,0
4223786561,-0.19,0.58,0.02,0.92,0.06,1
4122634548,-0.81,-0.81,0.09,0.09,0.82,2
3876353636,-0.7,-0.73,0.15,0.08,0.77,2
3685793559,0.76,1.37,0.03,0.87,0.1,1
4020518018,-0.91,-0.44,0.02,0.83,0.14,1
3943182421,-0.76,-0.79,0.15,0.08,0.77,0
4167903727,-0.81,-0.82,0.1,0.09,0.81,2
4169521484,-0.07,-0.21,0.38,0.09,0.53,2
3869118228,-0.82,-0.81,0.08,0.11,0.8,2
4250789938,0.22,0.29,0.14,0.24,0.61,2
3845534361,-0.85,-0.8,0.07,0.18,0.75,2
3904640382,0.46,0.59,0.13,0.33,0.54,1
3751523683,3.03,-1.03,1.0,0.0,0.0,0
4239785503,0.15,-0.47,0.89,0.03,0.08,0
3936679495,2.56,2.89,0.08,0.62,0.3,2
3537208323,1.88,0.19,0.98,0.01,0.01,0
3671675308,-0.89,-0.93,0.13,0.07,0.79,2
4051687690,-0.81,-0.81,0.09,0.09,0.82,2
4042569872,0.86,2.5,0.0,0.99,0.01,1
3570689987,-0.77,-0.67,0.06,0.34,0.6,2
3909277365,1.53,0.87,0.88,0.04,0.08,0
4097394737,-0.58,0.43,0.01,0.95,0.03,1
3986785702,-0.19,-0.19,0.16,0.15,0.69,2
3908121630,-1.14,-1.14,0.08,0.09,0.83,0
3831944246,2.73,-0.12,1.0,0.0,0.0,0
3999522079,-0.51,-0.76,0.7,0.04,0.27,1
3898362763,1.24,1.08,0.36,0.12,0.52,2
4057605417,0.38,-1.67,1.0,0.0,0.0,0
4132922382,0.04,-1.12,0.98,0.01,0.02,0
4145449233,-1.78,0.7,0.0,1.0,0.0,1
3934923287,0.31,-0.66,0.95,0.01,0.03,0
4192445564,-0.81,-0.19,0.02,0.89,0.09,1
3660932823,-0.51,-0.53,0.15,0.09,0.76,2
4279221131,2.12,1.49,0.88,0.04,0.08,0
4035465604,-0.67,-0.31,0.03,0.77,0.2,2
3749065924,-1.56,-1.09,0.01,0.81,0.17,0
3899936606,0.34,-0.21,0.86,0.04,0.1,0
4151119741,0.93,1.99,0.01,0.96,0.03,1
3879139126,-0.38,-0.39,0.14,0.12,0.74,2
3859416473,0.29,0.7,0.05,0.75,0.19,0
3502384960,0.71,-0.38,0.95,0.01,0.03,0
3693574479,0.33,0.22,0.28,0.13,0.58,1
3960025839,-0.86,-0.87,0.1,0.08,0.82,2
3732183849,-0.37,-0.49,0.4,0.07,0.53,2
4016236749,-0.71,-0.79,0.27,0.06,0.67,0
4019103307,-0.59,-0.54,0.08,0.2,0.72,2
3672363453,0.66,-0.54,0.97,0.01,0.02,0
4224066676,-0.96,0.33,0.01,0.97,0.02,1
4157202179,-1.22,-0.89,0.02,0.74,0.24,0
3453734397,-0.8,-0.77,0.08,0.14,0.78,2
3763191966,-1.16,-0.41,0.01,0.92,0.07,1
4258843037,-0.66,-0.48,0.05,0.55,0.4,2
4223913492,0.2,0.34,0.11,0.37,0.51,2
3991439863,0.08,-0.35,0.83,0.04,0.13,0
4208888433,-1.42,2.53,0.0,1.0,0.0,1
3925589711,-0.49,-0.46,0.1,0.15,0.75,0
4252236885,0.86,0.27,0.86,0.05,0.1,0
4115176872,-0.39,-1.3,0.96,0.01,0.03,0
4006346066,-1.24,-1.13,0.05,0.33,0.63,2
3458063784,-0.8,-1.31,0.89,0.01,0.1,0
4131215878,-0.01,1.36,0.01,0.98,0.02,1
3708591548,0.94,-0.65,0.98,0.01,0.01,0
3546438300,0.65,0.28,0.69,0.08,0.23,0
4251419663,1.94,1.72,0.44,0.1,0.46,1
3971623668,-0.07,-1.52,0.99,0.0,0.01,0
4231074056,-0.66,-0.73,0.24,0.07,0.69,2
4260686685,-0.97,0.07,0.01,0.96,0.03,1
4068462598,-0.61,-0.87,0.72,0.03,0.24,0
4223345373,-0.62,2.62,0.0,1.0,0.0,1
4075780465,-1.16,-1.17,0.1,0.07,0.83,1
4088505362,-0.17,-0.46,0.7,0.05,0.25,0
4167319996,1.96,0.01,0.99,0.0,0.01,0
3839910767,-0.28,0.88,0.01,0.96,0.03,1
4240757348,-0.82,-0.81,0.09,0.1,0.81,2
3553093345,-0.15,-1.11,0.96,0.01,0.03,0
3801660817,-0.89,-0.74,0.04,0.49,0.47,1
3558505594,1.02,0.06,0.93,0.02,0.04,0
3688261984,-1.12,0.87,0.0,0.99,0.0,1
4075466007,-0.91,-0.9,0.08,0.1,0.82,2
3858958952,-0.69,-0.31,0.03,0.78,0.19,1
3667127618,2.61,-1.33,1.0,0.0,0.0,0
3658667104,-0.51,0.97,0.01,0.98,0.01,1
3732404309,-1.04,1.23,0.0,1.0,0.0,1
3953779070,-0.88,-0.89,0.11,0.08,0.81,2
3957045672,-0.59,0.38,0.01,0.95,0.04,1
4278928586,-0.84,-0.85,0.11,0.08,0.81,2
3571763831,0.41,1.72,0.01,0.97,0.02,1
4181782696,1.66,-0.78,1.0,0.0,0.0,0
4263966547,-0.31,0.68,0.02,0.95,0.04,1
3904053384,-0.6,-1.21,0.92,0.01,0.07,0
3570936035,1.48,-1.1,1.0,0.0,0.0,0
4158871941,-0.25,1.33,0.01,0.98,0.01,2
4241859190,0.55,-1.4,1.0,0.0,0.0,0
3573902009,-1.21,-0.03,0.01,0.97,0.02,1
3830234001,0.5,-1.73,1.0,0.0,0.0,0
3753168292,1.24,1.3,0.16,0.22,0.63,1
3874412302,-0.8,-0.88,0.24,0.06,0.69,2
4287311513,-0.88,1.5,0.0,1.0,0.0,1
4239396447,-0.79,-0.77,0.08,0.12,0.79,2
3725624220,-0.04,0.07,0.11,0.33,0.56,0
3731785663,-0.82,-0.93,0.35,0.05,0.6,0
3511932844,-0.04,0.17,0.08,0.53,0.39,2
4266241917,-1.73,0.52,0.0,1.0,0.0,1
3472327999,0.2,0.85,0.03,0.89,0.08,1
3718467835,-1.23,-0.71,0.02,0.85,0.13,1
4149246139,-0.74,1.24,0.0,0.99,0.0,1
4070381359,-0.79,-0.84,0.17,0.07,0.76,2
3627185553,-0.91,-0.07,0.01,0.94,0.05,1
3650906501,0.19,0.46,0.08,0.61,0.32,0
3710779577,-0.33,-0.32,0.13,0.14,0.73,2
3619811535,1.2,-0.53,0.99,0.0,0.01,0
3562644414,-0.79,0.43,0.01,0.97,0.02,1
3756785110,-0.74,-0.77,0.15,0.08,0.78,2
3851820979,-0.84,-0.92,0.26,0.06,0.68,0
3837262602,-1.73,0.03,0.0,0.99,0.01,1
3892615639,-0.71,-0.05,0.02,0.9,0.08,1
3960660325,-0.79,-0.78,0.09,0.11,0.8,1
3920223267,0.05,0.97,0.02,0.94,0.04,1
4140855493,-0.84,-0.82,0.08,0.13,0.79,2
3444972396,1.21,0.97,0.47,0.12,0.41,0
3605224596,-1.88,1.08,0.0,1.0,0.0,1
3952862062,-0.15,-1.27,0.98,0.0,0.02,0
4093749582,-1.32,-1.37,0.13,0.06,0.81,2
3721399115,-0.81,-0.84,0.15,0.07,0.78,2
3972518736,0.26,-0.98,0.98,0.01,0.02,0
3916534349,-1.3,0.0,0.01,0.98,0.02,1
3594763770,0.38,0.34,0.23,0.16,0.61,2
4202449564,-0.74,-0.76,0.12,0.08,0.8,2
3832696653,0.3,-0.27,0.87,0.03,0.09,0
4144436775,-0.85,-0.85,0.09,0.09,0.82,2
3989706640,-1.78,0.24,0.0,1.0,0.0,1
4181333398,-1.01,2.09,0.0,1.0,0.0,1
4077013702,-0.3,-0.21,0.09,0.29,0.62,2
4005892008,0.8,1.78,0.01,0.95,0.03,1
3568874887,-0.77,-0.79,0.12,0.08,0.8,2
4251612311,-0.5,-0.98,0.88,0.02,0.1,0
3806714304,-0.35,1.12,0.01,0.98,0.01,1
3554601754,-1.07,-0.41,0.02,0.9,0.08,1
3550596063,-0.41,0.85,0.01,0.97,0.02,1
4229029324,1.21,0.04,0.95,0.02,0.03,0
4222536975,-0.61,1.05,0.01,0.99,0.01,1
3436676284,-0.78,-0.61,0.04,0.54,0.41,1
4006800035,1.55,-1.42,1.0,0.0,0.0,0
3586837162,0.03,0.29,0.08,0.59,0.33,1
3857268782,-0.47,0.87,0.01,0.97,0.02,1
3463830134,-0.69,-0.75,0.23,0.07,0.71,1
4289676634,-1.58,1.14,0.0,1.0,0.0,1
4168819879,-0.71,0.88,0.01,0.98,0.01,1
3466836316,-0.65,-0.69,0.17,0.08,0.75,2
3923596825,-1.31,-1.55,0.52,0.03,0.45,0
3836678197,-0.95,-0.61,0.03,0.75,0.22,1
3942509615,0.5,-1.31,0.99,0.0,0.0,0
3735585610,2.69,-1.67,1.0,0.0,0.0,0
4055024634,-1.26,-1.2,0.06,0.17,0.77,2
4171593426,1.54,-0.54,0.99,0.0,0.0,0
4282109608,-1.46,0.04,0.0,0.99,0.01,1
3592060670,-0.87,-1.28,0.84,0.01,0.14,0
3458107273,0.54,0.95,0.06,0.74,0.2,1
4053803884,0.43,-0.22,0.89,0.03,0.08,0
4229565591,-0.84,-0.84,0.1,0.09,0.81,2
4286870218,0.2,0.7,0.04,0.82,0.14,1
3939218549,0.54,-1.13,0.99,0.0,0.01,0
4086880504,-0.63,0.89,0.01,0.98,0.01,1
4051474676,-0.58,-0.89,0.78,0.03,0.2,0
3982957420,-0.72,-0.43,0.04,0.71,0.26,1
4137481105,-0.78,-0.8,0.12,0.08,0.8,2
4193273252,3.2,-0.26,1.0,0.0,0.0,0
3611617802,1.2,2.67,0.01,0.99,0.01,1
3485044667,0.14,-0.08,0.49,0.09,0.42,2
3836731171,-0.77,-0.8,0.14,0.08,0.79,2
3549416169,-0.81,-0.86,0.18,0.07,0.75,2
3686152160,-1.65,0.2,0.0,0.99,0.0,1
4043641914,-1.12,-1.12,0.08,0.09,0.83,0
4166403423,-0.84,-0.88,0.15,0.07,0.78,2
3729607942,-0.08,-0.42,0.77,0.05,0.19,0
3924120669,-0.0,-0.77,0.93,0.01,0.05,0
3495084034,0.41,0.29,0.31,0.13,0.56,2
4016974857,-0.82,-0.81,0.08,0.11,0.8,2
3767051597,2.52,0.04,1.0,0.0,0.0,0
3582059716,1.6,-1.33,1.0,0.0,0.0,0
3947448457,1.53,-1.52,1.0,0.0,0.0,0
3509470386,-0.77,-0.79,0.12,0.08,0.8,0
4289792977,1.45,-0.61,0.99,0.0,0.0,0
4045282563,1.55,-1.84,1.0,0.0,0.0,0
3889423599,-1.13,-0.19,0.01,0.95,0.04,1
3674056820,1.78,-0.4,0.99,0.0,0.0,0
4259979711,-0.82,-0.84,0.12,0.08,0.8,2
3609779730,0.18,0.53,0.06,0.69,0.24,0
3603439384,0.94,0.85,0.28,0.15,0.57,2
3885194159,-0.68,-1.16,0.88,0.01,0.1,0
3916220028,-1.05,-1.6,0.9,0.01,0.09,0
3660026664,-0.82,-1.03,0.61,0.04,0.35,2
4243652941,-0.63,-0.67,0.18,0.08,0.74,2
3910670151,2.27,-0.33,1.0,0.0,0.0,0
3573546340,1.62,-0.29,0.99,0.0,0.01,0
4091728499,-0.57,-0.7,0.43,0.06,0.51,1
3571725543,2.92,-1.52,1.0,0.0,0.0,0
3786192983,1.55,-0.94,1.0,0.0,0.0,0
3714114848,-1.23,0.81,0.0,0.99,0.0,1
4056233941,-0.76,-1.26,0.89,0.01,0.1,0
4183983954,1.47,-0.76,1.0,0.0,0.0,0
4030863991,-0.37,-0.29,0.09,0.28,0.63,2
4194150310,-0.79,-0.78,0.09,0.11,0.8,2
4202774026,-0.79,-0.86,0.22,0.07,0.71,2
3620111529,-0.84,-0.84,0.1,0.09,0.81,2
3549863257,-0.78,-0.59,0.04,0.59,0.37,1
3572242487,-0.91,-1.3,0.82,0.02,0.16,0
4245850351,-0.82,-0.79,0.08,0.14,0.78,0
3901215894,-0.77,-0.8,0.15,0.08,0.77,2
4158443445,0.64,-0.16,0.91,0.03,0.06,0
3827570893,-0.48,-0.95,0.87,0.02,0.11,0
4083166084,-0.75,0.08,0.02,0.94,0.05,1
3465744552,0.55,1.02,0.05,0.79,0.16,0
3443254881,-0.98,1.7,0.0,1.0,0.0,1
4256233163,0.76,1.06,0.09,0.6,0.31,2
3688226303,-0.54,-0.6,0.24,0.08,0.68,2
4069512933,1.15,-1.01,1.0,0.0,0.0,0
3438009397,-1.05,0.93,0.0,0.99,0.0,1
3830179248,0.98,-1.06,1.0,0.0,0.0,0
4267061034,-1.52,-0.93,0.01,0.87,0.12,1
4052060304,-1.43,0.76,0.0,1.0,0.0,1
3690329224,2.34,0.29,0.99,0.0,0.0,0
4224532506,-0.37,-0.29,0.09,0.25,0.66,0
3504890445,-0.31,-0.75,0.85,0.02,0.12,0
4205590831,-0.85,-0.86,0.1,0.08,0.82,2
3742478187,0.21,-1.93,1.0,0.0,0.0,0
3697778683,-0.84,1.41,0.0,1.0,0.0,1
4168221952,-0.59,-0.62,0.17,0.08,0.75,2
3807588346,-0.81,-0.85,0.16,0.07,0.77,2
3558459013,-0.82,-0.13,0.02,0.91,0.07,0
4252787969,-0.27,0.66,0.02,0.94,0.04,1
3710571565,-0.31,-1.22,0.96,0.01,0.03,0
3690002338,-0.29,-0.3,0.16,0.12,0.72,2
4225794120,-0.93,-0.76,0.04,0.53,0.42,1
3501207807,-0.75,-1.6,0.96,0.0,0.03,0
4023242890,-1.36,-0.5,0.01,0.94,0.05,1
4202867269,-0.57,-0.57,0.11,0.11,0.78,2
3654371015,-0.4,2.36,0.0,1.0,0.0,1
3936285272,0.46,0.0,0.81,0.05,0.14,0
3605689258,-1.02,-1.47,0.86,0.01,0.13,0
3884270037,0.33,-0.48,0.93,0.02,0.05,0
4221534759,0.41,-0.05,0.82,0.05,0.13,0
3837396448,-0.78,-0.77,0.09,0.1,0.81,2
3677695035,0.63,-0.66,0.97,0.01,0.02,0
3760552092,0.6,-0.06,0.88,0.04,0.08,0
4266423169,-0.61,-0.44,0.05,0.54,0.41,1
4136666407,-1.08,1.52,0.0,1.0,0.0,1
3508982172,-0.79,-0.71,0.06,0.29,0.65,2
3767624105,-0.3,-0.82,0.89,0.02,0.09,0
4040887697,0.53,1.14,0.03,0.87,0.09,1
3567401431,-1.65,-1.24,0.02,0.76,0.23,1
3662472209,-0.13,-0.05,0.11,0.26,0.62,2
3504746248,-0.84,-0.84,0.09,0.09,0.82,2
3710571251,-1.23,-0.54,0.01,0.9,0.08,1
3480986701,-0.93,0.87,0.0,0.99,0.01,1
3455527728,0.33,-1.05,0.98,0.0,0.01,2
3855205264,-0.85,-0.92,0.21,0.06,0.72,2
3700426648,0.35,-0.63,0.95,0.01,0.03,0
4123020590,-0.75,-0.81,0.21,0.07,0.72,0
4113767482,-0.14,-0.13,0.15,0.17,0.68,0
3627933259,-0.44,-0.71,0.74,0.04,0.23,2
3885119210,-0.75,-0.28,0.03,0.84,0.14,1
4137293684,-1.69,1.69,0.0,1.0,0.0,1
3498168100,0.71,0.43,0.56,0.11,0.33,2
3824150472,-0.8,-1.02,0.62,0.04,0.35,0
4203678080,-0.56,-0.63,0.25,0.07,0.68,2
3771002520,-0.29,0.19,0.03,0.83,0.13,1
3633230131,-0.84,-0.84,0.09,0.09,0.82,2
3587533893,1.0,-1.33,1.0,0.0,0.0,0
4110463091,-0.31,0.49,0.02,0.92,0.06,1
3959637800,-0.79,-0.79,0.09,0.09,0.81,2
3594562154,-0.59,0.21,0.02,0.93,0.05,1
3456519563,-1.12,0.06,0.01,0.97,0.02,1
3753732720,-0.66,-0.47,0.05,0.57,0.38,2
4115361724,-0.21,-0.1,0.09,0.36,0.55,1
4083568916,-0.78,-0.82,0.17,0.07,0.76,2
3680864910,-0.73,0.51,0.01,0.97,0.02,1
3908291699,-0.79,-0.81,0.11,0.08,0.8,0
4061250274,2.0,-1.59,1.0,0.0,0.0,0
3904372114,1.58,-0.31,0.99,0.0,0.01,0
4005594557,1.67,-0.82,1.0,0.0,0.0,0
3551477478,-0.95,-0.87,0.06,0.28,0.67,0
4201340181,0.78,2.75,0.0,0.99,0.0,1
4282533527,-0.81,-0.78,0.08,0.13,0.78,2
3551666029,-0.82,-0.75,0.07,0.23,0.71,2
3712616095,-0.69,-0.77,0.27,0.07,0.66,2
4265681306,0.89,0.95,0.15,0.24,0.61,2
4173530859,-0.77,-0.77,0.1,0.09,0.81,2
4077100781,0.8,1.34,0.04,0.84,0.12,1
3828306374,0.85,-1.34,1.0,0.0,0.0,0
4146007563,-1.09,-0.67,0.02,0.8,0.18,2
3844356108,0.73,1.22,0.05,0.8,0.15,2
4147573552,-0.13,0.19,0.06,0.69,0.25,1
3937535800,-1.87,0.78,0.0,1.0,0.0,1
4146944399,0.37,-0.16,0.85,0.04,0.11,0
3454693624,-0.95,-0.61,0.03,0.76,0.22,1
4137405734,-0.51,-0.3,0.05,0.6,0.35,1
3550933821,-0.51,-0.61,0.36,0.07,0.57,2
4074558345,-0.84,-0.82,0.08,0.12,0.8,2
3635119740,1.16,1.15,0.22,0.17,0.62,0
3591861741,0.72,0.7,0.23,0.17,0.6,0
4179193113,0.33,-1.7,1.0,0.0,0.0,0
3624812830,-0.36,0.01,0.04,0.77,0.19,1
3567589758,0.61,-0.71,0.98,0.01,0.02,0
3888242021,-0.81,-0.75,0.07,0.21,0.73,2
3837897588,-0.59,-0.79,0.62,0.04,0.34,0
3952189179,0.59,0.55,0.23,0.17,0.61,2
4282659245,1.55,0.37,0.96,0.02,0.03,0
4165982499,-0.81,-0.84,0.13,0.08,0.79,2
3476807623,-0.19,-0.76,0.9,0.02,0.08,0
3737031010,-0.03,-0.06,0.19,0.14,0.66,1
3508046419,-1.34,1.45,0.0,1.0,0.0,1
3668991488,-0.45,-0.91,0.87,0.02,0.11,0
3954414812,-0.58,-0.33,0.05,0.65,0.31,2
3739346291,0.12,-1.45,0.99,0.0,0.01,0
4184055512,-0.87,-0.84,0.08,0.14,0.78,2
4120106148,-1.01,-0.59,0.02,0.81,0.17,1
3636300592,-0.24,-0.16,0.1,0.26,0.64,1
3741781378,-0.61,-0.58,0.09,0.16,0.75,0
3526682372,-0.54,-0.5,0.09,0.18,0.73,0
3951104766,2.78,1.55,0.97,0.01,0.01,0
4228984049,-0.38,0.4,0.02,0.92,0.06,1
3816658522,-0.12,-0.04,0.11,0.27,0.62,0
3512838112,-0.28,-0.36,0.27,0.09,0.64,1
4196740661,-0.2,-1.16,0.97,0.01,0.03,0
3941526233,-0.61,-0.85,0.7,0.04,0.27,2
4271194621,-1.83,-1.64,0.03,0.41,0.56,1
4132909425,-0.7,-0.84,0.44,0.05,0.51,0
4092025142,0.15,-0.54,0.91,0.02,0.07,0
3938360185,0.25,-0.45,0.91,0.02,0.07,0
3856312997,-1.3,-1.44,0.31,0.04,0.65,2
3940444227,-1.68,1.98,0.0,1.0,0.0,1
3555559879,0.36,1.52,0.01,0.96,0.02,1
3824233889,1.23,-0.67,0.99,0.0,0.01,0
3850845647,0.02,2.22,0.0,1.0,0.0,1
4061186081,-0.82,-0.84,0.12,0.08,0.8,2
3643033261,-0.99,-0.2,0.01,0.93,0.06,2
4217162489,-0.6,-0.24,0.04,0.77,0.2,1
3691430931,-0.97,-1.02,0.16,0.07,0.78,2
4162823459,-0.43,0.08,0.03,0.85,0.12,1
4251559276,0.1,0.54,0.05,0.78,0.17,1
3565011379,-0.73,-0.75,0.13,0.08,0.79,2
4117283513,0.8,1.16,0.07,0.67,0.25,1
4050835697,0.66,-1.03,0.99,0.0,0.01,0
4190172079,-1.69,1.18,0.0,1.0,0.0,1
3937885046,-1.39,-0.95,0.02,0.8,0.18,1
4161852052,-0.0,0.3,0.07,0.66,0.28,1
4028412225,0.66,0.0,0.88,0.04,0.08,0
4255994314,-1.11,-0.63,0.02,0.83,0.15,1
3579628989,-0.7,-0.74,0.18,0.07,0.75,2
3903388603,-1.9,-1.98,0.12,0.04,0.85,2
4220240385,-0.9,-0.9,0.09,0.09,0.82,2
3561546594,-0.23,-0.58,0.79,0.04,0.17,0
4047381155,0.44,0.03,0.77,0.06,0.17,0
3513930156,0.24,-1.06,0.98,0.0,0.01,0
3679941508,-0.92,0.87,0.0,0.99,0.01,1
3848116289,-0.72,0.81,0.01,0.98,0.01,1
4020098776,-0.89,-0.9,0.11,0.08,0.81,2
3569017602,0.09,-0.91,0.96,0.01,0.03,0
3871959723,0.65,-0.07,0.9,0.03,0.07,0
4086036816,-0.09,0.6,0.03,0.9,0.07,1
3747675779,-0.91,-0.41,0.02,0.84,0.13,1
3936073824,-0.98,-0.39,0.02,0.88,0.1,1
4002746959,-0.43,0.05,0.03,0.84,0.13,1
4157328519,-0.68,-0.93,0.69,0.03,0.27,1
3842952794,0.88,-1.91,1.0,0.0,0.0,0
3600465244,-0.3,-0.04,0.06,0.65,0.29,2
4108698624,0.17,-0.03,0.45,0.1,0.45,2
3497395803,0.82,-0.93,0.99,0.0,0.01,0
3527498771,0.97,-1.22,1.0,0.0,0.0,0
3773391197,-0.82,-0.78,0.07,0.17,0.76,2
3980763097,2.25,1.7,0.84,0.05,0.11,0
4263676223,-0.82,-0.81,0.08,0.11,0.8,2
4226256701,-0.72,-0.16,0.02,0.87,0.11,1
3682941009,-0.35,-0.32,0.12,0.15,0.73,2
4059291501,-0.19,0.38,0.03,0.87,0.1,1
4281318990,1.41,0.0,0.97,0.01,0.02,0
4145950187,-0.14,-0.14,0.16,0.16,0.68,2
3624342657,-0.73,-0.89,0.49,0.05,0.46,0
4164639546,0.7,2.09,0.01,0.98,0.01,1
3921061604,0.83,-0.82,0.99,0.0,0.01,0
3816108619,1.3,1.64,0.08,0.65,0.27,1
3731430537,0.6,-1.27,0.99,0.0,0.0,0
3729257358,-0.18,-0.82,0.92,0.02,0.07,0
3809956582,2.55,-1.26,1.0,0.0,0.0,0
4102359692,-1.38,-0.8,0.01,0.87,0.12,1
3689522908,-1.38,1.18,0.0,1.0,0.0,1
4001032366,1.02,1.55,0.04,0.83,0.12,1
4032675014,-1.27,0.59,0.0,0.99,0.0,1
3736960442,2.36,0.46,0.99,0.01,0.01,0
3824918165,0.63,-0.97,0.99,0.0,0.01,0
3693213509,-0.04,-0.61,0.89,0.02,0.08,2
3717583549,-1.45,-0.11,0.01,0.98,0.01,1
3703347832,-0.39,-0.21,0.06,0.55,0.39,2
3746075052,-0.6,-0.64,0.18,0.08,0.74,0
3687161968,-0.82,-0.82,0.09,0.09,0.82,2
3989879557,-0.29,1.59,0.0,0.99,0.0,1
4087397394,2.36,-1.0,1.0,0.0,0.0,0
4154713182,-0.09,-0.17,0.27,0.1,0.62,2
3679211938,0.53,-0.91,0.98,0.0,0.01,2
4150364603,-0.71,-0.49,0.04,0.63,0.33,1
3818256821,-0.71,-0.82,0.37,0.06,0.58,1
3836822282,-0.81,-0.81,0.09,0.09,0.82,2
3468048858,0.63,0.54,0.28,0.14,0.58,1
4076800112,0.59,-0.11,0.89,0.03,0.07,0
3691136141,-1.2,0.53,0.0,0.99,0.01,1
4204296983,0.16,0.11,0.23,0.15,0.63,2
3828212517,-0.84,-0.81,0.08,0.13,0.79,2
4214992724,-0.64,-0.55,0.07,0.28,0.65,0
4105711032,-1.02,-1.03,0.09,0.08,0.83,2
3935224870,-0.79,-0.21,0.02,0.88,0.1,1
3513769140,-1.52,0.88,0.0,1.0,0.0,1
3693740808,-0.84,-0.84,0.09,0.09,0.82,2
3517044974,-0.35,-0.23,0.08,0.38,0.54,2
4111887193,-0.62,-0.8,0.56,0.05,0.4,2
3883052874,0.81,0.47,0.65,0.09,0.26,2
3949545083,2.14,0.09,0.99,0.0,0.0,0
3941524827,-0.69,-0.75,0.23,0.07,0.71,2
4219148809,-0.82,-0.79,0.08,0.14,0.78,2
3845559472,-1.14,-0.19,0.01,0.95,0.04,1
4079331824,-0.84,-0.85,0.1,0.09,0.81,2
4099367257,-1.65,-1.67,0.08,0.06,0.85,2
3687000119,-0.73,-0.88,0.46,0.05,0.49,0
3856142487,1.16,-0.73,0.99,0.0,0.01,0
3957433605,-0.5,1.43,0.0,0.99,0.0,1
3844540490,0.31,-1.08,0.99,0.0,0.01,0
4070638075,0.09,-0.61,0.92,0.02,0.06,0
3973626014,-0.82,-0.72,0.06,0.31,0.63,2
4068382780,-1.8,-0.52,0.0,0.98,0.02,1
3545050685,0.55,-1.1,0.99,0.0,0.01,0
3561338756,-0.82,-0.98,0.48,0.05,0.48,2
4147944636,1.07,-0.87,0.99,0.0,0.0,0
4219323722,-0.12,-0.78,0.92,0.02,0.06,0
3903836139,-0.29,0.29,0.03,0.87,0.1,1
3539476638,-0.73,-0.54,0.04,0.58,0.38,1
4233633398,0.0,-0.55,0.89,0.02,0.09,0
3680613291,-1.73,-1.72,0.06,0.08,0.85,2
3636724754,0.74,-1.4,1.0,0.0,0.0,0
3529643804,-1.34,0.03,0.01,0.98,0.01,1
3558393920,0.81,-1.61,1.0,0.0,0.0,0
3558215349,-0.81,-0.79,0.08,0.11,0.8,2
4189032911,0.49,-0.54,0.96,0.01,0.03,0
3578637616,0.33,1.24,0.02,0.94,0.04,1
4185509374,-0.68,0.39,0.01,0.96,0.03,1
3687000284,-1.56,-1.27,0.02,0.65,0.33,1
3455566204,0.44,1.1,0.03,0.9,0.08,1
3542306823,-0.26,-0.76,0.88,0.02,0.1,0
3806073990,0.69,1.3,0.03,0.87,0.1,1
3571676119,0.82,-1.05,0.99,0.0,0.0,0
4121175672,-0.08,-0.81,0.93,0.01,0.06,0
4073529170,-1.2,1.5,0.0,1.0,0.0,1
3874269415,-1.09,-1.03,0.06,0.18,0.76,2
3673550570,-1.15,0.39,0.01,0.98,0.01,1
3825044092,-1.46,0.79,0.0,1.0,0.0,1
3909152857,-0.54,-0.54,0.12,0.11,0.78,2
3918816293,0.17,0.08,0.27,0.13,0.6,2
3754971086,-0.24,-1.87,0.99,0.0,0.0,0
3692833533,0.56,-1.22,0.99,0.0,0.01,0
3648344386,1.93,-1.76,1.0,0.0,0.0,0
4279020634,-1.47,-1.5,0.1,0.06,0.84,2
4017634675,0.61,1.53,0.02,0.95,0.04,1
4061569249,-0.52,-0.8,0.75,0.03,0.22,0
3495453386,-1.23,1.07,0.0,1.0,0.0,1
4190840232,-1.2,1.01,0.0,1.0,0.0,1
4196209059,2.52,0.2,1.0,0.0,0.0,0
3513684647,-0.85,-0.81,0.07,0.17,0.76,2
3763886748,-1.0,-0.88,0.05,0.39,0.56,1
3479895045,0.42,-1.21,0.99,0.0,0.01,0
3833334268,1.89,-0.85,1.0,0.0,0.0,0
3713066587,2.11,0.3,0.99,0.01,0.01,0
4090092668,0.28,-0.13,0.79,0.05,0.16,2
3817146812,0.93,-0.59,0.98,0.01,0.01,0
4067277995,-0.72,-0.69,0.08,0.15,0.76,1
3926397598,-0.87,-0.87,0.09,0.09,0.82,0
3732327482,-2.17,-0.87,0.0,0.98,0.02,1
3915776807,-1.11,-1.16,0.15,0.06,0.79,2
4117226385,-1.71,1.28,0.0,1.0,0.0,1
3527135671,-1.03,-0.89,0.04,0.46,0.5,2
3697979962,-0.14,-0.03,0.1,0.32,0.58,2
3860964123,-1.37,-1.41,0.13,0.06,0.82,2
3611727393,-0.16,-0.14,0.14,0.17,0.68,2
3547658051,2.05,-0.84,1.0,0.0,0.0,0
3819684632,-0.85,-0.85,0.09,0.09,0.82,2
3663730448,2.64,0.03,1.0,0.0,0.0,0
4014875999,-0.26,-0.08,0.07,0.51,0.42,1
4185055657,-0.45,-0.45,0.13,0.11,0.76,2
4181032576,-0.65,-0.91,0.72,0.03,0.25,0
3662074587,-0.82,-0.78,0.07,0.17,0.76,2
3589138297,-0.76,-0.74,0.09,0.12,0.8,1
3952650731,-0.89,-0.96,0.23,0.06,0.71,2
3472211036,-0.11,-0.53,0.83,0.03,0.13,0
3680868481,-0.9,-1.37,0.87,0.01,0.12,0
3654792239,-0.7,-0.72,0.14,0.08,0.78,2
3691809420,-0.18,-0.97,0.94,0.01,0.05,0
3749646233,-0.18,0.14,0.06,0.7,0.24,1
3740388825,-0.22,0.47,0.03,0.9,0.08,1
3576606524,-0.47,-0.54,0.26,0.08,0.66,2
3559046464,-0.78,-0.76,0.08,0.13,0.79,2
3954360710,-1.41,0.75,0.0,1.0,0.0,1
4151554296,-0.16,-1.16,0.97,0.01,0.03,0
3927292705,-1.41,0.88,0.0,1.0,0.0,1
3953542841,-1.73,-1.13,0.01,0.87,0.12,2
3548341323,-1.7,-1.76,0.1,0.05,0.85,2
3568005617,-0.61,-0.23,0.03,0.78,0.18,1
3829863969,-0.21,0.98,0.01,0.96,0.02,1
3565252363,0.46,1.39,0.02,0.94,0.04,1
3657764601,-0.76,-0.63,0.05,0.43,0.52,2
3812243874,0.9,-0.33,0.96,0.01,0.02,0
3871871729,-1.42,-0.24,0.01,0.97,0.02,1
3728246220,-0.79,-0.78,0.09,0.11,0.8,2
3990802424,0.25,-0.25,0.85,0.04,0.11,0
3477340078,-0.19,-1.62,0.99,0.0,0.01,0
4097497577,0.41,-0.18,0.87,0.04,0.09,0
4199746767,-1.76,-1.8,0.09,0.06,0.86,0
4138400912,0.59,0.6,0.19,0.2,0.61,1
4234452082,-0.71,-0.75,0.16,0.08,0.77,2
4020622060,-0.7,-0.42,0.04,0.69,0.27,1
4213513260,-0.95,-1.15,0.56,0.04,0.41,0
3665371388,0.38,0.67,0.08,0.63,0.3,1
4055019143,-0.19,-0.17,0.14,0.17,0.69,1
3656453594,-0.69,-0.71,0.14,0.08,0.77,2
4271916856,-1.41,1.52,0.0,1.0,0.0,1
3795515352,-0.56,-0.51,0.08,0.21,0.71,0
3910640262,-1.32,1.1,0.0,1.0,0.0,1
4170788078,0.09,0.82,0.03,0.91,0.07,1
3687794551,-0.76,-0.77,0.11,0.09,0.81,2
3915132170,-0.75,-0.71,0.08,0.15,0.77,2
3956280770,-1.47,0.13,0.0,0.99,0.01,1
3768267378,-0.79,-0.8,0.1,0.09,0.81,2
3891921847,-0.19,-0.09,0.1,0.32,0.59,0
4108684618,-1.81,1.31,0.0,1.0,0.0,1
4039352019,-0.28,-0.52,0.63,0.05,0.32,2
4279320646,0.94,-0.05,0.94,0.02,0.04,2
3698219651,-0.26,1.05,0.01,0.97,0.02,1
3681683500,0.13,-0.66,0.93,0.02,0.05,0
4211559987,0.73,-0.16,0.93,0.02,0.05,0
3872864003,-0.07,1.98,0.0,0.99,0.0,1
4205926084,0.85,-0.56,0.98,0.01,0.02,0
3970829632,-0.24,-0.07,0.08,0.5,0.43,1
3784921473,-0.74,1.17,0.0,0.99,0.0,1
3878769738,-1.2,-0.57,0.01,0.89,0.1,1
4204614920,-0.89,-0.86,0.07,0.15,0.78,2
3834059049,-0.02,-0.26,0.58,0.07,0.35,0
3757897517,0.81,0.72,0.28,0.14,0.57,0
4039023591,-0.79,-0.78,0.09,0.11,0.8,2
4032277381,-0.66,0.61,0.01,0.97,0.02,1
3965979517,-0.02,0.26,0.07,0.64,0.29,0
4140781624,-0.75,-0.77,0.13,0.08,0.79,1
3709151547,0.71,-0.14,0.92,0.03,0.05,0
4009594178,-0.56,-0.63,0.25,0.07,0.68,0
3967640275,-0.18,-0.2,0.17,0.13,0.69,2
3735918262,0.44,2.28,0.0,0.99,0.0,1
3579566556,-1.52,0.33,0.0,0.99,0.0,1
4217960996,-1.27,-0.6,0.01,0.9,0.09,1
3985949557,-0.81,0.1,0.01,0.94,0.04,1
4130444697,-0.16,0.11,0.06,0.64,0.3,0
4104847949,-0.8,-0.84,0.15,0.07,0.78,2
3940887904,2.94,0.09,1.0,0.0,0.0,0
3878988663,0.45,-1.37,0.99,0.0,0.0,0
4280797124,0.74,0.5,0.49,0.12,0.39,0
4103967893,-1.32,1.81,0.0,1.0,0.0,1
3658286797,-0.37,-0.38,0.15,0.11,0.74,1
3859968358,-0.86,-0.17,0.02,0.91,0.07,1
3872507980,-0.25,-0.48,0.61,0.06,0.33,0
3551545990,-0.7,-1.64,0.97,0.0,0.02,0
3547470330,0.4,-0.37,0.92,0.02,0.06,0
3788920085,-0.72,-0.71,0.09,0.12,0.79,2
3495620669,0.2,-1.25,0.99,0.0,0.01,0
3493341899,-0.2,-0.45,0.64,0.06,0.3,0
4015710648,-0.0,1.3,0.01,0.97,0.02,1
4232134892,0.08,-0.92,0.96,0.01,0.03,0
4019522693,-1.62,-1.52,0.04,0.26,0.7,1
4165975140,-0.54,-0.38,0.06,0.49,0.45,2
3458237630,-0.81,0.31,0.01,0.96,0.03,1
4287338112,0.59,-0.13,0.9,0.03,0.07,0
4130164025,-0.53,-0.49,0.09,0.17,0.73,0
4114599565,-0.91,-0.81,0.05,0.33,0.61,2
3447301271,0.11,-0.54,0.9,0.02,0.07,0
4243595775,-1.13,-1.02,0.05,0.36,0.59,2
3452419575,0.5,0.43,0.26,0.15,0.59,2
3871937256,-0.52,-0.45,0.08,0.26,0.66,1
3589456211,-1.21,0.36,0.0,0.99,0.01,1
4293543403,-0.82,-0.89,0.23,0.06,0.71,2
3673743930,1.3,1.13,0.35,0.12,0.53,0
3995730392,0.59,0.39,0.42,0.13,0.46,2
4055368131,-1.18,1.41,0.0,1.0,0.0,1
3947778976,1.07,1.99,0.02,0.95,0.04,1
3653428406,-0.26,-0.41,0.44,0.07,0.48,0
3779510200,-1.16,-0.38,0.01,0.93,0.06,1
3786568837,-0.26,-0.51,0.65,0.05,0.3,0
3461584013,1.79,0.52,0.96,0.02,0.02,0
4048193911,0.19,0.42,0.09,0.53,0.38,2
3966001042,-0.8,-0.78,0.08,0.12,0.8,2
3893927683,0.3,0.44,0.12,0.35,0.53,1
3952124164,-0.65,-0.42,0.05,0.62,0.33,2
4273071664,0.49,-0.04,0.85,0.04,0.11,2
3680563722,-0.71,0.63,0.01,0.97,0.02,1
3764905091,0.84,0.85,0.19,0.2,0.61,0
4210933969,-1.67,-1.61,0.05,0.16,0.79,2
3708273287,-0.92,0.23,0.01,0.97,0.02,1
4229455167,-0.13,-0.38,0.63,0.06,0.31,0
3716931328,-0.38,-0.14,0.06,0.63,0.31,1
3814469033,-0.71,1.7,0.0,1.0,0.0,1
4141231081,-1.3,1.78,0.0,1.0,0.0,1
3980876723,-0.99,-1.16,0.49,0.04,0.47,0
4015028684,-0.22,-1.23,0.97,0.01,0.03,0
3814245107,-0.85,-0.84,0.09,0.1,0.81,2
4152583604,0.62,0.34,0.56,0.11,0.34,0
4175305822,-0.5,-0.44,0.09,0.21,0.7,2
3644124704,-0.11,-1.24,0.98,0.0,0.02,0
3649348988,-0.8,-0.79,0.09,0.1,0.81,1
3828865324,-0.57,-0.61,0.19,0.08,0.73,1
3506629837,-0.99,-0.05,0.01,0.95,0.04,1
3578552320,-0.74,-0.71,0.08,0.14,0.78,2
4213513434,0.42,0.7,0.08,0.61,0.31,1
4032308884,-0.82,0.06,0.01,0.94,0.04,1
3663922097,-0.84,-1.01,0.49,0.04,0.46,2
4134691583,1.77,-0.8,1.0,0.0,0.0,0
4051770283,-0.77,-0.76,0.09,0.12,0.8,2
3529269016,1.77,-1.02,1.0,0.0,0.0,0
3557140386,-0.97,-0.65,0.03,0.74,0.23,1
4203159050,-0.97,-0.9,0.06,0.22,0.72,2
4035872072,-0.79,-0.85,0.2,0.07,0.73,2
3777684179,-1.47,-1.61,0.29,0.04,0.67,2
4001547867,-0.75,-0.84,0.31,0.06,0.63,2
4202272395,-0.57,-1.42,0.96,0.01,0.03,0
3580682735,-0.74,-0.18,0.02,0.87,0.1,1
3676044983,-0.02,-0.03,0.18,0.16,0.66,2
3550934056,-0.81,-0.79,0.08,0.11,0.8,1
4090534886,-1.34,0.2,0.0,0.99,0.01,1
3469696531,-1.98,1.01,0.0,1.0,0.0,1
3669580463,0.34,-1.3,0.99,0.0,0.01,0
4111595641,-0.26,-1.35,0.98,0.0,0.02,0
3626046703,-0.41,-0.04,0.04,0.77,0.19,1
4222815897,-0.0,1.49,0.01,0.98,0.01,1
4012657541,-0.84,-0.79,0.07,0.18,0.75,1
4273695866,-0.76,-0.77,0.11,0.09,0.81,0
3972856548,-0.11,0.47,0.03,0.87,0.1,1
3749019136,-0.77,-0.78,0.12,0.08,0.8,0
3545828003,0.02,-1.38,0.99,0.0,0.01,0
3942266226,-1.72,-1.68,0.05,0.12,0.83,1
3928046501,-0.43,-1.02,0.91,0.01,0.08,0
4203500866,-1.0,-0.37,0.02,0.89,0.09,1
4262136455,-0.51,-0.51,0.12,0.11,0.77,2
4149263032,-0.85,-0.86,0.1,0.08,0.82,2
4004024340,0.47,-0.71,0.97,0.01,0.02,2
4044500451,-0.44,-0.33,0.08,0.35,0.58,1
4101012217,-1.28,0.61,0.0,0.99,0.0,1
3664816008,0.85,2.34,0.01,0.98,0.01,1
3612159425,0.71,-0.27,0.94,0.02,0.04,0
3712618783,-0.91,-0.49,0.02,0.81,0.17,1
3655647151,-0.36,-0.8,0.86,0.02,0.12,0
3812461967,-0.1,-0.8,0.93,0.01,0.06,0
3746040845,-0.85,-0.87,0.11,0.08,0.81,2
4256179369,-0.71,1.33,0.0,0.99,0.0,1
4162528555,0.39,-0.31,0.9,0.03,0.07,0
3656133031,1.66,0.22,0.97,0.01,0.02,0
4166166502,-1.05,-1.14,0.27,0.05,0.68,2
3869668228,-0.85,-0.85,0.09,0.09,0.82,2
3533284460,-0.93,0.33,0.01,0.97,0.02,1
4007339725,1.17,0.19,0.93,0.02,0.04,0
3581035746,-1.15,-1.35,0.51,0.03,0.46,1
4045386444,-1.14,0.77,0.0,0.99,0.0,1
4106551309,0.95,0.59,0.66,0.09,0.25,0
3740545611,-1.23,1.59,0.0,1.0,0.0,1
3624316155,-0.21,-0.38,0.47,0.07,0.46,0
4014219776,-0.43,-0.71,0.73,0.04,0.23,0
4281803689,0.38,-0.92,0.98,0.01,0.01,0
3443213488,-1.0,-0.86,0.04,0.44,0.52,2
4085769270,-1.43,0.89,0.0,1.0,0.0,1
4205408166,-0.86,0.61,0.01,0.98,0.01,1
3565172687,0.95,-1.74,1.0,0.0,0.0,0
3542163502,-0.45,-1.28,0.96,0.01,0.04,0
4261316605,-0.33,-0.84,0.88,0.02,0.1,0
3987211678,-0.65,-0.68,0.16,0.08,0.76,0
3554788811,-0.89,-0.41,0.02,0.84,0.14,1
3963023130,-0.38,-0.46,0.29,0.08,0.62,0
3906854254,0.28,0.49,0.1,0.49,0.41,1
3736274800,-1.33,0.17,0.0,0.98,0.01,1
3816957113,-0.53,-0.55,0.16,0.09,0.75,2
4164422800,-0.81,-0.89,0.25,0.06,0.68,2
3836818576,-0.78,-0.76,0.08,0.13,0.79,1
4178779416,-1.48,0.54,0.0,0.99,0.0,1
4198991505,-1.04,-1.12,0.25,0.06,0.7,1
3830645223,-0.77,-0.76,0.09,0.12,0.8,1
3894145446,2.69,1.09,0.98,0.01,0.01,0
3593314171,-1.01,-0.99,0.07,0.11,0.81,2
3973578664,-0.89,-0.91,0.12,0.08,0.8,2
4225093378,-0.64,-0.66,0.15,0.08,0.77,2
4186640350,0.58,0.89,0.08,0.64,0.29,1
3506158326,0.21,-1.44,0.99,0.0,0.01,0
4126006585,-1.25,1.76,0.0,1.0,0.0,1
3724066854,0.33,1.41,0.01,0.96,0.03,1
3598399803,-1.18,-0.93,0.03,0.66,0.31,2
3446143835,-1.05,2.31,0.0,1.0,0.0,1
3832122807,-1.22,-1.11,0.05,0.33,0.62,2
4040574899,-1.35,-1.09,0.03,0.65,0.32,1
3864199963,-0.71,0.73,0.01,0.98,0.01,1
3663973000,-1.88,-1.88,0.06,0.08,0.86,2
3837487706,-1.15,-1.18,0.12,0.07,0.82,0
3869847223,-0.54,-1.45,0.97,0.0,0.03,0
4104796310,-1.27,-0.05,0.01,0.97,0.02,1
4013130581,-0.69,-0.72,0.16,0.08,0.76,2
3767642004,-0.58,-0.6,0.14,0.09,0.77,2
3716859929,1.02,0.52,0.81,0.06,0.13,0
3921412235,-0.19,-0.16,0.13,0.18,0.69,1
4108135172,-1.0,-0.99,0.08,0.1,0.82,2
3844493476,-0.79,-0.77,0.08,0.14,0.78,2
3978921591,0.46,-0.38,0.93,0.02,0.05,0
3589410058,-0.89,-0.95,0.21,0.06,0.73,2
4262902523,-0.4,-0.5,0.36,0.07,0.57,0
3582973489,-0.57,-0.58,0.12,0.1,0.78,0
3852629309,-0.46,-0.42,0.1,0.17,0.73,2
3690021948,-0.61,-0.54,0.08,0.25,0.68,2
3853854371,-0.03,-0.07,0.21,0.13,0.66,2
3585995655,0.56,-1.04,0.99,0.0,0.01,0
3683066810,-1.5,-1.43,0.05,0.19,0.76,2
3906776778,1.32,0.28,0.94,0.02,0.04,0
3999649677,0.91,0.52,0.71,0.08,0.21,0
3925534792,-0.71,-0.71,0.1,0.1,0.8,2
3857995397,-0.68,-0.7,0.13,0.09,0.78,0
3658319941,-0.71,-0.26,0.03,0.83,0.15,1
3579962041,0.22,-0.91,0.97,0.01,0.02,0
4287543332,-0.84,-0.8,0.07,0.17,0.76,2
3857497094,-0.08,-0.06,0.14,0.19,0.67,2
4135713978,0.31,1.25,0.02,0.94,0.04,1
4011773200,-0.82,-0.81,0.09,0.1,0.81,2
3457902116,-0.98,-1.07,0.27,0.06,0.68,0
3818266273,0.6,1.55,0.02,0.95,0.04,1
3596215560,-1.48,-0.22,0.01,0.98,0.02,1
4094540335,-1.37,-1.49,0.28,0.04,0.67,0
3531153677,0.9,-1.49,1.0,0.0,0.0,0
4244054400,-0.95,-1.67,0.95,0.0,0.05,0
3849443204,-0.72,-0.71,0.09,0.12,0.79,2
4286865889,-0.65,1.6,0.0,1.0,0.0,1
3862684171,-0.88,-0.89,0.11,0.08,0.81,2
3708767663,-0.76,-1.42,0.93,0.01,0.06,0
3768538518,0.18,-0.43,0.89,0.03,0.08,0
3491535422,-0.38,-0.45,0.25,0.08,0.66,2
3756445148,0.4,1.5,0.01,0.96,0.03,1
4193318395,-0.5,-0.16,0.04,0.75,0.21,1
3892205199,0.42,-1.0,0.98,0.0,0.01,0
3813220812,-0.13,1.98,0.0,0.99,0.0,1
3679979952,-0.99,-0.97,0.07,0.11,0.81,2
4272662512,0.82,-0.72,0.98,0.0,0.01,0
3944975013,-0.43,-0.46,0.17,0.09,0.73,0
3470119711,-0.13,0.44,0.03,0.87,0.1,1
4263965264,-0.5,1.26,0.0,0.99,0.01,1
3979861431,2.39,-1.55,1.0,0.0,0.0,0
4174948918,-0.8,-0.8,0.09,0.09,0.82,2
3985572735,0.6,0.67,0.14,0.25,0.61,2
3470823365,-0.8,-1.13,0.78,0.02,0.19,0
3453845272,-0.08,-0.13,0.22,0.12,0.67,2
3564520775,-0.14,-0.46,0.74,0.05,0.21,1
3840539711,-0.13,-0.44,0.73,0.05,0.22,0
3998793248,-0.94,-1.38,0.85,0.01,0.13,0
3602600687,-0.84,-0.84,0.09,0.09,0.82,2
3542680583,-0.81,-0.79,0.08,0.11,0.8,2
3725974457,0.56,-0.47,0.95,0.01,0.03,0
4224707626,-0.88,-1.1,0.62,0.03,0.34,2
3872559850,-0.34,-0.88,0.89,0.02,0.09,0
4076376295,-0.92,-1.2,0.7,0.03,0.27,2
3621954905,-0.72,-0.69,0.08,0.15,0.76,2
3980251555,0.49,0.71,0.1,0.49,0.41,1
4159948020,-0.41,-0.4,0.12,0.13,0.75,2
3754786150,-1.07,1.67,0.0,1.0,0.0,1
3562045018,1.6,0.94,0.88,0.04,0.08,0
3763700560,-0.78,-0.81,0.14,0.08,0.79,2
3638765015,0.55,-1.3,0.99,0.0,0.0,0
3763184161,-0.74,-0.47,0.04,0.69,0.27,1
3519710367,-0.88,-0.44,0.02,0.82,0.16,2
3682303914,0.89,2.28,0.01,0.98,0.01,1
4097780779,0.95,2.81,0.0,0.99,0.0,1
4253743033,-1.72,-1.73,0.08,0.07,0.86,2
4288290528,-0.71,2.03,0.0,1.0,0.0,1
3807018253,-0.2,-0.16,0.12,0.2,0.68,1
3731408340,-0.03,-1.42,0.99,0.0,0.01,0
3738243442,-0.75,-1.53,0.95,0.01,0.04,0
3775293538,1.35,-1.05,1.0,0.0,0.0,0
3947668438,2.52,2.5,0.2,0.14,0.66,2
3926745317,0.34,0.67,0.07,0.67,0.26,0
4196104333,1.84,0.16,0.98,0.01,0.01,0
4070292061,0.05,-0.82,0.95,0.01,0.04,0
3811484485,-0.72,-0.72,0.1,0.1,0.81,2
3499395985,0.08,-0.75,0.94,0.01,0.05,0
3770628473,-0.89,1.98,0.0,1.0,0.0,1
3962425556,-0.28,-0.27,0.14,0.15,0.71,2
3586016393,-1.25,-1.58,0.7,0.02,0.28,0
3913746907,-0.86,-0.9,0.16,0.07,0.77,2
3902857699,-0.13,0.74,0.02,0.93,0.05,1
4198839115,-0.69,-1.3,0.92,0.01,0.07,0
4279394335,-0.27,-1.34,0.98,0.0,0.02,0
4139612279,0.66,1.61,0.02,0.95,0.04,1
4113979630,-0.78,-0.19,0.02,0.88,0.1,1
4114230697,-1.31,-1.38,0.16,0.05,0.79,2
3795001888,-0.87,-0.84,0.08,0.14,0.78,2
4163070523,-1.67,-1.7,0.08,0.06,0.85,2
3465763279,-0.82,-0.82,0.09,0.09,0.82,2
3533628107,0.19,0.33,0.11,0.37,0.51,1
3516935728,-0.82,-0.75,0.07,0.23,0.71,2
4030745270,-1.06,0.89,0.0,0.99,0.0,1
3905407937,-2.03,2.34,0.0,1.0,0.0,1
4017811696,1.6,1.16,0.75,0.07,0.18,0
4047985431,-0.72,-1.21,0.88,0.01,0.1,0
3741690540,-0.93,-0.91,0.08,0.11,0.81,1
3477376193,1.58,-1.67,1.0,0.0,0.0,0
4093529631,-0.77,-0.82,0.17,0.07,0.76,0
3816446468,0.43,-1.0,0.98,0.0,0.01,0
3632729187,1.06,-1.55,1.0,0.0,0.0,0
4039797566,-0.41,-0.45,0.21,0.09,0.7,0
3632177473,-0.85,-0.77,0.06,0.28,0.66,2
3455447456,-0.78,0.37,0.01,0.97,0.02,1
3552336859,-0.2,-0.2,0.15,0.15,0.7,1
3578415196,1.2,-0.56,0.99,0.0,0.01,0
4253855217,1.02,1.77,0.02,0.92,0.06,1
4167466838,-0.58,0.61,0.01,0.97,0.02,1
3529743324,-1.69,0.63,0.0,1.0,0.0,1
4183098708,-0.32,-0.13,0.07,0.55,0.39,2
3774524045,-0.8,-0.84,0.16,0.07,0.76,2
3541674411,-0.71,-0.74,0.14,0.08,0.78,0
3572990107,0.55,-0.99,0.99,0.0,0.01,0
3894209729,1.35,0.95,0.7,0.08,0.21,0
3710839179,-2.05,0.73,0.0,1.0,0.0,1
3686910324,1.25,-0.85,0.99,0.0,0.0,0
4046891963,0.68,-1.28,1.0,0.0,0.0,0
4265825667,0.5,0.88,0.06,0.71,0.22,0
4214785258,0.21,0.37,0.11,0.4,0.49,1
4203226639,1.16,0.62,0.82,0.06,0.12,0
3592760883,-0.77,-0.75,0.09,0.12,0.8,2
3795027446,-0.47,-0.82,0.8,0.03,0.17,0
3875582441,-0.67,-0.71,0.16,0.08,0.76,2
3591643229,1.08,-0.16,0.96,0.01,0.03,0
4258667494,1.73,-1.08,1.0,0.0,0.0,0
4221854008,-1.39,1.52,0.0,1.0,0.0,1
4225571345,0.87,-1.21,1.0,0.0,0.0,0
3502351809,-0.8,-0.82,0.11,0.08,0.8,2
3608345791,2.08,-0.67,1.0,0.0,0.0,0
4016133108,-0.81,-0.26,0.02,0.86,0.11,1
3914659752,-0.8,-0.84,0.16,0.07,0.76,2
3439736187,-0.86,-0.84,0.08,0.13,0.79,2
3727470635,0.66,-1.18,0.99,0.0,0.0,0
4120549802,-1.06,-1.04,0.07,0.12,0.81,2
3855682779,-0.1,-0.23,0.37,0.09,0.54,0
3515462803,0.31,0.79,0.04,0.81,0.15,1
3833734559,1.04,-0.34,0.97,0.01,0.02,0
3777889204,-0.72,-0.7,0.09,0.13,0.78,2
3529469352,-1.33,-0.65,0.01,0.9,0.09,1
3964352885,-1.4,-1.24,0.04,0.45,0.52,2
3801226297,-1.11,0.64,0.0,0.99,0.01,1
3778570114,-0.88,-0.86,0.08,0.11,0.81,2
3658380911,-1.23,0.64,0.0,0.99,0.0,1
4126503902,0.07,-1.26,0.99,0.0,0.01,0
3781128862,-0.84,-0.84,0.09,0.09,0.82,2
3502029779,-0.04,-1.61,0.99,0.0,0.01,0
3531128301,-0.44,-0.59,0.49,0.06,0.45,2
3995239933,-1.05,-0.76,0.03,0.71,0.26,2
3772225675,-1.32,0.86,0.0,1.0,0.0,1
4102693162,-0.61,-0.58,0.09,0.16,0.75,0
3636203216,1.42,-1.56,1.0,0.0,0.0,0
3539479174,-0.13,0.2,0.06,0.7,0.24,1
4229729456,0.3,-0.66,0.95,0.01,0.04,0
4165843200,-1.23,-1.13,0.05,0.28,0.67,1
3585151291,0.71,-1.05,0.99,0.0,0.01,0
3691742633,0.33,-0.08,0.78,0.05,0.16,2
3457190307,-0.74,-0.73,0.09,0.11,0.8,2
4109605714,-0.69,-0.98,0.76,0.03,0.21,0
4024571839,-0.71,-0.84,0.4,0.05,0.54,0
4097135081,-0.88,-0.84,0.08,0.14,0.78,2
4278482422,-0.28,-0.23,0.11,0.18,0.7,0
3726276320,-0.71,-0.61,0.06,0.32,0.62,1
3448402950,-0.81,-0.79,0.08,0.11,0.8,2
4230621637,1.27,0.41,0.92,0.03,0.05,0
3515422739,-0.51,1.73,0.0,1.0,0.0,1
4068819961,-0.9,-0.86,0.07,0.16,0.77,2
3653689283,1.13,-0.24,0.97,0.01,0.02,0
4166070957,-0.41,-0.4,0.13,0.12,0.75,2
3514203886,-0.95,0.37,0.01,0.98,0.02,1
3946672326,-0.77,-0.6,0.04,0.54,0.41,1
4074145000,-0.43,-0.2,0.06,0.61,0.33,1
3583879258,1.44,0.32,0.95,0.02,0.03,0
4053489776,-0.89,-0.5,0.03,0.79,0.18,1
3827797064,-0.98,-0.91,0.06,0.23,0.71,2
4017092489,-1.2,-0.36,0.01,0.94,0.05,1
4260360143,-0.75,-0.73,0.09,0.12,0.79,2
3623477408,-1.54,0.36,0.0,0.99,0.0,1
4103012153,0.39,-0.88,0.98,0.01,0.02,0
4119202219,-0.61,-0.66,0.23,0.07,0.7,2
3653967389,-0.22,0.37,0.03,0.87,0.1,1
3943716101,0.36,-0.54,0.94,0.02,0.04,0
3857960705,-0.9,-0.88,0.08,0.13,0.79,2
4286061858,1.15,-0.13,0.96,0.01,0.02,0
4168863051,-1.18,-0.51,0.01,0.9,0.09,2
3954008459,0.5,-1.09,0.99,0.0,0.01,0
3468095833,-0.61,-0.59,0.1,0.13,0.78,1
3475113472,2.34,0.52,0.99,0.01,0.01,0
4060273501,-1.1,0.43,0.01,0.98,0.01,1
4037771306,-1.34,0.15,0.0,0.98,0.01,1
4064505549,-1.16,0.09,0.01,0.97,0.02,1
3791645517,1.07,-0.22,0.97,0.01,0.02,0
3471031525,0.01,0.03,0.16,0.19,0.65,2
3861098115,-0.68,-0.48,0.05,0.59,0.36,1
3488431031,-1.15,1.48,0.0,1.0,0.0,1
3456042958,-0.34,0.72,0.02,0.95,0.03,1
4157553702,1.95,-0.72,1.0,0.0,0.0,0
4268139529,-0.54,-0.25,0.04,0.7,0.25,1
3542067151,-0.84,-0.86,0.11,0.08,0.81,2
3517791161,-1.64,-0.03,0.0,0.99,0.01,1
3594041353,1.01,-0.88,0.99,0.0,0.01,0
3921461538,-0.8,-0.66,0.05,0.45,0.5,2
3962018596,0.22,0.35,0.12,0.34,0.54,1
3746035738,-1.34,1.51,0.0,1.0,0.0,1
3785152761,-0.64,-0.63,0.1,0.11,0.79,2
4083891437,-0.74,-0.72,0.09,0.12,0.79,2
3918026450,-0.62,-0.61,0.1,0.11,0.79,2
4076774888,0.52,-1.41,1.0,0.0,0.0,0
3717360871,-0.12,-0.27,0.4,0.08,0.51,2
3960789574,0.57,-1.59,1.0,0.0,0.0,0
4035218664,1.34,-0.32,0.98,0.01,0.01,0
3623548267,-0.8,-0.82,0.13,0.08,0.79,2
3554330500,0.4,-1.55,1.0,0.0,0.0,0
3437322600,1.83,-1.4,1.0,0.0,0.0,0
3981129808,-0.84,-0.84,0.09,0.1,0.81,2
3538441044,1.55,2.41,0.02,0.94,0.04,1
4280738114,0.05,0.07,0.17,0.19,0.64,2
3881725639,-0.21,-1.13,0.96,0.01,0.03,0
4101281465,-1.02,0.25,0.01,0.97,0.02,1
3795313370,-0.58,1.3,0.0,0.99,0.0,1
3469785455,-1.33,-1.41,0.21,0.05,0.74,1
3632016896,1.51,1.14,0.66,0.09,0.25,0
4032881709,-0.66,-1.04,0.82,0.02,0.16,2
4157271433,-0.47,-0.47,0.12,0.12,0.76,1
3990414177,-0.82,-0.8,0.08,0.13,0.79,1
3572446349,1.01,-0.72,0.99,0.0,0.01,0
4282334381,-0.84,-0.81,0.08,0.15,0.78,1
3454488312,-0.57,-0.38,0.05,0.58,0.37,1
3691060514,1.43,0.27,0.95,0.02,0.03,0
3899851345,-0.82,-0.82,0.09,0.1,0.81,2
3962114279,-0.98,-0.59,0.02,0.79,0.18,1
3522252737,-1.28,-1.04,0.03,0.63,0.34,1
3576085105,-0.79,-0.77,0.08,0.12,0.79,2
3611929103,-0.75,-0.73,0.09,0.12,0.79,2
3527789903,-0.85,-0.77,0.06,0.28,0.66,1
4123668526,-0.68,-0.67,0.1,0.11,0.8,2
4143194920,-1.3,1.63,0.0,1.0,0.0,1
4294656694,-0.74,-0.77,0.15,0.08,0.78,0
3438082393,-0.06,-0.0,0.12,0.23,0.65,1
4014630119,0.72,-1.09,0.99,0.0,0.01,0
3923275523,-0.68,2.16,0.0,1.0,0.0,1
3770878800,-0.82,-0.82,0.09,0.1,0.81,1
3483181144,-1.58,-0.21,0.0,0.98,0.01,1
4270208921,1.09,0.3,0.9,0.03,0.06,0
3535895975,-0.69,-0.71,0.13,0.09,0.79,2
4042303215,0.13,0.39,0.08,0.59,0.33,1
3771265728,-1.7,-1.73,0.09,0.06,0.85,2
3574703778,-0.19,-1.14,0.96,0.01,0.03,0
3675501526,0.44,-0.85,0.98,0.01,0.02,0
4246239046,-0.77,-0.76,0.09,0.12,0.8,2
3549744784,1.58,-0.71,1.0,0.0,0.0,0
4034212441,-0.19,-0.53,0.78,0.04,0.18,0
3535496583,-0.47,-0.51,0.19,0.09,0.72,2
3437865377,-0.37,-0.38,0.14,0.12,0.74,2
3886214841,-0.82,-0.73,0.06,0.29,0.65,0
3660513949,-0.37,-0.37,0.14,0.12,0.74,2
3563580556,-0.35,-0.35,0.14,0.12,0.73,1
3749932508,-0.61,1.59,0.0,1.0,0.0,1
3914060655,0.68,1.84,0.01,0.97,0.02,1
3653316916,2.34,0.22,0.99,0.0,0.0,0
4163825007,1.9,2.14,0.1,0.5,0.4,0
3645552483,-1.34,-1.32,0.07,0.1,0.83,2
4207608715,-0.81,-0.02,0.02,0.93,0.05,1
3922362241,0.39,-0.17,0.86,0.04,0.1,0
3884342165,-0.55,-0.86,0.77,0.03,0.2,0
3683184042,0.11,-1.12,0.98,0.0,0.02,0
4142344572,-0.89,-0.92,0.12,0.08,0.8,0
3924525925,-1.16,-0.92,0.03,0.65,0.32,1
4060584450,-0.33,-0.38,0.22,0.09,0.69,0
3924495914,-0.72,-0.74,0.13,0.08,0.79,2
3894820669,-1.02,0.11,0.01,0.97,0.02,1
4276171493,-0.29,-0.64,0.79,0.03,0.17,0
4161922183,-0.57,-0.95,0.83,0.02,0.15,0
3990478981,2.25,-0.42,1.0,0.0,0.0,0
3554843249,-0.97,-0.98,0.1,0.08,0.82,2
4082472423,-0.97,-1.27,0.73,0.02,0.25,2
3806497364,0.04,0.04,0.18,0.17,0.65,1
4118304709,1.66,-1.12,1.0,0.0,0.0,0
3606104732,-0.85,-0.81,0.07,0.17,0.76,2
3962719269,-0.94,-1.11,0.49,0.04,0.47,0
4103337351,0.95,0.82,0.33,0.14,0.53,2
4115127058,-0.45,-0.47,0.15,0.1,0.75,2
3548769648,-0.39,0.94,0.01,0.97,0.02,1
3905956558,0.29,-1.14,0.99,0.0,0.01,0
4152076785,0.38,-1.52,1.0,0.0,0.0,0
3982103788,0.54,-1.3,0.99,0.0,0.0,0
3565303537,-0.28,0.04,0.05,0.71,0.24,2
4107517082,-1.21,0.03,0.01,0.97,0.02,1
3891104479,-0.82,-0.07,0.02,0.92,0.06,1
4005576827,-1.37,-1.15,0.03,0.58,0.39,0
4167987440,-0.89,-0.9,0.11,0.08,0.81,2
3582293437,1.09,1.06,0.22,0.16,0.61,2
3630881078,1.54,-1.34,1.0,0.0,0.0,0
4139140271,-0.66,-0.67,0.11,0.09,0.79,2
3710814731,2.0,0.25,0.99,0.01,0.01,0
3530819607,-0.75,-0.77,0.12,0.08,0.8,0
3815090319,0.03,-0.62,0.91,0.02,0.07,0
3995192144,-0.7,0.31,0.01,0.95,0.03,1
4243287349,-0.51,1.34,0.0,0.99,0.01,1
3779779328,0.46,-1.83,1.0,0.0,0.0,0
3728637176,0.13,-0.67,0.94,0.02,0.05,0
3712004428,-0.87,-1.09,0.61,0.03,0.35,0
4256557356,-0.05,-0.64,0.9,0.02,0.08,0
3941460572,-0.28,-0.31,0.17,0.11,0.72,0
4192691058,-1.11,0.52,0.0,0.99,0.01,1
3451446350,-0.01,-0.65,0.91,0.02,0.07,0
3856656559,-0.19,-0.97,0.94,0.01,0.05,0
3539567602,-1.76,-1.45,0.02,0.64,0.33,2
4183613999,0.17,1.4,0.01,0.97,0.02,1
4254014246,0.73,-0.84,0.99,0.0,0.01,0
3836056779,-0.76,-0.8,0.17,0.07,0.76,2
4009800075,-0.17,0.53,0.03,0.9,0.07,2
4286405509,-1.55,-1.84,0.56,0.02,0.42,2
3869324588,-0.16,-0.19,0.19,0.12,0.69,2
4270483798,-0.67,-0.76,0.3,0.06,0.64,0
4102068466,-0.8,-0.78,0.08,0.12,0.8,1
3930379932,-0.76,-0.82,0.21,0.07,0.73,2
3520300121,-0.22,0.58,0.02,0.92,0.06,1
4131135985,-0.95,-1.54,0.91,0.01,0.08,0
4145630811,0.75,1.07,0.08,0.63,0.29,2
3956996196,2.36,2.34,0.2,0.14,0.66,2
3619368933,-0.74,-0.54,0.04,0.6,0.36,1
4247203258,-0.71,-0.73,0.12,0.09,0.79,2
4093550403,0.14,0.71,0.03,0.86,0.1,1
3763331210,-0.74,-1.13,0.83,0.02,0.15,0
3887647165,-1.47,-1.47,0.08,0.08,0.84,2
3735560557,-1.14,0.28,0.01,0.98,0.01,1
4250851020,-0.56,-0.61,0.19,0.08,0.73,1
4127711303,-0.86,0.56,0.01,0.98,0.01,1
3853131435,0.62,0.18,0.78,0.06,0.16,2
3590327782,-0.54,-0.71,0.54,0.05,0.41,0
4149177705,0.04,0.42,0.06,0.73,0.21,1
3950226447,-0.86,-0.77,0.06,0.28,0.66,2
4002975472,0.51,0.01,0.83,0.05,0.12,0
3948397250,0.04,-1.2,0.98,0.0,0.01,0
4043553788,-1.63,2.69,0.0,1.0,0.0,1
4068649282,-1.03,0.16,0.01,0.97,0.02,1
3628550994,-1.2,0.18,0.01,0.98,0.01,1
3470375045,0.3,-0.25,0.87,0.04,0.1,0
4291600110,0.13,-0.28,0.81,0.05,0.15,0
4008413081,-1.24,2.78,0.0,1.0,0.0,1
3544841510,-0.71,0.65,0.01,0.98,0.02,1
3683616020,-0.6,-0.61,0.13,0.09,0.78,2
3632253928,1.03,-1.45,1.0,0.0,0.0,0
3988889778,-0.6,-1.0,0.84,0.02,0.14,0
3843665534,-0.81,-0.79,0.08,0.11,0.8,2
3862080803,-0.92,-0.91,0.08,0.1,0.82,2
3500124860,-0.63,-0.63,0.11,0.1,0.79,2
3726666602,0.33,-0.33,0.9,0.03,0.07,0
4293086442,0.29,-0.32,0.88,0.03,0.09,0
4218722664,0.68,-1.44,1.0,0.0,0.0,0
3507156617,0.52,-1.3,0.99,0.0,0.0,0
3804894537,-0.38,-0.7,0.78,0.03,0.18,2
4067564939,0.82,0.47,0.66,0.09,0.24,0
3682238382,0.9,-0.74,0.99,0.0,0.01,0
4279209684,2.03,0.35,0.98,0.01,0.01,0
3946896001,0.18,0.36,0.1,0.44,0.45,1
3950955237,-0.78,-0.81,0.14,0.08,0.79,2
3912979586,2.02,-1.62,1.0,0.0,0.0,0
3934163583,0.01,0.08,0.13,0.25,0.63,2
4216093509,-0.94,-0.86,0.06,0.25,0.69,2
4066946516,-0.35,-0.66,0.76,0.04,0.2,0
3596857246,1.45,-0.84,1.0,0.0,0.0,0
4135529116,-0.89,-0.87,0.08,0.12,0.8,2
3978698006,-0.06,0.02,0.12,0.27,0.62,0
4218005059,-0.82,-0.79,0.08,0.13,0.79,2
4120965643,-0.75,-0.76,0.11,0.09,0.8,0
4199915994,1.98,1.61,0.67,0.08,0.25,2
4143415875,-0.75,-0.01,0.02,0.92,0.06,1
4223340612,-1.2,-0.17,0.01,0.96,0.03,1
3721838525,-0.01,0.57,0.03,0.86,0.1,1
3459892297,-0.8,-0.8,0.09,0.09,0.82,2
4053798785,0.28,1.9,0.01,0.99,0.01,1
4106386335,-0.89,-0.88,0.08,0.12,0.8,2
3907234051,-1.09,-1.15,0.18,0.06,0.76,0
4265282380,-0.57,-0.57,0.11,0.11,0.78,2
3827775193,-1.27,-0.74,0.02,0.85,0.13,1
3979136091,-0.91,-0.45,0.02,0.83,0.15,1
3555665795,0.03,1.34,0.01,0.97,0.02,1
4287127543,-0.85,-0.8,0.07,0.18,0.75,2
3657400672,-0.92,-0.93,0.1,0.08,0.82,2
3867366441,-0.6,-1.04,0.86,0.02,0.12,0
3458927301,-0.69,-0.16,0.02,0.86,0.11,1
4241948896,-0.79,-0.76,0.08,0.15,0.77,2
3505269218,1.55,-2.05,1.0,0.0,0.0,0
3624662571,0.73,-0.86,0.99,0.0,0.01,0
3759767372,-0.84,-0.87,0.12,0.08,0.8,2
3934728931,-0.88,-0.45,0.03,0.81,0.16,2
3581811864,-0.09,0.82,0.02,0.94,0.04,2
3526792037,-0.32,-0.45,0.41,0.07,0.52,2
3863473349,-0.13,-1.02,0.96,0.01,0.04,0
3606250816,-0.77,-0.69,0.06,0.26,0.67,2
3445719227,-1.36,0.29,0.0,0.99,0.01,1
3963051818,-0.73,0.56,0.01,0.97,0.02,1
3814886800,-0.91,1.16,0.0,0.99,0.0,1
3526902752,-0.82,-0.84,0.13,0.08,0.79,2
4238728244,-1.2,-1.27,0.19,0.05,0.76,1
3825558361,-0.47,-1.17,0.94,0.01,0.05,0
3962495380,0.85,-0.15,0.94,0.02,0.04,0
4165765810,-0.87,-0.85,0.08,0.11,0.81,2
4008818765,-1.4,0.49,0.0,0.99,0.0,1
3477955748,-0.78,-0.75,0.08,0.14,0.78,2
4138616575,-0.84,0.03,0.01,0.94,0.04,1
4155322269,-0.85,-0.87,0.11,0.08,0.81,2
3808010900,-0.89,-0.91,0.12,0.08,0.8,2
3917860080,-1.01,1.28,0.0,1.0,0.0,1
3725653619,0.0,-0.02,0.2,0.15,0.66,2
3795113522,-0.54,-1.16,0.92,0.01,0.07,0
4083508337,1.45,1.39,0.24,0.14,0.62,2
3688601026,-0.7,-0.84,0.44,0.05,0.51,0
4270909995,0.91,0.7,0.43,0.13,0.44,0
3626688845,-0.69,-0.13,0.02,0.87,0.11,1
3820232054,0.37,-0.61,0.95,0.01,0.03,0
4293767723,-0.76,-0.77,0.11,0.09,0.81,2
4170676183,0.49,0.34,0.35,0.13,0.52,0
3648523933,-1.41,0.12,0.0,0.99,0.01,1
4188723645,-0.26,0.12,0.05,0.76,0.19,1
4235164855,-0.02,0.26,0.07,0.65,0.29,1
4002679868,1.98,-1.02,1.0,0.0,0.0,0
3487875757,-0.84,-0.84,0.09,0.09,0.82,2
4180244527,0.38,-0.21,0.87,0.04,0.09,0
3560886581,1.24,0.92,0.6,0.1,0.3,0
3535311375,0.9,1.7,0.02,0.93,0.05,1
3785146071,0.22,-1.0,0.98,0.01,0.02,0
4170309703,-0.59,-0.52,0.08,0.24,0.69,2
3924930331,-1.13,-0.06,0.01,0.96,0.03,1
4026215365,-0.81,-0.66,0.05,0.47,0.48,1
4160779326,-1.45,0.13,0.0,0.99,0.01,1
4009780989,-0.86,-0.87,0.1,0.08,0.82,2
3813979806,1.73,0.96,0.91,0.03,0.06,1
3779889354,2.7,-0.16,1.0,0.0,0.0,0
4286063033,-0.84,-0.84,0.09,0.09,0.82,2
4093105365,-1.23,-0.93,0.02,0.71,0.27,1
3891610387,0.25,-0.95,0.98,0.01,0.02,0
4069118411,-0.68,-0.81,0.43,0.05,0.52,2
3642966515,-0.4,1.32,0.0,0.99,0.01,1
3678344046,-0.85,-0.84,0.09,0.1,0.81,2
4017917269,0.7,0.47,0.46,0.12,0.42,2
3712643744,-0.57,0.12,0.02,0.91,0.07,1
4289597006,-0.04,0.16,0.08,0.51,0.41,1
3748640858,0.17,0.01,0.39,0.11,0.51,2
3624400242,-0.78,-0.79,0.11,0.09,0.8,2
3634959367,0.35,0.5,0.12,0.38,0.51,1
4232370083,-0.77,-0.71,0.07,0.19,0.74,1
4186708974,-0.43,-1.14,0.94,0.01,0.05,0
3570064875,0.21,-0.69,0.95,0.01,0.04,0
4278306836,-1.41,1.82,0.0,1.0,0.0,1
3767665636,-0.28,0.57,0.02,0.93,0.05,1
4016731540,-1.01,-0.66,0.03,0.76,0.22,2
3714866923,-0.0,0.2,0.09,0.51,0.4,2
3663449696,-0.95,-1.35,0.84,0.01,0.15,0
3888521134,-1.66,-1.41,0.03,0.57,0.4,2
4109222940,-1.09,-1.16,0.22,0.06,0.72,0
3456171063,0.47,-0.01,0.83,0.05,0.13,0
3636975832,0.94,1.09,0.13,0.35,0.52,0
3705027930,-0.87,-0.39,0.02,0.84,0.14,1
4188329461,1.02,-0.44,0.98,0.01,0.02,0
3988166935,-1.07,0.08,0.01,0.97,0.02,1
3822111075,-0.04,1.04,0.01,0.96,0.03,1
3981769605,-0.87,-0.84,0.08,0.14,0.78,2
3715401887,2.05,-0.38,1.0,0.0,0.0,0
4123793861,0.42,-1.25,0.99,0.0,0.01,0
3816790077,-0.31,1.54,0.0,0.99,0.01,1
4110556646,1.07,1.05,0.22,0.17,0.61,2
3651614122,-0.84,-1.01,0.49,0.04,0.46,2
3592779218,0.34,0.75,0.05,0.75,0.2,2
4203389920,-0.35,0.28,0.03,0.89,0.09,1
3901488791,2.59,-1.04,1.0,0.0,0.0,0
3460029689,-0.77,-0.81,0.15,0.08,0.77,0
3519045226,-1.42,-0.98,0.02,0.8,0.18,1
3893831056,-0.4,-0.65,0.68,0.04,0.27,2
3647483620,0.71,0.68,0.22,0.17,0.6,1
3719777594,-0.58,1.42,0.0,0.99,0.0,1
4037326245,-1.76,0.18,0.0,0.99,0.0,1
3929410933,-0.77,-0.79,0.12,0.08,0.8,2
3452115683,-1.55,0.55,0.0,1.0,0.0,1
3854084159,-0.68,-0.77,0.3,0.06,0.64,2
3963920971,0.32,-0.32,0.89,0.03,0.08,0
3555197494,-0.79,1.15,0.0,0.99,0.0,1
3516661020,-0.39,0.18,0.03,0.87,0.1,1
3891949722,0.57,1.91,0.01,0.98,0.02,1
3529592704,0.03,-0.05,0.25,0.12,0.63,0
3704874935,0.41,-0.89,0.98,0.01,0.02,0
4246753507,-1.21,-1.2,0.07,0.1,0.83,2
3568405136,-0.29,-0.28,0.13,0.15,0.72,1
3786878206,-0.78,-0.71,0.07,0.23,0.7,2
4164190091,-0.28,-0.27,0.14,0.15,0.71,2
4276805534,-0.21,-0.17,0.12,0.19,0.69,1
4179085769,1.63,1.79,0.13,0.35,0.52,2
3778060032,-0.07,0.07,0.1,0.39,0.51,2
3962644044,0.5,1.54,0.01,0.96,0.03,1
3797405137,-1.55,1.05,0.0,1.0,0.0,1
3793119258,1.7,-0.11,0.99,0.01,0.01,0
3905984827,-0.16,1.08,0.01,0.97,0.02,1
4090896502,-1.66,-1.66,0.07,0.08,0.85,2
4284845904,-0.77,-0.75,0.08,0.13,0.79,2
3817012018,-0.29,-0.23,0.11,0.21,0.68,2
4266065748,-0.43,0.8,0.01,0.97,0.02,1
3656720206,-0.25,-0.66,0.83,0.03,0.14,0
3609031757,-0.8,-0.86,0.2,0.07,0.73,2
4081516440,-0.48,-1.11,0.92,0.01,0.07,0
3647135249,-0.25,1.24,0.01,0.98,0.01,1
3622778460,-0.09,-1.36,0.98,0.0,0.01,0
4027053701,-1.38,-1.36,0.07,0.1,0.84,1
4144153945,-0.41,-0.19,0.06,0.61,0.34,1
3454941114,-0.89,-0.82,0.06,0.23,0.7,1
3491108374,-0.89,-0.52,0.03,0.78,0.19,1
3991834613,-0.88,-0.0,0.01,0.94,0.04,1
3831640921,0.24,0.03,0.46,0.1,0.44,0
4138876538,-1.52,1.3,0.0,1.0,0.0,1
3675264140,-1.93,1.92,0.0,1.0,0.0,1
3508425188,-0.05,-0.52,0.86,0.03,0.11,0
4134650539,-1.71,1.11,0.0,1.0,0.0,1
3954969113,-0.82,-0.78,0.08,0.15,0.77,2
3955961150,-0.82,0.13,0.01,0.95,0.04,1
3911451781,-0.81,-0.8,0.09,0.1,0.81,2
4008218131,-0.94,-0.54,0.02,0.8,0.18,2
3463343811,-0.66,-0.77,0.4,0.06,0.55,0
3591233753,-0.47,0.73,0.01,0.96,0.02,1
3838679705,1.3,1.74,0.06,0.75,0.19,2
4263618688,0.48,-0.86,0.98,0.01,0.01,0
3730029201,1.23,-1.76,1.0,0.0,0.0,0
4093937346,0.31,0.2,0.29,0.13,0.58,0
3603335052,0.31,1.69,0.01,0.98,0.01,1
3973475428,-0.4,1.22,0.01,0.99,0.01,1
3561737544,-0.9,-1.21,0.75,0.02,0.23,0
3969092901,2.16,2.88,0.02,0.92,0.06,1
4208005018,-0.81,-0.32,0.02,0.84,0.13,1
3746350111,-0.75,-0.46,0.04,0.71,0.26,1
3993303899,0.48,0.46,0.21,0.17,0.61,0
3501324387,-1.11,-0.18,0.01,0.95,0.04,1
3557982928,-0.55,0.77,0.01,0.97,0.02,1
3744744793,0.71,0.89,0.12,0.41,0.47,2
4133230887,-1.13,-0.9,0.03,0.63,0.34,1
3502057444,-0.62,-0.11,0.03,0.86,0.12,2
3731752732,0.47,-0.73,0.97,0.01,0.02,0
3914610538,2.06,0.56,0.98,0.01,0.01,0
3883237950,-0.48,-0.69,0.62,0.05,0.33,0
4231263115,-0.45,-0.48,0.16,0.09,0.74,2
4000515759,1.84,-0.15,0.99,0.0,0.01,0
4014785240,-0.44,-0.63,0.59,0.05,0.36,2
4171891685,-1.07,-1.02,0.06,0.18,0.76,2
3935677669,0.5,0.21,0.58,0.1,0.32,2
3849390818,0.28,0.82,0.04,0.84,0.12,1
3711076413,-0.16,-1.2,0.97,0.01,0.02,0
3924800120,-1.24,-0.19,0.01,0.96,0.03,1
4161443903,-0.64,1.41,0.0,0.99,0.0,1
4156808632,0.13,-1.22,0.99,0.0,0.01,0
4125484124,0.14,-0.14,0.62,0.08,0.31,0
3777802025,-1.31,-1.21,0.05,0.3,0.66,1
4027592933,-1.33,1.21,0.0,1.0,0.0,1
3750020108,-0.68,-0.68,0.1,0.1,0.8,2
3983723313,-0.76,-0.76,0.1,0.09,0.81,2
3979229598,1.39,1.09,0.57,0.1,0.33,2
3640906103,-0.96,-1.27,0.73,0.02,0.25,0
3651278941,-0.77,-0.75,0.08,0.13,0.79,2
4077971495,-1.02,0.34,0.01,0.98,0.02,1
3886884537,1.92,2.5,0.04,0.86,0.1,1
3949585138,-0.22,1.38,0.01,0.98,0.01,1
3658566676,1.9,0.89,0.94,0.02,0.03,0
3887350507,-0.61,0.95,0.01,0.98,0.01,1
3504492251,0.55,-0.35,0.94,0.02,0.04,0
3665168096,0.33,0.76,0.05,0.76,0.19,1
4257385400,-0.51,0.01,0.03,0.86,0.11,1
3674641973,0.53,0.12,0.75,0.07,0.18,1
4227490224,-0.38,-0.13,0.06,0.63,0.31,1
4240586774,-0.79,-0.82,0.13,0.08,0.79,2
4151439713,-1.08,1.45,0.0,1.0,0.0,1
4273405892,-0.8,-0.77,0.08,0.14,0.78,2
3481225882,-0.81,-0.82,0.11,0.08,0.8,2
4281377460,-0.64,0.88,0.01,0.98,0.01,1
3614617547,-1.55,-0.61,0.01,0.95,0.04,1
3460756483,-0.4,-0.37,0.11,0.16,0.74,2
4243714918,0.2,-1.02,0.98,0.01,0.02,0
3930336590,0.23,-1.42,0.99,0.0,0.01,0
3969438775,0.57,-0.84,0.98,0.01,0.01,0
4173924736,-1.48,-0.5,0.01,0.96,0.04,2
3898917569,0.29,1.1,0.02,0.93,0.05,1
3551023753,1.55,-0.46,0.99,0.0,0.01,0
3813892623,-0.72,-0.69,0.08,0.15,0.76,0
3965615910,-0.86,-0.7,0.04,0.51,0.44,2
4212250620,0.2,0.2,0.19,0.19,0.62,2
3871336659,-0.38,-0.15,0.06,0.63,0.31,1
3665554866,-0.98,-0.95,0.07,0.13,0.8,2
3866095506,2.62,-1.28,1.0,0.0,0.0,0
4209241314,0.12,-0.35,0.85,0.04,0.11,2
3956977927,-0.77,0.12,0.01,0.94,0.04,1
3882247537,-0.41,0.44,0.02,0.93,0.05,1
3904405473,-0.95,0.71,0.0,0.99,0.01,1
3630518008,2.25,0.42,0.99,0.01,0.01,0
3705157874,-0.48,-0.3,0.06,0.54,0.4,1
3742901912,0.52,0.32,0.42,0.12,0.46,0
4195489230,-0.74,-0.67,0.07,0.24,0.69,1
4209952560,0.06,-0.05,0.3,0.11,0.59,0
4110439388,2.88,2.97,0.14,0.23,0.62,1
3659988358,-1.43,-0.8,0.01,0.88,0.1,1
4155607772,-1.26,-1.28,0.1,0.07,0.83,0
3467233526,-1.2,-0.59,0.02,0.88,0.1,1
3668766471,-1.12,-0.08,0.01,0.96,0.03,1
3997720190,-0.86,-0.86,0.09,0.09,0.82,2
3728336483,-0.2,-1.53,0.99,0.0,0.01,0
3845540690,-0.87,-0.85,0.08,0.11,0.81,2
3779097155,0.7,-0.61,0.97,0.01,0.02,0
3949048841,0.33,-0.14,0.83,0.04,0.12,2
4059528552,1.1,1.21,0.14,0.28,0.58,1
4220056378,0.51,-1.8,1.0,0.0,0.0,0
3676353312,-0.06,-0.81,0.93,0.01,0.05,0
3793926111,-0.82,-0.8,0.08,0.11,0.8,2
3762196983,-1.3,1.41,0.0,1.0,0.0,1
3528002669,-0.55,1.08,0.01,0.99,0.01,1
3580714575,0.1,1.04,0.02,0.94,0.04,2
4071131918,-0.36,-0.05,0.05,0.72,0.24,1
3856669683,-0.75,-0.8,0.19,0.07,0.74,0
3601471784,-0.57,-0.56,0.11,0.11,0.78,2
4131908326,0.1,0.38,0.07,0.62,0.31,1
4136853169,1.42,-1.2,1.0,0.0,0.0,0
3996761873,0.38,-0.66,0.96,0.01,0.03,0
4070575319,-0.21,-1.45,0.98,0.0,0.01,0
4010594889,-0.96,-0.95,0.08,0.11,0.81,0
3806674157,0.92,0.85,0.26,0.15,0.58,0
3761004347,-0.65,-1.14,0.89,0.01,0.1,0
3589837896,0.23,-1.45,0.99,0.0,0.0,0
3568567536,-0.28,-1.6,0.99,0.0,0.01,0
3833046686,-0.84,-0.84,0.09,0.1,0.81,2
4272339443,-0.84,0.05,0.01,0.94,0.04,1
4279022453,-0.82,-0.82,0.09,0.09,0.82,2
4172898321,-0.85,-0.84,0.08,0.11,0.8,2
3785671057,0.34,-1.47,0.99,0.0,0.0,0
3890210883,0.7,0.09,0.87,0.04,0.09,0
3944443012,-0.16,1.23,0.01,0.98,0.01,1
3976769697,-0.66,-0.73,0.26,0.07,0.67,1
3885289774,-0.98,-0.34,0.02,0.89,0.09,1
3581899190,-0.88,0.28,0.01,0.97,0.02,1
3477762908,-1.9,-1.8,0.04,0.22,0.74,1
3810793695,-0.84,-0.55,0.03,0.71,0.26,1
3567994939,0.62,-0.29,0.93,0.02,0.05,0
4239870328,1.2,-0.66,0.99,0.0,0.01,0
4108438223,0.03,-1.0,0.97,0.01,0.03,0
3827873766,1.12,0.22,0.92,0.03,0.05,0
4000225240,-1.06,-0.36,0.01,0.91,0.07,1
3436586721,-0.74,-0.72,0.09,0.12,0.79,2
4123746080,-0.93,1.12,0.0,0.99,0.0,1
3818719550,-0.26,-0.27,0.16,0.13,0.71,0
3952091805,-0.48,-0.5,0.15,0.1,0.76,2
4179516353,0.04,1.09,0.02,0.95,0.03,1
3841539628,2.7,-1.05,1.0,0.0,0.0,0
3538940519,-0.58,0.03,0.02,0.88,0.09,1
3643697037,-0.24,-0.28,0.2,0.11,0.7,1
3807825433,-0.8,-0.78,0.08,0.12,0.8,2
4110243756,-0.19,-0.24,0.21,0.11,0.68,2
3518035213,3.05,1.89,0.98,0.01,0.01,0
3782490648,-1.12,-0.21,0.01,0.95,0.04,1
4066025469,-0.74,-0.71,0.08,0.15,0.77,0
3735766114,-0.41,-0.36,0.1,0.21,0.7,2
4027737883,-0.86,-0.87,0.1,0.08,0.82,0
4235349088,-0.55,-0.49,0.08,0.23,0.69,2
3728869560,-0.77,0.78,0.01,0.98,0.01,1
3874199022,-0.88,0.16,0.01,0.96,0.03,1
4061057284,0.85,-0.16,0.94,0.02,0.04,0
3690778641,-0.67,-0.74,0.25,0.07,0.68,2
3459552326,-1.03,-1.05,0.11,0.07,0.82,2
3682707117,-1.55,-0.66,0.01,0.94,0.05,1
3592695558,-1.78,1.41,0.0,1.0,0.0,1
3924511157,-1.12,-0.57,0.02,0.86,0.12,1
4222740905,1.12,0.76,0.67,0.09,0.24,0
3821289167,-0.41,-0.69,0.73,0.04,0.23,0
3534749087,-0.63,-0.77,0.45,0.05,0.5,1
4034641889,-0.89,-0.81,0.06,0.26,0.68,0
4003464890,0.36,-0.68,0.96,0.01,0.03,0
4184016576,-1.06,-0.7,0.02,0.77,0.21,1
3972512143,-1.05,1.34,0.0,1.0,0.0,1
4065118456,2.25,0.13,0.99,0.0,0.0,0
3869461945,-0.8,-0.96,0.49,0.04,0.46,2
3881887806,-0.52,-0.51,0.11,0.12,0.77,2
3844154198,-0.27,-0.77,0.88,0.02,0.1,0
4025326741,1.36,1.39,0.17,0.19,0.63,1
3449339588,-0.84,-0.79,0.07,0.18,0.75,1
3919443243,-0.85,-0.85,0.09,0.09,0.82,2
4053174311,0.48,0.52,0.17,0.22,0.62,2
4065825171,0.27,-0.34,0.89,0.03,0.08,0
3876114934,-0.31,-0.34,0.18,0.11,0.72,2
3827890090,0.31,0.07,0.51,0.1,0.39,1
3781865383,0.28,-2.08,1.0,0.0,0.0,0
3943195465,-0.72,-0.78,0.21,0.07,0.72,0
4229021901,-0.79,0.29,0.01,0.96,0.03,1
3909661573,-1.02,-1.0,0.07,0.11,0.81,2
3652085364,-0.92,-0.31,0.02,0.88,0.1,1
3501245320,-1.2,-1.47,0.61,0.03,0.36,0
3444257138,-1.03,-0.82,0.03,0.61,0.35,1
3840092441,-0.74,-0.77,0.15,0.08,0.78,2
3539686941,1.16,0.89,0.52,0.11,0.36,0
4073106694,-1.04,-1.07,0.12,0.07,0.81,0
3497405513,0.49,0.98,0.05,0.8,0.15,1
3487582936,-1.42,-0.59,0.01,0.94,0.06,1
4043893939,0.46,0.46,0.2,0.19,0.62,2
3739717638,-0.77,-0.8,0.14,0.08,0.79,2
3885487475,-0.61,-0.96,0.81,0.02,0.17,0
3617712256,-0.38,-0.46,0.29,0.08,0.62,1
4140547518,-0.84,-0.82,0.08,0.12,0.8,0
3881795118,1.15,-0.18,0.97,0.01,0.02,0
3601483968,2.22,-1.37,1.0,0.0,0.0,0
3667177642,1.42,-0.99,1.0,0.0,0.0,0
3969025199,-0.66,-0.67,0.11,0.09,0.79,2
3469095406,-0.33,-0.71,0.82,0.03,0.15,0
3854665600,1.16,-0.82,0.99,0.0,0.0,0
3481757191,-1.22,-1.02,0.03,0.58,0.39,0
3512455641,-0.82,-0.84,0.11,0.08,0.81,2
3978564425,-0.87,-0.85,0.08,0.11,0.81,2
3899394764,2.27,2.03,0.47,0.09,0.44,1
3436315577,-0.49,-0.65,0.51,0.06,0.43,0
3592528308,-0.92,-1.3,0.82,0.02,0.17,0
4290288634,-0.82,-0.85,0.15,0.07,0.78,2
4073878241,1.2,0.41,0.9,0.03,0.06,0
3662900623,0.95,0.32,0.87,0.04,0.09,0
3905285713,-0.76,1.83,0.0,1.0,0.0,1
3611698972,0.46,0.99,0.04,0.83,0.13,1
4088780445,-0.1,0.01,0.1,0.35,0.55,2
3789588494,0.99,-1.63,1.0,0.0,0.0,0
4126612761,-0.0,2.81,0.0,1.0,0.0,1
4026357172,0.19,0.62,0.05,0.77,0.18,1
4134035947,1.37,0.74,0.86,0.05,0.09,0
3954760489,-1.02,-0.95,0.06,0.2,0.73,2
4288871502,-0.61,-1.12,0.89,0.01,0.09,0
3992781114,-1.15,1.06,0.0,1.0,0.0,1
3780160565,-0.82,-0.79,0.08,0.13,0.79,2
3806568781,-0.26,-1.04,0.95,0.01,0.05,0
3922827642,-0.77,-0.8,0.14,0.08,0.79,2
3497429690,0.64,-0.04,0.89,0.04,0.08,2
3908980400,-0.77,-0.79,0.12,0.08,0.8,2
3779412832,2.09,1.24,0.93,0.03,0.04,0
4000873603,-0.77,-0.77,0.1,0.09,0.81,2
4238239499,1.67,-1.15,1.0,0.0,0.0,0
3645897735,-1.15,0.33,0.01,0.98,0.01,1
3957345792,-0.84,-0.76,0.06,0.26,0.68,2
3531881910,0.9,0.95,0.16,0.23,0.61,2
3939214100,-0.14,-1.22,0.97,0.0,0.02,2
4017605730,-0.74,-0.77,0.15,0.08,0.78,2
3573714952,0.99,-0.29,0.97,0.01,0.02,0
4203897703,0.75,0.52,0.47,0.12,0.4,0
4115851147,0.57,0.79,0.1,0.49,0.41,2
4100868572,-0.77,-0.36,0.03,0.8,0.17,1
4005773718,-0.16,-1.59,0.99,0.0,0.01,0
3643068349,-0.76,-0.76,0.1,0.09,0.81,2
3881943687,-0.66,0.57,0.01,0.97,0.02,1
3908096747,-0.49,-0.15,0.04,0.75,0.21,2
4015725594,0.54,-1.16,0.99,0.0,0.01,0
4037414914,0.18,0.25,0.14,0.24,0.62,2
3978859919,-0.73,-0.6,0.05,0.44,0.51,2
3546824610,-0.8,-0.82,0.11,0.08,0.8,2
3508301762,-0.36,0.42,0.02,0.92,0.06,1
3756417594,-0.34,-0.56,0.63,0.05,0.32,0
3611221270,-0.28,-0.37,0.32,0.08,0.6,0
3953742181,-0.67,-0.84,0.52,0.05,0.44,2
4162252188,1.34,1.32,0.21,0.16,0.63,2
3848820162,-0.81,-0.81,0.09,0.09,0.82,2
4105625659,-0.75,1.14,0.0,0.99,0.0,1
4231628683,0.23,-0.96,0.98,0.01,0.02,0
3938391037,-0.12,-0.53,0.83,0.03,0.14,0
3818795359,1.75,-1.34,1.0,0.0,0.0,0
3509072838,-1.06,0.01,0.01,0.96,0.03,1
4198765301,-1.39,0.97,0.0,1.0,0.0,1
3637896335,-1.81,0.54,0.0,1.0,0.0,1
3743874734,-0.75,1.0,0.0,0.99,0.01,1
3957622915,-0.66,0.89,0.01,0.98,0.01,1
3899015371,-0.8,-0.77,0.08,0.15,0.77,2
4055153883,1.04,1.51,0.05,0.78,0.16,2
4274051522,-0.6,-0.47,0.06,0.42,0.52,0
3988511097,0.43,1.12,0.03,0.9,0.07,1
3575530187,-0.67,-0.28,0.03,0.8,0.17,1
4120106093,-0.98,-1.11,0.38,0.05,0.58,0
3634958237,-0.95,-0.22,0.02,0.92,0.07,1
3838352318,-0.84,-0.84,0.09,0.09,0.82,2
3875711591,-0.49,-0.47,0.11,0.12,0.76,2
3741735864,-1.59,-1.61,0.09,0.06,0.85,2
4210339544,-0.24,-1.25,0.97,0.01,0.02,0
3706968151,-1.04,-0.55,0.02,0.84,0.14,1
4190607147,0.16,1.99,0.0,0.99,0.01,1
3893349394,0.25,-1.41,0.99,0.0,0.01,0
3552493402,-0.64,0.03,0.02,0.9,0.08,2
4042048905,-0.03,-1.73,0.99,0.0,0.0,0
3644736557,0.08,0.2,0.11,0.35,0.54,1
3970672226,-0.45,-0.44,0.12,0.13,0.76,0
3969658692,-0.25,-0.57,0.76,0.04,0.2,0
3786899937,-0.49,-0.87,0.82,0.02,0.15,0
3788399945,-0.29,-0.66,0.82,0.03,0.15,2
4019176938,-1.16,-1.23,0.19,0.06,0.75,2
3822091752,1.54,2.3,0.02,0.92,0.06,1
3918831060,-0.79,-0.82,0.14,0.08,0.78,2
4071324754,-1.16,0.37,0.01,0.98,0.01,1
3639450486,1.8,-0.74,1.0,0.0,0.0,0
4174718145,-1.16,-1.34,0.45,0.04,0.51,0
3623807511,1.16,-1.62,1.0,0.0,0.0,0
4016838048,-0.03,-0.02,0.16,0.18,0.66,2
3919349165,0.73,0.48,0.5,0.12,0.38,2
4021372385,1.02,2.88,0.0,0.99,0.0,1
4077678318,-0.82,2.02,0.0,1.0,0.0,1
4040265713,-0.85,-0.88,0.12,0.08,0.8,2
4236051016,-0.38,-0.38,0.14,0.12,0.74,2
3938666375,-0.51,1.45,0.0,0.99,0.0,1
3655349114,0.07,0.27,0.09,0.5,0.41,1
3670143119,-0.76,-0.96,0.6,0.04,0.36,2
3743187888,-0.17,-1.5,0.99,0.0,0.01,0
3971700372,-0.79,-0.78,0.09,0.11,0.8,2
4025338122,-0.78,-0.78,0.09,0.09,0.81,2
3655136629,1.17,-0.89,0.99,0.0,0.0,0
4008727757,-0.78,1.08,0.0,0.99,0.01,1
3647020989,-1.27,1.05,0.0,1.0,0.0,1
4236381781,-0.82,-0.82,0.1,0.09,0.81,2
3948503567,1.88,0.36,0.98,0.01,0.01,0
3742245725,-1.03,-0.85,0.04,0.55,0.41,2
3661093853,-0.91,-0.89,0.08,0.11,0.81,2
4098139581,-0.54,-0.53,0.11,0.11,0.78,2
4132252590,2.34,0.53,0.99,0.01,0.01,0
3539038731,-0.6,1.73,0.0,1.0,0.0,1
3554897905,1.79,-0.74,1.0,0.0,0.0,0
3635898430,-0.57,0.48,0.01,0.95,0.03,1
3675985723,-1.12,-0.74,0.02,0.78,0.2,1
4245576702,-1.45,-1.33,0.04,0.33,0.63,2
4253175751,-0.78,-0.81,0.14,0.08,0.79,2
3655289448,-0.66,-0.9,0.69,0.03,0.27,2
3489655455,-0.91,-0.89,0.08,0.11,0.81,2
4015141681,-1.09,-1.23,0.4,0.04,0.56,2
3620945263,0.62,-1.34,1.0,0.0,0.0,0
4286318990,-0.87,-0.91,0.16,0.07,0.77,2
4156751029,-0.64,-1.05,0.85,0.02,0.13,0
3783280405,2.2,-0.54,1.0,0.0,0.0,0
3819276074,-0.29,-0.39,0.32,0.08,0.6,0
3789552914,0.03,-0.38,0.82,0.04,0.14,2
3994519349,-0.84,-0.81,0.08,0.15,0.78,2
3764248509,-1.14,-0.32,0.01,0.94,0.05,1
4208377575,-0.79,-0.82,0.13,0.08,0.79,1
4247235353,1.5,-0.3,0.99,0.0,0.01,0
3718315861,0.42,-0.43,0.93,0.02,0.05,0
3791146524,-1.55,0.48,0.0,0.99,0.0,1
3520324843,0.48,0.96,0.05,0.8,0.16,1
3700577071,-0.16,-0.01,0.09,0.43,0.48,2
3466935492,0.6,1.41,0.02,0.93,0.05,1
4249060047,0.07,-0.47,0.88,0.03,0.1,0
4062610043,0.11,1.78,0.01,0.99,0.01,1
4285522601,0.57,2.0,0.01,0.98,0.01,1
4128692796,-0.86,0.59,0.01,0.98,0.01,1
4155738270,-0.77,-0.76,0.09,0.1,0.81,2
3699896292,-1.8,0.34,0.0,1.0,0.0,1
4170768954,0.06,-0.13,0.47,0.09,0.44,0
4109942794,-0.66,-0.78,0.4,0.06,0.55,0
3610143218,-0.84,-0.78,0.07,0.21,0.72,1
3862004022,0.94,-1.97,1.0,0.0,0.0,0
4181836058,-0.84,-0.85,0.1,0.09,0.81,2
3576894648,-0.7,-0.72,0.14,0.08,0.78,2
3482921510,-0.69,-0.66,0.09,0.15,0.77,1
3755451447,-0.34,-0.72,0.82,0.03,0.15,0
3876073306,2.39,-0.84,1.0,0.0,0.0,0
4178580974,-0.85,-0.84,0.09,0.1,0.81,2
3948097930,-0.31,-0.24,0.1,0.23,0.67,2
3492093420,1.59,-0.43,0.99,0.0,0.0,0
3868536248,-1.02,-0.85,0.04,0.54,0.42,2
3594968883,0.88,-0.14,0.94,0.02,0.04,0
3643553683,-1.07,-1.66,0.91,0.01,0.08,0
4146949489,-0.84,-0.84,0.09,0.09,0.82,2
3762818618,1.2,-0.33,0.98,0.01,0.01,2
3741601061,-1.06,-0.89,0.04,0.54,0.42,1
3619862944,-0.84,-0.84,0.09,0.09,0.82,2
3530059944,-0.81,-0.77,0.08,0.15,0.77,1
3740495791,0.86,2.27,0.01,0.98,0.01,1
3525566082,-0.41,-0.44,0.17,0.09,0.73,0
3680181826,-0.85,-0.84,0.09,0.1,0.81,2
4024097265,-0.48,-0.53,0.21,0.08,0.71,2
3497470147,-0.68,2.22,0.0,1.0,0.0,1
3442538978,0.94,-1.4,1.0,0.0,0.0,0
4270325914,-1.3,-0.47,0.01,0.93,0.05,1
3672962834,-1.43,2.47,0.0,1.0,0.0,1
3447447133,-1.16,0.74,0.0,0.99,0.0,1
3614987348,1.3,1.02,0.55,0.11,0.35,0
3965609605,-0.73,-0.79,0.22,0.07,0.71,2
3909396843,0.2,-0.3,0.86,0.04,0.11,0
3891904319,-1.11,-0.36,0.01,0.92,0.06,2
3757700160,-0.14,1.16,0.01,0.97,0.02,1
3576528346,-1.16,-1.18,0.1,0.07,0.83,2
4238735928,-0.77,1.64,0.0,1.0,0.0,1
3831299411,0.26,0.31,0.16,0.23,0.62,1
3771724399,-0.78,-0.73,0.07,0.19,0.74,1
3454930503,-1.02,-0.35,0.02,0.9,0.08,1
4046522289,-0.21,-0.76,0.89,0.02,0.09,0
3876838507,-1.31,0.35,0.0,0.99,0.01,1
3815515602,0.25,-1.48,0.99,0.0,0.0,0
4101374004,-1.62,-1.62,0.07,0.08,0.85,2
3804643554,-0.88,-0.96,0.27,0.06,0.67,1
3702529300,0.14,-0.02,0.38,0.11,0.51,2
4155081458,-0.33,-0.41,0.29,0.08,0.63,2
3821642938,0.89,-1.16,1.0,0.0,0.0,0
4120973398,-0.66,0.77,0.01,0.98,0.01,1
3846955663,0.24,-0.71,0.95,0.01,0.04,0
3835078929,-0.03,-0.97,0.96,0.01,0.03,0
4059781493,-0.71,-0.68,0.08,0.15,0.76,2
4025139490,-0.84,-0.55,0.03,0.7,0.27,1
3735558078,-0.61,0.84,0.01,0.98,0.01,1
4010878028,-0.2,-1.12,0.96,0.01,0.03,0
4256116847,0.57,0.27,0.59,0.1,0.31,0
4159676266,-0.04,-0.51,0.86,0.03,0.11,0
4291750124,-0.75,-0.77,0.12,0.08,0.8,2
3928280292,-1.51,-1.45,0.05,0.15,0.79,0
4051224269,-0.74,-0.7,0.08,0.17,0.75,2
4182287043,-0.53,0.18,0.02,0.91,0.07,1
3518176130,-0.84,-0.87,0.12,0.08,0.8,2
3652701899,-0.63,-0.7,0.26,0.07,0.68,0
3624679964,0.53,0.91,0.06,0.72,0.22,1
3773437963,-1.2,0.17,0.01,0.98,0.01,1
3787910194,-0.77,0.16,0.01,0.95,0.04,1
4019101855,-0.11,-0.03,0.11,0.28,0.61,2
3789651727,-0.5,-0.02,0.03,0.84,0.13,1
3643258090,0.52,1.05,0.04,0.83,0.13,1
3780886211,-1.27,-1.16,0.05,0.3,0.65,2
4119728891,-0.67,-0.74,0.25,0.07,0.68,2
3866942291,0.26,-0.78,0.96,0.01,0.03,0
4268964956,-0.41,-0.57,0.5,0.06,0.44,2
3876509665,-1.22,-0.93,0.02,0.7,0.28,2
3847899248,-0.01,0.2,0.08,0.53,0.39,1
4226859051,0.99,-0.06,0.94,0.02,0.04,0
3646663793,0.13,-0.6,0.92,0.02,0.06,0
3616079165,-1.3,-1.51,0.46,0.03,0.5,0
4238996187,-0.82,-0.84,0.12,0.08,0.8,2
3647352665,1.55,-0.57,0.99,0.0,0.0,0
4096794633,0.15,-0.51,0.91,0.02,0.07,0
4108073171,-0.65,-0.88,0.66,0.04,0.3,0
3800509997,-1.1,-1.23,0.35,0.05,0.61,2
3779011382,0.22,0.66,0.05,0.78,0.17,1
4161759410,-0.88,-0.79,0.06,0.27,0.67,0
3532503706,-0.4,-0.41,0.15,0.1,0.74,2
4218205855,1.73,-1.51,1.0,0.0,0.0,0
3958723159,-1.56,-0.7,0.01,0.94,0.05,2
4053421986,0.39,-0.84,0.98,0.01,0.02,0
3689041027,-0.7,-0.69,0.09,0.11,0.8,2
3933325670,1.17,1.2,0.18,0.2,0.62,1
3510487589,-0.84,0.54,0.01,0.98,0.02,1
4234651840,-0.25,0.06,0.05,0.69,0.25,1
3461633607,-0.27,-0.41,0.45,0.07,0.47,0
3638199809,-1.68,-1.7,0.08,0.07,0.85,2
3639701142,-0.69,-0.72,0.16,0.08,0.76,0
4093729393,-0.77,-0.8,0.14,0.08,0.79,2
3704110395,-0.38,-0.79,0.84,0.02,0.13,0
4051295897,-0.06,0.12,0.09,0.48,0.44,1
3709663467,-1.63,1.34,0.0,1.0,0.0,1
3449988967,-0.71,-0.67,0.08,0.16,0.76,2
3635263387,-0.95,-0.95,0.09,0.09,0.82,2
3952973649,0.38,-1.05,0.99,0.0,0.01,0
3969347833,-1.73,0.71,0.0,1.0,0.0,1
4131605067,-0.87,-0.88,0.1,0.08,0.82,2
3781879787,-2.02,-2.02,0.06,0.07,0.87,2
4108745700,0.62,-0.57,0.97,0.01,0.02,0
3823049127,1.37,-0.95,1.0,0.0,0.0,0
3525090061,1.59,-0.8,1.0,0.0,0.0,0
4230246994,-0.87,-0.88,0.1,0.08,0.82,2
3709299191,-1.18,-0.12,0.01,0.96,0.03,1
3670158526,-0.86,-0.89,0.13,0.08,0.8,2
3912088025,-0.71,-0.68,0.09,0.14,0.77,2
3738709202,-1.41,-0.14,0.01,0.98,0.02,1
3880474664,1.71,0.39,0.97,0.01,0.02,0
3837053239,-0.82,-1.33,0.89,0.01,0.1,0
3482554750,-0.95,-0.96,0.09,0.08,0.82,2
3999429660,-1.26,0.54,0.0,0.99,0.01,1
3650897599,-0.72,-0.5,0.04,0.63,0.33,2
4101209982,0.44,0.83,0.06,0.73,0.21,1
3630190290,-1.44,1.55,0.0,1.0,0.0,1
4130590499,-0.28,-1.15,0.96,0.01,0.04,0
3529443057,-0.59,-0.54,0.09,0.19,0.73,2
3983719476,1.0,-0.88,0.99,0.0,0.01,0
3912424494,-0.67,-0.96,0.76,0.03,0.22,0
3972215266,-0.71,-0.7,0.09,0.12,0.79,0
4081195569,1.43,1.78,0.08,0.66,0.26,1
4237302973,-0.34,-0.24,0.09,0.31,0.6,2
4037510503,-0.15,-0.03,0.1,0.34,0.56,0
4005256169,-0.46,-0.52,0.23,0.08,0.69,2
3872450315,-0.81,-0.84,0.13,0.08,0.79,1
4263610366,2.44,1.67,0.93,0.03,0.05,0
3978759570,-0.82,-0.61,0.04,0.62,0.35,1
3895919907,-0.68,-0.74,0.23,0.07,0.7,0
3813807352,0.89,-0.82,0.99,0.0,0.01,0
3938967638,1.8,0.57,0.96,0.02,0.02,0
4083088339,-0.43,-0.45,0.16,0.1,0.74,0
4053274200,0.3,-0.46,0.92,0.02,0.06,0
3568827568,-0.96,-1.02,0.17,0.06,0.76,1
3801328690,-0.89,-0.87,0.08,0.12,0.8,2
4275703320,-0.79,-0.79,0.09,0.09,0.81,2
4247015726,-0.06,0.18,0.07,0.6,0.33,0
3997458227,-0.92,-0.89,0.07,0.14,0.79,0
4235648171,-0.8,-0.81,0.1,0.09,0.81,2
4130328444,0.79,-0.84,0.99,0.0,0.01,0
4032872008,-0.45,0.2,0.02,0.89,0.08,1
4126481629,-0.78,-0.61,0.04,0.56,0.4,2
4031920788,-0.46,-0.19,0.05,0.67,0.28,1
4048739775,2.36,2.36,0.19,0.15,0.67,2
3981074070,-0.61,-0.51,0.06,0.36,0.58,2
3941799206,-0.89,-0.89,0.08,0.1,0.82,2
3929808010,-1.03,-0.96,0.06,0.22,0.72,0
3740057142,1.4,0.65,0.9,0.04,0.07,0
3820900711,1.85,-0.75,1.0,0.0,0.0,0
3872402333,-1.35,-1.45,0.22,0.05,0.73,2
4141240228,0.51,0.02,0.83,0.05,0.12,0
4059672628,-0.98,0.35,0.01,0.98,0.02,1
4281110663,0.3,0.39,0.14,0.26,0.61,1
3612354677,1.6,2.12,0.05,0.82,0.13,1
3741755812,-0.82,-0.52,0.03,0.72,0.25,1
3756063037,0.94,-1.58,1.0,0.0,0.0,0
3854185593,-0.43,-1.15,0.94,0.01,0.05,0
3985433767,-1.05,-0.52,0.02,0.86,0.12,1
3668251932,-1.16,-1.07,0.05,0.28,0.67,1
3837589998,-1.62,0.51,0.0,1.0,0.0,1
3728804995,-0.01,-0.18,0.43,0.09,0.48,0
4102811066,-0.79,-0.25,0.02,0.87,0.11,1
4131770726,-1.47,-0.3,0.01,0.97,0.02,1
3843692526,-0.73,-0.82,0.29,0.06,0.65,0
4212683043,-0.06,0.04,0.11,0.32,0.57,1
4263476909,-0.18,-0.16,0.15,0.17,0.69,2
3608722117,-1.52,-1.54,0.09,0.07,0.85,2
3678876028,0.04,-0.07,0.31,0.11,0.58,1
3481889594,-1.59,-1.56,0.06,0.11,0.83,1
3796194829,-0.8,-0.94,0.43,0.05,0.52,1
4209039686,1.18,-0.77,0.99,0.0,0.0,0
4196634256,-1.09,-0.92,0.04,0.52,0.44,2
3743626190,-1.28,-1.28,0.08,0.08,0.84,0
3897819959,-0.52,-0.56,0.2,0.08,0.72,2
3979291072,-0.75,-0.73,0.09,0.12,0.79,2
3952782454,-0.82,-0.05,0.02,0.93,0.06,1
4163549039,-0.6,-0.03,0.02,0.88,0.1,1
3717219948,-0.82,-0.84,0.12,0.08,0.8,2
3651853942,-0.04,1.2,0.01,0.97,0.02,1
3519061548,-0.85,-0.78,0.06,0.24,0.7,1
3853480558,-0.31,-0.45,0.44,0.07,0.49,0
4042976296,-0.54,0.81,0.01,0.97,0.02,1
3574286692,0.72,0.61,0.31,0.14,0.56,2
3913880780,-0.54,-0.54,0.12,0.11,0.78,0
4072436549,-0.87,-0.84,0.08,0.13,0.8,2
3934954953,0.75,-0.54,0.97,0.01,0.02,0
4292330026,1.39,-0.47,0.99,0.0,0.01,0
3566744071,-0.51,-0.59,0.28,0.07,0.65,2
4192070310,2.16,0.18,0.99,0.0,0.0,0
3651628119,-1.34,-0.42,0.01,0.95,0.04,1
3733267506,-1.58,1.0,0.0,1.0,0.0,1
3836599079,-0.19,-0.28,0.3,0.09,0.61,2
3467045317,-1.46,-1.47,0.08,0.07,0.84,2
3648383109,-0.84,-0.82,0.08,0.11,0.81,2
3971152966,-2.02,-2.05,0.07,0.06,0.87,2
3772731413,0.65,0.71,0.15,0.24,0.61,2
3948830383,-1.31,-1.23,0.05,0.25,0.7,1
4078984638,-0.44,-0.61,0.53,0.06,0.41,0
4262849744,0.7,0.17,0.84,0.05,0.12,0
4037796431,-0.32,-0.12,0.07,0.56,0.38,1
3939618704,-0.54,-0.39,0.06,0.48,0.46,2
3855106187,-0.23,0.27,0.03,0.84,0.13,2
3522109561,-1.15,-0.14,0.01,0.96,0.03,2
3749297763,0.15,0.13,0.2,0.17,0.63,2
4137472241,0.92,0.94,0.19,0.2,0.61,2
4069681727,1.77,-1.14,1.0,0.0,0.0,0
3443577456,-0.76,-0.78,0.13,0.08,0.79,2
3739654860,-0.2,0.05,0.07,0.62,0.32,2
4165400724,-0.42,-0.61,0.57,0.05,0.38,0
3976574748,-0.66,0.37,0.01,0.95,0.03,1
3924947884,-0.36,-0.75,0.82,0.03,0.15,0
3629342334,0.47,-0.5,0.95,0.01,0.04,0
3493856765,-0.84,-0.86,0.11,0.08,0.81,2
3743220645,0.1,-0.03,0.33,0.11,0.56,2
3488999840,-0.77,-0.81,0.17,0.07,0.76,2
4174432572,0.44,-1.11,0.99,0.0,0.01,0
3832362041,-0.53,-0.33,0.05,0.58,0.37,2
4230597810,-0.48,-0.39,0.08,0.3,0.62,0
4189070973,2.05,-0.54,1.0,0.0,0.0,0
3668364749,-1.18,0.95,0.0,1.0,0.0,1
3952301861,-0.84,-0.84,0.09,0.09,0.82,2
3897304062,-0.48,0.65,0.01,0.96,0.03,1
3619889446,-0.98,-1.11,0.38,0.05,0.58,2
3898057208,-0.58,0.03,0.02,0.89,0.09,1
4282391095,0.17,0.15,0.21,0.17,0.63,2
4262871745,-1.05,-1.21,0.43,0.04,0.53,0
3891661292,-1.02,-0.64,0.02,0.79,0.19,2
4099998699,-0.82,-0.81,0.08,0.11,0.8,2
3522127471,-0.53,-0.2,0.04,0.73,0.23,2
4070317979,-0.69,-0.77,0.27,0.07,0.66,1
3971228139,-1.02,-1.22,0.54,0.04,0.42,2
3901047538,-0.77,0.0,0.02,0.93,0.06,1
3961997682,-1.09,-1.15,0.18,0.06,0.76,2
4051273578,-0.86,-0.81,0.07,0.18,0.75,2
3591304107,-0.19,-0.84,0.92,0.02,0.07,0
3958921553,-0.86,-0.85,0.09,0.1,0.81,2
3829730186,-0.66,-0.9,0.68,0.03,0.28,1
3965368290,-0.78,-0.88,0.31,0.06,0.64,0
4149235469,-0.88,-1.05,0.53,0.04,0.43,0
4117694850,-0.77,-0.77,0.1,0.09,0.81,2
3626462383,-0.82,-0.78,0.07,0.17,0.76,2
4088288439,-1.03,-1.17,0.4,0.05,0.56,2
4048682603,-1.43,-1.23,0.03,0.52,0.45,2
4239091133,-1.41,1.11,0.0,1.0,0.0,1
4077413874,0.47,-0.41,0.94,0.02,0.04,0
3724023434,1.03,-0.61,0.99,0.0,0.01,0
3940277204,-0.32,-0.33,0.15,0.12,0.73,2
3864557134,-0.68,-0.77,0.32,0.06,0.62,1
4098613415,-0.84,-0.71,0.05,0.42,0.53,2
3665214541,-0.8,-0.89,0.3,0.06,0.64,2
4028748234,0.67,1.8,0.01,0.96,0.02,1
3467287823,0.34,0.67,0.07,0.67,0.26,1
4217081008,-0.58,-0.32,0.05,0.66,0.29,2
3522625040,-0.42,-0.92,0.88,0.02,0.1,0
3490607696,-0.65,0.43,0.01,0.96,0.03,1
3464835641,-0.81,-0.81,0.09,0.09,0.82,2
3540659873,-0.87,0.94,0.0,0.99,0.01,1
3980783969,1.62,0.02,0.98,0.01,0.01,0
3490841169,-0.46,-0.48,0.15,0.1,0.75,2
3962565378,1.23,0.28,0.93,0.03,0.04,0
3910139068,2.12,0.09,0.99,0.0,0.0,0
4063666428,-0.63,-0.45,0.05,0.56,0.39,1
3848791464,0.66,0.37,0.57,0.11,0.32,0
4024915844,0.32,-0.44,0.92,0.02,0.06,0
3963469655,1.65,-0.23,0.99,0.0,0.01,0
4070854847,0.37,1.36,0.02,0.95,0.03,1
3847915434,-0.08,-0.79,0.93,0.01,0.06,0
3684951393,-1.05,0.3,0.01,0.98,0.02,1
3981400223,-1.13,-1.01,0.04,0.39,0.57,2
3568512295,-0.81,-0.77,0.08,0.15,0.77,2
3727209221,-1.23,0.88,0.0,0.99,0.0,1
3487456227,-0.77,-0.77,0.11,0.09,0.81,2
3975353127,0.23,0.25,0.17,0.2,0.62,1
3919224579,0.35,0.49,0.12,0.35,0.53,2
3674284413,-0.59,-0.58,0.1,0.11,0.78,2
4088719450,-0.88,-0.84,0.07,0.16,0.77,2
4230727371,-0.29,-1.01,0.94,0.01,0.05,0
3612505035,-0.72,-0.77,0.19,0.07,0.74,1
3533049436,1.15,-0.42,0.98,0.01,0.01,0
3790843015,-1.23,-0.66,0.02,0.87,0.12,1
3676649708,1.1,-0.7,0.99,0.0,0.01,0
3516352133,1.91,-0.95,1.0,0.0,0.0,0
3770201654,0.34,-0.54,0.94,0.02,0.04,0
4040895591,1.14,-0.19,0.97,0.01,0.02,0
3456648996,0.84,-0.25,0.95,0.02,0.03,0
3631164750,-0.11,-1.21,0.97,0.0,0.02,0
4122708799,-0.66,-0.33,0.04,0.74,0.22,2
4216024617,-1.78,0.25,0.0,1.0,0.0,1
3819261512,-0.73,-0.77,0.17,0.07,0.75,2
4293254649,2.45,2.22,0.47,0.08,0.45,0
4229024373,-0.86,-0.84,0.08,0.11,0.81,2
4197226936,0.36,2.31,0.0,0.99,0.0,1
3490181400,-0.95,-0.73,0.03,0.63,0.34,1
3532441098,-0.64,-0.64,0.11,0.1,0.79,2
4186061511,-0.81,-0.81,0.09,0.09,0.82,2
3797877898,0.91,-0.94,0.99,0.0,0.01,0
3840964040,-0.37,-0.38,0.16,0.11,0.73,1
3889003744,-1.23,-0.31,0.01,0.95,0.04,1
3815876714,-0.85,-0.85,0.09,0.09,0.82,2
4031875701,-0.84,-0.84,0.09,0.09,0.82,2
3446170358,0.21,2.39,0.0,1.0,0.0,1
3437291185,2.02,-0.08,0.99,0.0,0.0,0
3881559823,-0.86,-0.85,0.09,0.1,0.81,2
3994526572,-1.05,-1.09,0.14,0.07,0.8,2
3928806940,-0.89,0.85,0.0,0.99,0.01,1
3792825533,-0.77,-0.77,0.11,0.09,0.81,2
3666735176,0.85,0.0,0.92,0.03,0.06,0
3995719532,-0.48,-0.48,0.13,0.11,0.76,0
4010663177,-0.13,-0.89,0.94,0.01,0.05,0
3978442828,-0.7,-0.89,0.59,0.04,0.37,0
3454292647,0.42,-1.27,0.99,0.0,0.01,0
3509249968,-0.57,-0.28,0.04,0.7,0.26,1
3480071381,0.59,0.61,0.19,0.2,0.61,2
3534829221,-0.32,1.05,0.01,0.97,0.02,1
4070127844,-0.81,-0.8,0.09,0.1,0.81,2
3636958299,-1.45,2.41,0.0,1.0,0.0,1
4080725843,-1.71,-1.01,0.01,0.9,0.09,1
4208337852,0.8,-1.02,0.99,0.0,0.01,0
3440210383,-0.89,-0.84,0.07,0.18,0.75,1
3987433631,-0.8,-0.81,0.1,0.09,0.81,2
3971708696,-0.73,-0.69,0.08,0.17,0.75,1
4243756166,-1.5,0.11,0.0,0.99,0.01,1
3561571043,-0.82,-0.94,0.36,0.05,0.59,0
4087926491,-1.51,-0.29,0.01,0.97,0.02,2
3495395048,-0.77,-0.79,0.12,0.08,0.8,1
3436577402,-0.61,-0.02,0.02,0.88,0.09,1
4167068924,-0.53,-0.59,0.22,0.08,0.7,1
3765349614,-1.11,1.22,0.0,1.0,0.0,1
3747910041,-0.94,-0.75,0.04,0.58,0.39,1
3882261043,-0.91,-0.87,0.07,0.16,0.77,2
3582373289,0.09,-1.32,0.99,0.0,0.01,0
4248288950,-1.17,0.63,0.0,0.99,0.01,1
3450198531,-0.82,-1.17,0.8,0.02,0.18,0
4275723868,1.63,-1.14,1.0,0.0,0.0,0
3883838580,-1.01,-0.77,0.03,0.64,0.32,2
3542824000,2.09,-0.09,0.99,0.0,0.0,0
4112596914,0.01,-0.96,0.96,0.01,0.03,0
3597590081,1.14,0.12,0.94,0.02,0.04,2
4072067885,-0.63,-0.61,0.09,0.14,0.77,2
3530157035,-0.81,-0.8,0.09,0.1,0.81,2
3634701119,-0.73,-0.74,0.11,0.09,0.8,1
4173848971,0.07,2.41,0.0,1.0,0.0,1
3792060424,-0.76,-0.76,0.1,0.09,0.81,2
4224123809,-1.23,-1.33,0.24,0.05,0.71,2
3566436476,-0.84,-0.84,0.09,0.09,0.82,2
4076577978,-1.02,2.12,0.0,1.0,0.0,1
4233722455,-0.85,-0.89,0.14,0.07,0.78,2
3805051264,-0.69,-0.67,0.09,0.12,0.79,1
4012902005,-1.45,-1.84,0.73,0.01,0.25,0
4000670568,-0.82,-0.8,0.08,0.13,0.79,2
3632398648,-0.74,-0.74,0.1,0.09,0.81,2
4202758869,-0.77,-0.78,0.12,0.08,0.8,2
3468961745,-0.58,-0.09,0.03,0.85,0.13,1
4057409591,-0.64,-0.61,0.09,0.13,0.77,2
3666115233,-1.55,-1.34,0.03,0.54,0.43,1
3658951201,-0.86,-0.82,0.07,0.17,0.76,2
3529257297,-0.97,-0.55,0.02,0.8,0.17,1
3629132822,0.38,0.08,0.6,0.09,0.31,2
3499935590,2.16,-0.82,1.0,0.0,0.0,0
3460853413,0.41,0.4,0.2,0.18,0.62,2
4244955800,1.05,0.95,0.3,0.14,0.56,1
3794524165,1.76,1.91,0.13,0.35,0.52,1
3674134690,-1.58,-1.54,0.06,0.12,0.82,2
4106479562,-1.3,-0.2,0.01,0.97,0.03,1
3977354410,-0.28,0.14,0.04,0.8,0.16,1
4204923022,1.62,2.14,0.05,0.82,0.13,1
3931611097,0.08,-0.16,0.55,0.08,0.37,0
4130156980,-1.01,-0.66,0.03,0.76,0.22,1
4031663832,-0.96,-0.16,0.01,0.93,0.05,1
3558652925,2.12,-1.87,1.0,0.0,0.0,0
3470977706,0.59,0.07,0.83,0.05,0.12,0
4003192630,-0.5,-0.45,0.09,0.21,0.7,2
3867456326,0.09,0.57,0.04,0.81,0.14,1
4116513754,-0.76,-0.69,0.07,0.24,0.69,0
4026361783,1.91,-1.47,1.0,0.0,0.0,0
3980137419,-0.18,-0.72,0.89,0.02,0.09,0
4120365540,1.41,-1.1,1.0,0.0,0.0,0
4084942674,-1.59,-1.93,0.63,0.02,0.36,0
3563020197,1.24,-0.81,0.99,0.0,0.0,0
4053765656,-1.07,-1.45,0.8,0.01,0.18,2
3924291651,-0.14,-1.63,0.99,0.0,0.01,0
4064452739,-0.6,-0.58,0.1,0.13,0.78,2
4000085659,0.13,0.08,0.23,0.14,0.63,2
3913295078,1.06,-0.94,0.99,0.0,0.0,0
3672499088,-1.41,-0.67,0.01,0.92,0.07,1
4017232365,-0.52,-0.01,0.03,0.85,0.12,1
3595266604,0.32,0.59,0.08,0.6,0.32,0
3777947892,-0.53,-0.56,0.17,0.09,0.75,1
4045880660,-1.03,-0.96,0.06,0.22,0.72,2
3837525245,-1.02,-0.96,0.06,0.18,0.75,2
3573805226,-0.61,-0.59,0.09,0.14,0.77,2
4205556850,0.08,-1.71,1.0,0.0,0.0,0
3486342090,-0.77,-0.81,0.17,0.07,0.76,2
3952776404,-1.34,-1.18,0.04,0.46,0.51,1
4240139486,-0.03,-0.28,0.61,0.07,0.32,1
3510819730,-0.61,-0.67,0.22,0.07,0.7,0
3832766335,-0.13,-0.22,0.29,0.1,0.61,2
3752484671,-1.34,0.35,0.0,0.99,0.01,1
3689371708,-1.64,0.91,0.0,1.0,0.0,1
3861232350,-0.78,-0.87,0.28,0.06,0.66,2
4091095561,-0.06,0.4,0.04,0.81,0.15,1
3664491663,-0.82,-0.82,0.09,0.09,0.82,2
3490605353,-0.82,-0.79,0.08,0.14,0.78,2
3769913719,-0.21,-0.12,0.1,0.29,0.61,1
4147390701,-0.65,1.41,0.0,0.99,0.0,1
3827181914,-0.77,-0.76,0.09,0.1,0.81,2
3873415195,0.18,-1.39,0.99,0.0,0.01,0
3913455269,-0.82,-0.82,0.1,0.09,0.81,2
4198638321,0.75,1.84,0.01,0.96,0.02,1
3671621704,0.53,1.17,0.03,0.89,0.08,1
4217499598,2.03,1.24,0.92,0.03,0.05,2
3460246316,-1.54,0.33,0.0,0.99,0.0,1
3664086244,-0.65,-0.56,0.07,0.29,0.64,1
3588851089,-0.78,-0.81,0.14,0.08,0.79,0
3486155368,0.1,0.16,0.14,0.23,0.63,1
3761926843,0.01,-0.34,0.76,0.05,0.19,2
3854054647,-0.76,0.04,0.02,0.93,0.05,1
4235860183,-1.62,-1.63,0.08,0.07,0.85,1
3731148637,0.92,-1.16,1.0,0.0,0.0,0
3966336247,-0.87,-0.93,0.19,0.07,0.74,2
3489107505,0.22,-0.06,0.6,0.08,0.32,0
3688555096,-0.77,-0.82,0.2,0.07,0.73,2
3785258599,-1.33,0.05,0.01,0.98,0.01,1
3863852903,-0.01,-0.59,0.89,0.02,0.08,0
3846280803,1.21,0.34,0.92,0.03,0.05,0
3828318559,-0.9,-0.95,0.17,0.07,0.76,2
3786022677,-1.58,1.51,0.0,1.0,0.0,1
4202907543,0.29,-0.49,0.93,0.02,0.06,0
4120802048,1.22,-0.25,0.98,0.01,0.02,0
4132779342,-0.76,-0.71,0.07,0.19,0.74,2
3985463127,-0.07,-0.8,0.93,0.01,0.06,0
3720182490,-0.56,-0.35,0.05,0.6,0.35,1
4238905317,1.54,1.11,0.74,0.07,0.19,0
3638536653,-1.73,-0.13,0.0,0.99,0.01,1
3611188317,1.09,-1.56,1.0,0.0,0.0,0
3527514312,-0.92,0.96,0.0,0.99,0.0,1
4213039786,-1.3,-1.3,0.08,0.08,0.84,0
4257864795,0.47,2.02,0.01,0.98,0.01,1
4176524112,-0.19,-1.0,0.95,0.01,0.04,0
3858385097,0.2,-0.8,0.96,0.01,0.03,0
3503073325,0.9,1.13,0.11,0.49,0.41,1
4045548167,1.81,0.33,0.97,0.01,0.01,0
3973711672,-1.64,-1.13,0.01,0.83,0.16,1
3796401115,2.0,0.08,0.99,0.0,0.01,0
3854924602,-0.79,-0.78,0.09,0.11,0.8,2
3475006113,-1.32,-1.23,0.05,0.25,0.7,1
4024774632,1.39,-1.05,1.0,0.0,0.0,0
4260657781,0.7,1.05,0.07,0.68,0.25,2
4219126037,-0.24,-0.87,0.92,0.02,0.07,0
4166109946,1.35,-1.46,1.0,0.0,0.0,0
4079746714,0.73,-0.53,0.97,0.01,0.02,0
3486849958,-0.71,-0.71,0.1,0.1,0.8,2
4261741941,1.92,1.41,0.81,0.05,0.13,0
3857378763,-0.79,-0.79,0.09,0.09,0.81,2
3645517702,-1.2,-1.13,0.06,0.19,0.75,0
3484538696,-0.04,-0.16,0.32,0.1,0.58,2
4075075044,1.72,-0.8,1.0,0.0,0.0,0
4130990586,-0.78,-1.95,0.99,0.0,0.01,0
3571755963,-0.79,-0.77,0.08,0.14,0.78,1
3617447786,-0.54,-0.47,0.08,0.27,0.66,2
3843161263,-0.81,-0.78,0.08,0.13,0.78,2
4264392483,-0.38,0.77,0.01,0.96,0.03,1
3894118103,-1.59,-0.45,0.01,0.97,0.02,1
3955839763,0.68,-0.16,0.92,0.03,0.05,0
3651625533,-0.32,-1.06,0.94,0.01,0.05,0
3749975439,-1.03,0.35,0.01,0.98,0.01,1
3637736902,-0.39,-0.73,0.79,0.03,0.18,2
4007550214,1.05,1.32,0.1,0.55,0.35,2
3657612859,-1.05,0.04,0.01,0.96,0.03,1
3981354072,-1.56,0.57,0.0,1.0,0.0,1
4024237410,0.02,-1.91,1.0,0.0,0.0,0
3963568814,-0.16,-0.47,0.75,0.05,0.21,0
4176408034,-0.78,-0.58,0.04,0.6,0.36,1
4180035916,0.42,-1.03,0.99,0.0,0.01,0
4130649904,-0.05,-0.77,0.93,0.01,0.06,0
3841177293,-0.74,-0.77,0.15,0.08,0.78,2
3462598796,1.74,-0.92,1.0,0.0,0.0,0
3454753778,-0.79,-0.77,0.08,0.14,0.78,2
3707100000,-0.39,1.84,0.0,1.0,0.0,1
3727284166,1.52,1.89,0.07,0.69,0.24,1
3691980282,0.29,0.35,0.15,0.23,0.62,2
3499152484,0.23,-0.5,0.92,0.02,0.06,0
3996720556,-1.35,-1.33,0.06,0.11,0.83,2
4222545106,-0.74,-0.79,0.19,0.07,0.74,0
3916362458,-0.57,-0.55,0.1,0.12,0.78,2
3910798047,-0.41,-0.39,0.12,0.13,0.75,2
4144301009,0.8,-1.68,1.0,0.0,0.0,0
4200802270,-0.87,-0.85,0.08,0.11,0.81,1
3920722383,0.53,-0.88,0.98,0.01,0.01,0
3459495870,-0.52,-0.74,0.66,0.04,0.3,0
4133874409,0.1,-0.53,0.9,0.02,0.08,0
4073321243,-0.56,-0.64,0.27,0.07,0.66,2
3917202653,-0.34,-0.54,0.58,0.06,0.36,2
3989744628,-0.36,-1.46,0.98,0.0,0.02,0
3992426424,-0.4,1.12,0.01,0.98,0.01,1
4136258766,-0.37,-0.37,0.14,0.12,0.74,2
3529198991,-1.16,-1.13,0.07,0.13,0.81,2
4136029347,-1.67,1.28,0.0,1.0,0.0,1
3878377531,-0.82,-0.86,0.15,0.07,0.78,2
3537739833,-1.05,-1.12,0.18,0.06,0.76,0
3465117661,0.27,-0.91,0.97,0.01,0.02,0
3810378307,1.52,2.78,0.01,0.98,0.01,1
4162967201,-0.21,-0.21,0.15,0.15,0.7,0
3702788231,-0.93,-0.93,0.09,0.09,0.82,2
3740188909,1.99,0.13,0.99,0.01,0.01,0
4219516491,-1.23,-1.14,0.05,0.25,0.69,2
3494251922,0.45,2.22,0.0,0.99,0.01,1
3570506089,0.22,-1.44,0.99,0.0,0.01,0
3789890465,-0.52,-0.91,0.83,0.02,0.14,0
3928738806,-1.12,-1.23,0.28,0.05,0.67,0
4085480576,-0.17,-0.21,0.19,0.12,0.69,2
3950138677,1.68,-1.87,1.0,0.0,0.0,0
3862684363,-0.89,-0.87,0.08,0.13,0.79,2
4209314291,0.52,0.29,0.45,0.12,0.43,2
3498118198,2.14,1.06,0.95,0.02,0.03,0
3922241646,0.14,1.07,0.02,0.94,0.04,1
4233537623,-0.52,-1.21,0.94,0.01,0.06,0
4057537896,-0.91,-0.89,0.08,0.11,0.81,2
3453442921,-0.33,0.31,0.03,0.89,0.09,2
3919810040,-0.86,-0.84,0.08,0.13,0.79,2
4074949495,-0.84,-0.7,0.05,0.45,0.5,1
3851283146,-0.5,-0.41,0.08,0.29,0.63,1
3675251354,-1.73,2.02,0.0,1.0,0.0,1
3652221179,-1.36,-1.5,0.32,0.04,0.64,0
3501323858,1.45,-0.38,0.99,0.0,0.01,0
4114090318,-0.09,-1.34,0.98,0.0,0.01,0
4185563072,-0.2,-0.34,0.42,0.08,0.5,2
4150317813,1.2,-0.51,0.99,0.0,0.01,2
3968955670,0.2,-1.44,0.99,0.0,0.01,0
4041315135,-1.5,-1.47,0.06,0.11,0.83,2
3888094942,-1.36,-1.39,0.11,0.06,0.83,2
4194164191,-1.88,-1.76,0.04,0.27,0.69,2
4241077718,0.94,0.93,0.22,0.18,0.61,1
3920973655,0.95,-1.52,1.0,0.0,0.0,0
4067822142,1.59,1.08,0.81,0.06,0.13,0
3597862055,-1.17,-0.89,0.03,0.69,0.29,1
4240992154,-0.97,-0.32,0.02,0.9,0.09,1
4267624202,-1.0,-0.89,0.05,0.32,0.62,1
3900086420,0.35,-0.91,0.98,0.01,0.02,0
3947356798,1.46,-0.24,0.98,0.01,0.01,0
3893830774,-1.6,-1.34,0.02,0.61,0.37,0
3876416489,-1.36,0.58,0.0,0.99,0.0,1
3529959180,-0.84,-0.84,0.09,0.09,0.82,2
4084981409,0.15,2.17,0.0,0.99,0.0,1
4067435535,1.43,2.62,0.01,0.97,0.02,1
3658991985,0.4,-1.36,0.99,0.0,0.0,0
3568815290,-0.95,-1.03,0.23,0.06,0.71,0
3445884899,-0.82,-0.84,0.12,0.08,0.8,0
3601447833,-0.59,-0.68,0.33,0.06,0.6,1
4063955308,-0.67,-0.76,0.3,0.06,0.64,0
3525634167,0.51,0.75,0.09,0.53,0.37,2
4175203725,0.34,-0.09,0.8,0.05,0.15,0
3980164740,-1.08,-1.06,0.07,0.11,0.82,2
3729715526,-1.62,-0.13,0.0,0.99,0.01,1
4147001923,-1.59,-1.46,0.04,0.35,0.62,2
3870588405,-0.25,-0.02,0.07,0.6,0.34,1
4058634282,-0.81,-0.82,0.1,0.09,0.81,2
3773401058,-0.55,-0.59,0.16,0.08,0.75,0
3600898690,0.84,-0.78,0.99,0.0,0.01,0
4015348406,0.26,-0.54,0.93,0.02,0.05,0
4118424631,-0.86,-0.86,0.09,0.09,0.82,1
4102651200,-0.65,-0.18,0.03,0.84,0.13,1
3586238344,-0.25,-1.01,0.94,0.01,0.05,0
3857908722,1.04,-0.2,0.96,0.01,0.03,0
4225429292,0.77,0.8,0.17,0.22,0.61,1
4130989758,-0.75,-0.78,0.15,0.08,0.78,0
3980092601,-0.9,-0.85,0.07,0.18,0.75,2
3929088879,0.46,-0.97,0.98,0.0,0.01,0
3671357633,-1.36,-1.59,0.5,0.03,0.47,2
3949298235,-1.16,-1.17,0.1,0.07,0.83,2
3692700791,1.41,2.59,0.01,0.97,0.02,1
3823426145,-1.12,0.05,0.01,0.97,0.02,1
3710617803,-0.16,-0.93,0.94,0.01,0.05,0
4195618506,-1.13,-0.32,0.01,0.93,0.05,1
3566362785,2.06,2.09,0.16,0.17,0.66,1
3856146345,-0.57,1.67,0.0,1.0,0.0,1
3676254828,1.05,0.82,0.46,0.12,0.42,2
3441410794,-1.65,-1.59,0.05,0.15,0.8,2
4127035740,0.45,0.15,0.59,0.09,0.31,0
3915490352,-0.79,-0.77,0.08,0.14,0.78,1
4228318696,-0.5,-0.88,0.82,0.02,0.15,0
4138739624,-0.84,-0.86,0.12,0.08,0.8,1
4055451894,-1.83,0.27,0.0,1.0,0.0,1
3821325702,-1.59,0.35,0.0,0.99,0.0,1
4237294362,-1.41,0.54,0.0,0.99,0.0,1
3691514083,1.84,1.63,0.43,0.1,0.47,0
3554377147,1.49,-1.69,1.0,0.0,0.0,0
3486429815,-1.53,0.55,0.0,1.0,0.0,1
3792381618,-0.88,-0.9,0.13,0.07,0.8,2
3566938961,-1.76,2.55,0.0,1.0,0.0,1
4032450293,-0.84,-0.81,0.08,0.15,0.78,1
4059421911,-0.04,-0.06,0.19,0.15,0.66,2
3861643444,-0.77,-0.77,0.09,0.1,0.81,2
3713918030,-0.66,0.79,0.01,0.98,0.01,1
3855583595,-0.68,-0.66,0.09,0.13,0.78,2
3800743261,1.05,-1.07,1.0,0.0,0.0,0
4050512472,-0.73,-0.74,0.11,0.09,0.8,2
3467059490,-1.62,-0.21,0.0,0.98,0.01,1
3716946276,0.21,0.38,0.11,0.43,0.47,2
3885873073,-0.77,-0.69,0.06,0.26,0.67,2
3551180832,-0.26,0.51,0.02,0.92,0.06,2
4204597476,-0.52,0.31,0.02,0.93,0.05,1
4074153625,2.31,0.89,0.97,0.01,0.01,0
3565317149,0.05,-1.07,0.97,0.01,0.02,0
3978453001,0.85,-1.12,0.99,0.0,0.0,0
3574108334,-1.52,-0.75,0.01,0.92,0.07,1
3893174597,-0.54,-0.5,0.09,0.19,0.72,0
3740326330,-1.15,-1.23,0.24,0.05,0.71,2
4193688494,0.26,0.12,0.34,0.12,0.54,0
3901246876,-0.07,-0.01,0.12,0.24,0.64,1
4048240841,-1.53,0.39,0.0,0.99,0.0,1
3750610280,-0.3,-0.7,0.83,0.03,0.14,0
4021149554,0.32,0.23,0.27,0.13,0.59,0
4104822338,-0.49,-0.95,0.87,0.02,0.11,0
3911555888,-0.46,-1.72,0.99,0.0,0.01,0
3760046629,-0.7,-0.2,0.03,0.85,0.13,1
3824248643,3.05,2.75,0.58,0.06,0.36,2
3660531720,-0.45,-0.44,0.12,0.12,0.76,2
3957277267,-0.6,-0.61,0.12,0.1,0.78,2
3623372883,0.47,-1.15,0.99,0.0,0.01,0
3817223871,-0.49,-1.01,0.89,0.02,0.09,0
3783359552,0.59,-0.2,0.91,0.03,0.06,0
3615657248,-1.68,-1.76,0.13,0.04,0.82,0
4140583498,-0.06,-0.53,0.86,0.03,0.11,0
3759278098,-0.25,-0.28,0.18,0.11,0.71,2
4284498087,-0.61,-0.76,0.49,0.05,0.46,0
3657304598,0.34,1.56,0.01,0.97,0.02,1
3640710322,-0.33,-0.17,0.07,0.48,0.45,1
3836183189,-0.78,-0.82,0.15,0.08,0.77,2
3561571239,-1.23,-1.23,0.08,0.08,0.83,2
4116856726,-0.82,-0.8,0.08,0.11,0.8,2
4243624067,-0.04,-1.23,0.98,0.0,0.02,0
4089251620,-1.3,2.25,0.0,1.0,0.0,1
3711485475,0.97,0.38,0.85,0.05,0.1,1
3983905007,-0.72,-0.18,0.02,0.87,0.11,1
3653195160,-0.77,1.69,0.0,1.0,0.0,1
3659596565,-0.77,-0.77,0.1,0.09,0.81,2
4292005733,0.46,0.79,0.07,0.67,0.26,1
4196938435,1.45,0.79,0.87,0.04,0.08,0
3823843006,0.48,0.2,0.55,0.1,0.35,0
3509098959,1.9,-0.64,1.0,0.0,0.0,0
4153322261,-0.36,2.89,0.0,1.0,0.0,1
3560027625,-1.41,0.07,0.0,0.98,0.01,1
4091795952,-0.77,-0.74,0.08,0.14,0.78,2
3750418626,0.84,-0.66,0.98,0.01,0.01,0
4168612425,-1.13,-1.03,0.05,0.31,0.64,0
3577696110,2.06,-0.38,1.0,0.0,0.0,0
4109967894,0.04,2.31,0.0,1.0,0.0,1
3908142614,-0.09,-0.43,0.76,0.05,0.19,0
4078525141,-0.96,-0.95,0.08,0.1,0.82,1
4188445429,-0.33,-0.32,0.13,0.15,0.73,1
3941585236,-0.21,1.27,0.01,0.98,0.01,1
3750833887,-0.61,-0.98,0.82,0.02,0.16,0
3697154082,-0.66,-0.54,0.06,0.38,0.56,2
3784249362,-0.84,-0.84,0.09,0.1,0.81,2
3650835382,-1.12,0.06,0.01,0.97,0.02,1
3462738487,-1.66,-1.62,0.06,0.11,0.83,1
3763225849,-0.86,-0.82,0.07,0.17,0.76,2
3714901937,-0.73,-0.71,0.09,0.13,0.78,2
3662720314,0.58,-0.88,0.98,0.0,0.01,0
3927911727,0.11,-0.41,0.87,0.03,0.1,0
4252675149,-1.23,0.03,0.01,0.98,0.02,1
3748957253,-1.3,-0.05,0.01,0.97,0.02,1
3536048751,-0.82,-0.82,0.09,0.09,0.82,2
3763893852,0.58,-0.19,0.91,0.03,0.06,0
4270454534,-0.74,2.16,0.0,1.0,0.0,1
4156247061,-0.85,-0.82,0.08,0.15,0.78,2
3466761590,1.34,-1.36,1.0,0.0,0.0,0
3970398998,0.84,-1.53,1.0,0.0,0.0,0
4292612499,0.74,0.61,0.32,0.14,0.54,0
4078503906,0.54,0.58,0.17,0.22,0.61,0
3675745855,-0.74,-0.75,0.11,0.09,0.8,2
3512144523,0.43,-0.34,0.92,0.02,0.06,0
3572349551,-0.86,-0.84,0.08,0.11,0.81,2
3947359826,-1.49,0.65,0.0,1.0,0.0,1
4189594789,-0.7,-0.77,0.23,0.07,0.7,2
3519110586,-1.42,-1.55,0.27,0.04,0.69,0
3550909059,-0.45,1.3,0.0,0.99,0.01,1
3661077896,-0.17,0.21,0.05,0.75,0.2,1
4248248688,-0.81,-0.77,0.08,0.15,0.77,1
4074564166,-0.72,-0.78,0.21,0.07,0.72,2
3906796998,-0.54,-0.54,0.12,0.11,0.78,2
3547749155,-1.67,-1.62,0.05,0.15,0.81,2
3474338131,-0.68,-0.64,0.08,0.17,0.75,2
3616112393,-1.39,-1.39,0.08,0.08,0.84,0
3811892793,-1.62,-1.63,0.08,0.07,0.85,2
4044402455,-0.37,0.81,0.01,0.96,0.02,1
4233383829,-0.3,0.43,0.02,0.91,0.07,1
3541015460,0.08,0.78,0.03,0.9,0.07,1
3941077781,-0.62,-0.91,0.76,0.03,0.21,0
3541909120,-0.41,-0.41,0.13,0.12,0.75,1
3702891527,-0.84,-0.84,0.09,0.09,0.82,2
3490442849,-0.43,2.92,0.0,1.0,0.0,1
3839262465,-1.07,-1.23,0.44,0.04,0.52,1
3855038193,-0.82,-0.82,0.09,0.09,0.82,2
3719713710,-0.97,-0.92,0.07,0.18,0.76,2
4024195991,-0.1,0.66,0.02,0.91,0.06,1
3839581232,0.05,-1.56,0.99,0.0,0.01,0
4028539127,-0.85,-0.85,0.09,0.09,0.82,2
4227608081,-0.74,-0.75,0.11,0.09,0.8,2
3632434046,-0.82,-0.97,0.47,0.05,0.49,1
3443258796,-0.79,2.02,0.0,1.0,0.0,1
3455312331,2.81,1.47,0.98,0.01,0.01,0
3904536460,0.52,2.7,0.0,1.0,0.0,1
4198384283,-1.61,-1.61,0.07,0.08,0.85,2
3543175489,-0.64,-0.37,0.04,0.67,0.29,1
3524007817,-1.97,0.26,0.0,1.0,0.0,1
4179674948,1.08,-0.98,0.99,0.0,0.0,0
4016417702,-0.8,-0.78,0.08,0.12,0.8,2
3818831974,-1.01,1.62,0.0,1.0,0.0,1
4262860715,-0.99,-1.1,0.33,0.05,0.62,2
3599383115,-0.54,-0.29,0.05,0.64,0.31,2
3981612988,-0.78,-0.8,0.12,0.08,0.8,2
3726415651,-1.36,-1.3,0.06,0.16,0.78,2
3468394141,-1.05,0.22,0.01,0.97,0.02,1
3847715872,0.19,1.6,0.01,0.98,0.01,1
4215172659,-0.3,-0.19,0.08,0.36,0.56,0
3610884389,0.71,-0.04,0.9,0.03,0.07,0
3441724058,-1.03,-0.94,0.05,0.3,0.65,2
4050184875,2.44,0.13,1.0,0.0,0.0,0
3560315109,-0.59,-0.27,0.04,0.73,0.23,1
4205448449,0.37,-0.65,0.96,0.01,0.03,0
3909055257,-1.02,-0.15,0.01,0.94,0.05,1
3729897140,-0.78,-0.54,0.04,0.65,0.31,2
4270471774,-0.79,-0.78,0.09,0.11,0.8,2
3611165624,1.2,0.81,0.69,0.09,0.22,2
3828886915,1.44,0.87,0.84,0.05,0.11,1
3644514481,-0.84,-0.85,0.11,0.08,0.81,2
3480206684,-0.71,-0.66,0.08,0.17,0.75,2
3445505628,-1.13,-0.97,0.04,0.5,0.46,1
4022342052,1.62,1.93,0.09,0.61,0.31,1
4285745344,-0.71,-0.66,0.08,0.19,0.73,2
4243756531,-0.66,0.34,0.01,0.95,0.03,1
4252493496,0.29,0.21,0.26,0.14,0.6,0
3891485973,-0.3,0.62,0.02,0.94,0.04,1
3906090901,-0.72,-0.74,0.13,0.08,0.79,2
3559597902,-0.74,-0.79,0.19,0.07,0.74,2
4197483593,-0.12,-0.13,0.17,0.15,0.68,2
3690449146,-0.69,-0.79,0.36,0.06,0.58,0
3627012440,-0.88,-0.9,0.13,0.07,0.8,2
3772346152,-0.92,-0.82,0.06,0.3,0.64,1
3862889791,-0.72,-0.62,0.06,0.34,0.6,2
4230898138,-0.84,-0.77,0.07,0.21,0.72,1
3642588573,0.83,-0.78,0.99,0.0,0.01,0
3923896339,-1.02,0.54,0.01,0.98,0.01,1
3548646576,1.01,-1.02,0.99,0.0,0.0,0
4036862906,0.84,-1.41,1.0,0.0,0.0,2
4096600816,-0.64,-0.34,0.04,0.71,0.26,2
3746358009,-1.27,-1.55,0.62,0.02,0.36,2
3998545442,-0.77,-0.22,0.02,0.87,0.11,1
3530108479,2.56,-1.28,1.0,0.0,0.0,0
3676346837,-0.85,-0.9,0.18,0.07,0.76,2
4142554835,-0.81,1.41,0.0,1.0,0.0,1
4077499967,1.88,0.4,0.97,0.01,0.01,0
3501012709,-0.59,-1.23,0.93,0.01,0.06,0
4200088116,-0.66,-0.68,0.14,0.08,0.78,2
3550250818,-0.37,1.02,0.01,0.98,0.02,1
3743660196,-0.84,-0.84,0.09,0.09,0.82,2
4189199849,-0.69,-0.79,0.36,0.06,0.58,0
3942939861,2.03,-0.71,1.0,0.0,0.0,0
3756491459,0.45,-1.42,1.0,0.0,0.0,0
3783220661,-0.61,-0.95,0.8,0.02,0.17,0
4119318788,-1.33,-1.23,0.05,0.3,0.66,2
4282389129,2.91,0.22,1.0,0.0,0.0,0
3843725948,1.13,2.02,0.02,0.95,0.04,1
4038129922,-0.71,-0.81,0.32,0.06,0.62,2
3600661511,-0.72,0.38,0.01,0.96,0.03,1
3587685059,0.74,-1.32,1.0,0.0,0.0,0
3915732009,-0.01,1.38,0.01,0.98,0.01,1
3721743268,0.23,0.5,0.08,0.61,0.31,1
4188323107,1.95,0.39,0.98,0.01,0.01,0
4283060301,0.04,1.22,0.01,0.96,0.02,1
3927825495,0.39,0.54,0.12,0.37,0.51,2
4248128259,-1.26,-1.34,0.2,0.05,0.75,2
4248918673,0.57,-0.61,0.97,0.01,0.02,0
3755191689,-0.85,-0.84,0.08,0.11,0.8,1
4097865015,0.82,0.54,0.55,0.11,0.34,2
3473071233,-1.1,1.68,0.0,1.0,0.0,1
3760049298,0.33,-0.47,0.93,0.02,0.05,0
3623284182,-1.45,-1.56,0.23,0.04,0.73,1
4119023883,-0.95,-1.11,0.45,0.04,0.5,0
3785951189,-0.77,-0.72,0.08,0.17,0.75,2
4270462930,-0.86,-0.85,0.09,0.1,0.81,2
3563548248,-1.67,-1.65,0.06,0.1,0.84,2
4198921068,-0.76,-0.89,0.44,0.05,0.51,0
3469136909,-0.89,-0.89,0.09,0.09,0.82,2
3890836868,-0.11,-0.5,0.81,0.04,0.15,0
4061197664,0.39,0.42,0.17,0.21,0.62,0
4124641753,-1.58,-0.5,0.01,0.97,0.03,1
3680089413,-1.2,0.84,0.0,0.99,0.0,1
3610224774,0.08,-0.33,0.81,0.04,0.15,0
3835887023,-0.81,-0.75,0.07,0.21,0.73,0
3648788697,1.21,1.61,0.07,0.71,0.22,1
4195348438,-0.51,0.74,0.01,0.97,0.02,1
3655596274,-0.8,-0.8,0.09,0.09,0.82,2
3764094717,-0.94,-0.86,0.06,0.25,0.69,1
3946519123,2.02,-0.69,1.0,0.0,0.0,0
3661329993,-1.61,1.63,0.0,1.0,0.0,1
4032338330,-1.26,-0.79,0.02,0.82,0.16,1
4203558115,1.94,2.3,0.07,0.67,0.26,1
4294254797,0.98,0.15,0.91,0.03,0.06,0
4228604298,1.79,-0.38,0.99,0.0,0.0,0
3473884297,-1.06,-0.78,0.03,0.7,0.27,1
3863384899,-0.45,-0.42,0.1,0.15,0.75,2
3739486994,-0.48,-0.16,0.04,0.72,0.24,2
4195835698,-0.73,-0.74,0.11,0.09,0.8,2
3635230344,0.84,0.69,0.35,0.14,0.52,0
4258041814,-0.55,-0.56,0.12,0.1,0.78,2
3986567022,-0.88,-0.88,0.09,0.09,0.82,2
3982044934,-1.32,0.77,0.0,0.99,0.0,1
3601152001,-0.71,-0.62,0.06,0.32,0.62,2
3887096605,0.59,0.54,0.24,0.16,0.6,2
4142653457,-0.81,-0.33,0.02,0.84,0.14,1
4252611580,0.5,1.32,0.02,0.93,0.05,1
4203472375,-0.16,-1.46,0.99,0.0,0.01,0
3541296111,-1.01,-1.02,0.09,0.08,0.83,2
3820197885,-0.65,-0.64,0.1,0.11,0.79,0
4124644292,-0.45,0.46,0.02,0.94,0.04,1
3944379207,-0.79,-0.82,0.13,0.08,0.79,2
4293849459,-0.73,-0.75,0.13,0.08,0.79,2
3717724012,-0.58,-0.56,0.1,0.12,0.78,2
3463940807,-0.89,-0.88,0.08,0.11,0.81,2
3580887518,1.41,-0.36,0.99,0.0,0.01,0
3441407499,0.29,0.03,0.53,0.09,0.37,2
3823901598,0.35,0.25,0.29,0.13,0.58,0
3595284353,1.83,-0.41,0.99,0.0,0.0,0
3937659669,-1.02,-0.94,0.06,0.25,0.69,1
3765417783,0.32,-1.74,1.0,0.0,0.0,0
4099772054,1.64,1.2,0.76,0.07,0.17,0
3790375400,-0.1,0.72,0.02,0.92,0.05,1
3796696510,-1.15,0.36,0.01,0.98,0.01,1
4232786108,0.55,-0.8,0.98,0.01,0.01,0
3993698323,1.02,-1.5,1.0,0.0,0.0,0
4171224670,2.17,2.36,0.12,0.4,0.49,2
3440758378,-1.12,-1.25,0.36,0.05,0.6,0
4179093073,-1.08,0.46,0.01,0.98,0.01,1
4250152966,-1.24,0.23,0.01,0.98,0.01,1
4143970976,-0.61,-0.69,0.29,0.07,0.64,2
4111031334,0.25,0.44,0.1,0.45,0.45,1
4233774292,-0.36,0.07,0.04,0.81,0.15,2
4204395711,-1.3,0.3,0.0,0.99,0.01,1
4232184126,-1.0,1.8,0.0,1.0,0.0,1
4040627823,-0.61,-0.64,0.16,0.08,0.76,2
3927792368,-0.9,-0.84,0.06,0.22,0.71,2
4204499980,0.1,0.1,0.19,0.17,0.64,1
3933963514,-0.91,-0.89,0.08,0.11,0.81,1
3687297983,0.35,0.99,0.03,0.89,0.08,1
4238232738,0.41,-0.6,0.95,0.01,0.03,0
3930236098,-1.55,-1.81,0.49,0.03,0.49,2
4221368533,-0.76,0.9,0.01,0.99,0.01,1
3713435944,2.66,1.73,0.95,0.02,0.03,0
3988641816,-0.15,0.73,0.02,0.93,0.05,1
3669341895,-0.8,-0.81,0.1,0.09,0.81,2
3642986087,-0.04,-0.6,0.89,0.02,0.09,0
3512291490,0.86,-1.27,1.0,0.0,0.0,0
4093721585,-0.88,-0.61,0.03,0.68,0.29,1
3507581357,-1.3,-0.71,0.01,0.87,0.11,1
3564695703,-0.38,-0.46,0.27,0.08,0.64,2
4264651374,-0.3,-0.34,0.2,0.1,0.7,2
3982251463,-1.37,-0.62,0.01,0.92,0.07,1
3678773411,-0.47,-0.69,0.63,0.05,0.32,1
4120053204,-0.3,-0.55,0.67,0.05,0.28,2
3687746974,-0.82,-0.78,0.08,0.15,0.77,2
3967217279,1.38,0.36,0.94,0.02,0.04,0
3440663146,-0.77,-0.77,0.1,0.09,0.81,2
3843174547,-0.91,-0.51,0.03,0.8,0.18,1
3453571863,-1.28,-1.23,0.06,0.17,0.78,2
4238639849,-0.87,-0.89,0.13,0.08,0.8,2
3815366019,-1.26,-1.3,0.12,0.06,0.82,2
3941241582,-0.65,-0.46,0.05,0.57,0.38,1
4079806567,-0.7,-0.14,0.02,0.87,0.1,1
3454904292,-1.2,-0.95,0.03,0.65,0.32,1
3599225590,1.56,-0.69,1.0,0.0,0.0,0
3699865854,0.33,1.44,0.01,0.96,0.03,1
3502475192,-0.64,-1.43,0.95,0.01,0.04,0
4054987426,-0.81,-0.73,0.06,0.26,0.68,1
3900950531,-0.72,0.02,0.02,0.92,0.06,1
4143543088,-0.82,0.01,0.01,0.94,0.05,1
3994835941,-0.89,-0.87,0.08,0.13,0.79,2
4071354424,-0.67,-0.72,0.2,0.07,0.73,1
3642926049,0.5,0.13,0.71,0.07,0.21,0
3664377205,0.2,2.06,0.0,0.99,0.0,1
4093666973,0.95,2.61,0.0,0.99,0.01,1
3956244066,-0.48,-0.99,0.89,0.02,0.1,0
3830131619,-1.02,-1.28,0.65,0.03,0.32,2
3675583679,-0.06,-0.55,0.87,0.03,0.1,0
3648160676,0.81,-0.82,0.99,0.0,0.01,0
3663387785,1.54,0.41,0.95,0.02,0.03,0
3858425137,-0.82,-0.85,0.13,0.08,0.79,2
3793799160,-1.1,0.1,0.01,0.97,0.02,1
3849931833,1.43,-1.5,1.0,0.0,0.0,0
3646145223,-0.64,-0.74,0.36,0.06,0.58,2
3789325216,-1.49,-1.04,0.02,0.8,0.18,1
4125998331,0.07,0.05,0.2,0.16,0.64,0
4217167328,0.64,-0.95,0.99,0.0,0.01,0
3516567971,-1.63,-1.66,0.08,0.06,0.85,2
4190026775,-0.82,-0.84,0.12,0.08,0.8,2
3839359874,0.29,-0.06,0.7,0.07,0.24,0
3677472526,-0.51,-0.85,0.8,0.03,0.17,1
3440596988,-0.69,-0.66,0.09,0.13,0.78,1
3526607192,-0.81,0.21,0.01,0.96,0.03,1
3823611639,-0.89,0.14,0.01,0.96,0.03,1
3732116132,0.64,0.97,0.07,0.66,0.27,1
4000813413,-0.76,-0.82,0.23,0.07,0.71,0
4236273125,1.77,0.17,0.98,0.01,0.01,0
3743232910,-0.31,-0.12,0.07,0.54,0.39,0
4234042907,1.08,0.29,0.9,0.03,0.06,0
3872499684,0.77,-0.46,0.97,0.01,0.02,0
3520411711,-0.97,-0.17,0.01,0.93,0.05,1
4007075745,2.2,1.55,0.89,0.04,0.07,0
4225011878,-0.62,-0.7,0.28,0.07,0.65,0
4207419389,-1.14,-0.02,0.01,0.97,0.02,1
3519242780,-0.85,-0.82,0.08,0.15,0.78,2
3858585889,1.5,-1.23,1.0,0.0,0.0,0
3561249031,1.52,-0.45,0.99,0.0,0.01,0
3651506097,-0.98,-0.96,0.08,0.11,0.81,2
4264235586,0.27,-1.36,0.99,0.0,0.01,0
3657869156,-1.34,-1.24,0.05,0.27,0.68,2
4057421976,-0.6,0.48,0.01,0.96,0.03,1
4162768760,1.22,-0.45,0.98,0.01,0.01,0
4031624262,-1.83,2.09,0.0,1.0,0.0,1
4003585133,-0.57,-0.52,0.09,0.2,0.72,2
3639604948,-1.2,1.04,0.0,1.0,0.0,1
3549834831,-0.87,-1.17,0.75,0.02,0.23,2
3446547629,0.36,0.78,0.05,0.76,0.19,1
4173785422,-0.47,-0.29,0.06,0.55,0.39,2
4161345695,0.57,-1.1,0.99,0.0,0.01,0
4105429804,-0.85,0.23,0.01,0.96,0.03,1
3695365246,0.87,-1.14,1.0,0.0,0.0,0
4221900502,-0.29,-0.97,0.93,0.01,0.06,0
3544684345,0.04,0.17,0.11,0.36,0.53,2
3986205078,-0.82,-0.82,0.09,0.1,0.81,2
3662665208,-0.35,-0.77,0.84,0.03,0.13,0
4002469366,-0.79,-0.82,0.14,0.08,0.78,2
4244417844,-0.93,0.24,0.01,0.97,0.02,1
3916472482,0.31,-0.74,0.96,0.01,0.03,0
4038232582,0.45,1.26,0.02,0.93,0.05,1
3910440746,-1.3,-1.34,0.12,0.06,0.82,2
4105963822,-0.1,0.87,0.02,0.94,0.04,1
4120631279,-0.99,2.31,0.0,1.0,0.0,1
3656855322,-0.77,-0.76,0.09,0.1,0.81,2
3524709739,0.2,-0.99,0.98,0.01,0.02,0
4171201817,-0.82,-0.82,0.09,0.09,0.82,2
3619828900,-0.84,-0.82,0.08,0.12,0.8,2
3575043693,-0.43,-0.81,0.82,0.03,0.15,0
3981775487,-0.89,-0.91,0.11,0.08,0.81,2
3837518005,-0.28,-0.82,0.89,0.02,0.09,0
4285469801,-1.61,-1.73,0.21,0.04,0.75,0
4135626469,-0.12,1.3,0.01,0.98,0.01,1
3602445554,-1.17,0.26,0.01,0.98,0.01,1
3549757728,-1.12,0.43,0.01,0.99,0.01,1
4207955292,1.93,2.55,0.03,0.88,0.09,1
3838129335,-0.92,-0.21,0.02,0.91,0.07,1
3867146472,-0.41,0.02,0.03,0.82,0.15,1
4096901104,-0.84,-0.84,0.09,0.09,0.82,1
4259445178,1.38,1.71,0.08,0.64,0.28,1
3565632025,1.11,1.42,0.09,0.61,0.3,0
4202190863,-0.91,-0.64,0.03,0.69,0.27,1
3746954523,-0.29,-0.92,0.92,0.01,0.07,0
3843884754,-0.77,-0.8,0.14,0.08,0.79,1
3767277141,-0.57,-0.99,0.85,0.02,0.13,0
4134720014,1.35,1.44,0.14,0.25,0.61,2
3466358080,1.77,-0.82,1.0,0.0,0.0,0
3536649904,-1.23,-0.24,0.01,0.96,0.03,1
3726171361,-0.61,-0.68,0.25,0.07,0.68,2
3614168752,0.72,-0.34,0.95,0.02,0.03,0
4091135078,0.15,0.13,0.21,0.16,0.63,2
3555132465,-0.15,-0.12,0.13,0.19,0.68,2
3715386767,-0.61,-1.38,0.95,0.01,0.04,0
4046380392,0.9,0.73,0.37,0.13,0.49,2
3571469205,-0.05,-0.01,0.14,0.2,0.66,2
4239926309,-0.74,0.0,0.02,0.92,0.06,0
4042573683,-0.71,-0.69,0.09,0.14,0.78,2
4196018712,-0.47,-0.73,0.72,0.04,0.24,0
3548404990,0.52,-0.62,0.97,0.01,0.02,0
3501942968,-0.73,-0.52,0.04,0.62,0.34,1
3534989234,1.18,-0.84,0.99,0.0,0.0,0
3631413746,-0.89,0.25,0.01,0.97,0.03,1
3737444300,0.12,-0.92,0.97,0.01,0.03,0
3853407805,1.47,-0.8,1.0,0.0,0.0,0
3611170910,-0.85,-0.82,0.08,0.13,0.79,0
3638370086,0.7,0.26,0.78,0.06,0.16,0
3518035899,-0.87,0.89,0.0,0.99,0.01,1
4139851842,-0.32,2.14,0.0,1.0,0.0,1
4052479220,-0.97,-0.97,0.09,0.09,0.82,0
3583511107,-0.02,0.36,0.06,0.73,0.21,1
3881638188,-0.5,-0.39,0.07,0.37,0.56,1
4003640073,-0.95,-0.97,0.12,0.07,0.81,2
4254718393,0.23,-0.18,0.79,0.05,0.16,0
3776910653,-0.35,-0.37,0.16,0.11,0.73,0
4145287130,-0.54,1.12,0.01,0.99,0.01,1
3895805384,0.32,1.45,0.01,0.96,0.03,1
3646811578,2.2,2.86,0.03,0.9,0.07,1
4256678143,-0.58,-0.57,0.1,0.11,0.78,2
4121028686,1.12,-0.39,0.98,0.01,0.01,0
4096573801,-0.8,-0.81,0.1,0.09,0.81,2
3608365949,-1.23,0.77,0.0,0.99,0.0,1
3599057519,2.05,-1.53,1.0,0.0,0.0,0
4227253840,-0.69,-0.75,0.23,0.07,0.71,2
3906013607,0.76,0.95,0.12,0.42,0.46,1
3787387849,-0.18,1.33,0.01,0.98,0.01,1
4168217861,0.33,-1.76,1.0,0.0,0.0,0
3752690913,1.36,-0.35,0.98,0.01,0.01,0
3620375943,0.83,-0.24,0.95,0.02,0.04,0
3866013973,-0.93,0.55,0.01,0.98,0.01,1
3536521872,-0.34,-0.36,0.16,0.11,0.73,0
4149160149,2.44,-0.57,1.0,0.0,0.0,0
3797667232,1.02,-1.48,1.0,0.0,0.0,0
4197384588,0.8,-0.96,0.99,0.0,0.01,0
3741752260,0.38,0.39,0.19,0.2,0.62,0
4283312699,-0.74,2.78,0.0,1.0,0.0,1
3952548171,0.42,-0.5,0.94,0.02,0.04,0
4077739421,-0.75,-0.56,0.04,0.58,0.38,1
4116284588,-0.76,-0.32,0.03,0.82,0.15,1
4245852874,0.84,-1.02,0.99,0.0,0.01,0
3849175129,-0.03,-1.61,0.99,0.0,0.01,0
3516985102,-0.48,-0.42,0.09,0.23,0.68,0
3729662328,-0.81,-0.78,0.08,0.13,0.78,1
3480840285,-0.78,-0.82,0.15,0.08,0.77,2
3869093745,0.66,-1.18,0.99,0.0,0.0,0
3691848438,-0.27,-0.88,0.91,0.02,0.07,2
3580926356,-1.18,-1.2,0.1,0.07,0.83,2
3812833914,-0.68,-0.81,0.43,0.05,0.52,2
3998983395,1.47,-1.47,1.0,0.0,0.0,0
3968823757,-0.82,-0.85,0.13,0.08,0.79,0
4085995498,1.1,-0.51,0.98,0.01,0.01,0
3476163260,1.09,0.84,0.49,0.12,0.39,0
4154627784,0.97,0.4,0.84,0.05,0.11,0
3761034898,-1.3,0.04,0.01,0.98,0.01,1
4139906326,-1.49,-1.5,0.08,0.07,0.85,2
3450036233,1.36,-0.18,0.98,0.01,0.01,0
3486702634,0.19,-0.28,0.84,0.04,0.12,0
3452872384,-0.2,-0.87,0.92,0.01,0.06,0
4267349730,-0.01,0.37,0.05,0.74,0.21,2
3687082825,-1.04,-1.02,0.08,0.11,0.82,0
4105253362,-0.66,-0.13,0.02,0.86,0.11,1
3796262722,-1.48,-0.58,0.01,0.95,0.05,1
4261147158,-1.03,0.02,0.01,0.96,0.03,1
3503617822,-0.77,-1.58,0.96,0.0,0.04,0
4051351230,-0.41,-1.37,0.97,0.0,0.03,0
4014316347,-0.66,-0.68,0.14,0.08,0.78,2
4150082300,-0.5,-0.36,0.06,0.45,0.48,2
4164020584,-0.01,-0.89,0.95,0.01,0.04,0
3551505051,-0.54,-0.43,0.07,0.38,0.55,1
4083374067,0.9,1.04,0.13,0.34,0.53,2
3516665661,-0.5,-0.23,0.05,0.67,0.28,1
4188033308,-0.13,-1.45,0.99,0.0,0.01,0
4147384765,-0.85,-0.82,0.08,0.15,0.78,1
4256757373,-0.28,0.23,0.03,0.85,0.12,1
4150646111,1.08,0.95,0.31,0.13,0.55,2
4122574820,1.05,-0.71,0.99,0.0,0.01,0
4244101139,0.29,-1.64,1.0,0.0,0.0,0
3710945249,-0.73,0.81,0.01,0.98,0.01,1
3873256269,-1.02,0.34,0.01,0.98,0.02,1
4221212915,-0.77,-0.79,0.14,0.08,0.78,2
4223746574,-0.21,-0.43,0.57,0.06,0.36,0
4015660924,-0.89,-0.5,0.03,0.79,0.19,1
3735314232,-0.71,-0.79,0.27,0.06,0.67,2
3957468554,-0.7,-1.97,0.99,0.0,0.01,0
4284047809,-0.85,-0.75,0.05,0.34,0.61,2
3940122589,-0.45,1.81,0.0,1.0,0.0,1
3580944521,-0.06,1.78,0.0,0.99,0.01,1
3970161970,-1.59,0.4,0.0,0.99,0.0,1
3732909513,-0.33,0.39,0.02,0.91,0.07,1
4095499838,-1.33,-0.61,0.01,0.91,0.08,1
3972459219,-0.95,-0.88,0.06,0.25,0.69,2
3521716571,1.22,-1.55,1.0,0.0,0.0,0
4064909021,-0.8,-0.81,0.1,0.09,0.81,2
3857326911,0.24,-1.34,0.99,0.0,0.01,0
3768459307,-0.82,-0.78,0.07,0.17,0.76,2
3849197934,-0.24,-0.81,0.9,0.02,0.08,0
3883491246,-0.89,-0.89,0.09,0.09,0.82,2
3472916459,1.31,0.66,0.87,0.04,0.09,0
4122205000,0.31,0.81,0.04,0.82,0.14,1
3745469809,-0.77,-0.74,0.08,0.13,0.79,2
3514338215,0.45,0.5,0.16,0.23,0.61,0
3901750992,-0.66,0.21,0.02,0.94,0.05,1
3892491345,0.08,-0.42,0.87,0.03,0.1,0
4050068177,-0.84,-0.81,0.08,0.13,0.79,2
3666635915,0.22,-0.6,0.93,0.02,0.05,0
4201858738,-0.97,-1.05,0.23,0.06,0.71,2
3941392243,1.09,-0.15,0.96,0.01,0.03,0
4240162389,-1.44,2.66,0.0,1.0,0.0,1
3894752320,-0.73,-0.6,0.05,0.44,0.51,2
3739632566,0.6,-0.95,0.99,0.0,0.01,0
3559423938,-0.49,1.34,0.0,0.99,0.01,1
4169152145,-0.12,-0.6,0.87,0.03,0.11,0
3468065183,-0.85,-0.75,0.05,0.34,0.61,1
3797338484,-0.13,-0.5,0.8,0.04,0.16,2
3587193038,0.4,-1.65,1.0,0.0,0.0,0
4109711883,-0.68,-1.6,0.97,0.0,0.03,0
3682673639,1.98,-1.91,1.0,0.0,0.0,0
4112045435,-1.45,0.56,0.0,0.99,0.0,1
3736477516,0.53,-0.28,0.92,0.02,0.06,0
3996347550,1.45,1.64,0.12,0.42,0.46,0
3836593981,-0.37,0.89,0.01,0.97,0.02,1
3895392234,0.66,0.77,0.13,0.3,0.56,2
3927060136,-1.3,2.06,0.0,1.0,0.0,1
3576755066,1.27,-0.12,0.97,0.01,0.02,0
3472762181,-1.34,-0.57,0.01,0.92,0.06,1
4293430216,-1.04,-0.63,0.02,0.8,0.18,2
3608160808,0.53,3.0,0.0,1.0,0.0,1
3507599857,-0.14,2.36,0.0,1.0,0.0,1
4111007555,-0.54,0.43,0.02,0.95,0.04,1
4057323709,-1.06,-1.17,0.31,0.05,0.64,0
3576153193,-0.81,-0.85,0.16,0.07,0.77,0
3840292043,-0.29,-0.36,0.27,0.09,0.64,2
3705269362,-1.02,-0.38,0.02,0.89,0.09,1
3997818216,-0.75,-0.79,0.17,0.07,0.76,0
3668648093,2.45,1.17,0.97,0.01,0.02,0
3959587381,-0.33,1.11,0.01,0.98,0.01,1
3585567215,2.97,2.84,0.3,0.08,0.62,2
4153460417,-1.41,2.41,0.0,1.0,0.0,1
4234203318,0.25,-0.81,0.96,0.01,0.03,0
3626198183,-0.79,1.16,0.0,0.99,0.0,1
4028631814,1.62,1.03,0.86,0.05,0.1,0
3576030744,-0.8,-0.02,0.02,0.93,0.06,1
3794669100,1.41,-1.52,1.0,0.0,0.0,0
4028248955,-0.66,-0.74,0.27,0.07,0.66,0
3962426912,-0.03,-1.24,0.98,0.0,0.02,0
3988742715,0.22,0.61,0.06,0.73,0.21,1
3472680340,2.2,0.88,0.97,0.02,0.02,0
3998315076,0.42,0.4,0.22,0.17,0.61,2
3448927599,1.41,-0.56,0.99,0.0,0.01,0
4148749202,-0.64,-0.69,0.2,0.07,0.73,0
3892367539,-0.82,-0.84,0.13,0.08,0.79,2
3766495468,-0.76,-0.77,0.11,0.09,0.81,2
3437255234,-0.65,-1.66,0.98,0.0,0.02,0
3833405374,-0.6,-0.71,0.4,0.06,0.54,2
3931024143,2.36,0.61,0.98,0.01,0.01,0
4137592403,-0.61,-0.57,0.09,0.16,0.75,2
4214325799,-0.79,-0.79,0.09,0.09,0.81,2
3532841250,0.23,-0.87,0.97,0.01,0.02,0
4232425627,0.36,0.16,0.41,0.12,0.47,0
3805755931,0.82,1.45,0.03,0.88,0.09,1
4196464969,0.53,0.06,0.81,0.05,0.13,0
3566889670,-1.63,-0.19,0.0,0.98,0.01,1
4021704239,-1.23,-1.17,0.06,0.17,0.77,1
3920312398,-0.22,0.36,0.03,0.87,0.1,1
3609866548,-0.73,-0.73,0.1,0.1,0.81,2
4077065687,0.64,0.69,0.16,0.23,0.61,0
4114264723,-0.48,-1.33,0.96,0.01,0.03,0
3568672017,1.17,-1.32,1.0,0.0,0.0,0
3823401351,1.2,0.35,0.92,0.03,0.05,0
3820796948,-0.94,-0.95,0.09,0.08,0.82,2
4203735144,0.36,0.52,0.12,0.37,0.51,0
3458316253,-1.54,-1.73,0.38,0.03,0.59,0
4127535314,-0.34,1.98,0.0,1.0,0.0,1
3844186893,1.03,-0.03,0.94,0.02,0.04,0
3450293563,-0.71,-0.73,0.12,0.09,0.79,2
3528633806,0.17,-0.51,0.91,0.02,0.07,0
4084397960,0.26,-1.27,0.99,0.0,0.01,0
3652973805,0.47,-0.59,0.96,0.01,0.03,0
4280390923,-0.2,0.11,0.06,0.7,0.25,2
4040265181,1.46,-1.13,1.0,0.0,0.0,0
3880909361,-0.64,-0.74,0.36,0.06,0.58,0
3719195086,-0.89,-0.87,0.08,0.12,0.8,2
3922037349,-0.62,-0.6,0.09,0.14,0.77,2
4231503949,-0.48,-0.55,0.29,0.07,0.64,2
3889750199,-0.82,-0.82,0.1,0.09,0.81,2
3698412685,-0.82,-0.82,0.1,0.09,0.81,2
4156835026,0.49,0.19,0.6,0.09,0.31,1
4027563085,-0.6,2.0,0.0,1.0,0.0,1
3986610130,-0.42,-0.5,0.31,0.08,0.62,2
3466959564,-1.21,1.39,0.0,1.0,0.0,1
3802697792,-1.2,-1.17,0.06,0.13,0.81,1
3801405026,-0.7,-0.52,0.05,0.57,0.38,2
3755682076,-1.05,-1.91,0.97,0.0,0.03,0
3466604995,-0.36,-1.46,0.98,0.0,0.02,0
4187706060,0.87,1.2,0.08,0.64,0.28,2
3942840482,-0.92,-0.91,0.08,0.1,0.82,2
4166206527,-0.85,0.33,0.01,0.97,0.02,1
3795926469,-0.71,-0.76,0.17,0.07,0.75,2
3606610366,-0.61,0.66,0.01,0.97,0.02,1
3538055920,-1.39,-1.56,0.37,0.04,0.59,0
4077762699,-0.35,-0.81,0.87,0.02,0.11,2
3723766284,-0.73,-0.93,0.59,0.04,0.37,0
3893593189,2.75,1.05,0.98,0.01,0.01,0
3819131248,-1.04,0.39,0.01,0.98,0.01,1
3635912400,-1.67,0.26,0.0,0.99,0.0,1
4089495568,-1.72,0.1,0.0,0.99,0.0,1
3500297475,-0.04,-0.1,0.23,0.12,0.65,2
3665936827,1.88,1.05,0.92,0.03,0.05,2
4053827366,-0.84,-0.82,0.08,0.13,0.79,2
4020874722,-1.34,0.71,0.0,0.99,0.0,1
3915523573,-0.46,-0.76,0.76,0.03,0.2,0
3776250968,-0.58,-0.66,0.31,0.07,0.63,2
3995597196,-0.35,-0.58,0.64,0.05,0.31,0
3834366477,-0.84,-0.82,0.08,0.12,0.8,2
4156903170,1.16,-1.49,1.0,0.0,0.0,0
3491962207,-1.34,0.29,0.0,0.99,0.01,1
3636188761,-0.56,-0.73,0.53,0.05,0.42,0
3512562374,-0.78,-0.78,0.09,0.09,0.81,2
4053234109,-0.13,-1.05,0.96,0.01,0.03,0
3894424828,0.59,0.65,0.15,0.24,0.61,1
4014312207,2.11,-0.84,1.0,0.0,0.0,0
4147197812,1.28,0.15,0.95,0.02,0.03,0
3463288457,0.49,0.35,0.33,0.13,0.54,2
4067951191,-0.82,-0.82,0.09,0.09,0.82,2
4106154680,-0.47,-0.54,0.25,0.08,0.67,2
3775586054,-0.65,-0.59,0.08,0.22,0.7,1
3631724351,-1.31,-1.31,0.08,0.08,0.84,2
3518159706,-0.89,-0.9,0.1,0.08,0.82,1
4195019530,0.26,0.57,0.07,0.64,0.29,2
4116483260,-0.55,0.86,0.01,0.98,0.01,1
3850668307,-0.75,-0.76,0.11,0.09,0.8,2
4079124970,0.06,-0.22,0.63,0.07,0.3,2
4145549851,-0.81,-1.78,0.98,0.0,0.02,0
4291445966,1.72,-0.42,0.99,0.0,0.0,0
3499666330,1.52,1.74,0.11,0.47,0.42,2
4274707768,2.2,-0.16,1.0,0.0,0.0,0
3592831911,0.05,-1.45,0.99,0.0,0.01,0
3675052073,-0.5,1.02,0.01,0.98,0.01,1
4092404815,-0.38,-0.61,0.65,0.05,0.3,2
3889657583,-0.5,-0.31,0.06,0.55,0.39,2
3555026288,-0.48,-0.09,0.04,0.79,0.17,1
3594227517,-1.72,-0.16,0.0,0.99,0.01,1
4153792459,-0.78,-0.82,0.15,0.08,0.77,2
3650511805,-0.18,-0.65,0.86,0.03,0.11,1
3787173535,-1.22,-0.89,0.02,0.74,0.24,2
3635484820,-0.57,0.67,0.01,0.97,0.02,1
4220311356,-0.41,-0.38,0.11,0.15,0.74,2
4072472007,-1.6,-1.59,0.07,0.09,0.85,2
4257761980,0.6,-0.73,0.98,0.01,0.02,0
3898216812,-0.97,-0.84,0.05,0.43,0.53,2
3763822413,-0.52,0.43,0.02,0.94,0.04,1
3620127087,0.19,-0.29,0.85,0.04,0.11,0
4015249480,-0.62,-0.48,0.06,0.46,0.49,1
4137441083,0.13,-1.5,0.99,0.0,0.01,0
3871879174,-0.46,-0.45,0.12,0.12,0.76,2
4052401770,-0.56,-0.65,0.31,0.07,0.62,2
3525071398,-1.06,1.18,0.0,1.0,0.0,1
3878479364,-0.51,-0.52,0.13,0.1,0.77,2
3519080768,-0.78,-0.79,0.11,0.09,0.8,2
4114681906,-0.3,1.02,0.01,0.97,0.02,1
4099810323,-1.1,0.46,0.01,0.99,0.01,1
3457240282,0.39,0.37,0.22,0.17,0.62,1
4271372727,0.21,0.21,0.2,0.18,0.62,2
3862377782,-0.14,-0.84,0.93,0.01,0.06,0
3825909125,-0.43,-0.61,0.57,0.05,0.38,0
3538185303,-1.31,-1.35,0.12,0.06,0.82,2
3480799188,2.03,-1.14,1.0,0.0,0.0,0
4268087459,1.1,-0.37,0.98,0.01,0.02,0
3733798004,0.85,-0.34,0.96,0.01,0.03,0
3607443084,0.93,0.86,0.26,0.15,0.58,2
3687807651,0.13,0.12,0.2,0.17,0.63,2
3567210401,0.81,0.18,0.87,0.04,0.09,2
3544335429,-0.45,0.84,0.01,0.97,0.02,1
3743743457,-0.66,-0.7,0.18,0.08,0.74,2
4028554838,-1.01,-1.27,0.65,0.03,0.32,0
3599952651,-1.21,-1.2,0.07,0.1,0.83,0
4008034811,1.93,1.93,0.19,0.15,0.66,2
3616570862,0.7,-0.71,0.98,0.01,0.01,2
3687736476,-0.49,-1.45,0.97,0.0,0.03,0
3661361346,0.86,0.49,0.68,0.09,0.23,0
3556675330,-0.98,-1.5,0.89,0.01,0.1,0
3624455454,-0.47,-0.86,0.83,0.02,0.15,0
3526759960,1.34,-0.87,1.0,0.0,0.0,0
4216769264,-0.29,-0.6,0.75,0.04,0.21,0
3814499451,-1.47,-1.4,0.05,0.19,0.76,2
3466235997,-0.76,-0.77,0.11,0.09,0.81,1
3783688065,-1.0,-1.16,0.47,0.04,0.49,2
3446062508,0.89,-1.01,0.99,0.0,0.0,0
3958714906,0.54,-1.2,0.99,0.0,0.01,0
3691040204,0.97,-0.19,0.95,0.02,0.03,0
3824193742,-1.24,-0.16,0.01,0.97,0.03,1
3511269980,2.16,-1.49,1.0,0.0,0.0,0
3807720488,-0.04,-0.67,0.91,0.02,0.07,0
3576392436,0.54,0.52,0.21,0.17,0.61,1
3686232527,-0.87,-0.86,0.09,0.1,0.81,2
4012591092,-1.22,2.55,0.0,1.0,0.0,1
3789819515,-0.45,0.11,0.03,0.87,0.1,1
3503545137,-0.07,-0.73,0.92,0.02,0.07,0
3858115560,0.2,0.34,0.11,0.37,0.52,1
3669618922,-0.92,0.41,0.01,0.98,0.02,1
4121315843,-0.68,-0.66,0.09,0.13,0.78,2
3955791590,-0.16,-0.06,0.1,0.31,0.59,0
3613159969,-0.09,-0.54,0.85,0.03,0.12,0
3841106815,-0.14,1.02,0.01,0.96,0.03,1
4132714818,1.81,-0.19,0.99,0.0,0.0,0
3734944021,-1.43,-1.23,0.03,0.54,0.43,1
4278049467,-0.29,-0.16,0.08,0.41,0.51,2
3827801375,-0.48,-0.76,0.74,0.04,0.22,2
3732225241,-0.77,0.08,0.01,0.94,0.05,1
4208363462,-0.71,-0.68,0.08,0.15,0.76,2
3649706457,-0.02,1.39,0.01,0.98,0.01,1
3669094371,-0.85,0.7,0.01,0.98,0.01,1
3566636449,-0.4,-0.56,0.51,0.06,0.43,0
3760802936,-0.28,-1.51,0.98,0.0,0.01,0
4047558886,0.7,0.47,0.47,0.12,0.41,2
3797407118,0.52,-0.81,0.98,0.01,0.02,0
3528881954,-0.58,-1.45,0.96,0.0,0.03,0
3887917660,-0.97,-0.03,0.01,0.95,0.04,1
3936903589,1.23,-0.53,0.99,0.0,0.01,0
3733824558,-0.56,-0.57,0.12,0.1,0.78,2
3489662208,-0.8,-0.82,0.11,0.08,0.8,2
3785991689,-0.11,-0.86,0.94,0.01,0.05,0
4163413237,-0.68,-0.69,0.11,0.09,0.8,2
4117758636,-0.79,-0.77,0.08,0.12,0.79,2
3925564782,0.49,-0.18,0.89,0.03,0.08,0
3736235940,-1.32,-1.23,0.05,0.25,0.7,1
4269177005,-1.76,-1.78,0.08,0.06,0.86,2
3715463573,-1.41,-1.62,0.47,0.03,0.5,0
3545691651,-0.86,-0.77,0.06,0.28,0.66,1
3732592870,2.61,-0.19,1.0,0.0,0.0,0
4147020545,-0.64,-0.64,0.11,0.1,0.79,2
4267705016,-1.12,-0.28,0.01,0.94,0.05,1
4192103700,-1.5,0.96,0.0,1.0,0.0,1
3878594424,-0.82,-0.8,0.08,0.11,0.8,2
3954924495,-1.63,-0.86,0.01,0.92,0.07,1
3559391301,-0.82,-0.82,0.1,0.09,0.81,0
4227673279,-0.47,1.48,0.0,0.99,0.0,1
3758715968,-0.86,-0.84,0.08,0.11,0.81,2
3874102061,-1.81,1.41,0.0,1.0,0.0,1
4240832884,0.07,0.58,0.04,0.83,0.13,2
4010557691,0.41,0.56,0.12,0.37,0.51,1
3679132468,-0.85,-0.86,0.1,0.08,0.82,2
3853649819,-0.84,-0.86,0.11,0.08,0.81,2
3908361286,-1.17,-0.54,0.02,0.89,0.1,1
4094654247,-0.17,-1.43,0.98,0.0,0.01,0
4174058512,-0.8,-0.77,0.08,0.14,0.78,2
3528458534,-0.78,-0.81,0.14,0.08,0.79,2
3861436588,-1.27,0.04,0.01,0.98,0.02,1
4049178333,-0.66,-0.74,0.3,0.06,0.64,0
4228881315,-1.06,-0.61,0.02,0.82,0.16,1
3560202562,-0.29,0.13,0.04,0.81,0.16,0
4231741198,-0.25,-1.52,0.99,0.0,0.01,0
3634153527,1.98,2.41,0.06,0.74,0.2,1
3585894009,-0.1,0.09,0.08,0.51,0.41,1
3588652450,-0.89,0.82,0.0,0.99,0.01,1
3442373078,-0.82,-0.81,0.09,0.1,0.81,2
4283155008,-0.3,-0.33,0.18,0.11,0.72,2
3768753421,-1.64,0.65,0.0,1.0,0.0,1
4008723344,0.78,-1.49,1.0,0.0,0.0,0
4059350452,2.05,1.33,0.91,0.03,0.06,0
3683690755,-0.15,0.56,0.03,0.9,0.07,1
4057316162,0.82,0.72,0.29,0.14,0.57,0
3523099789,-1.62,-1.5,0.04,0.32,0.64,1
3917141657,-0.79,-0.79,0.09,0.09,0.81,2
3897360597,0.28,-0.07,0.69,0.07,0.24,0
3797060152,0.77,-0.57,0.97,0.01,0.02,2
4216097527,0.37,1.04,0.03,0.9,0.08,1
4115304967,-0.54,-0.42,0.07,0.38,0.55,1
3536059314,1.12,1.12,0.2,0.18,0.62,0
3554896720,2.41,-0.36,1.0,0.0,0.0,0
3572451762,1.73,1.8,0.15,0.22,0.64,2
4170695439,-0.72,0.17,0.01,0.94,0.04,1
4062867867,-1.18,-0.06,0.01,0.97,0.02,1
3654969083,-0.78,-0.74,0.08,0.16,0.76,2
3896502027,0.46,-0.36,0.92,0.02,0.05,0
3897539675,0.09,-0.54,0.9,0.02,0.08,0
3543788562,-1.07,-0.52,0.02,0.86,0.12,1
4241508462,-0.61,-0.6,0.1,0.12,0.78,2
3685438612,-0.07,-1.11,0.97,0.01,0.02,0
3790851561,1.92,0.19,0.98,0.01,0.01,0
3761547405,0.82,-0.84,0.99,0.0,0.01,0
4181869843,2.8,-1.04,1.0,0.0,0.0,0
3482455438,0.58,-1.34,1.0,0.0,0.0,0
3673631257,-1.81,2.3,0.0,1.0,0.0,1
3637786810,-0.66,-0.6,0.08,0.21,0.71,2
4109494475,-1.47,-0.99,0.01,0.82,0.16,2
3579155152,-0.8,-0.97,0.51,0.04,0.45,2
3861640977,-0.92,-0.61,0.03,0.73,0.24,0
3638298299,-1.01,-0.51,0.02,0.84,0.14,1
3451022191,0.52,-1.02,0.99,0.0,0.01,0
3561431227,-0.59,-0.79,0.62,0.04,0.34,0
3512230107,-0.71,-0.73,0.12,0.09,0.79,0
3820949211,0.36,0.21,0.34,0.13,0.54,1
3934994485,0.33,0.64,0.07,0.64,0.28,1
3986782632,-0.01,-0.42,0.82,0.04,0.14,0
3830223863,0.38,-0.58,0.95,0.01,0.04,0
4112349114,0.35,-0.51,0.94,0.02,0.05,0
4150194940,-1.2,-1.05,0.04,0.43,0.53,1
3933545762,-1.22,0.6,0.0,0.99,0.01,1
3669007133,-1.12,-1.07,0.06,0.18,0.76,2
3631494542,-0.41,-0.27,0.07,0.43,0.5,1
4162408060,-0.39,-0.28,0.08,0.35,0.57,2
3576500534,2.05,-0.75,1.0,0.0,0.0,0
3705174565,-0.82,-0.77,0.07,0.19,0.74,2
4198213261,-0.07,-0.16,0.28,0.1,0.62,2
3855630640,-1.22,-1.22,0.08,0.08,0.83,2
3441283326,-0.62,-0.45,0.05,0.54,0.41,1
3875555311,-0.74,-0.7,0.08,0.17,0.75,2
3652963745,-1.62,0.72,0.0,1.0,0.0,1
3609287339,0.38,-0.99,0.98,0.0,0.01,0
3637987326,1.03,-1.05,1.0,0.0,0.0,0
4095811089,-0.45,-0.77,0.79,0.03,0.18,2
3977970431,0.32,-0.7,0.96,0.01,0.03,0
3956739676,-0.69,-0.74,0.2,0.07,0.72,0
3914592135,1.55,1.7,0.13,0.33,0.54,2
3899561426,0.06,0.35,0.07,0.64,0.29,1
3814662739,-1.35,-1.15,0.03,0.55,0.42,1
4204148722,-0.86,-0.82,0.08,0.15,0.78,2
4125594232,-0.54,-0.22,0.04,0.72,0.24,2
3811169882,0.3,-1.01,0.98,0.0,0.01,0
3856101117,-1.33,-1.3,0.06,0.12,0.82,1
3576697876,-0.57,-0.57,0.11,0.11,0.78,2
3606325096,-1.46,-1.41,0.05,0.14,0.8,1
4198462022,-0.54,-0.51,0.1,0.14,0.76,2
3598708691,0.03,0.71,0.03,0.89,0.08,1
4039389316,-0.7,-0.71,0.11,0.09,0.8,2
3830666445,-0.85,0.45,0.01,0.97,0.02,1
4162979002,-0.79,-0.8,0.1,0.09,0.81,2
3531863465,-1.09,-0.95,0.04,0.42,0.54,2
3610873465,-0.89,-0.58,0.03,0.74,0.23,1
3689688249,-0.86,-0.86,0.09,0.09,0.82,2
3618427951,-0.65,0.08,0.02,0.92,0.07,1
3642764717,0.09,0.12,0.16,0.21,0.64,2
3805813493,-0.88,0.57,0.01,0.98,0.01,1
4220290774,0.26,-1.12,0.99,0.0,0.01,0
3457628633,-0.66,1.18,0.0,0.99,0.01,1
4239286406,-0.71,-0.74,0.16,0.08,0.77,2
4121049913,-0.62,1.18,0.0,0.99,0.01,1
4117226597,-0.55,-0.28,0.05,0.68,0.28,1
3962572625,0.66,0.64,0.22,0.17,0.61,2
3602246322,-0.77,0.49,0.01,0.97,0.02,1
4064600277,-0.82,1.88,0.0,1.0,0.0,1
3964716165,-0.29,0.0,0.06,0.68,0.26,1
3575039219,-0.77,-0.79,0.14,0.08,0.78,2
3836881497,-1.69,0.48,0.0,1.0,0.0,1
4035474230,0.38,-1.91,1.0,0.0,0.0,0
3519039678,-0.09,-0.03,0.12,0.24,0.65,2
4043530256,-0.76,-0.8,0.17,0.07,0.76,0
3591191022,-0.82,-0.75,0.06,0.25,0.69,2
3762026937,1.54,-1.51,1.0,0.0,0.0,0
3494481298,-0.82,-0.8,0.08,0.13,0.79,2
4078309963,-0.77,-0.7,0.07,0.23,0.7,1
3473687520,-0.8,-0.82,0.11,0.08,0.8,2
4073271189,-0.25,-0.28,0.19,0.11,0.7,0
3959539552,1.05,-0.24,0.96,0.01,0.02,0
4166813154,-0.55,-0.61,0.23,0.07,0.69,2
3941434755,1.33,2.33,0.01,0.96,0.03,1
3848122194,-0.72,1.45,0.0,1.0,0.0,1
3747691768,-0.77,-0.77,0.11,0.09,0.81,2
3983732971,-0.93,-0.86,0.06,0.22,0.72,1
4011184932,-0.72,-0.84,0.4,0.05,0.55,0
3573445457,-2.05,-1.98,0.04,0.14,0.82,1
3503352060,-0.71,2.0,0.0,1.0,0.0,1
3571116587,-0.12,-0.21,0.29,0.1,0.61,2
3829595811,-0.62,-0.61,0.1,0.12,0.78,2
3461481268,-0.77,-0.37,0.03,0.8,0.17,1
4149209343,1.1,-0.21,0.97,0.01,0.02,0
4007232805,-0.66,-0.71,0.22,0.07,0.71,2
4037348203,-0.41,1.2,0.01,0.98,0.01,1
3449420008,-0.76,-0.76,0.1,0.09,0.81,2
3897141669,-0.77,1.06,0.0,0.99,0.01,1
4082725784,-0.74,-0.16,0.02,0.88,0.1,1
3557582494,-0.81,-0.82,0.1,0.09,0.81,2
3888541022,0.14,0.01,0.34,0.11,0.55,2
4212432760,-1.02,-1.21,0.5,0.04,0.46,0
4007787260,-1.34,0.77,0.0,1.0,0.0,1
3688891241,0.29,-0.32,0.88,0.03,0.09,0
3520184370,0.45,0.36,0.28,0.14,0.59,2
3832655136,-1.64,-1.59,0.05,0.13,0.81,2
3591838233,0.21,-0.05,0.56,0.09,0.36,1
3807229967,-0.67,-0.67,0.1,0.1,0.8,2
3944154373,-0.77,-0.82,0.18,0.07,0.75,2
3701588710,-0.93,-0.93,0.09,0.09,0.82,2
3739666136,-1.12,-1.03,0.05,0.26,0.68,2
4254995417,0.3,0.09,0.44,0.11,0.45,0
3612320829,-1.09,0.15,0.01,0.97,0.02,1
4252880806,1.61,-1.28,1.0,0.0,0.0,0
3638178383,-0.74,2.02,0.0,1.0,0.0,1
3670373159,0.78,-0.71,0.98,0.01,0.01,0
4070030042,-0.13,-0.71,0.9,0.02,0.08,0
3710135548,0.47,0.05,0.76,0.06,0.17,0
3472204747,-0.56,-0.55,0.11,0.11,0.78,2
4267024127,-0.71,-0.99,0.74,0.03,0.23,0
3781480177,-0.85,-0.82,0.08,0.13,0.79,0
3738749806,-1.28,0.29,0.0,0.99,0.01,1
3486426807,-0.87,-0.86,0.09,0.1,0.81,2
3843579862,-0.02,-0.02,0.17,0.17,0.66,2
3440643411,-1.7,1.76,0.0,1.0,0.0,1
3836449222,-0.64,-0.68,0.18,0.08,0.74,2
3563755600,-0.79,-0.79,0.09,0.09,0.81,2
3995076333,-0.88,-0.5,0.03,0.79,0.19,1
3646125898,-0.82,1.15,0.0,0.99,0.0,1
3783542263,-0.6,-0.51,0.07,0.31,0.62,2
4213950427,0.83,-0.99,0.99,0.0,0.01,0
3506949010,-0.73,-0.69,0.08,0.17,0.75,1
3883271254,0.06,0.77,0.03,0.9,0.07,1
3564114850,-0.71,-0.77,0.21,0.07,0.72,2
4209346609,0.99,1.33,0.08,0.65,0.27,1
3453977971,-1.6,-1.4,0.03,0.5,0.47,1
3461871463,-0.29,-0.58,0.72,0.04,0.24,0
4078370911,0.86,-0.85,0.99,0.0,0.01,0
3799855442,0.32,-1.21,0.99,0.0,0.01,0
3498083192,-0.79,-0.77,0.08,0.12,0.79,2
3502984345,-0.89,0.13,0.01,0.96,0.03,1
3549808614,-0.41,-0.38,0.11,0.16,0.73,0
3960168993,-0.48,-0.45,0.1,0.17,0.74,0
4292359809,0.19,0.21,0.17,0.21,0.62,2
3620710928,1.35,0.4,0.93,0.03,0.04,0
3493436158,-0.85,-0.13,0.02,0.92,0.07,1
4190123713,-0.6,-0.85,0.71,0.03,0.25,0
3625290889,0.36,-1.51,1.0,0.0,0.0,0
3895725239,0.58,-0.7,0.97,0.01,0.02,0
3658795654,-0.08,-1.48,0.99,0.0,0.01,0
3639568002,1.8,-1.23,1.0,0.0,0.0,0
4043432553,-0.85,-0.84,0.09,0.1,0.81,2
4213159674,-1.03,1.12,0.0,1.0,0.0,1
3451187425,-0.96,-0.89,0.06,0.24,0.7,2
3874863773,0.69,-1.24,0.99,0.0,0.0,0
3807305788,-0.85,-0.78,0.06,0.24,0.7,2
3989239368,1.26,-1.36,1.0,0.0,0.0,0
3461133153,-0.68,-0.7,0.13,0.09,0.78,2
3516989023,-0.79,-0.72,0.07,0.24,0.69,2
3923390938,-0.43,-0.43,0.13,0.12,0.75,2
3489646839,-0.84,-0.84,0.09,0.09,0.82,2
3514314111,-0.52,-1.27,0.95,0.01,0.04,0
3755684571,-0.95,-0.24,0.02,0.91,0.07,1
4292218083,-0.62,-0.59,0.09,0.16,0.75,2
3714775970,-1.3,-0.24,0.01,0.96,0.03,1
4140403334,-0.82,1.55,0.0,1.0,0.0,1
3748857829,0.27,0.07,0.44,0.11,0.46,2
4290387078,-1.0,-0.92,0.06,0.25,0.69,1
3660887021,-0.77,-0.78,0.12,0.08,0.8,2
3443695677,-1.05,-1.4,0.77,0.02,0.21,0
3521535719,-0.85,-0.82,0.08,0.15,0.78,2
3970753705,-0.37,-1.34,0.97,0.0,0.03,0
4181369541,-0.5,-0.21,0.05,0.69,0.26,2
3733981321,-0.85,-0.91,0.19,0.07,0.74,2
3584702927,-0.22,-0.68,0.86,0.03,0.11,0
3847540567,-0.74,-0.71,0.08,0.14,0.78,2
3837334842,-0.9,0.95,0.0,0.99,0.01,1
4171271542,-0.71,-0.54,0.05,0.55,0.41,2
3954698594,-0.82,-0.82,0.09,0.09,0.82,2
4232378807,-0.92,-0.91,0.08,0.1,0.82,2
4271142424,-0.61,-0.58,0.09,0.16,0.75,2
3475424610,-0.45,-0.31,0.07,0.44,0.5,2
3481955301,0.56,-0.3,0.93,0.02,0.05,0
3756421444,-0.41,-1.35,0.97,0.01,0.03,0
3913920705,2.48,2.08,0.73,0.06,0.21,0
4231121122,-0.21,-0.5,0.71,0.05,0.24,0
4124384200,-0.61,-0.49,0.06,0.41,0.53,2
4255946083,-1.8,-1.78,0.06,0.09,0.85,2
3915559845,-0.89,0.99,0.0,0.99,0.0,1
3894590449,2.25,2.39,0.13,0.32,0.56,1
3835353848,0.89,-1.54,1.0,0.0,0.0,0
4100033736,-0.02,1.59,0.01,0.99,0.01,1
3846730715,0.88,2.48,0.01,0.99,0.01,1
3524358244,-0.7,-0.67,0.09,0.14,0.77,2
4088281180,-0.82,-0.84,0.12,0.08,0.8,2
4158384386,1.02,-0.92,0.99,0.0,0.0,0
3610872905,-1.06,-0.78,0.03,0.7,0.27,2
4001268944,0.72,-0.15,0.92,0.02,0.05,0
3633028664,-0.84,-0.8,0.08,0.15,0.77,0
3813483073,-0.68,2.16,0.0,1.0,0.0,1
3704595236,-0.03,-0.27,0.58,0.07,0.35,0
3535308265,0.14,2.92,0.0,1.0,0.0,1
3650375014,-0.01,-0.13,0.32,0.1,0.58,2
4065387649,-0.89,-0.72,0.04,0.53,0.43,1
3526405689,1.23,-0.95,1.0,0.0,0.0,0
4037337112,-1.0,-0.4,0.02,0.88,0.1,1
3824994367,-0.35,-0.49,0.44,0.07,0.49,0
3597132074,0.29,-0.7,0.96,0.01,0.03,0
3958341447,0.49,-0.17,0.89,0.03,0.08,0
4071205860,-0.13,-0.12,0.15,0.18,0.68,1
3627443748,1.18,-2.06,1.0,0.0,0.0,0
4196862242,-0.51,-1.02,0.89,0.02,0.09,0
3569811242,-0.31,0.11,0.04,0.8,0.16,1
3775090664,-0.45,1.46,0.0,0.99,0.0,1
3758306981,1.23,-0.69,0.99,0.0,0.01,0
3709001771,-0.42,-0.41,0.12,0.13,0.75,2
3727680992,-0.16,-0.18,0.18,0.13,0.69,2
3649458962,-0.61,-1.11,0.89,0.01,0.1,0
4256163050,-0.84,-0.9,0.22,0.06,0.72,2
4144909849,2.52,-0.89,1.0,0.0,0.0,0
4145815259,-0.5,-0.16,0.04,0.75,0.21,1
4246304840,-0.69,-0.72,0.16,0.08,0.76,2
3688955192,-0.81,-0.82,0.11,0.08,0.8,2
3783953576,0.17,0.73,0.04,0.86,0.11,2
3700581208,2.83,-1.03,1.0,0.0,0.0,0
3804048258,-0.69,-0.71,0.14,0.08,0.77,2
4061544551,0.18,0.24,0.15,0.23,0.62,2
3498414481,-0.65,-0.65,0.11,0.1,0.79,2
3942667494,-0.76,-0.77,0.12,0.08,0.8,0
4072429268,1.24,-0.91,1.0,0.0,0.0,0
4047792589,0.56,0.41,0.35,0.13,0.52,0
4108489858,-0.59,-0.73,0.47,0.05,0.47,0
4025386765,-0.82,-0.71,0.06,0.34,0.61,1
3988619764,1.4,0.08,0.97,0.01,0.02,0
4202732049,0.1,-0.08,0.42,0.1,0.48,2
3590709601,-0.82,-0.71,0.05,0.36,0.58,1
3930769266,-1.87,0.87,0.0,1.0,0.0,1
3619595654,0.52,1.05,0.04,0.83,0.13,1
4241218476,-0.33,-0.97,0.92,0.01,0.07,2
4220898398,-1.07,-0.81,0.03,0.68,0.3,0
3937156071,1.62,-0.0,0.98,0.01,0.01,0
4128721971,-0.81,-0.88,0.22,0.07,0.71,2
3936048196,-0.82,-0.94,0.36,0.05,0.59,2
3821483949,-0.27,-0.66,0.82,0.03,0.15,0
3508513599,-0.47,-0.63,0.51,0.06,0.43,0
3991849396,-0.78,-0.79,0.11,0.09,0.8,2
3481739438,-0.19,-0.77,0.9,0.02,0.08,0
3789612581,-0.88,-0.87,0.09,0.1,0.81,2
4229384919,-0.79,-0.8,0.1,0.09,0.81,2
4290029285,1.22,0.88,0.63,0.1,0.28,2
3597151984,-0.82,-0.89,0.23,0.06,0.71,2
3484385825,-1.0,-0.0,0.01,0.96,0.03,1
4290323631,0.37,0.45,0.14,0.25,0.61,2
3506954939,0.38,1.11,0.03,0.91,0.06,1
3711336122,-0.52,-0.65,0.43,0.06,0.51,2
3873909199,-0.37,-0.34,0.11,0.16,0.73,0
4159245152,1.75,1.22,0.83,0.05,0.12,0
4281865286,0.13,-1.34,0.99,0.0,0.01,0
3615776875,1.72,0.13,0.98,0.01,0.01,0
3956269050,-0.61,-0.61,0.1,0.11,0.79,2
3988455053,-1.39,-0.5,0.01,0.94,0.05,1
3507552720,0.8,-1.05,0.99,0.0,0.0,0
3811141870,-0.87,-0.82,0.07,0.16,0.76,2
4194213797,-0.68,-0.43,0.04,0.65,0.3,1
3703274211,0.25,-0.86,0.97,0.01,0.02,0
3575812488,0.52,-0.86,0.98,0.01,0.01,0
3620741620,0.57,-0.15,0.9,0.03,0.07,0
4017902155,-0.56,-0.54,0.1,0.13,0.77,2
3502765812,-0.71,-0.76,0.17,0.07,0.75,2
3702614679,-0.41,-0.4,0.13,0.13,0.75,2
3967506630,0.04,-0.25,0.67,0.06,0.27,0
3775875795,0.08,1.05,0.02,0.94,0.04,1
3612635671,-0.18,-0.37,0.53,0.07,0.4,0
3742599824,-1.44,-1.34,0.04,0.29,0.67,2
4271983620,0.69,-0.63,0.97,0.01,0.02,0
3732399590,-0.54,-0.7,0.5,0.05,0.45,0
3990636240,-0.96,-1.25,0.71,0.02,0.27,0
3886354515,1.12,1.12,0.2,0.18,0.62,2
4230389296,-0.89,-0.84,0.07,0.18,0.75,2
4232791784,-0.78,-0.81,0.14,0.08,0.79,2
3642249916,-0.91,-0.91,0.09,0.09,0.82,2
4293445688,-1.36,2.22,0.0,1.0,0.0,1
4103792382,-0.7,-0.71,0.12,0.09,0.79,2
3658449981,-0.37,-0.38,0.16,0.11,0.73,2
4124382311,0.94,0.71,0.46,0.13,0.42,0
